jobs,iptm_ptm,iptm,pDockQ/mpDockQ,average_interface_pae,average_interface_plddt,binding_energy,interface,Num_intf_residues,Polar,Hydrophobic,Charged,contact_pairs, sc, hb, sb, int_solv_en, int_area,pi_score
P09758_and_Q01469,0.8843188155338079,0.8861297743635407,0.2924862035439773,5.235778443113768,80.13629310344825,-2269.5895188165987,B_C,,,,,,,,,,,
P09758_and_Q9UJM3,0.7948304647486939,0.8822725579507839,0.17740185284743445,11.14915254237289,60.90955696202531,-668.4368926273091,B_C,,,,,,,,,,,
P09758_and_P09471,0.8601243619013748,0.8575589936481669,0.4879731138892418,5.171472392638032,83.31866242038217,-388.40710337254905,B_C,,,,,,,,,,,
P09758_and_P04899,0.8565027655789315,0.8549573162766623,0.4587963771813818,5.4960424710424745,79.70089820359281,-1457.0456922798867,B_C,,,,,,,,,,,
P09758_and_Q9BZM4,0.8423629621988333,0.8549026756412971,0.54077791162517,5.039230769230773,84.70240223463688,-1462.0531548590843,B_C,,,,,,,,,,,
P09758_and_P08754,0.8580688086316473,0.8545029956142358,0.48078510646295053,5.16260330578512,81.66944099378884,-435.0634986614365,B_C,,,,,,,,,,,
P09758_and_P50552,0.7911913449973915,0.8479573812835004,0.4732668145338097,3.717474489795916,83.79192982456141,-612.5546497332052,B_C,,,,,,,,,,,
P09758_and_Q14953,0.8118091765591513,0.8352579730075853,0.38820967167869297,4.920383693045564,70.592868852459,-864.746028431809,B_C,,,,,,,,,,,
P09758_and_P0DOX6,0.7747325719486995,0.8313989411824446,0.4686355604768891,5.543474842767295,63.90612716763007,-1203.1305011623535,B_C,,,,,,,,,,,
P09758_and_Q6UX46,0.8013122887201316,0.8238695781465926,0.2241016856191309,6.270666666666668,62.418217821782186,-2030.956252018712,B_C,,,,,,,,,,,
P09758_and_Q02747,0.8184236662397177,0.8206229446906048,0.3218302867709299,6.511695906432737,67.67965517241385,-1662.6427354942957,B_C,,,,,,,,,,,
P09758_and_P07288,0.783842116293508,0.8186788516112324,0.4743174046712936,9.44258188824662,53.3123926380368,-868.8389913699193,B_C,,,,,,,,,,,
P09758_and_P60153,0.8067355665809666,0.8181615429450271,0.16661844046032775,9.585755813953481,51.27564814814815,-2254.3548193267916,B_C,,,,,,,,,,,
P09758_and_Q6UXH8,0.7610051428355954,0.8148390524241454,0.3065223933651253,9.28460972017674,69.29965517241381,-2871.388525482609,B_C,,,,,,,,,,,
P09758_and_P13726,0.8005587239119746,0.8122305005100778,0.5994216606706146,4.507401940109656,61.76959839357429,-18703.919263371616,B_C,,,,,,,,,,,
P09758_and_P01574,0.8181238268464639,0.8095969885501583,0.31693960473047994,4.901923076923077,80.5797902097902,-2229.363259686911,B_C,,,,,,,,,,,
P09758_and_Q99727,0.8094597511670354,0.8046390934853314,0.4464377977043231,6.73581504702195,79.4689340101523,-4292.755691102209,B_C,,,,,,,,,,,
P09758_and_A6NKQ9,0.7856098397057851,0.8016689484315298,0.18244862657285577,6.620241286863265,67.75609375000002,-2115.5950821065094,B_C,,,,,,,,,,,
P09758_and_O00592,0.7154941184839549,0.8007767950011963,0.2411572902393073,16.17332155477031,46.66204545454545,-1665.896642982305,B_C,,,,,,,,,,,
P09758_and_P35968,0.7213444548362442,0.798205125323727,0.2920871517248945,14.257639836289233,61.46221698113204,-4615.335531663804,B_C,,,,,,,,,,,
P09758_and_Q8N5H7,0.7421709077868184,0.797737622901836,0.4158262618943712,19.667833209233084,62.29640264026404,-2018.9887397431303,B_C,,,,,,,,,,,
P09758_and_A0A2R8YFL7,0.7860148164672861,0.797713483561471,0.24239049460755235,5.092056074766356,81.42952380952381,-1459.7408949602334,B_C,,,,,,,,,,,
P09758_and_P58294,0.8041417295221267,0.7943923436385785,0.4330444230138306,4.6524324324324295,36.34252173913043,-2929.079563299823,B_C,,,,,,,,,,,
P09758_and_A0A075B6N2,0.8039180642183289,0.794074820434068,0.265892506273265,7.200249376558602,65.51911999999997,-548.0857518712928,B_C,,,,,,,,,,,
P09758_and_Q9UNI1,0.7478825828210784,0.793906857048311,0.43206723954412934,14.71070745697898,51.9520625,-8658.037753163682,B_C,,,,,,,,,,,
P09758_and_Q92730,0.79389454258621,0.7921118983499238,0.36878325263151723,6.63559322033899,82.69866666666665,-1143.18822515685,B_C,,,,,,,,,,,
P09758_and_P01834,0.8032293758199639,0.7916503013111627,0.2616060840245002,7.926301369863027,79.80614678899083,-8516.447990693114,B_C,,,,,,,,,,,
P09758_and_Q86YD1,0.752790536023014,0.7914130087742937,0.32840435958279235,10.279054054054072,71.90383838383839,-1991.734507444924,B_C,,,,,,,,,,,
P09758_and_Q9Y5K2,0.7867533123419379,0.7904072533248429,0.45926374612243065,4.093117977528093,66.23595041322311,-1064.7176219017674,B_C,,,,,,,,,,,
P09758_and_Q2I0M4,0.7699202397736697,0.7875124703655024,0.3227534354711094,5.148070739549838,72.64726315789474,-1213.6162325735277,B_C,,,,,,,,,,,
P09758_and_P43632,0.7679714617639071,0.7874095372297818,0.3367354675156926,6.179666666666676,70.1938888888889,-2050.9597562448503,B_C,,,,,,,,,,,
P09758_and_Q9ULH4,0.7419441982277253,0.7869761959602677,0.5541565476736788,19.6605128205128,74.76426229508193,-5183.954054349902,B_C,,,,,,,,,,,
P09758_and_Q01523,0.7851720863467302,0.7868950868969917,0.3079287905546119,6.834702258726898,55.401269841269844,-2986.971992078454,B_C,,,,,,,,,,,
P09758_and_P20809,0.7912309888717067,0.7867024641527315,0.29654959162789635,4.629530201342281,85.74548076923075,-2634.293637092692,B_C,,,,,,,,,,,
P09758_and_Q15828,0.7915106022986922,0.7866000477508263,0.4211566561080169,7.3682835820895525,67.49023255813954,-11141.113021882515,B_C,,,,,,,,,,,
P09758_and_Q8WTQ1,0.788631299103397,0.7813637364460837,0.2502961504938536,5.6081881533101035,69.31829787234042,-1045.11326137265,B_C,,,,,,,,,,,
P09758_and_Q9UKR0,0.7874245458328711,0.7783068212697154,0.22892089482966568,6.604663212435234,71.79730496453898,-4868.92282720867,B_C,,,,,,,,,,,
P09758_and_P04054,0.7901488157339807,0.7782262758668957,0.21157651226111351,6.709638554216872,74.67347107438017,-2586.0282099194856,B_C,,,,,,,,,,,
P09758_and_A0A2R8YFM6,0.7628218469148818,0.7776315339317087,0.11769089582258314,9.072082018927434,62.89091666666665,-2936.8711665729847,B_C,,,,,,,,,,,
P09758_and_O43827,0.7624931009577102,0.7770920752444637,0.2833206649787306,6.289153439153432,78.58880341880341,-1929.3005292308071,B_C,,,,,,,,,,,
P09758_and_P01871,0.7289074113513322,0.7766348186927702,0.20448023780731758,12.799733096085422,69.55198863636369,-3041.1305116596263,B_C,,,,,,,,,,,
P09758_and_P08118,0.7826551342293196,0.7722390548525413,0.2884862746312723,6.8379084967320285,70.52384057971013,-1248.1841293026082,B_C,,,,,,,,,,,
P09758_and_Q9UK85,0.7427671894997419,0.7708891540935602,0.2193758921777612,10.545868945868952,62.282707182320486,-1351.7577878775955,B_C,,,,,,,,,,,
P09758_and_Q9BX66,0.6803050353523292,0.7706291496202613,0.10694838487053579,15.382770270270289,63.26892857142858,-6187.098277683079,B_C,,,,,,,,,,,
P09758_and_Q8IYK8,0.7447180739011704,0.7703668371493666,0.3661990202313529,6.851583710407239,80.0017605633803,-1090.6281019408534,B_C,,,,,,,,,,,
P09758_and_O76096,0.7738852140684365,0.7699628050218719,0.28860850624939743,5.792675159235673,72.61715596330275,-2378.8134698892522,B_C,,,,,,,,,,,
P09758_and_P00995,0.7797948816366934,0.7686923960694945,0.25346088026078833,5.045437956204383,60.31166666666666,-1051.6303964965225,B_C,,,,,,,,,,,
P09758_and_Q9Y6W8,0.7606147590348696,0.7681898914808993,0.33965812505417947,6.559072164948457,56.179109589041104,-4354.376786067596,B_C,,,,,,,,,,,
P09758_and_Q96E93,0.7626685894756519,0.767551748952372,0.2183721165972063,6.586443661971828,73.7284158415842,-1750.098243592013,B_C,,,,,,,,,,,
P09758_and_O42043,0.7568272153678391,0.7672492710023342,0.21646865614763613,11.290137614678898,58.3137272727273,-26212.267998837924,B_C,,,,,,,,,,,
P09758_and_Q14088,0.7679535612098052,0.7665744078667389,0.3427653648328537,7.29934823091248,78.57017647058821,-858.3775132716216,B_C,,,,,,,,,,,
P09758_and_Q6UY27,0.7760443941182046,0.7663917592267405,0.3316414739822711,4.114171974522297,67.24938144329894,-1670.1183084947324,B_C,,,,,,,,,,,
P09758_and_P41180,0.7432091235861402,0.7652157602463081,0.3445580835538733,13.065390624999987,70.41085836909873,-1712.3566041008107,B_C,,,,,,,,,,,
P09758_and_Q6ZSA7,0.7596197702335141,0.7631368182532168,0.36018142879214543,6.3190201729106645,70.823125,-13364.81845570139,B_C,,,,,,,,,,,
P09758_and_P30530,0.7101480841657288,0.7621424208658677,0.2738557439935292,16.794531250000006,60.58924050632911,-1672.451993265935,B_C,,,,,,,,,,,
P09758_and_P08217,0.7491537839436558,0.7605835890121609,0.3343017938678398,8.302311435523103,62.77611510791366,-2857.117899438965,B_C,,,,,,,,,,,
P09758_and_Q9UHV8,0.7723074899465461,0.7578175539047851,0.2620271662225474,8.737262872628724,71.41704918032787,-748.4681987978793,B_C,,,,,,,,,,,
P09758_and_Q9ULT6,0.6858707367903667,0.7570007389046002,0.25951333767683543,15.627615694164994,65.56087557603685,-9059.068203525901,B_C,,,,,,,,,,,
P09758_and_Q9Y6Q6,0.7008375291178057,0.7546775784159345,0.10552165329052493,13.760535117056852,61.400722891566254,-5565.530861873183,B_C,,,,,,,,,,,
P09758_and_P30203,0.7074538645924864,0.7542970666898474,0.3025675469703349,12.689405487804873,75.01588235294118,-2601.9609386619923,B_C,,,,,,,,,,,
P09758_and_A0A0B4J1V7,0.7657252223326717,0.7482878663425623,0.24136213083127245,7.165592783505149,74.94484126984128,-2800.5452768206187,B_C,,,,,,,,,,,
P09758_and_P00709,0.7632332004355682,0.7463116475812941,0.24407027059200062,7.131630170316297,77.61326086956522,-2438.246729167455,B_C,,,,,,,,,,,
P09758_and_P00739,0.7552863183179338,0.7453361119654278,0.2852202394243742,7.8172413793103415,68.88029761904765,-1090.631121606863,B_C,,,,,,,,,,,
P09758_and_Q6NUI6,0.7053631145328387,0.7436118616512808,0.3443043635918695,14.282005689900425,54.19903225806452,-22819.099847305974,B_C,,,,,,,,,,,
P09758_and_Q6UWW0,0.7575174867697108,0.7421743840040418,0.1949592364018825,7.521944444444441,78.88438461538465,-1962.0124525365004,B_C,,,,,,,,,,,
P09758_and_P25445,0.736113424960822,0.7407918665860246,0.3148970286360378,8.714418212478941,66.53910447761194,-1317.5390505437827,B_C,,,,,,,,,,,
P09758_and_Q6ZMM2,0.7109699923435819,0.7407490662451046,0.19456622752439534,10.48810068649885,69.68810810810808,-22542.9030956093,B_C,,,,,,,,,,,
P09758_and_P09758,0.7569901297318189,0.7386383944524095,0.5833500177349444,5.92645536869341,83.78289256198347,-1361.0188183865528,B_C,,,,,,,,,,,
P09758_and_Q8NBV8,0.7055840622214953,0.737883859013887,0.2036734465724348,9.97532942898976,51.05242236024845,-5896.915384633874,B_C,,,,,,,,,,,
P09758_and_P41220,0.7370625204612075,0.7368987318912746,0.24285402715235743,9.242663656884881,69.60554054054055,-1363.367583673153,B_C,,,,,,,,,,,
P09758_and_A0A0A6YYD4,0.7562280896811531,0.7362782498528272,0.30224025534782767,6.861264367816086,78.56834532374101,-4374.546321690325,B_C,,,,,,,,,,,
P09758_and_Q6F5E8,0.6971964399023045,0.7350494248436051,0.3467246745331503,12.954087591240896,75.13375,-20417.579246596913,B_C,,,,,,,,,,,
P09758_and_P19652,0.7501350046512207,0.734785738762041,0.4200794776278415,6.620264317180616,63.206458333333345,-17511.502428089996,B_C,,,,,,,,,,,
P09758_and_Q9UBU2,0.708721233926453,0.7338401946514079,0.16314023514243217,12.342213114754099,66.59941176470586,-2202.8944810300136,B_C,,,,,,,,,,,
P09758_and_Q9UBC7,0.7213601750828126,0.7280442879031392,0.16077622468969563,10.065527343749999,35.878,-3180.4404316850705,B_C,,,,,,,,,,,
P09758_and_Q14416,0.7078831206175935,0.7254552761581369,0.22003175975463585,6.381617647058818,63.772916666666674,-7612.314654642963,B_C,,,,,,,,,,,
P09758_and_Q9Y5Z0,0.7254587391652915,0.7251524489921762,0.4861693353943734,10.553260869565202,64.54880597014925,-13381.728402879202,B_C,,,,,,,,,,,
P09758_and_P40967,0.6933530475645769,0.7214120932593863,0.21215809020196252,10.290299823633148,68.36519774011293,-2037.9845977106052,B_C,,,,,,,,,,,
P09758_and_Q9BTN0,0.697893879438165,0.7209073515137961,0.2926827532791539,9.897316103379737,62.722013888888895,-15363.41907958964,B_C,,,,,,,,,,,
P09758_and_A6NIZ1,0.7369260366886796,0.7197118480501137,0.3750492391389546,7.751653696498061,79.10715151515151,-1702.804012885388,B_C,,,,,,,,,,,
P09758_and_Q9UKQ9,0.7331070850066047,0.717949184770437,0.20851179291595,6.0494047619047615,81.12922480620152,-5403.413596236413,B_C,,,,,,,,,,,
P09758_and_P23946,0.7050927642539411,0.7159503901366482,0.3650527892411444,11.96602564102564,61.96451388888889,-13378.12243912361,B_C,,,,,,,,,,,
P09758_and_Q9UHG2,0.6842962451273705,0.7130123459476561,0.1631917083183593,12.469797297297324,55.24070175438593,-3482.5165335954807,B_C,,,,,,,,,,,
P09758_and_A0A087WWS6,0.7308409637558326,0.712673286968766,0.27095366486720573,6.353801843317983,78.43641221374045,-3270.295866720546,B_C,,,,,,,,,,,
P09758_and_Q96Q06,0.6396547972321581,0.7122036981439667,0.21231973314879435,12.517758186397987,62.829375,-1943.1970034728001,B_C,,,,,,,,,,,
P09758_and_Q5DT21,0.7290549749735875,0.7119545608832359,0.1484627237667488,6.760496183206105,63.69827956989247,-1380.5990860018999,B_C,,,,,,,,,,,
P09758_and_Q96RU3,0.6480169577646558,0.7115707106361028,0.4981597164787723,19.633492496589348,67.8615425531915,-4037.5886305853564,B_C,,,,,,,,,,,
P09758_and_A0A2R8Y4Y8,0.7194418822733191,0.7115093655597367,0.17975637180468348,8.239974937343366,68.60592307692305,-1516.190180057737,B_C,,,,,,,,,,,
P09758_and_P43631,0.698973189736713,0.7083057800563031,0.32151883600571257,6.86356502242152,74.13263565891474,-2062.9407461337764,B_C,,,,,,,,,,,
P09758_and_Q6EMK4,0.6842843603696412,0.7080989896725264,0.1444080988301357,13.65116772823781,64.23000000000003,-23914.433438182365,B_C,,,,,,,,,,,
P09758_and_A0A0C4DH73,0.7312372220073137,0.7078920886207011,0.35044258116858146,8.359644670050766,68.27646706586829,-1518.8713482638564,B_C,,,,,,,,,,,
P09758_and_P49908,0.6871578077149598,0.7071992181437033,0.14967517361881158,14.212478184991282,65.89163043478261,-7606.986694333758,B_C,,,,,,,,,,,
P09758_and_Q8IV16,0.7059053552021353,0.7071326068287326,0.3967474479488025,4.3433002481389575,77.13486725663716,-1961.8219905777833,B_C,,,,,,,,,,,
P09758_and_A0A0B4J2H0,0.7267984505444873,0.7038641282704354,0.21938944058960402,6.187962962962963,80.17656565656564,-2148.564231952423,B_C,,,,,,,,,,,
P09758_and_Q92823,0.6556348102815175,0.7011983186444828,0.24726740099560293,13.262096774193552,67.1846031746032,-3339.765160199895,B_C,,,,,,,,,,,
P09758_and_Q9NPF7,0.7169997587083844,0.7011828966636717,0.24869798059989126,9.5338779956427,62.15206896551725,-2806.014682539602,B_C,,,,,,,,,,,
P09758_and_Q1L6U9,0.7106874759831698,0.7008958383511172,0.1558862593439663,9.203290870488319,61.20176870748298,-3188.1514889431696,B_C,,,,,,,,,,,
P09758_and_P0DY56,0.7204265682644593,0.7000990510906285,0.24924414125212116,6.580875576036878,77.70242424242424,-3408.5495640844756,B_C,,,,,,,,,,,
P09758_and_O95750,0.7073620821000696,0.6993182540378922,0.22013019957988827,8.623763440860223,69.53248226950352,-5594.641536282265,B_C,,,,,,,,,,,
P09758_and_Q9GZX6,0.7152082820405138,0.6990036788685491,0.21124200187742942,5.908445945945944,77.2469090909091,-3146.779865136678,B_C,,,,,,,,,,,
P09758_and_A8MTW9,0.6993650737715273,0.6983628122515336,0.1500818315692631,10.709104477611946,28.514897959183685,-1238.046379000846,B_C,,,,,,,,,,,
P09758_and_Q8N6Q3,0.6815463649797789,0.6965773729026158,0.324762229362182,12.913011456628476,70.16533678756477,-1768.117545626667,B_C,,,,,,,,,,,
P09758_and_Q86UR1,0.6665204130906517,0.696023375308616,0.28690164972552923,14.65873959571937,69.51457013574662,-1360.059564318346,B_C,,,,,,,,,,,
P09758_and_P01034,0.710781492827431,0.6950130115073043,0.2771553612890146,8.847568389057754,69.12878260869563,-15197.10861539193,B_C,,,,,,,,,,,
P09758_and_Q9UBF9,0.6501407929487456,0.6949212113415549,0.22064093798032774,8.130689655172405,71.18834586466164,-1455.2925896313027,B_C,,,,,,,,,,,
P09758_and_O00515,0.6418297743977316,0.694581383751157,0.327426669667298,16.19737430167598,43.13668292682925,-2538.474028564742,B_C,,,,,,,,,,,
P09758_and_Q6GPI1,0.6706277526296932,0.6938870400776395,0.18945706154126293,13.309744408945683,60.23846774193548,-10981.529943041067,B_C,,,,,,,,,,,
P09758_and_Q8N104,0.7191559339781899,0.6927476568889657,0.1686833832229559,4.809285714285717,75.77112499999998,-3800.9635243546104,B_C,,,,,,,,,,,
P09758_and_Q9HBE4,0.7096022108725643,0.6912458353066704,0.1640192847947184,8.051014492753636,74.50558139534883,-1743.9181684598964,B_C,,,,,,,,,,,
P09758_and_Q8NEX6,0.7084775343538056,0.6868944099316572,0.08791759030840451,9.414341085271325,65.76521276595743,-2766.096689396387,B_C,,,,,,,,,,,
P09758_and_P32926,0.6231544046268468,0.6865468171538884,0.36137394004218215,20.822468354430384,62.9573127753304,-2829.4014044301402,B_C,,,,,,,,,,,
P09758_and_Q93063,0.671513328420842,0.6862287887606097,0.5492246996488918,12.017889908256855,69.69846153846156,-890.9964416814564,B_C,,,,,,,,,,,
P09758_and_Q9NPI9,0.663841104312258,0.6819147117641648,0.2714728181495805,14.313592233009725,65.39016304347828,-2598.72149329193,B_C,,,,,,,,,,,
P09758_and_Q9NPE2,0.6446201502084592,0.6798877646692179,0.2368002466700454,17.249734982332175,67.03844155844156,-1746.019069607044,B_C,,,,,,,,,,,
P09758_and_P10114,0.699114340457103,0.6793888888759749,0.3241820527694311,8.962229437229436,78.66423841059608,-921.764392840874,B_C,,,,,,,,,,,
P09758_and_Q7LC44,0.6435548895682864,0.6784210092445004,0.1356267862677012,15.921118721461193,56.243568075117366,-1346.4177882451258,B_C,,,,,,,,,,,
P09758_and_P62834,0.7002343986231468,0.6781845949221628,0.3382702838153452,9.212112932604722,77.97301775147932,-2353.904295500191,B_C,,,,,,,,,,,
P09758_and_A0A0C4DH28,0.7007168651844753,0.6769963636601208,0.26282520139942106,7.437221095334685,71.89198630136987,-1815.682396977418,B_C,,,,,,,,,,,
P09758_and_P02787,0.6986838947054314,0.6768958681861323,0.21267954146085957,11.64099307159354,58.4207643312102,-14669.307982283344,B_C,,,,,,,,,,,
P09758_and_P18848,0.6333716050225984,0.6767605846294612,0.1585135624706482,15.212072434607649,42.468531468531495,-820.3764119932312,B_C,,,,,,,,,,,
P09758_and_Q13492,0.6558082802940126,0.6763961312478876,0.23186940623728025,11.54523809523811,69.68301369863012,-1679.9533762219835,B_C,,,,,,,,,,,
P09758_and_P17538,0.6508307884335466,0.6763632417374521,0.21692354733147276,15.148806366047738,57.0049593495935,-15542.914318700248,B_C,,,,,,,,,,,
P09758_and_Q8TDL5,0.6898056129271024,0.6760053300897405,0.2468291970946124,7.129787234042547,78.18338983050849,-1419.919074904485,B_C,,,,,,,,,,,
P09758_and_Q8WWZ1,0.6987155836426671,0.6719041764294132,0.1993754972033276,10.102510917030553,69.72377622377626,-2072.2901175611933,B_C,,,,,,,,,,,
P09758_and_Q8NGF8,0.6923328519235707,0.6717211438011987,0.157043859516911,10.194502074688794,59.42503496503495,-12151.424156246027,B_C,,,,,,,,,,,
P09758_and_P01569,0.6950732278171381,0.6715440772683711,0.2004247222567961,7.3678484107579445,74.89423076923077,-4251.47103007372,B_C,,,,,,,,,,,
P09758_and_O00478,0.636325236853994,0.6709850695795175,0.18538448477167876,17.49494736842104,62.092611111111104,-14548.380178136758,B_C,,,,,,,,,,,
P09758_and_P63096,0.695623910179419,0.6698045896156241,0.3528385759330924,9.717914979757063,77.79993630573249,-1452.9807023068602,B_C,,,,,,,,,,,
P09758_and_P04156,0.6608712742325741,0.6696718933331505,0.4745684875281503,19.909474979491403,68.68730434782609,-1070.3079696736932,B_C,,,,,,,,,,,
P09758_and_P01241,0.6869528682025087,0.6692188435955689,0.14060137134666165,10.488461538461536,71.88077419354843,-887.4724243671321,B_C,,,,,,,,,,,
P09758_and_A0A0J9YVY3,0.6965419459193015,0.6690572660131082,0.1556650071608957,9.124670184696575,70.70302325581399,-3279.5567515385824,B_C,,,,,,,,,,,
P09758_and_Q9BXC9,0.6688393237450703,0.6675890373818328,0.10864824633704587,12.060036496350355,57.32333333333333,-1276.6108183489494,B_C,,,,,,,,,,,
P09758_and_Q14728,0.6941468666346724,0.6671987644337989,0.17176529250961464,10.823658536585382,75.1066911764706,-4176.733186677223,B_C,,,,,,,,,,,
P09758_and_P24158,0.6687529149222707,0.6664209600161279,0.30562853693080566,7.619378698224841,56.24680327868851,-1250.7113608361185,B_C,,,,,,,,,,,
P09758_and_P00738,0.6696985213900047,0.6656863927092082,0.19563957022719608,9.999810964083174,69.4095,-1174.6968769087289,B_C,,,,,,,,,,,
P09758_and_Q6UXK2,0.6141527950920007,0.6647231434354084,0.21182043888923593,18.883933787731248,62.70099999999997,-2606.587152225198,B_C,,,,,,,,,,,
P09758_and_O95968,0.6955856220068486,0.6639462716967585,0.19092599753485506,8.964578313253023,61.90911290322581,-3255.3215829165633,B_C,,,,,,,,,,,
P09758_and_P0CG01,0.6849414635216204,0.6635505265378842,0.32989346302264994,7.466319444444431,70.30598765432102,-781.86492546406,B_C,,,,,,,,,,,
P09758_and_P20036,0.6694195209764736,0.6626262186248528,0.2981998425288383,8.850105932203396,71.02890625,-5818.176252515039,B_C,,,,,,,,,,,
P09758_and_O75838,0.6838888822909263,0.6623903402634703,0.27423151073088914,9.264971751412423,75.82562874251501,-1632.7327570369382,B_C,,,,,,,,,,,
P09758_and_Q8NH37,0.6867227654996271,0.6621875830568862,0.15495038580903844,9.137470449172584,66.79057553956832,-5378.425153053441,B_C,,,,,,,,,,,
P09758_and_Q8TE56,0.6094512425397158,0.6619843392095588,0.12943720125647587,15.295627980922102,45.71466981132077,-4043.3820216888853,B_C,,,,,,,,,,,
P09758_and_O00481,0.632493511769139,0.6576096910357646,0.23511599076434092,18.2043820224719,58.185494505494525,-9668.23563116581,B_C,,,,,,,,,,,
P09758_and_P01568,0.6827212108139593,0.6574516395262406,0.18825353130733574,7.6652278177458015,75.92219696969696,-5278.392926117223,B_C,,,,,,,,,,,
P09758_and_O60609,0.6579258959290666,0.6534356701134605,0.10714507057398392,16.056688596491234,67.23447368421051,-2012.8478539987746,B_C,,,,,,,,,,,
P09758_and_P08218,0.6554370530886461,0.6527808018644683,0.23395241435429667,11.82587628865978,61.04795918367346,-14745.791567568318,B_C,,,,,,,,,,,
P09758_and_P81172,0.6679390284507926,0.6521992593019669,0.2155741873058406,8.793707093821512,30.28584745762711,-2358.4876420829073,B_C,,,,,,,,,,,
P09758_and_O14786,0.629831989941791,0.651855789819705,0.18337433093552769,17.75595026642981,66.99673796791444,-2967.3273554500647,B_C,,,,,,,,,,,
P09758_and_Q9HD89,0.6712721029213682,0.6512216942182335,0.46800957405792376,10.84450726978997,62.646180555555574,-852.7804459346037,B_C,,,,,,,,,,,
P09758_and_Q7RTY5,0.6596318458228003,0.6497705027989837,0.3234540208333589,5.885070422535215,62.06164062500001,-2103.430893217502,B_C,,,,,,,,,,,
P09758_and_Q9UKY0,0.661919191411561,0.6492592582157235,0.3124714151835093,7.173728813559323,77.77579710144926,-2285.8493904573907,B_C,,,,,,,,,,,
P09758_and_Q99689,0.626834021916665,0.6488916409811507,0.1404538273093582,10.677948717948723,62.406046511627906,-3010.1129517948866,B_C,,,,,,,,,,,
P09758_and_Q9BPZ7,0.6278439919205515,0.6488244408299715,0.14135718135943592,13.634285714285731,66.7968715083799,-2317.6046902207217,B_C,,,,,,,,,,,
P09758_and_P61224,0.6729675984535242,0.6487228151301205,0.32875974315679884,9.986226415094341,76.5574556213018,-1400.9794786186574,B_C,,,,,,,,,,,
P09758_and_P60568,0.6755535741050439,0.6479780568570108,0.14102597438936015,12.473979591836741,57.53814814814815,-7564.595903427831,B_C,,,,,,,,,,,
P09758_and_Q9UIQ6,0.6593212008599444,0.6477973780543855,0.5107435338248537,22.13047658862879,61.717212543554,-5082.390497093045,B_C,,,,,,,,,,,
P09758_and_A0A0C4DH68,0.6791543262732337,0.6473838327533935,0.32217882106047824,11.14782986111112,69.25025157232704,-5221.431358883433,B_C,,,,,,,,,,,
P09758_and_P49763,0.6468160795230936,0.6469834047679589,0.2969432850234446,9.02879078694816,70.89112582781458,-2561.232892727793,B_C,,,,,,,,,,,
P09758_and_O00161,0.6570015697932965,0.6454070341783471,0.2308756136141275,7.596214099216708,76.0728455284553,-1597.7048230118733,B_C,,,,,,,,,,,
P09758_and_Q03113,0.6578175924571468,0.6449057966691358,0.21982391704335827,10.95653846153846,74.78119047619045,-20128.33195846903,B_C,,,,,,,,,,,
P09758_and_A0A075B6H9,0.6530892463267498,0.6447766314994511,0.2511707095788649,14.097696245733784,72.30263473053895,-5239.7539493578715,B_C,,,,,,,,,,,
P09758_and_A0A0K0K1C0,0.6733695961952535,0.6437052051746349,0.13594221031486564,10.893576017130629,66.51496598639453,-1892.5826503270637,B_C,,,,,,,,,,,
P09758_and_Q16623,0.6232963519485679,0.6431522846202928,0.186002322020688,14.288964992389644,60.93109826589594,-1646.9192989967912,B_C,,,,,,,,,,,
P09758_and_P15814,0.6488534189844261,0.642640424445796,0.1350967686631236,11.961368909512766,67.48452554744524,-3995.503498370232,B_C,,,,,,,,,,,
P09758_and_P02786,0.6660260361412752,0.6422444733141528,0.20864858896609972,12.998709677419374,73.25693430656935,-13040.334105620568,B_C,,,,,,,,,,,
P09758_and_Q5SQ64,0.643276123918985,0.6419693671749233,0.20682102209552217,8.619974226804127,71.92303999999999,-1759.2625414969586,B_C,,,,,,,,,,,
P09758_and_A6NJW9,0.647890792341844,0.6416497197224125,0.2679615816933483,9.362746858168755,65.80876623376626,-1552.022283320785,B_C,,,,,,,,,,,
P09758_and_P51124,0.6436283275844539,0.6412524413430309,0.4004569552112587,8.815306122448975,62.42248275862069,-1382.046446928065,B_C,,,,,,,,,,,
P09758_and_A6NHA9,0.6668807141076594,0.6412450558144717,0.12343595824289283,9.651089588377713,56.58565891472866,-5064.010406968925,B_C,,,,,,,,,,,
P09758_and_A0A075B6I4,0.6634929733568365,0.6411167801343164,0.34261775394803134,9.816830985915498,67.70452127659578,-982.4942286371064,B_C,,,,,,,,,,,
P09758_and_P35612,0.6097369813291598,0.6407608959204963,0.22861595279802058,13.02777777777777,75.82406504065044,-17550.668975392204,B_C,,,,,,,,,,,
P09758_and_P01591,0.6384037516462571,0.639065118480782,0.16005503053678033,13.90090759075907,52.14744047619049,-1018.5450333269591,B_C,,,,,,,,,,,
P09758_and_Q30201,0.6409177637102759,0.6385123031256842,0.05867639598589411,11.251398601398604,60.467946428571416,-4114.08573168525,B_C,,,,,,,,,,,
P09758_and_P05408,0.6273720785670505,0.638307309413367,0.19168605333472777,12.673288439955119,50.06018691588781,-3937.1254485868503,B_C,,,,,,,,,,,
P09758_and_P16562,0.640668988838256,0.6382674198074392,0.31501621695820103,9.08544303797468,54.09076086956521,-3827.541654586113,B_C,,,,,,,,,,,
P09758_and_O60568,0.6728204423348745,0.6382123294119213,0.1525558730492387,11.531929347826095,70.61750000000002,-9475.429003398853,B_C,,,,,,,,,,,
P09758_and_Q12891,0.6512071416296327,0.6378682613647493,0.2161630047940589,14.307798165137596,57.8634,-6646.1999759444825,B_C,,,,,,,,,,,
P09758_and_P04279,0.5922539154074618,0.6361194628845483,0.07102864046703126,13.320117647058815,36.527769230769245,-1906.1877278813008,B_C,,,,,,,,,,,
P09758_and_Q9Y264,0.6144459813871412,0.6355286141781499,0.16223758282529394,9.902021563342325,76.38552845528457,-3713.733212448882,B_C,,,,,,,,,,,
P09758_and_Q14773,0.6400070187348651,0.6350621043658675,0.25632528554682327,10.034680851063833,68.42779411764705,-2343.722424446828,B_C,,,,,,,,,,,
P09758_and_Q8NET1,0.6693947627051253,0.6349609392409052,0.06686087680335417,6.398648648648652,57.302352941176466,-853.6291504924593,B_C,,,,,,,,,,,
P09758_and_Q8NG41,0.6476645074254498,0.6345671588118849,0.14058307182435575,9.05911602209946,52.357499999999995,-1640.6029290233378,B_C,,,,,,,,,,,
P09758_and_P61567,0.6319843330117453,0.6333633278271218,0.1274144517909966,16.159665144596634,56.113009259259236,-23313.416045128874,B_C,,,,,,,,,,,
P09758_and_P00748,0.651443932081792,0.6321029142492121,0.3761309598811797,10.403571428571441,57.488256410256426,-1716.1974973790047,B_C,,,,,,,,,,,
P09758_and_P05015,0.6565367338983858,0.6317230249470314,0.18424662454572102,9.233664772727268,72.33491803278683,-3254.191834496747,B_C,,,,,,,,,,,
P09758_and_Q99218,0.6196564119634593,0.6310911093013228,0.1950339274836081,11.55591603053433,33.577835820895515,-3525.225846102957,B_C,,,,,,,,,,,
P09758_and_Q16515,0.6465929979598866,0.6300336624572108,0.20946366407559494,12.958883248730947,69.49112000000002,-3498.053910150697,B_C,,,,,,,,,,,
P09758_and_O95977,0.645550678585935,0.6299153838893862,0.30720826698469667,11.895611702127649,64.7774611398964,-1381.2373427388284,B_C,,,,,,,,,,,
P09758_and_Q9NY59,0.6419122025677617,0.6294826747776016,0.21955478567593956,13.910986547085177,67.15172248803827,-4977.452374613349,B_C,,,,,,,,,,,
P09758_and_Q13349,0.6196606566679008,0.6275459270551116,0.1444140028973204,13.437721021610992,44.072399999999995,-54854.42102269582,B_C,,,,,,,,,,,
P09758_and_Q86YD3,0.6036679409082926,0.627221514715968,0.11712485745548777,15.091117764471011,51.11722448979589,-4167.2925696695675,B_C,,,,,,,,,,,
P09758_and_Q9GZN4,0.6449803000897437,0.6265756244248146,0.26914994051632324,8.520431472081228,62.258394160583926,-2456.350723034182,B_C,,,,,,,,,,,
P09758_and_P07988,0.6044275070357578,0.6265421091296219,0.07116907590036939,18.272665369649776,55.945228758169954,-4222.194700143857,B_C,,,,,,,,,,,
P09758_and_O15467,0.649012493134434,0.6245403561128771,0.2503055258905834,10.256463878326999,63.982243589743575,-1672.1281437690686,B_C,,,,,,,,,,,
P09758_and_Q9BUN1,0.5968630788367533,0.6235796395557975,0.09978255916044589,13.245638297872329,43.92458015267176,-2274.8159085895895,B_C,,,,,,,,,,,
P09758_and_Q9Y6M0,0.6192689366675928,0.6231811902032247,0.2593323215046668,11.920121951219512,62.530324675324664,-3855.301941847838,B_C,,,,,,,,,,,
P09758_and_Q9HCN6,0.6188712883115405,0.6222204688325064,0.20259380000531915,11.272691292876003,75.78922413793101,-2363.765795470665,B_C,,,,,,,,,,,
P09758_and_P40225,0.6124757844578682,0.6205524283421348,0.048110496602791514,11.062622950819675,54.11069306930694,-2263.7120406583854,B_C,,,,,,,,,,,
P09758_and_Q96F05,0.5759741033349854,0.6200430972191532,0.1300209290547048,12.136053412462907,28.07294736842105,-1674.8837242627778,B_C,,,,,,,,,,,
P09758_and_Q8J025,0.6390407886277739,0.619822660195734,0.3132466582077488,11.777615062761521,61.40756756756757,-3763.7950314523628,B_C,,,,,,,,,,,
P09758_and_Q5VWP3,0.5597044622604939,0.6198019460795421,0.07020965525803288,15.246615384615358,42.551610738255036,-2461.558325765189,B_C,,,,,,,,,,,
P09758_and_P56730,0.5891623020000591,0.6167670644330698,0.14517512765574495,17.18262476894639,49.28684466019418,-5881.329535602657,B_C,,,,,,,,,,,
P09758_and_P01709,0.6302467071210488,0.6162173136925373,0.19009428744533374,15.138172043010751,67.76637426900585,-6173.966343611808,B_C,,,,,,,,,,,
P09758_and_Q5VT99,0.629152467754507,0.6161700075303893,0.3434742013796953,9.917006802721106,70.8192361111111,-2128.967955278805,B_C,,,,,,,,,,,
P09758_and_O95838,0.588785256770717,0.6160469300075511,0.16567951193517064,10.87969348659005,65.26141104294483,-1736.7879103627456,B_C,,,,,,,,,,,
P09758_and_P10144,0.6191227964148429,0.6156992563645614,0.18910876310585467,11.455445544554465,56.431956521739124,-1460.9767454022895,B_C,,,,,,,,,,,
P09758_and_A0A075B6I3,0.6271698664688031,0.6155504672249776,0.22231286004937978,14.844085027726441,66.26871165644168,-1951.0165819709405,B_C,,,,,,,,,,,
P09758_and_Q86XP6,0.6393910900093431,0.6140894140319892,0.24946759495058982,11.716275430359953,69.6168156424581,-714.6564690712585,B_C,,,,,,,,,,,
P09758_and_Q9P0G3,0.6035969665729635,0.6138840133146477,0.236742693695907,15.64325095057035,64.47402597402598,-6446.188046408664,B_C,,,,,,,,,,,
P09758_and_Q8WWX8,0.6403443871385217,0.6134498793789264,0.3671325000326647,8.356394129979025,66.32189873417721,-1343.0304378450037,B_C,,,,,,,,,,,
P09758_and_O15034,0.5656391293492091,0.6116400750167388,0.08772086858268197,14.54477040816326,59.086527777777775,-21681.62416368693,B_C,,,,,,,,,,,
P09758_and_Q96RF0,0.5771038584970014,0.6108801739584802,0.28089273415918514,20.227967711301044,44.39051724137931,-2242.081348468855,B_C,,,,,,,,,,,
P09758_and_Q12794,0.6445299314972919,0.6092539367531057,0.2787253084744365,9.982338308457711,75.2717391304348,-2637.0802489767466,B_C,,,,,,,,,,,
P09758_and_Q6UX39,0.6031081005845311,0.6089000762945805,0.14744597343278154,10.309090909090902,40.725000000000016,-1318.2638829558946,B_C,,,,,,,,,,,
P09758_and_Q6P5X5,0.6403244380276369,0.6088839696414639,0.06911811700773916,8.550520833333334,64.61733333333333,-1292.7755992706875,B_C,,,,,,,,,,,
P09758_and_P59666,0.6354369110601439,0.6085187766695954,0.18386591255941528,8.714734299516909,52.20818181818183,-1520.481918254084,B_C,,,,,,,,,,,
P09758_and_Q15714,0.5498328536399387,0.6084025596894388,0.15509682624027682,16.296886912325277,41.88211764705885,-2283.6766896395857,B_C,,,,,,,,,,,
P09758_and_Q5DX21,0.5714588734673465,0.6083659542659436,0.31549795796616187,15.948110236220465,63.427142857142876,-5722.82755182318,B_C,,,,,,,,,,,
P09758_and_P63211,0.6403418363102349,0.6054022593720377,0.12651572511129752,7.702099737532802,40.90583333333333,-763.1491429312791,B_C,,,,,,,,,,,
P09758_and_Q8WWY8,0.6277621195179766,0.6053277821066021,0.14187489417201404,12.509296482412056,69.61622047244099,-3252.7421732974763,B_C,,,,,,,,,,,
P09758_and_P28908,0.5595160358216187,0.6043754458303899,0.10508188952074651,17.252812071330617,58.8393121693122,-1320.9305560159773,B_C,,,,,,,,,,,
P09758_and_O95868,0.6244141025279522,0.6041822820177566,0.1424567810336767,13.579742765273327,47.24724137931034,-3475.1899929662345,B_C,,,,,,,,,,,
P09758_and_A0A0B4J274,0.640387693676514,0.6033057572579715,0.1805661962686584,9.521785714285716,65.48171874999997,-1692.4970951001628,B_C,,,,,,,,,,,
P09758_and_Q8NGL9,0.6292651380521932,0.602893523607247,0.12455177059868812,10.072926267281103,55.76138686131386,-4107.569448303179,B_C,,,,,,,,,,,
P09758_and_A0A0A0MS03,0.6397631627498073,0.6026879707966385,0.21821435403128178,10.085748218527323,61.80279069767443,-925.0569084395643,B_C,,,,,,,,,,,
P09758_and_O43597,0.5935673008025072,0.6023798564866996,0.16593000313311512,7.27477611940298,60.45770642201832,-2191.821997764342,B_C,,,,,,,,,,,
P09758_and_Q5XG92,0.6459870189283271,0.6022791159246607,0.21573998453964013,11.290481651376155,71.51648148148152,-723.4414120304867,B_C,,,,,,,,,,,
P09758_and_P62937,0.6295512269550143,0.6019195664647907,0.2606308273249317,8.527562326869816,69.58966666666669,-659.8524531975102,B_C,,,,,,,,,,,
P09758_and_Q93052,0.5683396033205883,0.601446399380866,0.22209567490536986,19.375176678445246,50.855727554179616,-25102.06891312202,B_C,,,,,,,,,,,
P09758_and_Q96J02,0.5851615852826415,0.6014150505823231,0.12544812051150875,14.37238095238095,61.110283018867946,-1603.304251277641,B_C,,,,,,,,,,,
P09758_and_Q9P244,0.5829750898984134,0.6012377821627954,0.31187805091573767,12.926611694152909,73.65928571428566,-4110.946841753857,B_C,,,,,,,,,,,
P09758_and_Q9UIB8,0.5946938452882282,0.6010157470499233,0.32624420831157463,12.53186274509803,71.36394117647056,-15701.676998196039,B_C,,,,,,,,,,,
P09758_and_Q2M2I8,0.5691720851864829,0.6010151024545312,0.2940170401436667,17.66214355948867,67.30270161290318,-15028.804904836492,B_C,,,,,,,,,,,
P09758_and_P10646,0.5897917122158021,0.6005298976934839,0.10783310173177563,15.265225563909762,63.607204968944075,-1580.879599628286,B_C,,,,,,,,,,,
P09758_and_Q6ZNL6,0.5452654361845379,0.5991033823738865,0.2056247886334544,16.98965517241377,64.32088669950738,-5253.541655308436,B_C,,,,,,,,,,,
P09758_and_A0A075B6J9,0.6146016600777771,0.5990167083184605,0.18598369893675326,15.114733542319751,66.46238095238094,-1085.619580188773,B_C,,,,,,,,,,,
P09758_and_P16422,0.597241662535936,0.5982428491475196,0.3761214012080771,15.253220140515216,70.21217592592592,-591.6110374836895,B_C,,,,,,,,,,,
P09758_and_Q9NRM6,0.5823884858160664,0.5972164732073111,0.13755282019190884,11.458292682926828,70.09605095541399,-4871.502350431729,B_C,,,,,,,,,,,
P09758_and_P08311,0.5873272381620646,0.5969760590382286,0.3130906431261819,15.03042959427208,63.7627397260274,-1519.3681599174056,B_C,,,,,,,,,,,
P09758_and_Q9NZV1,0.5447881418069014,0.5966344493531174,0.1435446478636651,19.79238095238093,50.26271375464685,-2097.7044141461665,B_C,,,,,,,,,,,
P09758_and_O60641,0.5601614936714016,0.596612787751398,0.10227161327260209,14.190924092409258,69.51686440677966,-16597.927677451073,B_C,,,,,,,,,,,
P09758_and_Q96R67,0.6266139402633502,0.5960948019378588,0.12226940553463542,10.295411764705877,69.37053030303029,-5668.739735346627,B_C,,,,,,,,,,,
P09758_and_Q86UK5,0.5898969065269842,0.5958886346389272,0.18093972497149663,19.702586206896537,63.849829545454554,-11554.200911515247,B_C,,,,,,,,,,,
P09758_and_Q12860,0.5816583628453494,0.5958389491203414,0.22113496000435948,12.938010899182544,54.186695652173924,-14795.57336882993,B_C,,,,,,,,,,,
P09758_and_Q6GTX8,0.5898816791073974,0.5956455596873036,0.12893157009104045,15.974100719424468,50.906886227544916,-2302.045726490095,B_C,,,,,,,,,,,
P09758_and_P01611,0.6329926012521754,0.5947945374875804,0.3296047562431305,8.837522123893798,70.04183431952663,-1177.5699594529663,B_C,,,,,,,,,,,
P09758_and_A0A075B6R0,0.6287004509486145,0.594732343405538,0.1964601606324908,10.969649122807033,67.73757763975158,-957.2037671442708,B_C,,,,,,,,,,,
P09758_and_P54851,0.6186631897031311,0.5940385180616419,0.20822215852623663,9.541587301587313,63.184186046511606,-875.9278409915431,B_C,,,,,,,,,,,
P09758_and_Q8NEV9,0.6132519265837769,0.5933666599735254,0.13420412520211256,12.796551724137926,66.18443113772459,-3581.055284742739,B_C,,,,,,,,,,,
P09758_and_A0A0C4DH27,0.6281935387058872,0.5928055374013184,0.19870109626302943,9.350636942675159,69.98636363636362,-739.2713415778976,B_C,,,,,,,,,,,
P09758_and_P20701,0.5902055822962902,0.591625628548462,0.162691733648331,11.061757105943148,58.81791366906477,-15441.818578056524,B_C,,,,,,,,,,,
P09758_and_P01715,0.6097451553926645,0.5910183454795213,0.23558677810571096,14.164043824701203,70.98348387096777,-1877.6738807163786,B_C,,,,,,,,,,,
P09758_and_Q07654,0.6300826164962984,0.5907365003542772,0.13067542093464915,10.018707482993191,53.27460000000001,-5009.972346196543,B_C,,,,,,,,,,,
P09758_and_Q6UXB2,0.6146643086090383,0.5902779006551753,0.24723204165892881,8.56367924528301,51.00590551181103,-630.4775576427369,B_C,,,,,,,,,,,
P09758_and_P01701,0.6260865846482249,0.5896934420639968,0.24984498900671243,13.529610194902565,57.421058823529435,-2689.919242830501,B_C,,,,,,,,,,,
P09758_and_Q9H6B4,0.5851938901486953,0.5895868647726032,0.134919458265725,10.064017341040458,67.6853043478261,-10463.883384949642,B_C,,,,,,,,,,,
P09758_and_Q96S42,0.5935268905981249,0.5893556411110399,0.14164179311260872,14.493411764705867,66.7968055555556,-1520.5964294642517,B_C,,,,,,,,,,,
P09758_and_P08514,0.5993193642305086,0.5888293446555278,0.377605545423027,12.793424855491338,50.26025906735754,-8751.109682099532,B_C,,,,,,,,,,,
P09758_and_A0A075B6K5,0.6042243564296123,0.5882016338868329,0.20595593731713674,16.563252032520303,66.25721212121215,-3913.0027605301416,B_C,,,,,,,,,,,
P09758_and_Q96KN9,0.576474114669381,0.5879943149467992,0.043344607242202376,11.911538461538454,45.70406976744188,-7317.16256195505,B_C,,,,,,,,,,,
P09758_and_O15444,0.6093526133033575,0.5872656865589736,0.23777648413007688,9.290727699530516,67.2336956521739,-1357.7260905228902,B_C,,,,,,,,,,,
P09758_and_P08700,0.6184832378174079,0.5861459495563808,0.08313285376589594,11.530420711974116,58.17518867924531,-403.8741452326933,B_C,,,,,,,,,,,
P09758_and_Q6ZMI3,0.5743019993501313,0.5858574731099291,0.11466290385908333,10.575073313782994,69.76330508474577,-5169.824977775608,B_C,,,,,,,,,,,
P09758_and_P01706,0.601792364746307,0.5857454640533383,0.21769966704764787,15.048292682926846,69.40670588235297,-1458.4917527601228,B_C,,,,,,,,,,,
P09758_and_P28799,0.5505420441101934,0.5847855086292685,0.14589618769524043,20.27554517133957,35.224330708661434,-4328.6600713409425,B_C,,,,,,,,,,,
P09758_and_P49765,0.5931276172160114,0.5847042200310344,0.16904845682425118,12.21357142857143,61.41370370370372,-7306.544036641836,B_C,,,,,,,,,,,
P09758_and_Q9NPF0,0.5789365448304715,0.5846713642924803,0.142600539932441,12.69029363784666,57.79939597315439,-3207.8584423286084,B_C,,,,,,,,,,,
P09758_and_A0A0J9YWP8,0.6351575850834825,0.582429330431985,0.10642477443387306,11.059305993690852,21.17626506024096,-698.6478575800188,B_C,,,,,,,,,,,
P09758_and_Q5W186,0.6068226560083063,0.5814257060814415,0.1600069967524355,13.082337434094908,65.84847560975608,-2027.5568423453024,B_C,,,,,,,,,,,
P09758_and_Q7L804,0.561172536153872,0.5810407559123052,0.5135374567479315,16.70800800800802,55.56491379310344,-1892.7387930789664,B_C,,,,,,,,,,,
P09758_and_Q5GFL6,0.5544333220865971,0.5807246759059377,0.1298653710662668,12.3463955637708,64.89161849710985,-2815.080915492439,B_C,,,,,,,,,,,
P09758_and_Q7Z3B1,0.582038471582369,0.5800077832040024,0.28282411708965033,9.897629796839732,76.56812080536922,-3402.119693110868,B_C,,,,,,,,,,,
P09758_and_Q9NYA1,0.609756764728398,0.5792321113095218,0.1043535731729678,11.614285714285714,67.54144144144144,-2668.8964503610873,B_C,,,,,,,,,,,
P09758_and_A6NMD0,0.5705365643515912,0.5789156822074021,0.14433467473925776,15.43973577235773,42.04225806451614,-3691.955553479067,B_C,,,,,,,,,,,
P09758_and_P52803,0.5919703805706342,0.5787953004728628,0.1276601785454078,10.334220532319378,71.30866666666668,-891.7003983438742,B_C,,,,,,,,,,,
P09758_and_A1L453,0.5684102523362533,0.5782185028261186,0.22269835847550382,15.032565789473688,58.9810273972603,-3976.1404537192357,B_C,,,,,,,,,,,
P09758_and_Q8TAV5,0.5995123418590101,0.5776359024675355,0.1089708808531281,11.608221476510083,49.38760479041919,-1533.8714353777523,B_C,,,,,,,,,,,
P09758_and_O60938,0.6080853678072249,0.5774138975775833,0.1039945243421382,13.303018108651921,57.40202185792351,-6719.375407012588,B_C,,,,,,,,,,,
P09758_and_Q9C004,0.5673293749253764,0.5766090206088705,0.175872340639866,9.516363636363634,49.81495327102802,-1943.8566059824261,B_C,,,,,,,,,,,
P09758_and_Q9UBP4,0.5558564608596337,0.5751397262786443,0.3103010261109694,16.451941747572796,58.46556,-866.4823963949038,B_C,,,,,,,,,,,
P09758_and_Q02413,0.5333999819207454,0.5747095176778444,0.12456602390597066,18.7455049944506,56.78027906976745,-2869.572070916329,B_C,,,,,,,,,,,
P09758_and_Q504Y2,0.5986248465864817,0.5738906356605111,0.20401418390944964,11.933333333333342,62.336437499999974,-1350.270834684066,B_C,,,,,,,,,,,
P09758_and_Q14126,0.5336644893444112,0.5738111934243023,0.28771718962973114,19.18237704918035,62.69411764705883,-1608.6503807633198,B_C,,,,,,,,,,,
P09758_and_O00187,0.5778552293342935,0.573692085739045,0.29468664626896046,10.523922413793098,64.86078431372549,-4133.580288527725,B_C,,,,,,,,,,,
P09758_and_P41159,0.6083285731296285,0.5736592939913647,0.10971464972467722,12.509999999999993,69.7381506849315,-3114.467013993196,B_C,,,,,,,,,,,
P09758_and_Q14678,0.5196544209631605,0.5729110990570152,0.25825284941649185,19.071449136276417,58.713000000000015,-2813.826623513014,B_C,,,,,,,,,,,
P09758_and_O00526,0.5970450785963135,0.57203762381164,0.18227631657603693,11.355646359583947,55.30034285714283,-1716.062767759533,B_C,,,,,,,,,,,
P09758_and_Q13319,0.5692630904551624,0.571930938767821,0.1417422098319746,11.73579545454546,67.95035714285714,-823.0474864670268,B_C,,,,,,,,,,,
P09758_and_Q8TDM5,0.6077489753719888,0.5717473663759993,0.2552957678425021,7.6806756756756664,77.25500000000001,-2036.551280272253,B_C,,,,,,,,,,,
P09758_and_Q8NH60,0.6050203120501486,0.5713007780342696,0.17596436203329652,13.85457809694794,60.04923529411761,-16733.280723613734,B_C,,,,,,,,,,,
P09758_and_P01704,0.5886594580852892,0.5707276074981926,0.22913846505434507,17.10279552715656,67.5553672316384,-2764.7960674617875,B_C,,,,,,,,,,,
P09758_and_A0A075B6I1,0.5883663736314863,0.5693588532343393,0.2001267008140859,15.762940140845055,68.24684210526317,-3561.9017704094385,B_C,,,,,,,,,,,
P09758_and_P16452,0.6175356904193282,0.5676788167739009,0.12004329784287486,15.01837209302326,65.42764331210194,-15637.422602679875,B_C,,,,,,,,,,,
P09758_and_Q8WWN9,0.541601000579417,0.567391816203346,0.21622886756884152,17.538693820224726,62.77627906976745,-1509.849665416914,B_C,,,,,,,,,,,
P09758_and_Q8TE23,0.5801743316333642,0.5651222285136072,0.08045051732757892,9.413440860215056,50.069250000000004,-2822.1910058259527,B_C,,,,,,,,,,,
P09758_and_Q9P1A6,0.5141726423984168,0.5634817132318846,0.1678304270358071,19.51483516483518,53.23192592592596,-1911.303271573648,B_C,,,,,,,,,,,
P09758_and_Q5VZ72,0.583833367962106,0.5632991740072673,0.1559711880261131,10.641921397379914,68.37992907801421,-1093.6890657315028,B_C,,,,,,,,,,,
P09758_and_P01721,0.5810674142281342,0.5630857737365085,0.18530976238585442,16.626875000000016,68.41577181208054,-2866.012309503646,B_C,,,,,,,,,,,
P09758_and_O94907,0.5609011043623718,0.5630267133649174,0.12045097663913429,16.20060240963857,65.08380952380948,-3719.2073530190537,B_C,,,,,,,,,,,
P09758_and_Q01524,0.5980851557621585,0.5609985365636598,0.19430031783438756,9.301504424778766,57.425723684210496,-1202.6804185864898,B_C,,,,,,,,,,,
P09758_and_P12544,0.5566222449932732,0.5604805507632536,0.2887728107148396,17.82154017857143,59.420466666666655,-16396.59270854891,B_C,,,,,,,,,,,
P09758_and_Q5IJ48,0.5321771419110642,0.5604395372266668,0.12748726187262413,16.002127659574466,55.071184210526326,-1322.772963966825,B_C,,,,,,,,,,,
P09758_and_Q8IUK5,0.5618390410288607,0.5594082312252605,0.21790768626228543,13.367452830188666,67.3162631578947,-2113.4519480805484,B_C,,,,,,,,,,,
P09758_and_P17655,0.5862278667315743,0.5591530787439167,0.27835468453227896,16.58714596949892,59.32521472392643,-2554.6055959081996,B_C,,,,,,,,,,,
P09758_and_P32004,0.5376668877018758,0.559152133560034,0.3899394055677815,19.215249433106596,56.8077130044843,-2020.0736542059803,B_C,,,,,,,,,,,
P09758_and_A0A075B6K0,0.5922274481440511,0.5586410867617315,0.1512249448205646,11.479687499999995,66.45573529411763,-1943.3853338054046,B_C,,,,,,,,,,,
P09758_and_P43005,0.5599892096563996,0.5578027932169015,0.20159425813049633,20.22556561085974,52.47976851851854,-2572.926031238643,B_C,,,,,,,,,,,
P09758_and_Q96MU8,0.5591252777736723,0.5577170607078532,0.2054212760929855,14.937499999999991,59.016223404255314,-8041.0558539367785,B_C,,,,,,,,,,,
P09758_and_A8MZH6,0.599162004810623,0.5573725770453504,0.10113430280654225,10.799851632047478,66.40590163934425,-1490.5772628928535,B_C,,,,,,,,,,,
P09758_and_Q6PCB8,0.5693898434775473,0.5571645895815961,0.18507858839167482,10.62315436241612,51.95136690647482,-2440.5601645934626,B_C,,,,,,,,,,,
P09758_and_P01718,0.5801377301692088,0.5556571998726879,0.17247474067078408,15.224729241877267,67.09875,-4686.9120712425165,B_C,,,,,,,,,,,
P09758_and_P24588,0.5340289577724807,0.5553263895470364,0.22920199559614832,11.244210526315783,47.4699456521739,-1028.3886655048918,B_C,,,,,,,,,,,
P09758_and_Q99469,0.5368143476457753,0.5537800703334931,0.1761328426603329,14.186775106082022,63.261207729468595,-1207.1481523889197,B_C,,,,,,,,,,,
P09758_and_Q9NP70,0.5296635619573437,0.5534997927102201,0.12982968897656003,15.741622340425522,46.02509708737865,-1436.676338037345,B_C,,,,,,,,,,,
P09758_and_Q8N6F7,0.5645010452699591,0.5522766511424277,0.08024497446403088,14.785362318840592,45.21922155688623,-3355.4784313115197,B_C,,,,,,,,,,,
P09758_and_O14654,0.5123568975861017,0.5513961189955211,0.10969267000082687,15.771010638297868,63.81246031746032,-16132.839718117597,B_C,,,,,,,,,,,
P09758_and_Q9H2E6,0.5549903097612296,0.5508363398110637,0.3532138632726268,17.570661605206066,68.78443037974684,-1324.453808328115,B_C,,,,,,,,,,,
P09758_and_Q9UEY8,0.5356053171806754,0.5498663631436679,0.2835460768193568,15.318438914027158,65.11383458646614,-17258.18138204487,B_C,,,,,,,,,,,
P09758_and_P98172,0.5536695122751402,0.5492869191130911,0.059896971535052565,14.627710843373501,53.095068493150706,-2363.2233873459327,B_C,,,,,,,,,,,
P09758_and_P01619,0.5926354907645818,0.5486237753737365,0.30557334000844055,10.134073359073353,62.95254777070063,-1966.2539021554387,B_C,,,,,,,,,,,
P09758_and_P00797,0.5840550197292321,0.5483400083616866,0.08852144925446599,11.619999999999997,61.81304964539005,-3716.6454470731414,B_C,,,,,,,,,,,
P09758_and_Q2M3C6,0.519511982617181,0.5483101816446571,0.09672861084237723,16.68635204081634,37.966875,-2743.2154824440804,B_C,,,,,,,,,,,
P09758_and_O95206,0.5112623281515178,0.5476829408176757,0.13328409109535022,14.938317107093182,45.94064171122994,-1857.4108305569025,B_C,,,,,,,,,,,
P09758_and_Q5VWQ8,0.5386593054991347,0.547529182044282,0.18821650303494625,17.520385232744832,49.24228723404254,-7502.359423032642,B_C,,,,,,,,,,,
P09758_and_P26717,0.5670790108379915,0.5474063205281958,0.10912535212966032,9.8056313993174,76.57333333333334,-1742.9469063603233,B_C,,,,,,,,,,,
P09758_and_Q8TEU8,0.5168443424135981,0.5471805100138625,0.14695867842655355,17.454514672686244,59.27521367521367,-1814.579555258857,B_C,,,,,,,,,,,
P09758_and_P10966,0.5673304151637064,0.546592422468599,0.22538778971921208,10.583844765342965,66.77473684210528,-1104.9074476283083,B_C,,,,,,,,,,,
P09758_and_Q8NGB8,0.5823921521360307,0.5464538809052206,0.21865532433903906,11.776949740034663,65.33637426900587,-2269.63598600087,B_C,,,,,,,,,,,
P09758_and_Q8IXB3,0.5536460466794235,0.5463133744915512,0.11197823147723779,15.28658280922432,38.243145161290315,-2822.8771600949713,B_C,,,,,,,,,,,
P09758_and_A0A0A0MRZ7,0.5715814812246798,0.5459988332829856,0.20265716561342226,16.31192236598893,67.13570512820509,-8293.659840803857,B_C,,,,,,,,,,,
P09758_and_P07478,0.5701142706894091,0.545942906705572,0.2257521385468616,15.142444029850749,58.951677018633525,-6057.27848962918,B_C,,,,,,,,,,,
P09758_and_Q6PI25,0.5827805810515677,0.5457258659285024,0.14142707376742833,13.588641188959663,61.47480916030534,-7576.933329606542,B_C,,,,,,,,,,,
P09758_and_P40818,0.5272069812004361,0.5453985943689694,0.20621700368550022,17.001534090909086,58.32344680851062,-1651.8448488959402,B_C,,,,,,,,,,,
P09758_and_P04920,0.5368406324461775,0.545321990984224,0.10117886594869746,22.725549048316257,42.681708542713565,-4020.5457811843444,B_C,,,,,,,,,,,
P09758_and_Q4QY38,0.5905266005096628,0.5441400095480845,0.10099963682808366,8.40939306358382,50.32935185185184,-2164.5777825974164,B_C,,,,,,,,,,,
P09758_and_A0A087WSX0,0.5647904274318297,0.5431833282519496,0.14443405827016337,16.910310965630114,57.57702247191012,-1248.5969316738092,B_C,,,,,,,,,,,
P09758_and_Q969E1,0.5806416596360805,0.5431047012029353,0.11551480665360535,11.838854489164094,36.451881188118826,-1087.5073230728692,B_C,,,,,,,,,,,
P09758_and_Q8N6C5,0.5092431090838725,0.5428205450116939,0.16617790546301994,18.14871481028152,56.11322314049588,-2333.8101270034094,B_C,,,,,,,,,,,
P09758_and_Q6UW56,0.5695852741006733,0.5421422833898959,0.20126706443769748,10.717494356659131,63.162105263157876,-1596.2778466213622,B_C,,,,,,,,,,,
P09758_and_Q5JTC6,0.49477332490935216,0.5419922570569545,0.07980675332144278,17.80175644028099,46.05883333333333,-3489.60497878131,B_C,,,,,,,,,,,
P09758_and_P35414,0.5443185130558412,0.541425764418697,0.280145199058242,15.589910025706946,70.9866515837104,-2069.1607478592596,B_C,,,,,,,,,,,
P09758_and_Q2TAL8,0.5268862772638921,0.541023113112111,0.22499611665184624,21.241300813008106,60.79876984126985,-1830.7355746798276,B_C,,,,,,,,,,,
P09758_and_P08571,0.5716343043632939,0.5406291660063924,0.11144639494718303,10.712989323843424,70.44749999999998,-3100.9487882659523,B_C,,,,,,,,,,,
P09758_and_Q9BQB4,0.5482786219665043,0.5401935938287575,0.1571143219178042,12.186070686070707,54.938698630137026,-2766.8907889589486,B_C,,,,,,,,,,,
P09758_and_Q9NZQ7,0.5531172422115773,0.5385937272323809,0.1180619638462139,11.653898305084757,69.00283018867925,-1580.986025584976,B_C,,,,,,,,,,,
P09758_and_P01705,0.5655739970518581,0.5381993251681355,0.17673088191797914,15.929867986798644,62.42261146496814,-5100.055427567296,B_C,,,,,,,,,,,
P09758_and_P06734,0.5316498564091301,0.537962230862087,0.19014521404449578,15.07692307692306,59.76638297872338,-5417.459866861847,B_C,,,,,,,,,,,
P09758_and_A6NL88,0.5082677948548792,0.5379047880873935,0.12258035461195262,17.16669139465873,48.632074468085115,-1328.205402743486,B_C,,,,,,,,,,,
P09758_and_Q92637,0.5550469612842432,0.5378905719590179,0.19266800233042258,8.417846153846146,72.63382352941177,-1566.8475767506372,B_C,,,,,,,,,,,
P09758_and_Q8IU80,0.5758832789894188,0.5369346556187438,0.19327479782285167,15.00242718446602,39.98901098901096,-7059.490775663128,B_C,,,,,,,,,,,
P09758_and_P0DP09,0.5658664458286229,0.53656437045997,0.24644676539776508,14.304991539763106,70.95034883720929,-923.2671726987317,B_C,,,,,,,,,,,
P09758_and_A0A0B4J2D9,0.5658664458286229,0.53656437045997,0.24644676539776508,14.304991539763106,70.95034883720929,-923.2671726987317,B_C,,,,,,,,,,,
P09758_and_P39900,0.5354579425707113,0.5364926904824451,0.11649605373280071,21.56008676789589,40.85539393939395,-24358.360416546722,B_C,,,,,,,,,,,
P09758_and_Q9Y5H2,0.5040437751669512,0.5362259283926304,0.25479354775436985,21.662889983579632,67.20628415300543,-3052.8538173206653,B_C,,,,,,,,,,,
P09758_and_P07384,0.561006730673501,0.536039152433397,0.2921793038570352,17.412747035573098,58.88642458100558,-2687.944174384446,B_C,,,,,,,,,,,
P09758_and_P01742,0.5802718637052956,0.535786503663974,0.15044308566381973,9.266147859922183,78.91849462365589,-2461.904816014453,B_C,,,,,,,,,,,
P09758_and_Q9Y2K9,0.5691244228443493,0.5346439636787823,0.1469253083573079,19.5042727272727,65.92075268817203,-21632.024395369106,B_C,,,,,,,,,,,
P09758_and_O15255,0.5411954522353191,0.5343630346704752,0.12771392804635154,14.33511146496815,35.101854304635765,-1087.924673771835,B_C,,,,,,,,,,,
P09758_and_P58401,0.5019853916887294,0.533446431859487,0.22268371622247587,18.46787678767873,57.63607655502389,-1956.453176601979,B_C,,,,,,,,,,,
P09758_and_Q30KQ7,0.5810821929076964,0.533340014015119,0.12790119048851578,9.564490445859883,59.84085714285717,-1895.047482698163,B_C,,,,,,,,,,,
P09758_and_Q5BVD1,0.5519087085810128,0.5331755931604648,0.1696158018826131,13.853313840155923,60.34208860759493,-10085.957051360852,B_C,,,,,,,,,,,
P09758_and_O60676,0.5720440588880646,0.5331361455207281,0.20934797784080564,9.772355289421164,75.52509554140127,-2161.479140919121,B_C,,,,,,,,,,,
P09758_and_Q86VH5,0.5410333291544215,0.5330461634769001,0.18292990373674783,13.802234042553197,56.05076923076924,-23709.74751419118,B_C,,,,,,,,,,,
P09758_and_O00165,0.5336926063510857,0.5318343625339704,0.1470613482166504,13.706052269601095,50.5001775147929,-4348.282225635965,B_C,,,,,,,,,,,
P09758_and_Q9UGM5,0.5594198628005941,0.5317462675299345,0.1540578422372268,11.05593922651933,69.85983999999995,-942.3303101651832,B_C,,,,,,,,,,,
P09758_and_Q96L11,0.55867756462837,0.5316293003844655,0.13587919254646252,11.803009259259253,27.6343220338983,-921.2255030944016,B_C,,,,,,,,,,,
P09758_and_A0A087WSZ0,0.5542929038869275,0.5313244159715087,0.23880702287029476,17.891283524904217,68.86961038961037,-1695.9990568554251,B_C,,,,,,,,,,,
P09758_and_Q7RTW8,0.5778481617619817,0.5303471013088914,0.09749732533587854,18.957590132827328,62.45436170212768,-20005.789073291045,B_C,,,,,,,,,,,
P09758_and_P01717,0.5570385011718401,0.5303167120545719,0.17150848348821798,16.83873786407766,67.85746666666667,-2947.5778043137907,B_C,,,,,,,,,,,
P09758_and_Q14993,0.49397939015880965,0.5300830365095087,0.09856499904957056,17.284950248756218,64.47930555555553,-2006.3478570119332,B_C,,,,,,,,,,,
P09758_and_Q8N7J2,0.4967828019178781,0.5299792249863868,0.10615752541403585,16.90124884366326,46.727376237623766,-2128.4323399419227,B_C,,,,,,,,,,,
P09758_and_Q9Y5G2,0.5029127869596094,0.5297151137410461,0.3577315858845135,24.504712041884833,60.75121359223301,-3391.3828929763513,B_C,,,,,,,,,,,
P09758_and_Q9NP95,0.5579664681040541,0.5292971326846266,0.13507038741089894,11.565502793296087,63.69319672131147,-3758.801027635886,B_C,,,,,,,,,,,
P09758_and_Q8N490,0.5567780846098991,0.5286633383509864,0.2162032374960443,14.217338003502636,67.91189542483662,-1860.880910348021,B_C,,,,,,,,,,,
P09758_and_P01130,0.544372475335179,0.5281598327408368,0.2530459802719045,17.39172274562581,61.42510917030566,-1827.7814014955657,B_C,,,,,,,,,,,
P09758_and_Q6X4U4,0.5462768492191759,0.5278043357382496,0.10281131686005505,12.783157894736851,62.08729559748431,-5247.931884042763,B_C,,,,,,,,,,,
P09758_and_O94769,0.5332462230099518,0.5277992113611029,0.12682714167527084,16.363502935420758,58.72769784172663,-16840.032384941616,B_C,,,,,,,,,,,
P09758_and_Q5VWW1,0.5333479778679286,0.5275852123603431,0.1759443906721196,15.844419306184019,66.13857954545456,-833.4299753213381,B_C,,,,,,,,,,,
P09758_and_P05107,0.5293058061743173,0.5274449393180851,0.15265032738616277,13.600502008032144,57.68757575757577,-21115.876697021835,B_C,,,,,,,,,,,
P09758_and_P20774,0.5442382747841452,0.527180384222431,0.18199981694402628,11.862716763005777,70.62898648648645,-1786.9012625205041,B_C,,,,,,,,,,,
P09758_and_Q9UBW5,0.5119903263595942,0.5266531376376369,0.11696580377154982,15.34791044776121,70.80189655172413,-22600.567138911658,B_C,,,,,,,,,,,
P09758_and_A0A0G2JS06,0.5525610994770183,0.5265208768222702,0.18909877072433562,14.503886925795062,68.40042944785276,-3673.422056352685,B_C,,,,,,,,,,,
P09758_and_Q99062,0.5176156749726176,0.5258096003873174,0.10860274797529985,14.152954545454559,62.78635714285713,-9689.853759670421,B_C,,,,,,,,,,,
P09758_and_Q5DID0,0.4919175909481134,0.5255885279014757,0.11405396704388704,19.87714958775031,45.40354085603113,-1996.3482432826277,B_C,,,,,,,,,,,
P09758_and_P09228,0.568120648127698,0.5254158562498347,0.1968660871563466,9.1220194647202,74.91015384615382,-2233.845707261939,B_C,,,,,,,,,,,
P09758_and_P01624,0.5728316591032662,0.5254071552011507,0.2551620890333091,10.765205223880587,65.23348101265823,-2149.344181693491,B_C,,,,,,,,,,,
P09758_and_Q12974,0.5657348886497502,0.5251041336373306,0.18050453856315318,12.238864142538983,68.9408695652174,-1116.8099491218877,B_C,,,,,,,,,,,
P09758_and_A0A075B6H7,0.571804844864932,0.5249080350170028,0.2569989254781625,10.628125000000002,65.70221518987343,-1579.334795985727,B_C,,,,,,,,,,,
P09758_and_Q96QD8,0.5570906106513054,0.5241557513302519,0.22060123352279434,13.537966804979261,60.29386046511626,-1817.2447142584247,B_C,,,,,,,,,,,
P09758_and_A0A075B6J1,0.550498317673498,0.5238925955945426,0.16261311887385102,14.80390909090909,66.87239520958083,-1597.3816877891038,B_C,,,,,,,,,,,
P09758_and_P01909,0.5448593562372813,0.5234929737574084,0.12918755802843535,14.151556016597516,60.26737226277373,-9216.707904297307,B_C,,,,,,,,,,,
P09758_and_P82279,0.49576273383011904,0.5232390823653184,0.17062694895626104,17.87932761087263,61.35141463414633,-3096.397318038318,B_C,,,,,,,,,,,
P09758_and_P0CG04,0.5693087433687668,0.5224498220279237,0.24019547178016812,13.870529801324485,70.07133858267713,-1648.0629680881957,B_C,,,,,,,,,,,
P09758_and_Q13287,0.5403884908619253,0.5224149416801317,0.17025904103951262,12.015572232645404,50.94262499999999,-11910.207372813853,B_C,,,,,,,,,,,
P09758_and_P0C7M3,0.5637813000365475,0.5223758542519326,0.0749061020465336,13.862103505843068,47.25907284768212,-2160.656045831518,B_C,,,,,,,,,,,
P09758_and_P01889,0.5270701448285358,0.5195432580918158,0.35433564709421084,12.542944250871079,68.29759776536316,-3076.7825235627897,B_C,,,,,,,,,,,
P09758_and_Q99435,0.5062341013339885,0.5187220541370907,0.128861761091283,13.924907063197017,60.07845161290322,-2985.8494326026284,B_C,,,,,,,,,,,
P09758_and_O15431,0.5330698809459814,0.5186483727619016,0.12513471149553354,11.952673267326748,39.248604651162786,-1487.050818754753,B_C,,,,,,,,,,,
P09758_and_P48146,0.5485424369588596,0.5179572440474988,0.1854060500788226,12.125099601593622,63.28824675324676,-1869.222347325682,B_C,,,,,,,,,,,
P09758_and_A0A0B4J1U4,0.5490336446451105,0.517922442457235,0.15656660249891227,13.736043956043968,53.5392700729927,-1597.3796515199756,B_C,,,,,,,,,,,
P09758_and_P78423,0.502974149899219,0.5178184670698076,0.09280535151390953,15.311538461538463,52.901879194630894,-1301.8524834022573,B_C,,,,,,,,,,,
P09758_and_Q5JS13,0.5144173887185006,0.5167779874208711,0.1298407073585768,16.94965116279067,51.71746268656718,-6491.012390143802,B_C,,,,,,,,,,,
P09758_and_Q8WUM4,0.5197275580161386,0.5167668696524877,0.293993111851403,18.635298621745815,55.32276595744679,-21822.55022677772,B_C,,,,,,,,,,,
P09758_and_Q9Y446,0.5291488043249118,0.5167120585550489,0.10780988372010895,19.60845588235295,61.66342541436465,-1436.4781084473361,B_C,,,,,,,,,,,
P09758_and_P08185,0.5531050762418269,0.5161378150793368,0.1627235824939729,12.179300567107761,54.02369696969695,-2831.504167600609,B_C,,,,,,,,,,,
P09758_and_Q6P5S2,0.5494599914294077,0.5155245374319797,0.236984867020814,15.060380622837386,73.08727810650888,-3078.4961901287065,B_C,,,,,,,,,,,
P09758_and_A0A0A0MS00,0.5476835375852345,0.5151382839149417,0.10936619346195217,15.752819548872184,62.586969696969675,-4433.821494253807,B_C,,,,,,,,,,,
P09758_and_O60259,0.5382758323815973,0.5143873807704678,0.18610185642768945,14.421070234113682,59.63100000000001,-8461.590285901388,B_C,,,,,,,,,,,
P09758_and_P15248,0.5481246478514663,0.5123724905387139,0.11712679774304326,12.83716707021791,54.778780487804895,-1058.2139497885319,B_C,,,,,,,,,,,
P09758_and_P80748,0.5404499533729306,0.5121165673073445,0.21107112555913343,17.316603415559744,69.14229813664599,-4285.212130267173,B_C,,,,,,,,,,,
P09758_and_O95994,0.5502315871630786,0.511755290747248,0.27166709614000956,9.038767123287665,78.92390243902439,-4045.6304519443415,B_C,,,,,,,,,,,
P09758_and_Q9BQI0,0.5576799646416414,0.5116062259829707,0.1296099980840861,9.281323529411758,58.17703703703705,-1876.6017433158104,B_C,,,,,,,,,,,
P09758_and_P48751,0.5057276550933751,0.5112960025942659,0.185763312434408,24.03737804878049,52.949533678756495,-5908.932442710284,B_C,,,,,,,,,,,
P09758_and_P47775,0.5368092146074157,0.5108786098332868,0.07486966262054981,12.348484848484855,63.493529411764726,-3006.861768774604,B_C,,,,,,,,,,,
P09758_and_Q9UMF0,0.48207203788024494,0.510853082161347,0.05971269953941055,14.349782608695651,17.14576923076923,-1592.0168738759103,B_C,,,,,,,,,,,
P09758_and_P08887,0.5186331288595851,0.5105195852812137,0.09477283994530933,16.387777777777767,62.16890410958903,-4963.753114512346,B_C,,,,,,,,,,,
P09758_and_Q75V66,0.5481141935399658,0.5104759818398078,0.18851705242682468,20.08471867007672,60.873768115942035,-6705.2045098215485,B_C,,,,,,,,,,,
P09758_and_Q9HCL0,0.4834679431898471,0.5103854372170595,0.12045212155113962,20.692647058823496,55.61187134502924,-2168.9838107435935,B_C,,,,,,,,,,,
P09758_and_Q86SJ2,0.5110038259982606,0.5096769944949713,0.13792762987794377,14.764162754303618,65.27962962962964,-1497.6673300375878,B_C,,,,,,,,,,,
P09758_and_P05014,0.5487500665228292,0.5091621571525875,0.1613380934358747,12.579444444444443,70.99229508196721,-4416.274861989398,B_C,,,,,,,,,,,
P09758_and_P50052,0.5216993991380631,0.5091059946676565,0.2754250776820528,14.463190184049086,71.84243093922653,-1545.1120082895543,B_C,,,,,,,,,,,
P09758_and_P42830,0.5541331732475707,0.5089667295651593,0.1806246559919184,11.270550458715594,52.41068027210883,-1754.097873532367,B_C,,,,,,,,,,,
P09758_and_A0A075B6S0,0.576079405097925,0.5089426614888518,0.11884969070829479,11.918804664723025,22.18391304347826,-644.466044445733,B_C,,,,,,,,,,,
P09758_and_Q16512,0.504303781920902,0.5086351531322602,0.31995059966974865,20.586349036402574,53.549856630824394,-4143.362793975028,B_C,,,,,,,,,,,
P09758_and_Q8IUB2,0.5248580356506537,0.5082985368622699,0.11803780742319453,11.799469964664302,57.97890410958904,-2395.134996002078,B_C,,,,,,,,,,,
P09758_and_P0C645,0.5444047665727689,0.5076381792259871,0.1687608821583542,13.217170818505338,55.51148387096772,-1607.6933449268333,B_C,,,,,,,,,,,
P09758_and_Q8NGH9,0.5485935712461358,0.5064925641338249,0.16780406562661207,15.062255772646555,55.12124293785309,-18632.10420363066,B_C,,,,,,,,,,,
P09758_and_A0A5A6,0.5535581599225405,0.5059846045090375,0.09594138703154946,13.094613821138212,64.62404109589042,-1146.0234067040274,B_C,,,,,,,,,,,
P09758_and_Q8N944,0.4734291673007538,0.5057304296438618,0.07479197881182509,17.809635416666698,48.40418181818181,-1219.9667686444009,B_C,,,,,,,,,,,
P09758_and_P32418,0.5028913651961503,0.5053337422266166,0.08201746998141916,20.51145092460882,49.695254237288125,-1954.6730886210462,B_C,,,,,,,,,,,
P09758_and_Q6NT32,0.5573218058533855,0.5052780892135704,0.31438208675555174,13.130482115085542,60.92798941798941,-1416.6587358976105,B_C,,,,,,,,,,,
P09758_and_P17181,0.5080535665426408,0.5052762605166312,0.11945665451196423,16.961679536679544,64.7707894736842,-8270.69675592986,B_C,,,,,,,,,,,
P09758_and_P01566,0.5437884040150787,0.5052482103424768,0.1973193262583963,13.536621621621602,68.98944000000002,-1343.9989687142813,B_C,,,,,,,,,,,
P09758_and_Q8NGR6,0.5319288742408961,0.5052264177489425,0.16874741251993342,14.251014198782947,56.41201550387597,-1392.0663633696731,B_C,,,,,,,,,,,
P09758_and_Q14940,0.4979529462357669,0.5045475949359879,0.14347860595038417,19.617599999999985,55.06856459330142,-2888.4760238076124,B_C,,,,,,,,,,,
P09758_and_Q9HAU4,0.48511431350140505,0.5035566915705121,0.304298886188115,22.4891437308868,60.054713114754065,-2297.5045536385005,B_C,,,,,,,,,,,
P09758_and_Q96MU5,0.5191924375600248,0.5030962020076076,0.0951703281005966,16.298143851508122,47.17115999999999,-500.6051738690876,B_C,,,,,,,,,,,
P09758_and_Q6H9L7,0.4786702229166877,0.5028762015040918,0.10705315737451525,22.75484054669706,52.791019607843126,-1685.54934842094,B_C,,,,,,,,,,,
P09758_and_P05023,0.5422108107273305,0.5027534837721941,0.11300224262346019,16.923359580052505,65.78661538461537,-10702.283726819132,B_C,,,,,,,,,,,
P09758_and_Q96GW7,0.478307256591131,0.5027120405184786,0.17024311992331295,18.61739457831323,51.874293785310726,-17871.366539436698,B_C,,,,,,,,,,,
P09758_and_P0DOY5,0.5729361364399441,0.5022380341975503,0.11067858336115578,11.993630573248407,9.587384615384616,-640.7061273029377,B_C,,,,,,,,,,,
P09758_and_Q92974,0.4860256909778983,0.5021879788165483,0.3240705601075118,21.67643818849453,66.46245370370373,-3895.9617604231935,B_C,,,,,,,,,,,
P09758_and_Q8WTR8,0.504696048431551,0.5015187166549167,0.16981773596538943,13.670728291316546,70.2137837837838,-17495.05573372022,B_C,,,,,,,,,,,
P09758_and_A0A075B6K4,0.5342348523765101,0.5007965476181094,0.1240073570500576,15.888366336633641,60.53515384615383,-1785.0561294285892,B_C,,,,,,,,,,,
P09758_and_O75038,0.511936019282157,0.5003906639631833,0.15770008572394364,17.999354460093915,56.76004132231409,-2453.2480213736635,B_C,,,,,,,,,,,
P09758_and_A0A075B6J6,0.5307881621017285,0.5001565493532304,0.20642839824327033,17.38397548161124,67.64047619047619,-5344.595876153374,B_C,,,,,,,,,,,
P09758_and_O14523,0.476036386964817,0.5001434993037508,0.22095851304703176,19.516552197802188,61.0590291262136,-3249.298616980319,B_C,,,,,,,,,,,
P09758_and_P22466,0.5314337957276547,0.4998159970165608,0.11160051798329879,13.969004524886882,37.6043442622951,-1406.4290031177825,B_C,,,,,,,,,,,
P09758_and_Q68D91,0.5376477134645541,0.4993948177383348,0.10983557303894105,13.253937007874033,70.72734177215196,-2525.762812478489,B_C,,,,,,,,,,,
P09758_and_Q9H0H5,0.4782936944397259,0.4992750188314711,0.10832793000490747,21.898368794326238,38.99819148936169,-2099.621504028677,B_C,,,,,,,,,,,
P09758_and_P07093,0.5400785917693911,0.4986700420217016,0.17803619635385565,13.966297117516628,68.27929577464789,-1514.0879615181966,B_C,,,,,,,,,,,
P09758_and_P01714,0.5339297176228954,0.4985065222937958,0.19317956534015224,15.239278350515479,65.30797101449275,-4234.988114727496,B_C,,,,,,,,,,,
P09758_and_P04439,0.49359677615069175,0.49794167111450005,0.3625767018999219,17.42598684210522,65.111875,-3806.7907661279187,B_C,,,,,,,,,,,
P09758_and_O75462,0.5181258517517517,0.4978940907905339,0.1177852174280193,13.5326030927835,64.61663793103448,-2345.7692068755837,B_C,,,,,,,,,,,
P09758_and_Q6UXV0,0.5038486882004014,0.49737684120251136,0.13042838824129782,15.39726027397259,65.91155279503106,-2232.392807337719,B_C,,,,,,,,,,,
P09758_and_P0DSN7,0.5484720136851964,0.49697192996058803,0.21415550236880354,11.301433389544677,60.9753488372093,-1229.4077108365652,B_C,,,,,,,,,,,
P09758_and_A0A075B6S9,0.5484720136851964,0.49697192996058803,0.21415550236880354,11.301433389544677,60.9753488372093,-1229.4077108365652,B_C,,,,,,,,,,,
P09758_and_Q969D9,0.5375230614879474,0.4965750048517913,0.17877973317434964,12.529276315789467,64.47678321678322,-864.1957115066407,B_C,,,,,,,,,,,
P09758_and_P30414,0.45921066125296955,0.4954065961503416,0.21152375659700257,14.600847457627122,66.23641025641028,-2180.6894996689807,B_C,,,,,,,,,,,
P09758_and_Q16553,0.5406717822996314,0.495037233437008,0.12507441712787562,9.101893939393934,65.83195652173913,-3053.6136869049237,B_C,,,,,,,,,,,
P09758_and_Q9Y5X5,0.5082647980949312,0.4948736688583546,0.23644100662325723,13.515142428785596,70.11702564102568,-1418.3840705411258,B_C,,,,,,,,,,,
P09758_and_Q13224,0.4785948966994236,0.4945853525993858,0.2246172282220111,19.28897058823533,62.60059907834105,-3109.4009691228857,B_C,,,,,,,,,,,
P09758_and_O75173,0.5060801112042732,0.4941477169113523,0.32348091640076176,13.375883392226125,66.9881871345029,-1405.295700652905,B_C,,,,,,,,,,,
P09758_and_Q9H1D0,0.5094471665439183,0.49337014734197676,0.13382941526887834,15.15421686746989,41.915683060109295,-1754.3868981110481,B_C,,,,,,,,,,,
P09758_and_Q9NTU4,0.5095200931848438,0.49327275040823665,0.0810421870469261,16.387080867850088,43.726928571428566,-1298.0290788722668,B_C,,,,,,,,,,,
P09758_and_P31995,0.5065066806667498,0.4930558858781281,0.15166403130406073,14.139974619289367,62.31104166666665,-7524.037132381042,B_C,,,,,,,,,,,
P09758_and_Q8NB37,0.5311760211545425,0.49292615710803067,0.1194127568997994,13.19955621301776,73.29024793388429,-977.1402145374408,B_C,,,,,,,,,,,
P09758_and_Q2MKA7,0.508544375630684,0.4925173476980985,0.12724811744969947,13.076829268292682,69.82456521739132,-1995.7630995282534,B_C,,,,,,,,,,,
P09758_and_P51888,0.52901002429466,0.49215355723794196,0.12996992866105606,16.399085365853647,55.14039772727271,-11882.144958827472,B_C,,,,,,,,,,,
P09758_and_P33241,0.4869352028679327,0.4921237197055536,0.15891013165296264,13.464615384615394,41.6445394736842,-1748.1005109310427,B_C,,,,,,,,,,,
P09758_and_Q4G0G5,0.5402170034671689,0.49199376517665405,0.06972392317433344,14.902272727272738,51.55420689655172,-1404.1903201452333,B_C,,,,,,,,,,,
P09758_and_O43374,0.5404509021444184,0.4914009699459894,0.19902643500209222,14.435373443983416,62.565092024539844,-8373.178217697436,B_C,,,,,,,,,,,
P09758_and_Q6ZMJ4,0.513031885937201,0.4908908043962229,0.15297242965802568,11.713898305084754,69.92058823529409,-1522.7175835325033,B_C,,,,,,,,,,,
P09758_and_A6NL08,0.5325782356907751,0.49067868620822447,0.09573636478792386,13.744178794178785,63.99938356164383,-4241.373730452974,B_C,,,,,,,,,,,
P09758_and_P0C854,0.5075942571617617,0.4905955365270596,0.07297390811467046,14.360751748251742,50.119019607843136,-1937.5260915614708,B_C,,,,,,,,,,,
P09758_and_Q9UHB6,0.4581998641606119,0.49045456877824645,0.12155537810531342,21.244318181818198,60.56450867052021,-7969.621839423009,B_C,,,,,,,,,,,
P09758_and_Q9HBG7,0.4692647241982919,0.4903017863313375,0.21494481917125674,21.609152016545984,61.26290322580647,-1791.04544583377,B_C,,,,,,,,,,,
P09758_and_P06276,0.5429161064046268,0.490242314294882,0.1685294943205861,16.140587349397563,64.95433789954338,-1846.3585006676053,B_C,,,,,,,,,,,
P09758_and_P37023,0.5001466629152782,0.4901306945032097,0.16376412223833758,12.066597510373443,65.85307189542483,-1334.8861897076513,B_C,,,,,,,,,,,
P09758_and_P34820,0.5165290891842836,0.4896701701345501,0.2573734709764382,15.571354933726079,66.07714285714283,-10191.455714546131,B_C,,,,,,,,,,,
P09758_and_Q0VD83,0.4510619788603606,0.48913990427840515,0.06028851319901349,19.90451745379881,45.81349315068491,-7154.6074091679475,B_C,,,,,,,,,,,
P09758_and_Q86Y30,0.5354690169349663,0.4889106789947456,0.08568266598123427,14.324487334137501,48.613695652173924,-4263.2942031078055,B_C,,,,,,,,,,,
P09758_and_Q96T49,0.48714429997013153,0.488896516462482,0.21204207772928887,22.060758620689644,52.5916666666667,-5671.9105717607345,B_C,,,,,,,,,,,
P09758_and_Q2L4Q9,0.5210142049317076,0.487401125354343,0.15601848023833126,17.817042889390518,57.34865030674847,-6160.811677755694,B_C,,,,,,,,,,,
P09758_and_A0A075B6R9,0.5387212832257908,0.4867534863046489,0.12986176844607336,12.740636363636343,59.5154938271605,-1480.0937025897638,B_C,,,,,,,,,,,
P09758_and_Q14982,0.5084826938314383,0.4864703364954802,0.2967744966541258,15.618344709897608,69.21426315789473,-3395.820306918179,B_C,,,,,,,,,,,
P09758_and_Q13641,0.5082880151765415,0.48575035090131735,0.14968892222919672,14.046590909090911,68.26259999999999,-9864.085125178402,B_C,,,,,,,,,,,
P09758_and_Q8TEH3,0.4824129212393456,0.48540950582598524,0.32034663975105504,20.19972652689146,70.05564102564098,-1659.6458611464623,B_C,,,,,,,,,,,
P09758_and_Q12929,0.4659618945659282,0.4839242954933861,0.346634873264027,18.02510040160642,70.44881443298966,-2541.1464902620064,B_C,,,,,,,,,,,
P09758_and_P08138,0.4763525544352671,0.4828457168799715,0.17010058707041703,16.478822314049587,68.96788079470203,-3725.95572781782,B_C,,,,,,,,,,,
P09758_and_P11801,0.4892607119161045,0.4827190484777124,0.35377754271308715,21.2243312757201,64.1542322097378,-1870.2785383479286,B_C,,,,,,,,,,,
P09758_and_A0A075B6S6,0.5343922972881306,0.48257457156679895,0.16221791083333922,14.153484602917326,65.5785714285714,-1968.4767353408743,B_C,,,,,,,,,,,
P09758_and_Q8NHC4,0.5265366156927724,0.4821485455644488,0.1110022607941279,16.568609406952962,62.19350993377482,-10467.334650900933,B_C,,,,,,,,,,,
P09758_and_O95007,0.522385600796958,0.48169366496685656,0.12298191948000307,15.522862129144853,62.48947674418607,-14367.424318886307,B_C,,,,,,,,,,,
P09758_and_P00533,0.46329243060461545,0.48159353138679506,0.22115075037093893,20.969428007889565,62.4088622754491,-6693.242387463535,B_C,,,,,,,,,,,
P09758_and_P16070,0.45465363078077853,0.4813250358953704,0.2100592918668908,19.660691318327974,65.96342696629216,-5178.67735515449,B_C,,,,,,,,,,,
P09758_and_P19957,0.5213587175908567,0.4809572426708736,0.156859156130849,10.394270833333337,61.101176470588214,-498.3443297779718,B_C,,,,,,,,,,,
P09758_and_Q9BTY2,0.5160433164120397,0.48054371235513305,0.16774310886082583,18.643005952380914,57.44448529411763,-3765.705597430009,B_C,,,,,,,,,,,
P09758_and_O95084,0.5179797126375631,0.47991807474471937,0.14286237521808928,13.68251173708919,68.09687022900765,-2281.954481262002,B_C,,,,,,,,,,,
P09758_and_Q9Y345,0.5012029936084573,0.4795579417986118,0.1695945792059052,16.494788918205817,57.81923913043476,-1751.031649708828,B_C,,,,,,,,,,,
P09758_and_Q9NPG1,0.4809971906180951,0.47937708820776925,0.210259487228319,20.13434225844003,55.83148648648652,-2756.7254469251493,B_C,,,,,,,,,,,
P09758_and_Q13275,0.525481272475746,0.4791359392913152,0.15069993163026132,15.921584158415849,62.80717647058825,-1897.2298209109495,B_C,,,,,,,,,,,
P09758_and_Q9Y337,0.48533604958079496,0.4786208080085269,0.17880935017226943,14.413457076566125,55.233134328358204,-9496.087198791016,B_C,,,,,,,,,,,
P09758_and_A0A0A0MT89,0.5528055571355381,0.47856961399172404,0.14842452530632044,11.14727891156463,17.974235294117648,-794.9088980852118,B_C,,,,,,,,,,,
P09758_and_Q14512,0.4920592132296101,0.47842899383550036,0.11284033498903603,14.11346153846154,65.80527559055119,-2186.21072281544,B_C,,,,,,,,,,,
P09758_and_A0A0A0MS05,0.5322177141176972,0.47813037308150386,0.13469771788095466,12.949056603773585,65.00300699300699,-2526.2552218740348,B_C,,,,,,,,,,,
P09758_and_Q9H0M0,0.4795026565573779,0.47736268037988094,0.07102915916471718,17.38617647058823,53.43865671641789,-11848.202152711528,B_C,,,,,,,,,,,
P09758_and_Q96MF2,0.47548255106324455,0.4773603308633239,0.23797859758419074,19.853164556962003,67.14400809716598,-1082.8046444955835,B_C,,,,,,,,,,,
P09758_and_Q9GZV9,0.5002308117238298,0.47671532737151756,0.26793683432395965,14.245707070707072,72.84576923076924,-2581.6675988079414,B_C,,,,,,,,,,,
P09758_and_P0DPF4,0.5297676128610357,0.4759987324043516,0.12652753244431683,11.858000000000002,59.92999999999999,-1168.9570988289972,B_C,,,,,,,,,,,
P09758_and_P50607,0.46443677309940024,0.47481476345378043,0.3336054631203707,21.00990196078431,65.145,-2717.497461219753,B_C,,,,,,,,,,,
P09758_and_O60894,0.5156098543880405,0.47422542835686426,0.06700779804621512,12.280128205128205,61.51805555555555,-2287.66484983235,B_C,,,,,,,,,,,
P09758_and_Q9HBX8,0.502551840479061,0.47383124054932413,0.2667389054385863,17.14274475524473,55.73763005780349,-9333.503995399047,B_C,,,,,,,,,,,
P09758_and_Q9UJQ1,0.5065013042548872,0.47331378913468675,0.10607376111016589,12.109237536656886,64.29627118644066,-8327.912512630099,B_C,,,,,,,,,,,
P09758_and_Q9HCH5,0.4506851705896645,0.4733113334473562,0.3526090719944333,16.073299565846604,70.64620689655173,-2155.987584935654,B_C,,,,,,,,,,,
P09758_and_O95665,0.49094518508230617,0.4731355602124291,0.13674899465516321,15.771858864027505,60.31643243243248,-6246.611369383351,B_C,,,,,,,,,,,
P09758_and_Q9NRM1,0.43890216448528174,0.4719637168320959,0.10933084827268298,18.510625000000008,36.991034482758614,-4229.402463501756,B_C,,,,,,,,,,,
P09758_and_A0A075B6S2,0.5092887798330522,0.4710798022876014,0.1765904983498505,16.10294811320753,69.8571942446043,-2960.5478073592203,B_C,,,,,,,,,,,
P09758_and_Q7Z2K8,0.4408186801221438,0.47066128107834154,0.12058446688062019,14.105105348460304,36.747516339869286,-2930.8924131654203,B_C,,,,,,,,,,,
P09758_and_Q9BXJ1,0.4916929693256626,0.47054663737239744,0.11944384323213794,13.169971671388094,67.52886178861786,-15383.89309329899,B_C,,,,,,,,,,,
P09758_and_A0A0A0MTA4,0.5445707529061679,0.4703281021956286,0.14348911257319735,12.254092526690386,22.359518072289152,-1190.7985773499065,B_C,,,,,,,,,,,
P09758_and_A0A0A0MRZ9,0.5082764218793677,0.4693063867891333,0.16053525944611177,15.948330683624802,64.90485549132947,-1093.4259470230745,B_C,,,,,,,,,,,
P09758_and_O94827,0.466627771938535,0.46930259482304504,0.2727179732420487,17.118196037539132,65.00549356223182,-3053.865398893322,B_C,,,,,,,,,,,
P09758_and_A0A087WSY6,0.5233391668452918,0.4687033971930921,0.1918876230133676,11.574806201550405,64.94655844155844,-1890.7604896746038,B_C,,,,,,,,,,,
P09758_and_Q8NGF9,0.5087145484794097,0.46848521620068845,0.0908788347174003,13.34325301204819,65.03341085271322,-1278.3117154771141,B_C,,,,,,,,,,,
P09758_and_O43687,0.5133751391274786,0.46837305161535253,0.0971175252064862,13.995454545454544,41.17951048951051,-568.2920748726428,B_C,,,,,,,,,,,
P09758_and_O43526,0.43583777845205085,0.46755479274294964,0.17729578134844426,24.436251621271037,39.28611570247933,-1908.9197605878653,B_C,,,,,,,,,,,
P09758_and_P0DPI4,0.5454496623547194,0.46752822282257345,0.06730123411270635,12.387500000000006,9.021272727272727,-736.2471088643032,B_C,,,,,,,,,,,
P09758_and_Q68DX3,0.4426516589895512,0.46743870945264654,0.23819592012124294,22.55159924741297,62.91450757575755,-5523.056916439469,B_C,,,,,,,,,,,
P09758_and_Q13564,0.5137843168139009,0.46724214814146925,0.13001077254583818,11.513028169014083,36.035423728813555,-10928.060917399776,B_C,,,,,,,,,,,
P09758_and_Q9HDC5,0.46031588516640853,0.4665995504398782,0.5728546257030326,23.49935018050539,71.43851694915253,-1648.9278179525354,B_C,,,,,,,,,,,
P09758_and_P00746,0.4804439906025052,0.46619763382498575,0.29149255151062076,22.39901960784314,52.477566137566136,-2580.12598566464,B_C,,,,,,,,,,,
P09758_and_P47710,0.4933078270284863,0.46573207633674696,0.033408841208253645,13.156125827814567,49.081478260869574,-3212.9527861714123,B_C,,,,,,,,,,,
P09758_and_P01597,0.5102931281477203,0.4652943625075372,0.30108545987462826,15.476140065146607,70.19942528735628,-7299.791360527699,B_C,,,,,,,,,,,
P09758_and_P04432,0.5102931281477203,0.4652943625075372,0.30108545987462826,15.476140065146607,70.19942528735628,-7299.791360527699,B_C,,,,,,,,,,,
P09758_and_P01703,0.5031725480354535,0.4644469415091249,0.22687284850602618,17.49367088607596,69.72629629629627,-2985.2630445440154,B_C,,,,,,,,,,,
P09758_and_Q00889,0.4776521087599388,0.46408428460170653,0.12372580757032713,18.972162740899382,65.66682432432431,-8729.878643086073,B_C,,,,,,,,,,,
P09758_and_C9J798,0.5163480426117305,0.4635338694150966,0.22144788302060706,13.785320088300228,66.69649999999999,-2089.252854876825,B_C,,,,,,,,,,,
P09758_and_Q8NH61,0.5016540655582022,0.46303443290348867,0.10364498267500592,17.021848013816925,58.91656976744186,-12080.009931373646,B_C,,,,,,,,,,,
P09758_and_P05362,0.472011677168213,0.4629222074517161,0.08169334949076103,15.035758513931881,64.95327433628319,-3836.7816101606304,B_C,,,,,,,,,,,
P09758_and_Q8IVV8,0.49070028037852276,0.46138958252548,0.08912807491496783,15.43215613382901,45.503040540540546,-6945.965343749163,B_C,,,,,,,,,,,
P09758_and_P48764,0.4649009684454956,0.4595803764853975,0.11011279129787833,21.49073139974776,54.91183486238533,-3819.093486781803,B_C,,,,,,,,,,,
P09758_and_Q14CZ8,0.4675957303508291,0.45949478043012787,0.07255300806092091,17.106354166666677,59.189746835443046,-12935.558964645223,B_C,,,,,,,,,,,
P09758_and_P54826,0.46758567685883223,0.4594336663217601,0.23594097642856088,17.406684141546545,56.140638297872364,-2082.0646022971814,B_C,,,,,,,,,,,
P09758_and_Q9H4E7,0.47126866261829664,0.4593034158125379,0.23575580886027145,11.267351598173509,74.7577049180328,-2095.2502581254885,B_C,,,,,,,,,,,
P09758_and_O75200,0.4540837689332411,0.4587778703034476,0.08952550789649934,17.47770270270271,47.06999999999999,-1298.0688181389269,B_C,,,,,,,,,,,
P09758_and_Q13474,0.44728441403369673,0.4582949203644815,0.06264219121671395,20.088153310104538,60.47413793103447,-11430.875853725509,B_C,,,,,,,,,,,
P09758_and_P10912,0.43665669799189927,0.45798928577168385,0.19871955193803253,22.50782608695652,59.37511111111107,-2344.2870638251115,B_C,,,,,,,,,,,
P09758_and_A0JD37,0.49785526116011625,0.45765858535124015,0.16076702660039172,16.67610722610722,61.023636363636356,-2501.1016084448693,B_C,,,,,,,,,,,
P09758_and_A0A0C4DH69,0.5137057226726887,0.4574978917318759,0.1804308247533641,11.631508264462823,58.73417218543047,-1986.1897493232782,B_C,,,,,,,,,,,
P09758_and_Q8N4F0,0.5072525442393404,0.45735535786836096,0.2925539216514753,16.80414593698176,51.84427777777776,-7786.677776795528,B_C,,,,,,,,,,,
P09758_and_A0A075B6K2,0.49985974022330826,0.45729820157433493,0.14315103227521753,16.40666666666668,65.05445121951217,-2460.859931305309,B_C,,,,,,,,,,,
P09758_and_P01700,0.4950860420014574,0.45611200904411997,0.15203786342810835,17.225049115913567,63.72877419354835,-2820.6883904907813,B_C,,,,,,,,,,,
P09758_and_Q13753,0.4387826701452401,0.45597359055557085,0.12682699607753564,19.904990215264185,58.02867088607595,-3184.019983297185,B_C,,,,,,,,,,,
P09758_and_P56559,0.5023092710615191,0.4556777702872796,0.19061547327974965,12.682242063492067,69.17485915492959,-7692.277241633183,B_C,,,,,,,,,,,
P09758_and_Q86YT9,0.4733829089844982,0.4549420228224784,0.10580903806159357,16.141940298507468,54.9116384180791,-4936.915472831108,B_C,,,,,,,,,,,
P09758_and_Q07507,0.4934805244616328,0.4547876804402997,0.1261817298174592,15.598747390396671,66.51306569343065,-19339.56320019821,B_C,,,,,,,,,,,
P09758_and_Q86YJ6,0.5178178620441516,0.4547580615584178,0.24811657320499025,13.531746031746021,54.37156069364161,-15522.480017943159,B_C,,,,,,,,,,,
P09758_and_Q14542,0.4760225675352741,0.45457162580031907,0.18225292316869257,21.720877659574455,57.76900452488687,-3184.0007223183875,B_C,,,,,,,,,,,
P09758_and_Q13546,0.4461980100637391,0.4541529798396667,0.13484099317219664,18.81632492113566,55.990158730158726,-3297.7554229718044,B_C,,,,,,,,,,,
P09758_and_A0A075B6S5,0.5110071656567321,0.4541186396376758,0.20808290388593126,11.187977528089906,60.366575342465744,-1534.0284045555202,B_C,,,,,,,,,,,
P09758_and_Q9HBJ0,0.48516921405412355,0.45406220725318613,0.1537972102829902,12.727114427860686,72.14453846153847,-1640.9664072044582,B_C,,,,,,,,,,,
P09758_and_Q7Z5R6,0.4537148050128621,0.4537939788410418,0.09945556865707084,16.357564575645757,71.25367521367524,-20094.181601504795,B_C,,,,,,,,,,,
P09758_and_O95210,0.454775234250296,0.453762793955272,0.12454758358175899,17.405277777777773,56.222532467532446,-5294.030790195837,B_C,,,,,,,,,,,
P09758_and_O95859,0.4788891089252134,0.45352048821600977,0.1063041482217834,13.727072538860114,61.91543307086614,-5493.181439687688,B_C,,,,,,,,,,,
P09758_and_Q6ZMP0,0.4280221658730974,0.4532823305874947,0.1533939360091002,19.506490649064933,51.549639639639665,-18009.796095687692,B_C,,,,,,,,,,,
P09758_and_Q8WVF1,0.4943660542086542,0.45323379840676814,0.08095238313914054,18.127835051546377,59.761571428571436,-13309.380341331194,B_C,,,,,,,,,,,
P09758_and_Q8N6C8,0.48713076319530335,0.4529807180464273,0.24984169108414706,15.006329113924044,62.30781914893616,-1581.2581802837421,B_C,,,,,,,,,,,
P09758_and_Q86SP6,0.43511548428730346,0.45290731035990456,0.08305271644466092,21.495049916805304,44.28181467181466,-1730.0457703331922,B_C,,,,,,,,,,,
P09758_and_H3BQJ8,0.4956808872400428,0.4496332331709717,0.1949997275949906,12.250359712230223,72.80223076923077,-2388.7220034116212,B_C,,,,,,,,,,,
P09758_and_Q8TAA1,0.4789079893824706,0.4489092094822962,0.0923463773192974,14.323883374689828,48.74362068965519,-3233.716777474903,B_C,,,,,,,,,,,
P09758_and_P14138,0.466214933970848,0.4484645401457529,0.11033679168569799,13.084673913043481,40.28943548387096,-1491.8589867337178,B_C,,,,,,,,,,,
P09758_and_Q8IZM9,0.48989749074867683,0.44834565802081455,0.10384417764816006,16.175669642857155,53.066412213740456,-4053.5568457792983,B_C,,,,,,,,,,,
P09758_and_P18564,0.46286988095970155,0.44715684746661954,0.13686277383248596,16.626186291739884,52.58177664974617,-6825.525833586014,B_C,,,,,,,,,,,
P09758_and_P61769,0.5009763420141027,0.4469496158161986,0.1188897485825279,13.037671232876733,60.38291666666666,-4456.4519369539685,B_C,,,,,,,,,,,
P09758_and_Q15642,0.43192441895654227,0.44677554117216295,0.47309926867021534,25.60853816300131,67.70556756756753,-2818.2972043532573,B_C,,,,,,,,,,,
P09758_and_Q4G0N8,0.4807778435458524,0.4464887081795862,0.10164362784485069,18.918695652173916,51.75858895705524,-10867.19780794534,B_C,,,,,,,,,,,
P09758_and_Q9BR39,0.4513537881006643,0.4463713530030729,0.3070832845449002,15.826566579634452,69.56821989528792,-2302.263467014669,B_C,,,,,,,,,,,
P09758_and_Q9NYP8,0.48503926350209914,0.44592575073655494,0.24228736107815912,13.845475113122165,62.367100591715904,-3890.0343289645643,B_C,,,,,,,,,,,
P09758_and_Q8IXJ6,0.4708249145664781,0.4457746525886756,0.12065412597947771,17.581311881188128,56.75809210526315,-3047.3171069667883,B_C,,,,,,,,,,,
P09758_and_Q5VV43,0.41525604690118206,0.4456966147848734,0.059369313462548895,18.036085626911316,19.527500000000003,-1339.370368140233,B_C,,,,,,,,,,,
P09758_and_Q6UWQ7,0.4935933800395342,0.4456685133579347,0.10997055051062572,13.780969479353685,44.13198757763978,-1100.4220771738555,B_C,,,,,,,,,,,
P09758_and_Q8NH85,0.49191264565153925,0.4456564783269434,0.11962566550472505,15.421376811594216,62.979806451612895,-4726.161995985956,B_C,,,,,,,,,,,
P09758_and_Q9Y2I9,0.4377080852063359,0.44551186345884286,0.26816432564826265,24.00152877697841,63.2241221374046,-2778.962687884701,B_C,,,,,,,,,,,
P09758_and_P02774,0.5009152523588225,0.44493269930572105,0.2608962894484267,16.003158844765323,58.57817679558012,-2597.645850086547,B_C,,,,,,,,,,,
P09758_and_A0A0J9YWX3,0.5228145857027359,0.44353609812816097,0.14022854179283584,12.726050420168052,20.75760869565217,-1288.1785947631834,B_C,,,,,,,,,,,
P09758_and_Q9UPR5,0.4526357930273214,0.4428419545114288,0.10069116312152407,21.940703851261627,52.82125000000001,-3147.604470394548,B_C,,,,,,,,,,,
P09758_and_A6NHN6,0.4369512636432443,0.4424538597766835,0.07351356978352125,15.138163265306124,39.61768115942029,-1539.0428549462085,B_C,,,,,,,,,,,
P09758_and_P55042,0.46660717663140105,0.44209726856019904,0.27821006548893834,13.439112903225805,75.12144927536237,-13781.808831111084,B_C,,,,,,,,,,,
P09758_and_P02671,0.4178638460135085,0.44193888838393425,0.1505241396142877,20.6091388400703,62.285632911392426,-14551.280093111187,B_C,,,,,,,,,,,
P09758_and_Q8NAC3,0.4343649995586474,0.44189709152806717,0.10004478761739093,13.059039548022595,41.65224637681162,-9678.457005591248,B_C,,,,,,,,,,,
P09758_and_Q8N9M5,0.48227515139383975,0.4418923592076818,0.11273850548181154,14.531012658227853,59.43375838926179,-5875.464665049476,B_C,,,,,,,,,,,
P09758_and_O14490,0.4195080715984913,0.4417283265643279,0.1971584315991223,20.66818181818184,56.257709923664166,-5256.547910582769,B_C,,,,,,,,,,,
P09758_and_P31994,0.4635505136193926,0.4415555989732471,0.11918911579383182,14.26826923076923,68.85772727272725,-5470.178753798561,B_C,,,,,,,,,,,
P09758_and_P02763,0.48555661280684836,0.44139142736301695,0.2242220337887357,11.150443458980053,56.42123376623376,-2134.202247641695,B_C,,,,,,,,,,,
P09758_and_Q8IX03,0.4430821913584977,0.44119512888836754,0.2878617698891571,24.26735817104151,48.686072727272766,-3279.9164931146006,B_C,,,,,,,,,,,
P09758_and_Q7L591,0.4390842000629753,0.4410125569172469,0.09624244525021042,20.403291316526598,48.031862745098046,-19547.584805033854,B_C,,,,,,,,,,,
P09758_and_Q8N729,0.47255856291989734,0.4409374759144415,0.12166186505967089,12.768639053254427,26.462924528301894,-2050.0860568063363,B_C,,,,,,,,,,,
P09758_and_O43900,0.44037509877715714,0.4407354144261866,0.27690106712274526,22.37029548989113,61.5276646706587,-3434.1159304704415,B_C,,,,,,,,,,,
P09758_and_O95969,0.5032348451708858,0.4404141751766939,0.13945282487174718,12.994941176470576,60.22960629921262,-2389.044862012257,B_C,,,,,,,,,,,
P09758_and_P52799,0.4606155864397431,0.440093022663306,0.08962383667123926,15.291071428571428,58.25191082802544,-2142.2459400846637,B_C,,,,,,,,,,,
P09758_and_Q86UX2,0.47576230211507115,0.4397832626720149,0.07998602305210087,16.56414473684209,65.49394736842106,-2574.6734801850216,B_C,,,,,,,,,,,
P09758_and_O60266,0.4723359952148133,0.43919393400422874,0.09358139522860018,18.377690582959627,64.63831250000001,-1979.1111367123121,B_C,,,,,,,,,,,
P09758_and_O95886,0.4170458947145082,0.4390687175639061,0.16916948518941347,20.269293015332188,56.238640000000004,-6961.7260893571365,B_C,,,,,,,,,,,
P09758_and_P10636,0.42142310623739676,0.4390146858332487,0.07297781418220396,17.609861809045203,43.590601092896144,-1239.8980316694506,B_C,,,,,,,,,,,
P09758_and_Q9Y5I3,0.42617671820998115,0.43786625676494884,0.06728705336971924,21.55701754385964,49.70106382978725,-2099.7039343964643,B_C,,,,,,,,,,,
P09758_and_Q9NQW8,0.42694677568841277,0.4376379092678371,0.09527529830246097,16.86019417475728,66.3387919463087,-5674.468587242878,B_C,,,,,,,,,,,
P09758_and_P23142,0.4257811560994343,0.43752465401363844,0.08930262785830481,16.473459715639812,57.56171641791046,-8668.083155340348,B_C,,,,,,,,,,,
P09758_and_Q9BXB1,0.47576928830274245,0.4372730138385098,0.23059366158211514,18.020849802371533,53.55580838323354,-16180.61641150546,B_C,,,,,,,,,,,
P09758_and_O75044,0.4272540826570439,0.4371749134257566,0.07001034873766528,21.037575757575773,64.20051612903225,-3863.0555821382295,B_C,,,,,,,,,,,
P09758_and_Q86Y29,0.48987945921312037,0.4370165660560805,0.07523448700502178,16.153087885985762,46.693988764044924,-2195.962233063641,B_C,,,,,,,,,,,
P09758_and_Q9Y5I4,0.4275555263142264,0.4369567179455609,0.17180642174890848,21.266611018363946,67.18401162790693,-3773.254217570244,B_C,,,,,,,,,,,
P09758_and_P01699,0.4811598383259339,0.43664519115734457,0.1852069804003782,17.228596802841892,64.53424050632914,-5577.5968794795735,B_C,,,,,,,,,,,
P09758_and_Q641Q2,0.4064407484946033,0.4363834395107692,0.06659322616352967,17.345330739299605,45.87529411764707,-8067.253099392838,B_C,,,,,,,,,,,
P09758_and_P55773,0.4838186054583533,0.4362191494017874,0.12262794400319363,14.471908893709324,41.60985401459852,-9617.766858902338,B_C,,,,,,,,,,,
P09758_and_P10997,0.49266381600524056,0.4360065281575846,0.08990241577213476,14.270725806451617,35.12412698412699,-851.2584408663242,B_C,,,,,,,,,,,
P09758_and_A0A0J9YX06,0.5163662812481619,0.43534277648513153,0.12559916092761403,12.7870523415978,20.168764044943817,-1048.6199360016667,B_C,,,,,,,,,,,
P09758_and_A0A087X1G2,0.4339721606575924,0.4342850325153573,0.22013874473371975,23.165103092783525,59.302468619246845,-1776.3662068820377,B_C,,,,,,,,,,,
P09758_and_Q8IUH5,0.47797842065617546,0.4341688810282076,0.12694417707631747,18.249790356394126,54.9937837837838,-2679.1080843155983,B_C,,,,,,,,,,,
P09758_and_P57679,0.45429687903128546,0.4338735275756947,0.18831501574994844,20.031799163179915,59.664191919191914,-2590.44507016267,B_C,,,,,,,,,,,
P09758_and_P15692,0.43615765147101715,0.43315473455511,0.09163013591690117,19.200231124807413,58.81524691358025,-1349.734301905588,B_C,,,,,,,,,,,
P09758_and_Q9NZB2,0.46203146916747667,0.43312184805286846,0.192341803953701,15.454291044776143,61.12721212121213,-14624.537195070588,B_C,,,,,,,,,,,
P09758_and_A0A0B4J200,0.514073658240815,0.43292250643434993,0.10552102011495765,12.91997126436782,19.8323595505618,-622.3258327471813,B_C,,,,,,,,,,,
P09758_and_P00918,0.4648964865595587,0.4326595648956784,0.17598869152421287,16.703426124197023,57.48140127388536,-4818.211562553545,B_C,,,,,,,,,,,
P09758_and_O94856,0.43237693749236583,0.4325109181691169,0.11804453220966597,18.657170172084108,62.847278481012665,-6898.951668987109,B_C,,,,,,,,,,,
P09758_and_Q96I82,0.45656075809358787,0.43109953281563934,0.1664386445348314,12.74430641821947,68.98319727891158,-1894.439985694222,B_C,,,,,,,,,,,
P09758_and_A0A0A0MT78,0.5122494489088414,0.43035688967624547,0.09404178326708235,12.787654320987663,20.422808988764046,-1166.4519327098717,B_C,,,,,,,,,,,
P09758_and_P02686,0.44376007657786787,0.43003685283993803,0.09938288891422005,14.795508100147266,40.28456953642385,-695.8697021277767,B_C,,,,,,,,,,,
P09758_and_P04004,0.4611371800792176,0.42998911114177873,0.1596453240804993,16.038595166163148,62.518350515463936,-3513.512222514046,B_C,,,,,,,,,,,
P09758_and_Q9NR61,0.4107577102927875,0.42964301731267224,0.10146331220016855,19.80425709515859,52.5074025974026,-2122.6491929531185,B_C,,,,,,,,,,,
P09758_and_A0A0C4DH72,0.47992734913717455,0.4286462201919744,0.2367705219211928,17.05633445945946,68.83100558659216,-1711.6082721399628,B_C,,,,,,,,,,,
P09758_and_P30990,0.46350840759394557,0.42810632899600065,0.10355750705359065,17.55170886075948,43.82798850574711,-372.52596151114267,B_C,,,,,,,,,,,
P09758_and_Q9BWS9,0.46791643292232465,0.42806398626702175,0.2769962024049416,19.544300518134744,64.76668421052631,-3845.1902279032856,B_C,,,,,,,,,,,
P09758_and_P08581,0.4506708593685155,0.42780016072532506,0.32478534695644024,23.891228070175384,60.23937728937734,-5445.283115427374,B_C,,,,,,,,,,,
P09758_and_Q6UWY2,0.46671863853386153,0.4275865932189666,0.13960711085921856,14.302008456659605,58.27628205128205,-3158.470378260625,B_C,,,,,,,,,,,
P09758_and_O00548,0.41031422950605434,0.42709277754790015,0.18527486101790466,19.997314375987354,53.39215686274509,-4676.17886820807,B_C,,,,,,,,,,,
P09758_and_P00734,0.47719835424021384,0.4270369874201366,0.23086053056341935,14.807650273224056,59.209682539682596,-2139.0630979367097,B_C,,,,,,,,,,,
P09758_and_Q16099,0.4333522875552305,0.42658342809889366,0.15494272346221727,19.40472103004292,64.81527027027028,-2312.952300051227,B_C,,,,,,,,,,,
P09758_and_Q6UWB4,0.45912763749405633,0.42636637958751267,0.1523054656251911,14.1417731629393,58.08821839080464,-1080.5473220713757,B_C,,,,,,,,,,,
P09758_and_A0A0C5B5G6,0.5080581115906146,0.425832408214201,0.0774161542816137,12.767647058823535,23.272054794520542,-880.5484873486052,B_C,,,,,,,,,,,
P09758_and_A0A075B6I0,0.4748165412808638,0.4254323047099663,0.13924052582663402,16.62637096774194,64.08381818181819,-1470.1813210660584,B_C,,,,,,,,,,,
P09758_and_Q1EHB4,0.48238707614668846,0.4252725179241363,0.2673419971133424,16.618565683646082,66.16589371980676,-2595.0820521065457,B_C,,,,,,,,,,,
P09758_and_Q9UKP5,0.4367001579390954,0.4250870611827897,0.11797719415435104,18.954193548387057,46.737860696517394,-2865.6912343256045,B_C,,,,,,,,,,,
P09758_and_O43699,0.44384016449921543,0.42466847188260104,0.15004475919063823,14.302436194895593,65.11815384615383,-6335.6831090873475,B_C,,,,,,,,,,,
P09758_and_A8MXU0,0.49149563173783334,0.42441541489545254,0.04047621459061747,11.904906542056079,52.03416666666668,-869.8151737958779,B_C,,,,,,,,,,,
P09758_and_O60503,0.4509897374680927,0.4240842611628315,0.422288161947969,24.07093926553667,59.3636518771331,-4091.3807863185575,B_C,,,,,,,,,,,
P09758_and_Q9UBX7,0.4623431476920323,0.42403935615306365,0.19513600476407683,16.68680823680824,66.53178743961354,-5965.535935532851,B_C,,,,,,,,,,,
P09758_and_P01854,0.4320580685424906,0.42290430676529683,0.19426503966627492,17.495731056563496,54.0226033057851,-2385.766033501921,B_C,,,,,,,,,,,
P09758_and_Q96QE2,0.46374373687467496,0.4225702035641248,0.1177078662644331,19.77636010362694,59.25345971563984,-2727.383033137047,B_C,,,,,,,,,,,
P09758_and_A0A0A0MT87,0.5060701004226341,0.42251452870336853,0.10120832140241988,12.874728260869563,14.20073684210526,-1046.2363312758491,B_C,,,,,,,,,,,
P09758_and_Q9GZY6,0.44667786024319583,0.42227770392432173,0.1666438715576702,18.57288378766141,45.28786610878665,-507.4211411418437,B_C,,,,,,,,,,,
P09758_and_P55008,0.47902595395581404,0.4220603129913166,0.0903111468717913,12.03633333333334,56.805196078431365,-3274.398550210569,B_C,,,,,,,,,,,
P09758_and_P25103,0.4516392783958093,0.42187406367333213,0.2054912722237359,15.169844961240344,64.31725274725275,-9218.806145587718,B_C,,,,,,,,,,,
P09758_and_Q9UBT7,0.44011827714186436,0.42161624372228124,0.18373579851134322,19.160466867469886,58.519641025641036,-15407.758188847461,B_C,,,,,,,,,,,
P09758_and_A0A0A0MT70,0.5047054391970672,0.4215980046961854,0.12925752284066613,12.429525222551925,21.12494382022472,-1682.1681170446263,B_C,,,,,,,,,,,
P09758_and_O00533,0.4281190666729514,0.4209385886618635,0.1140646510472026,20.78544303797469,62.53029197080291,-4836.059764901647,B_C,,,,,,,,,,,
P09758_and_Q5H8A3,0.46701803957216026,0.4208101137942364,0.10880292178877912,15.01702127659577,45.33026490066226,-2644.333953719455,B_C,,,,,,,,,,,
P09758_and_P01138,0.45570820290854097,0.4204075950358826,0.2141512187048208,15.391618075801736,63.040549450549406,-7493.030408253821,B_C,,,,,,,,,,,
P09758_and_Q6UXX5,0.42964250542648863,0.4202720353270466,0.07721774276991568,20.624871355060034,48.88982352941176,-7875.123574725978,B_C,,,,,,,,,,,
P09758_and_A0A0B4J263,0.4813941282273615,0.41998583995729044,0.10348788095374317,15.93815533980582,54.112411347517714,-518.6279517650787,B_C,,,,,,,,,,,
P09758_and_Q86SU0,0.4096143465166198,0.4195833466777892,0.1147361899144834,20.895928571428595,40.70005917159763,-12432.30377691942,B_C,,,,,,,,,,,
P09758_and_Q13018,0.4466516768419666,0.41919097855438897,0.2886738996437698,24.969886363636377,65.9889958158996,-3670.449218804293,B_C,,,,,,,,,,,
P09758_and_O14493,0.456963968810375,0.4189293064128284,0.09343821762453054,17.819880546075083,54.948367346938774,-5321.735534750572,B_C,,,,,,,,,,,
P09758_and_Q53EL9,0.4194563646922888,0.4189256225814059,0.2781742548124215,19.061030478955026,62.075878787878814,-13147.12094593277,B_C,,,,,,,,,,,
P09758_and_A0A075B6P5,0.4787674384829038,0.41870224695888825,0.20607205732472503,14.656517311608967,68.2060256410256,-3180.958090687624,B_C,,,,,,,,,,,
P09758_and_P01615,0.4787674384829038,0.41870224695888825,0.20607205732472503,14.656517311608967,68.2060256410256,-3180.958090687624,B_C,,,,,,,,,,,
P09758_and_Q9ULS6,0.42583208815038315,0.41868326228466646,0.10427271602821803,18.44001883239171,61.833375796178345,-13806.51749939259,B_C,,,,,,,,,,,
P09758_and_P17813,0.42995350985729763,0.4185710312449584,0.11427874134040764,21.011897106109316,60.92352331606219,-8983.131465457813,B_C,,,,,,,,,,,
P09758_and_A0A0C4DH62,0.5019873897791065,0.41846682194328627,0.08358071998198532,12.805799373040749,21.43336956521739,-667.226509562976,B_C,,,,,,,,,,,
P09758_and_P02750,0.46793338018686803,0.41831344172113805,0.16156707371835166,18.742944785276084,57.8264077669903,-20166.996482339142,B_C,,,,,,,,,,,
P09758_and_A0A578,0.4806748802562675,0.4182055912414334,0.13974864222058708,15.17956043956044,65.56728571428573,-1845.8027005241183,B_C,,,,,,,,,,,
P09758_and_Q96P65,0.4528388358071621,0.41818565254726714,0.1833372771785259,13.063398058252414,60.50967213114755,-1944.325785939358,B_C,,,,,,,,,,,
P09758_and_A1E959,0.4357756270786413,0.4176884386520048,0.08233413223319902,14.33116776315792,34.370064935064924,-1178.590007286064,B_C,,,,,,,,,,,
P09758_and_Q99731,0.4776890785605323,0.41755978154557966,0.19077100964810087,11.920921985815623,55.0502205882353,-1264.4429845982522,B_C,,,,,,,,,,,
P09758_and_P25105,0.4564401768821228,0.41671890355167995,0.05778141551650624,15.240361445783122,50.34439024390245,-9853.156795146451,B_C,,,,,,,,,,,
P09758_and_P01584,0.43600521119119856,0.416370411657072,0.10832336388495196,19.712608069164272,49.99235897435898,-1321.9634660639058,B_C,,,,,,,,,,,
P09758_and_O95786,0.4491098387191533,0.4151840226016562,0.08940505041242432,18.322270114942526,64.5411290322581,-15400.843844813373,B_C,,,,,,,,,,,
P09758_and_Q8TDF6,0.45151236740135653,0.4151328107354987,0.049010760503490555,20.16735294117647,48.612028985507244,-9490.506645767493,B_C,,,,,,,,,,,
P09758_and_O75354,0.45304299663970626,0.4150320606198929,0.21051553193207037,16.639830508474567,61.54224719101123,-3481.083192852199,B_C,,,,,,,,,,,
P09758_and_O14492,0.4073432265189024,0.4144046285413144,0.22729033128419576,20.609126539753653,62.229649122807004,-3070.3914714389393,B_C,,,,,,,,,,,
P09758_and_P21754,0.4297630024720346,0.41416022408165165,0.1694773120220827,18.382956152758126,62.00211340206185,-1854.6156834940375,B_C,,,,,,,,,,,
P09758_and_P12838,0.47397677373069225,0.41362787048437055,0.1076566623239621,12.511475409836091,45.025109489051104,-1459.1454988639834,B_C,,,,,,,,,,,
P09758_and_Q8IVL8,0.45403443415859945,0.41358236831946366,0.2505307522105792,16.523242187500017,57.194371257485024,-4026.195722905899,B_C,,,,,,,,,,,
P09758_and_Q14005,0.39502631756720025,0.41345531347553427,0.38628894047986,21.7566640378549,56.87579136690647,-11833.499577722396,B_C,,,,,,,,,,,
P09758_and_Q9HBX9,0.4402399248491471,0.41316846894657455,0.08588684183884511,17.71627408993576,45.818064516129034,-6832.040965742332,B_C,,,,,,,,,,,
P09758_and_Q8N907,0.4476968613974064,0.4131585688674362,0.08909928835738755,19.851313485113824,53.936293706293725,-1554.8736421686408,B_C,,,,,,,,,,,
P09758_and_P21730,0.4582247215184704,0.41311612801703,0.2207786442736895,14.807910447761213,70.18933628318584,-1727.7925865304146,B_C,,,,,,,,,,,
P09758_and_Q92186,0.45510686244190524,0.41309525221122223,0.1341496041294665,16.200866336633645,70.29345070422534,-4871.263771979655,B_C,,,,,,,,,,,
P09758_and_O95267,0.4378235803588018,0.41292227748918986,0.07520523009249762,21.917540322580688,53.985393258426946,-12581.997697595827,B_C,,,,,,,,,,,
P09758_and_P55040,0.44485822669800057,0.4127185899718051,0.28025861589891365,13.26646942800789,74.32705035971225,-15009.185632875078,B_C,,,,,,,,,,,
P09758_and_P17693,0.432325397650641,0.4126922045905142,0.4178021058039436,20.23863354037264,60.079999999999984,-9645.461882506574,B_C,,,,,,,,,,,
P09758_and_Q8TCZ2,0.43041392187724675,0.4123979399956068,0.08398896433934676,14.65740740740741,29.248400000000004,-845.4981463352051,B_C,,,,,,,,,,,
P09758_and_Q495T6,0.4648228880791562,0.4123602376310768,0.5806650069661483,23.01997245179062,51.20184300341295,-16486.212742526495,B_C,,,,,,,,,,,
P09758_and_Q15078,0.4400504979823483,0.41177663325564406,0.16564277230252666,14.529226069246427,72.29993865030679,-720.7921341249184,B_C,,,,,,,,,,,
P09758_and_Q15485,0.44719808881350875,0.4109013640426489,0.23034345620178948,15.821091445427697,58.85527363184077,-1950.6653770288183,B_C,,,,,,,,,,,
P09758_and_P54707,0.458204403940384,0.41052687244576913,0.11982679704897628,19.120748299319732,66.30210144927537,-5509.205114378938,B_C,,,,,,,,,,,
P09758_and_Q9H158,0.40400254158302246,0.4104242346294325,0.09113941043498353,23.354264392324072,46.49601123595505,-3019.4823521303297,B_C,,,,,,,,,,,
P09758_and_P01857,0.4288364058120169,0.410211641505163,0.21762735925329868,18.704292343387472,72.95978102189784,-20531.84715990915,B_C,,,,,,,,,,,
P09758_and_A0A0B4J1Y8,0.45864586716064415,0.4100252985620931,0.14636101621274802,18.44568835098337,64.4321714285714,-16820.40760562879,B_C,,,,,,,,,,,
P09758_and_P09958,0.4334597751234532,0.409950694593504,0.24586743915957238,22.804210526315742,65.95870833333332,-5695.178348556882,B_C,,,,,,,,,,,
P09758_and_Q13585,0.4153986334954019,0.4098814383224213,0.16940691456022175,21.21581426648721,62.82374999999997,-5090.410938499936,B_C,,,,,,,,,,,
P09758_and_Q9NTU7,0.45240169889994225,0.4098511122963213,0.15732203274481826,15.415697674418595,66.60287999999996,-5310.878526478061,B_C,,,,,,,,,,,
P09758_and_P07339,0.4603275649159197,0.4097762465191586,0.08802757538621174,17.283031674208136,58.532960526315776,-3426.738850796526,B_C,,,,,,,,,,,
P09758_and_A0A075B706,0.4951675695823129,0.4097658253507789,0.1217292815013377,13.38708439897698,20.16314606741573,-861.443872289452,B_C,,,,,,,,,,,
P09758_and_P62745,0.4565981491577224,0.40969996296668043,0.20366831475362637,15.772312373225157,69.88418750000002,-1256.2727138105477,B_C,,,,,,,,,,,
P09758_and_P16471,0.40718853665139143,0.4086641027998149,0.132315551505692,18.180807248764424,63.33046511627907,-2068.601448594629,B_C,,,,,,,,,,,
P09758_and_Q99835,0.43321789265877725,0.4085166482390564,0.23030132357491784,23.070346715328494,58.324549019607836,-3491.9707482521626,B_C,,,,,,,,,,,
P09758_and_Q13316,0.4067166280738896,0.4082946301303322,0.07491419213062328,14.283836858006042,24.275533980582512,-1910.91961110157,B_C,,,,,,,,,,,
P09758_and_Q5BKX8,0.4168177982910123,0.4082372106086605,0.1739567299598697,14.789280868385367,35.913550295857966,-1938.8957082676643,B_C,,,,,,,,,,,
P09758_and_A0A0A0MTA7,0.4943186815417051,0.4081580543202252,0.13817731577997056,13.142792792792779,21.995402298850575,-1390.6213506301604,B_C,,,,,,,,,,,
P09758_and_O14960,0.4519473515506799,0.40800070059281657,0.18840591511515226,13.626453488372098,55.49838095238094,-2739.5849383884415,B_C,,,,,,,,,,,
P09758_and_P13521,0.40206371102165595,0.4079881521798792,0.112063224509371,17.55468497576738,45.12385964912281,-2247.9712687936553,B_C,,,,,,,,,,,
P09758_and_A0A075B6I6,0.45665704813520036,0.4078283537843863,0.18087005076509105,20.52811320754713,66.38895061728392,-3074.3198785017134,B_C,,,,,,,,,,,
P09758_and_Q8IV77,0.40988051157836153,0.4074725244150136,0.05568156830135193,16.3978494623656,47.17940476190477,-13679.350165490754,B_C,,,,,,,,,,,
P09758_and_A0A0J9YXG5,0.49306990963038444,0.4073037828567093,0.0825250307399943,13.304491017964079,18.977948717948717,-940.2682388823177,B_C,,,,,,,,,,,
P09758_and_Q075Z2,0.46017408286507033,0.4070152443098719,0.13561426272953245,13.725314465408808,57.1421978021978,-384.6143815097346,B_C,,,,,,,,,,,
P09758_and_P51693,0.4033978676876453,0.40692388360820697,0.1412774309669512,22.35235849056601,52.9597037037037,-5026.452918658157,B_C,,,,,,,,,,,
P09758_and_A0A0J9YXM7,0.49330511159082635,0.40689804752071884,0.09145383326606686,13.243140243902436,22.068275862068965,-1068.5657389015032,B_C,,,,,,,,,,,
P09758_and_O00634,0.4300158114632989,0.4062011777109318,0.17342746438123136,15.027521613832853,69.96388349514565,-16505.965189807615,B_C,,,,,,,,,,,
P09758_and_Q9UPX6,0.3908131308748346,0.4061021468768839,0.12256607946824534,20.161742424242462,51.61446153846156,-1998.5282027220965,B_C,,,,,,,,,,,
P09758_and_P12318,0.43591767471916,0.4059706485756678,0.1722840376969946,17.506172839506174,59.92062111801242,-2025.2447156626267,B_C,,,,,,,,,,,
P09758_and_Q99523,0.4579688907016365,0.40592117497803165,0.1490697868193416,17.714342313787657,63.32787128712874,-1633.5283528463897,B_C,,,,,,,,,,,
P09758_and_B7Z8K6,0.4621718439051611,0.4058885712373408,0.117555863429421,13.676465517241375,58.26220125786166,-2460.358682514689,B_C,,,,,,,,,,,
P09758_and_O43820,0.4498602755800625,0.4056341889031708,0.45595492311297053,22.831208053691253,57.81440594059405,-3697.8835898170582,B_C,,,,,,,,,,,
P09758_and_A0A075B700,0.4915023393452295,0.40542829676462677,0.10747916461441519,13.308808290155431,15.872736842105269,-423.17932462500175,B_C,,,,,,,,,,,
P09758_and_P04141,0.46223314179458286,0.4049689088213966,0.07778515551386894,15.367133956386288,65.65622641509437,-9749.666934493056,B_C,,,,,,,,,,,
P09758_and_Q8IUL8,0.456945942699191,0.40495736222403167,0.12145920966168822,20.79003267973858,50.524356435643575,-7222.280851896686,B_C,,,,,,,,,,,
P09758_and_Q96B86,0.4291738403526666,0.4048279327207229,0.2795140142041946,17.603466204506077,66.79413793103446,-4571.300604917241,B_C,,,,,,,,,,,
P09758_and_A0A0A0MT94,0.49081578569128725,0.40425981835341623,0.15362922913759233,13.049210526315813,14.3977,-826.520178409337,B_C,,,,,,,,,,,
P09758_and_Q6ZMJ2,0.40842552141129584,0.40404658011904937,0.0927425229218257,19.451052631578953,58.036097560975634,-6059.092237346256,B_C,,,,,,,,,,,
P09758_and_C9JUS6,0.4464772531260178,0.4039424676886079,0.10618396283750278,16.878431372549052,38.458026315789475,-353.5383702569052,B_C,,,,,,,,,,,
P09758_and_Q9Y5N1,0.43232590619622624,0.40333642622692234,0.06595783601778579,16.749202127659583,51.80525179856113,-16792.09442922406,B_C,,,,,,,,,,,
P09758_and_Q6UWR7,0.45862604068639423,0.4031040022407737,0.14371109980294533,11.562312633832994,69.36930379746835,-1809.3290885140386,B_C,,,,,,,,,,,
P09758_and_Q5T5C0,0.4600900726459267,0.4024992395150257,0.15307088876241404,22.311413969335618,61.6135754189944,-22966.214047027068,B_C,,,,,,,,,,,
P09758_and_Q9BZ76,0.464584707563201,0.4016222719902518,0.13600275051241714,19.98676470588234,62.01395348837208,-22808.934393932213,B_C,,,,,,,,,,,
P09758_and_O75427,0.3938501857213161,0.4014213486983537,0.24237898505387187,20.38196448390676,66.24285171102663,-2377.431685068659,B_C,,,,,,,,,,,
P09758_and_A0A075B6I9,0.4639976245288912,0.4012168832735562,0.10043133591878715,16.146072796934856,63.64129251700678,-2310.7810593765516,B_C,,,,,,,,,,,
P09758_and_P49796,0.3834693432520325,0.4011556051149236,0.21109547884418245,21.013107287449376,60.212509090909116,-4935.959587824371,B_C,,,,,,,,,,,
P09758_and_Q8TF17,0.44081304429926915,0.4009031366034716,0.1299430268446827,19.607246376811624,57.54807692307692,-3213.3980058085035,B_C,,,,,,,,,,,
P09758_and_Q9BQY6,0.46202904348127005,0.40086098488366084,0.14543175127833344,12.769268292682934,57.40488095238094,-1487.2413133477894,B_C,,,,,,,,,,,
P09758_and_Q02487,0.3956603714894164,0.40007934279088,0.10668653497608736,24.393587360594758,64.47968085106382,-3788.429860443048,B_C,,,,,,,,,,,
P09758_and_Q96Q91,0.42969320014675866,0.3997940755618497,0.11110510050818405,17.126948051948034,36.7675294117647,-2873.0415031254706,B_C,,,,,,,,,,,
P09758_and_Q7RTY9,0.4385235778460407,0.3997546503339401,0.13652360563589594,16.487237237237263,57.41603174603177,-12758.614424422027,B_C,,,,,,,,,,,
P09758_and_P81534,0.47443731716535276,0.39967739531615354,0.12031997433143171,12.848717948717946,58.22399999999999,-2156.9287826932873,B_C,,,,,,,,,,,
P09758_and_A0A0J9YXA8,0.4877032090423499,0.3994425582209613,0.1016165410722591,12.469031141868516,20.355121951219505,-664.7265913261471,B_C,,,,,,,,,,,
P09758_and_P61073,0.4349777093476126,0.39944120014898904,0.19134204179028144,19.406428571428552,57.79502347417843,-2284.966062565302,B_C,,,,,,,,,,,
P09758_and_Q7Z614,0.43759068592121997,0.3994217896973385,0.1298223260279396,16.007731958762896,68.32462025316457,-1000.8207101786966,B_C,,,,,,,,,,,
P09758_and_Q96CH1,0.42847230341513065,0.3992753716685629,0.08332692051292334,15.816511627906978,47.86622377622378,-3990.6422527930117,B_C,,,,,,,,,,,
P09758_and_Q9Y2D5,0.3810600919450362,0.39874161159393817,0.09549572536732671,19.25034578146611,55.4783152173913,-6829.441496224885,B_C,,,,,,,,,,,
P09758_and_P33151,0.3964157233733313,0.3985920871537364,0.05142982349300672,17.773981191222592,28.411327433628312,-1872.6560045227097,B_C,,,,,,,,,,,
P09758_and_Q7KZI7,0.4075094402692208,0.3984686255054003,0.2137374815706504,18.403110047846884,74.2,-15222.237817622867,B_C,,,,,,,,,,,
P09758_and_Q15262,0.4115193098550335,0.3983417139979065,0.11781082162748426,23.08168202764974,57.31840909090911,-5474.525246744808,B_C,,,,,,,,,,,
P09758_and_Q9P296,0.4430942536299689,0.398093302045309,0.12670022426121696,15.67199413489737,54.20379999999998,-4270.101089808219,B_C,,,,,,,,,,,
P09758_and_A0A0B4J264,0.45179985414277424,0.3979210282878834,0.12724616163959457,18.014194139194135,49.97660256410258,-1468.6531031263107,B_C,,,,,,,,,,,
P09758_and_Q6UXR6,0.44210410283076035,0.39786011555820944,0.11415722402712945,12.612171052631577,46.28426900584795,-2784.7996968706157,B_C,,,,,,,,,,,
P09758_and_P08603,0.38488452306999266,0.3977064768953852,0.14020345532219908,24.261324041811882,60.37922651933701,-10234.533712820317,B_C,,,,,,,,,,,
P09758_and_Q6WN34,0.4097386409669062,0.3974588314331629,0.19071397767211098,21.185798122065787,53.919965397923875,-1155.994554786579,B_C,,,,,,,,,,,
P09758_and_Q9ULW2,0.41014545738006747,0.3973453066361855,0.09261095110081337,21.654092071611252,66.0901369863014,-4868.453335495846,B_C,,,,,,,,,,,
P09758_and_A0A0B4J240,0.4610815937337947,0.3970423895974889,0.12467018002344976,16.120975056689343,51.71046875000002,-1228.602944840359,B_C,,,,,,,,,,,
P09758_and_Q0P651,0.43874575397866167,0.39672164088618395,0.12682146839878838,18.620734341252675,69.20522875816992,-2269.934790045343,B_C,,,,,,,,,,,
P09758_and_O94919,0.42026729315904016,0.39669132633638143,0.18978747989041164,18.437368421052657,69.69646706586823,-17270.72619850133,B_C,,,,,,,,,,,
P09758_and_O95631,0.4229980383535056,0.3965245644972868,0.15997624592311835,15.369672131147533,70.63640776699029,-20006.8065868432,B_C,,,,,,,,,,,
P09758_and_Q86X27,0.4082579726188615,0.396498604992099,0.21276874241217322,17.55972515856237,62.55536231884057,-13903.093069432234,B_C,,,,,,,,,,,
P09758_and_P20155,0.465420014144712,0.3963426448725656,0.10642745118586346,11.38938223938225,49.972790697674405,-896.2445238740047,B_C,,,,,,,,,,,
P09758_and_O00220,0.4027480884810321,0.39612485592969515,0.18711637641145204,20.063175675675655,57.9591071428571,-4406.746987742371,B_C,,,,,,,,,,,
P09758_and_Q5JTB6,0.453997167857104,0.39553283598000977,0.061936079311739764,15.565268456375835,46.25011764705884,-9784.370511164163,B_C,,,,,,,,,,,
P09758_and_P15085,0.45637122766324856,0.3953785756743883,0.11303063299671268,14.227591973244142,68.60366336633665,-4483.605709348045,B_C,,,,,,,,,,,
P09758_and_Q14392,0.45688302006792203,0.39527772641799225,0.17382575858586735,16.55527638190955,55.37954802259886,-9164.346928247414,B_C,,,,,,,,,,,
P09758_and_Q13639,0.4351852858055922,0.39522339924919436,0.16519170046418405,11.653951367781152,63.113157894736844,-10006.861795600093,B_C,,,,,,,,,,,
P09758_and_Q9P241,0.4445572323686108,0.3950060056062784,0.053499258510325,20.289965986394545,62.19405172413793,-18755.321233869417,B_C,,,,,,,,,,,
P09758_and_Q13733,0.45021978591978773,0.39493242613580465,0.12417995318839942,19.19780701754387,65.47073529411763,-10829.360136180769,B_C,,,,,,,,,,,
P09758_and_P40879,0.44317901723295805,0.3947785580672004,0.13656196754507532,19.380434782608685,51.04932885906039,-12070.769263952594,B_C,,,,,,,,,,,
P09758_and_O15244,0.44686983889737214,0.3946368115524589,0.13260988578304253,20.402736686390515,61.058275862068975,-2997.2535593690936,B_C,,,,,,,,,,,
P09758_and_Q9BX67,0.42283216218558506,0.39433214295146973,0.20200796768988152,16.54296116504852,67.79169491525423,-7630.451903404239,B_C,,,,,,,,,,,
P09758_and_O94886,0.4488280134182131,0.39432147173723964,0.1009563413743423,17.793829787234017,57.92109489051095,-4186.21277206536,B_C,,,,,,,,,,,
P09758_and_O95158,0.4240239631642534,0.3940606889186096,0.10416574473232618,14.827428571428575,50.28431952662725,-1656.1514436219995,B_C,,,,,,,,,,,
P09758_and_P15056,0.39428144149793765,0.3936568286952365,0.14347764031141144,17.789014251781477,57.10885000000002,-1587.3831247178387,B_C,,,,,,,,,,,
P09758_and_Q9HDB5,0.39383815055246074,0.39353865071024985,0.15178114193105416,17.53619047619047,60.6974850299401,-2035.1980726156617,B_C,,,,,,,,,,,
P09758_and_P23528,0.4501319087030722,0.3932213129530572,0.11297768970938292,13.879472140762484,62.76769230769234,-3258.114612881792,B_C,,,,,,,,,,,
P09758_and_Q14957,0.39890186163643676,0.3927006744771512,0.20867867241269816,22.169215686274512,67.07762237762235,-2507.814621754107,B_C,,,,,,,,,,,
P09758_and_P04430,0.4563498243065418,0.3923117108626147,0.1285920983770576,15.067019027484148,54.64612676056339,-904.1402304566474,B_C,,,,,,,,,,,
P09758_and_Q9UBQ6,0.43466799514286497,0.392035089717812,0.1735617384229042,14.544072164948425,68.47176136363633,-23196.613382478172,B_C,,,,,,,,,,,
P09758_and_A0A075B6V5,0.45804103850759087,0.3920257124142462,0.14240110778793977,14.653378378378408,57.448439716312066,-886.5777525070189,B_C,,,,,,,,,,,
P09758_and_Q13751,0.39550435884302554,0.39191586198207046,0.2217612238572446,20.189420062695927,67.60819875776397,-3641.3035345831668,B_C,,,,,,,,,,,
P09758_and_Q5T4F7,0.4192948185602549,0.39122346450589435,0.09253913628154628,18.675124378109448,66.84717241379309,-1847.2025089123242,B_C,,,,,,,,,,,
P09758_and_Q9Y4E1,0.369672254414215,0.3910315422363809,0.09204825902512132,18.084797297297303,37.804251968503934,-16234.099861822295,B_C,,,,,,,,,,,
P09758_and_Q8IU99,0.39918162618921266,0.3904109631297328,0.1052888322569584,22.460120240480958,54.84625000000002,-1376.9420051940479,B_C,,,,,,,,,,,
P09758_and_Q6IE38,0.45881305982807385,0.39040420446168583,0.08315620777804476,13.735953177257526,58.79070707070708,-2498.0209907158987,B_C,,,,,,,,,,,
P09758_and_O14638,0.4682359145693888,0.3903957113706542,0.13144452150431443,19.886741573033714,59.707533333333316,-9213.144079494332,B_C,,,,,,,,,,,
P09758_and_A0A1B0GVD1,0.4483880443333206,0.39039570085572195,0.19852492695255106,13.559037558685453,66.10725925925927,-2297.4063063260787,B_C,,,,,,,,,,,
P09758_and_Q9Y5G3,0.39006499392244176,0.3903871904901208,0.12094456034811243,22.886987951807246,62.68785714285712,-1919.4914473372137,B_C,,,,,,,,,,,
P09758_and_O75122,0.37301345428182664,0.39013935906381025,0.424119977789193,26.32140430351068,70.11480968858132,-2157.398544085074,B_C,,,,,,,,,,,
P09758_and_A0A075B6U4,0.4543005181507246,0.39001073804527897,0.12274784179530324,15.9591304347826,57.817272727272716,-1815.4978917259384,B_C,,,,,,,,,,,
P09758_and_O75473,0.43790949898051745,0.3895416625528195,0.29043041158306854,19.896817420435518,50.71016759776535,-6178.513034484243,B_C,,,,,,,,,,,
P09758_and_P07949,0.40532842855788453,0.3894957445044319,0.14984236754543354,23.86766169154228,46.310511811023616,-4667.237618391715,B_C,,,,,,,,,,,
P09758_and_Q9UMX5,0.4375424944722125,0.3894226184581483,0.19822275501410666,16.00012345679013,67.88330769230768,-5627.671979692533,B_C,,,,,,,,,,,
P09758_and_P13747,0.40208303828105235,0.38788040141485325,0.3965109069918165,19.550751879699238,61.10873015873013,-1775.9560594190443,B_C,,,,,,,,,,,
P09758_and_P21583,0.4180514646270574,0.38707845434187377,0.15409563929136597,14.489276139410215,56.26226086956523,-685.6089770391918,B_C,,,,,,,,,,,
P09758_and_P23280,0.42398592716647854,0.38681446931387375,0.3183290160102949,15.884285714285719,52.41916666666666,-3750.0414053117247,B_C,,,,,,,,,,,
P09758_and_A8K2U0,0.44125619153685836,0.3868126414800612,0.06716322829724904,25.283727272727283,55.72861607142858,-4625.679627481086,B_C,,,,,,,,,,,
P09758_and_Q9H3T2,0.4218422212736097,0.38673334861597625,0.16587526100388297,17.863539823008864,63.2316402116402,-2253.252798665657,B_C,,,,,,,,,,,
P09758_and_A0A0C4DH67,0.4518136902405445,0.386030031059221,0.08986218567548192,13.816891891891888,57.044733333333355,-3056.563728703275,B_C,,,,,,,,,,,
P09758_and_P05160,0.3854267359125018,0.38592254837560386,0.08493918013148453,21.503022875816974,52.87430379746836,-6317.01073734379,B_C,,,,,,,,,,,
P09758_and_O76083,0.41673336147005235,0.3854505654509347,0.07465864635638053,18.36049783549784,57.20586666666666,-13237.84840079053,B_C,,,,,,,,,,,
P09758_and_Q96RT1,0.382986362601135,0.38524103325349845,0.08285419494541538,21.204129032258084,54.270277777777785,-4301.045423922173,B_C,,,,,,,,,,,
P09758_and_O75339,0.4366709659700505,0.3851883873909173,0.13196762619459693,21.36716937354989,44.16777027027026,-7051.860711293155,B_C,,,,,,,,,,,
P09758_and_A0A075B6W5,0.4501304359960251,0.38517572875376493,0.12109259247284043,14.818738229755176,62.220416666666694,-2030.736817853592,B_C,,,,,,,,,,,
P09758_and_P01602,0.4494220230385414,0.38514648896780945,0.06972007990692507,15.191628440366957,56.79395522388059,-2852.96753855426,B_C,,,,,,,,,,,
P09758_and_O00602,0.4004835504774712,0.38478916226986987,0.23202977181714973,20.066647662485792,59.16816425120776,-5774.029769918787,B_C,,,,,,,,,,,
P09758_and_Q8N423,0.39664089205141084,0.3847706481779405,0.196164612049407,22.19709193245778,55.848484848484816,-3395.89759448979,B_C,,,,,,,,,,,
P09758_and_P52797,0.42224986073520704,0.3845461599614072,0.13613392309289885,17.131769722814482,60.28005988023953,-3781.854887854109,B_C,,,,,,,,,,,
P09758_and_Q9Y4G8,0.4039419853666374,0.38447731527481716,0.23303179906685892,25.050800426894373,59.994330708661415,-4779.0646443462465,B_C,,,,,,,,,,,
P09758_and_Q9Y6J6,0.43612533132985387,0.38447643544536814,0.07626267912176175,13.006249999999998,30.029886363636365,-1091.308467171073,B_C,,,,,,,,,,,
P09758_and_A0A0A0MS14,0.4500535184262199,0.3839297070452736,0.13253333160558453,11.818131868131875,72.12315789473683,-3316.7863408532803,B_C,,,,,,,,,,,
P09758_and_Q01974,0.3747089499578846,0.3837800380288623,0.10297184581424512,22.100998463901686,46.9187441860465,-14366.20266450796,B_C,,,,,,,,,,,
P09758_and_Q9Y226,0.4421555601228626,0.38367411012025376,0.1672461335802947,15.132089552238801,61.75507142857143,-1648.8744893590201,B_C,,,,,,,,,,,
P09758_and_Q9HCN3,0.4415442900648748,0.38333776543594333,0.1336447076871767,16.709166666666658,60.283913043478265,-2297.1599841282127,B_C,,,,,,,,,,,
P09758_and_P41594,0.39962770323037095,0.38322008513772343,0.23985708996500704,24.17274535809016,63.93395061728397,-5091.559430951667,B_C,,,,,,,,,,,
P09758_and_O43520,0.44449011450540654,0.3826743733704565,0.115721983341149,19.92515657620044,53.226687898089175,-15441.27956587012,B_C,,,,,,,,,,,
P09758_and_Q9UHL4,0.45024686866073926,0.38250483342616454,0.3415074876132397,15.009358752166367,57.056358974358986,-2266.8303439956503,B_C,,,,,,,,,,,
P09758_and_A2NJV5,0.4454997909521582,0.38167638253965247,0.08762926689731099,15.695265588914534,57.741764705882346,-2656.285450415093,B_C,,,,,,,,,,,
P09758_and_O15123,0.3950309453396925,0.3816685732901016,0.26134224863625705,20.00423850574711,68.73235294117647,-5550.2561332938985,B_C,,,,,,,,,,,
P09758_and_Q86WD7,0.43524877088668634,0.38143459579781314,0.19664676821544794,16.288749999999986,67.67869047619041,-2050.6963574503134,B_C,,,,,,,,,,,
P09758_and_B4DS77,0.38972320072248395,0.38142499127840024,0.09093129177317252,16.836098654708525,51.289523809523835,-1131.093686168355,B_C,,,,,,,,,,,
P09758_and_P98155,0.41883057116764794,0.38080713157358453,0.2213957124152612,23.27469746974697,62.91170731707313,-4245.580809309161,B_C,,,,,,,,,,,
P09758_and_Q969I6,0.4176779145589085,0.3806547719471245,0.1666921327309942,19.088257575757574,64.13161290322579,-1724.1864340822349,B_C,,,,,,,,,,,
P09758_and_Q9BUZ4,0.3912625213707398,0.3799912793588849,0.10572810395273073,16.267541766109794,54.038473282442745,-12820.667838776268,B_C,,,,,,,,,,,
P09758_and_P08637,0.41005985715377946,0.3799336343179439,0.215643885754062,14.906787330316744,78.29726190476191,-5234.103599626447,B_C,,,,,,,,,,,
P09758_and_Q96DA0,0.4381178566642774,0.37990002162971587,0.12034332509346733,13.95533536585364,72.43745614035085,-2260.065563057486,B_C,,,,,,,,,,,
P09758_and_Q13421,0.38924966028447233,0.37982098540381953,0.25212434562199926,28.270720720720785,37.48683544303797,-16226.494283773014,B_C,,,,,,,,,,,
P09758_and_Q6YHK3,0.44096640865536174,0.37967696273670576,0.06777099256430293,24.72801418439721,45.431101321585906,-14990.12979864638,B_C,,,,,,,,,,,
P09758_and_P24071,0.4173053350997183,0.3791286718067605,0.0825776147410562,11.42028301886793,47.57493333333334,-2503.088462706625,B_C,,,,,,,,,,,
P09758_and_Q9UQP3,0.36633487843865015,0.3786211083340255,0.13897347677397884,21.36930199430203,60.63009615384613,-8254.67155888474,B_C,,,,,,,,,,,
P09758_and_O60882,0.3926015824868258,0.3782938183910769,0.3709214950684307,17.707800387596897,59.29920353982305,-15485.554861912788,B_C,,,,,,,,,,,
P09758_and_Q9HB63,0.3981226029975451,0.3780422417835302,0.2536013680827535,22.20227765726679,63.77503906250002,-2249.056758020348,B_C,,,,,,,,,,,
P09758_and_P20273,0.38426106234875346,0.3779756013271756,0.045574345932914,18.50614035087719,18.098444444444443,-2356.8185716968865,B_C,,,,,,,,,,,
P09758_and_Q9C0C4,0.4260796112264261,0.377902738013719,0.18950365171488842,21.550333969465626,60.75497975708504,-6552.011304392523,B_C,,,,,,,,,,,
P09758_and_Q86Y27,0.46195674861258695,0.37779394996251703,0.11809341318708808,14.00992779783394,31.021755725190843,-1800.4579852655625,B_C,,,,,,,,,,,
P09758_and_P47929,0.4388597972296543,0.3771241002384043,0.0911459160074365,15.509722222222223,62.737700000000025,-2576.726864336156,B_C,,,,,,,,,,,
P09758_and_P22413,0.45070629398517964,0.377095735045867,0.18224689802173397,20.04021317829455,58.11439759036146,-24568.797017826586,B_C,,,,,,,,,,,
P09758_and_Q5VY43,0.3832601034679386,0.3769989878748573,0.08559652263519758,20.512082514734793,54.250220994475164,-16692.758872428476,B_C,,,,,,,,,,,
P09758_and_A0A599,0.4435995826840109,0.37686481127444726,0.1100849334249336,16.269345238095255,62.89097744360904,-2657.7550057157387,B_C,,,,,,,,,,,
P09758_and_Q6UXT8,0.43406496618418816,0.3766700473251855,0.07215202801876816,12.978191489361706,55.994795918367345,-4189.4319094886105,B_C,,,,,,,,,,,
P09758_and_P51993,0.42469772626189817,0.3764926630010612,0.25355460198468543,17.14556840077071,69.23486301369864,-1154.313103750827,B_C,,,,,,,,,,,
P09758_and_Q96LC7,0.3943210644288776,0.3763421570670364,0.08328142922865105,18.59707357859534,60.08609195402295,-2822.0994268230706,B_C,,,,,,,,,,,
P09758_and_O15197,0.3800235279536877,0.37625606056107497,0.20094449668004383,21.592611111111122,54.74434977578478,-10073.805701642994,B_C,,,,,,,,,,,
P09758_and_Q8WZ55,0.3947460676358572,0.37624665324170653,0.06692337283278672,18.855263157894758,44.54103448275859,-2034.414791927822,B_C,,,,,,,,,,,
P09758_and_Q6ZVW7,0.4003568932298675,0.376013063720377,0.025934279032404636,20.739120370370372,53.199405940594055,-9605.790266462758,B_C,,,,,,,,,,,
P09758_and_O95972,0.40946792899992,0.3753579813354979,0.10697186359674125,18.88582887700536,57.83056603773585,-5737.604699135286,B_C,,,,,,,,,,,
P09758_and_Q14028,0.3700467629979942,0.3748064892395652,0.2720853534087516,24.441943127962055,60.82784946236562,-2805.041420394082,B_C,,,,,,,,,,,
P09758_and_Q8NGZ5,0.41938620943400307,0.37477812357827367,0.10004217883051532,18.03050000000004,59.57540983606558,-2045.530341082077,B_C,,,,,,,,,,,
P09758_and_Q9HBB8,0.37588080576985955,0.37444285091545765,0.28303977254050877,22.240679190751464,65.01317204301077,-2432.5331944882273,B_C,,,,,,,,,,,
P09758_and_Q96LD1,0.4026236279098606,0.374412139742409,0.05990991866705361,17.329423868312766,54.95489795918366,-5174.638785252482,B_C,,,,,,,,,,,
P09758_and_O14931,0.42102493727879825,0.3739408648632378,0.08757291723974646,11.923708920187783,68.80999999999997,-2210.4573820430123,B_C,,,,,,,,,,,
P09758_and_Q10472,0.43082064261989717,0.37366750306114765,0.18409540060424018,18.191,65.76337748344372,-2503.3313641615086,B_C,,,,,,,,,,,
P09758_and_P20648,0.4265270744093661,0.37340097290069674,0.09162221025969514,19.468301435406694,61.97404761904762,-13405.129023528621,B_C,,,,,,,,,,,
P09758_and_P25100,0.3874686895843188,0.3733678335593975,0.15966649436798477,18.848556797020475,56.95463709677415,-2786.573258943841,B_C,,,,,,,,,,,
P09758_and_Q9HCM4,0.3920806033145861,0.3733182972326797,0.2554919562080933,20.51524926686218,64.40846938775508,-11518.276245188255,B_C,,,,,,,,,,,
P09758_and_Q6NV75,0.39255445739351047,0.37321990853052567,0.08883618780623871,17.16688790560471,51.01595375722541,-1390.3026624912673,B_C,,,,,,,,,,,
P09758_and_P40145,0.40929485511687114,0.37262656880662415,0.09686043009564482,21.30014903129655,59.71026178010471,-10007.109023657831,B_C,,,,,,,,,,,
P09758_and_Q8NFM7,0.3739296345964126,0.3724535903593014,0.22831312720579033,19.979358237547867,60.359233716475124,-1415.043148294295,B_C,,,,,,,,,,,
P09758_and_Q6P1J6,0.3924026802134866,0.37237683489859236,0.19540032286915537,22.52612499999997,48.61014354066985,-9282.033841399803,B_C,,,,,,,,,,,
P09758_and_Q5XXA6,0.43460386248236454,0.371956677251188,0.044535185631070104,19.75341726618706,63.732110091743095,-4000.3318842525514,B_C,,,,,,,,,,,
P09758_and_P01817,0.43966242514557113,0.3718927564303447,0.11868796920940737,15.297939778129987,57.429306358381474,-3066.855593127952,B_C,,,,,,,,,,,
P09758_and_O43463,0.41456620356448126,0.3718821206446713,0.18251117791503424,18.212752525252508,64.85599009900989,-1722.7714454529314,B_C,,,,,,,,,,,
P09758_and_P35368,0.39793369316421645,0.37163387081258964,0.15573621567497553,15.46537376586743,61.74830687830688,-1381.9618474126655,B_C,,,,,,,,,,,
P09758_and_Q96RD9,0.3572852323038835,0.3714595470547867,0.22808420787534917,21.601292517006808,43.82030303030302,-13259.627577754902,B_C,,,,,,,,,,,
P09758_and_P21453,0.3997694227461609,0.3710989277780392,0.24756048994093072,21.71543352601156,62.87486842105263,-2297.699244664974,B_C,,,,,,,,,,,
P09758_and_Q08174,0.36605210180705544,0.3706896936431547,0.05440403211761444,21.186175115207377,50.17463414634146,-1476.766992549492,B_C,,,,,,,,,,,
P09758_and_Q9NZP8,0.3998079618087498,0.3703653829082998,0.16919047714743976,14.884007707129099,59.96240963855423,-17836.977588097918,B_C,,,,,,,,,,,
P09758_and_P0CF74,0.4390053867891428,0.3701775391359906,0.18039531107492737,16.54838362068965,67.09542635658916,-2240.7358782578817,B_C,,,,,,,,,,,
P09758_and_Q9UJU6,0.3831248675098241,0.3701532153083188,0.2519895139890737,23.16029572836805,62.394976076555054,-6160.708515493294,B_C,,,,,,,,,,,
P09758_and_Q13061,0.3677371491813234,0.3701014219964481,0.10050853698145468,16.426831345826237,34.678701298701306,-1412.6935449243028,B_C,,,,,,,,,,,
P09758_and_Q96NZ8,0.37578397340428693,0.3699315685870031,0.4771291555520041,20.618298291721388,61.960404411764706,-1865.0625010185686,B_C,,,,,,,,,,,
P09758_and_Q86Y22,0.3735930677375394,0.3698710440959531,0.0769351442598835,17.84369501466278,46.3973076923077,-2040.6466928641821,B_C,,,,,,,,,,,
P09758_and_Q6UXU0,0.4211562861321615,0.3697961104824558,0.05597851153912907,15.321978021978046,35.296448598130844,-1230.2045076469121,B_C,,,,,,,,,,,
P09758_and_Q9Y4K0,0.41945001486029093,0.3695705122495842,0.11172608642784912,18.413685344827584,61.56325000000002,-21178.012232295045,B_C,,,,,,,,,,,
P09758_and_Q96A25,0.4049007507200027,0.36907010151447794,0.0990172268457,16.370098039215662,69.9191588785047,-1753.3756607052403,B_C,,,,,,,,,,,
P09758_and_Q9ULV4,0.41812009215100265,0.3686471348179327,0.23004102378784547,21.302671232876673,69.82570680628272,-7944.259974349676,B_C,,,,,,,,,,,
P09758_and_P57103,0.3958199337042769,0.3684831667663057,0.1248116897499053,23.42866407263294,55.04788288288285,-2978.997765849861,B_C,,,,,,,,,,,
P09758_and_Q63HQ2,0.4138139845298669,0.36826846463978086,0.18699731091034708,20.61319311663475,53.27457142857141,-18554.024345391226,B_C,,,,,,,,,,,
P09758_and_P61916,0.4303110968724314,0.3682247039352907,0.10731764911162071,12.526543209876547,60.575402298850555,-2399.704622253814,B_C,,,,,,,,,,,
P09758_and_P20594,0.3860712407033331,0.36791917884500597,0.10473636776085518,20.80499999999996,52.233136094674585,-2754.289393436793,B_C,,,,,,,,,,,
P09758_and_P48551,0.36709305795727654,0.36780077818379603,0.1635973038976515,24.449523241954697,51.16806629834255,-13063.950315664282,B_C,,,,,,,,,,,
P09758_and_P01861,0.39134511004209066,0.3677202102489785,0.1741594806373875,19.24659367396591,70.85084615384618,-18818.695979241154,B_C,,,,,,,,,,,
P09758_and_Q2M385,0.4156921782269611,0.3676783360632951,0.2056138475646471,21.462499999999995,62.68621399176955,-1855.4649425620091,B_C,,,,,,,,,,,
P09758_and_O60291,0.3861163448996962,0.36750523519940814,0.1363623850369063,16.271200980392138,54.055703124999994,-2076.8425002430104,B_C,,,,,,,,,,,
P09758_and_Q6UW10,0.4431114520939673,0.36714639122649617,0.11274383130286089,13.562044534412967,51.11491803278688,-1287.3284387740787,B_C,,,,,,,,,,,
P09758_and_A0A5B9,0.42198580689106224,0.36698670707845626,0.32636393488459275,15.9067993366501,70.09643678160919,-1214.0873399905245,B_C,,,,,,,,,,,
P09758_and_P20702,0.40651456995995355,0.36681409088557254,0.12021784924620432,16.26408629441626,48.38778523489932,-14937.244182000544,B_C,,,,,,,,,,,
P09758_and_Q8WVF2,0.42215442498505784,0.3666013253764987,0.08645516372006405,15.336138613861385,45.71585585585585,-2466.2938178971526,B_C,,,,,,,,,,,
P09758_and_A6NER0,0.37909803267661724,0.3662222118960653,0.2809903934832804,23.634937888198746,53.21633928571426,-3124.6052604965807,B_C,,,,,,,,,,,
P09758_and_Q86WN2,0.41841527524981953,0.36606320286676397,0.09524941060382133,16.20906432748539,61.94877049180327,-1869.1678191437015,B_C,,,,,,,,,,,
P09758_and_A5PKW4,0.3563989196940231,0.36596477979580266,0.2963500250052081,23.912288135593194,53.41977848101265,-3404.2613357852097,B_C,,,,,,,,,,,
P09758_and_Q16663,0.43312167582416095,0.3658761004018726,0.07577119938385511,14.00894607843138,45.46762295081967,-4703.939454668762,B_C,,,,,,,,,,,
P09758_and_P80162,0.4316223896631866,0.3658270857359671,0.11548234256049923,12.85925196850391,49.615761589403974,-967.8475459799661,B_C,,,,,,,,,,,
P09758_and_P21810,0.41406885477830774,0.36553805770621006,0.17581245546375282,14.733497053045182,68.53412499999999,-2259.4106844041075,B_C,,,,,,,,,,,
P09758_and_O75128,0.3502598647436602,0.3655173271867239,0.2505294370297346,24.045361911454705,57.04944444444444,-8483.196950872836,B_C,,,,,,,,,,,
P09758_and_P52798,0.4122743327648881,0.36499494120448917,0.08033172479933431,12.9243288590604,65.0100884955752,-1342.5332557322147,B_C,,,,,,,,,,,
P09758_and_P08069,0.36043220271366444,0.3647488804326916,0.0853319097321344,22.080982905982886,57.42041095890411,-2724.9992998614325,B_C,,,,,,,,,,,
P09758_and_A0A075B6S4,0.43362395219320626,0.36469678768684416,0.21739176243234012,16.872804532577888,48.889761904761905,-1606.9754459243545,B_C,,,,,,,,,,,
P09758_and_Q5VUB5,0.35821506098576744,0.3641378189620731,0.26997418432488807,23.664839319470733,62.492936802974015,-12883.846468657051,B_C,,,,,,,,,,,
P09758_and_Q9UP79,0.3997104975927094,0.3639640710427561,0.3219907617583532,20.53155792276967,61.5816494845361,-3279.648993241004,B_C,,,,,,,,,,,
P09758_and_Q86WK6,0.40355135344813403,0.3639330964749239,0.17468861228571894,16.722068965517238,69.810773480663,-2673.5898778294186,B_C,,,,,,,,,,,
P09758_and_Q2Y0W8,0.4062177292855659,0.3639256403664771,0.062007434509342735,26.164583333333322,53.049470899470904,-2982.1791673932057,B_C,,,,,,,,,,,
P09758_and_Q01959,0.4200348868198819,0.363281353211944,0.09707235305570902,20.684218077474895,59.960478468899524,-4839.5479500968,B_C,,,,,,,,,,,
P09758_and_Q08830,0.40911117460208224,0.3632061330515204,0.11852082650546815,15.716593886462892,65.02357142857143,-5520.132368641222,B_C,,,,,,,,,,,
P09758_and_Q9NZN1,0.3807960556412296,0.3629550484253289,0.11083813732887433,20.929551122194514,58.01629921259843,-2195.492663924575,B_C,,,,,,,,,,,
P09758_and_O43318,0.38247628166259906,0.3623837354416813,0.21053578958700989,17.24402017291065,61.420823529411805,-12699.988615223945,B_C,,,,,,,,,,,
P09758_and_Q9HBA0,0.40182379605651525,0.362326257997754,0.10115019830341433,21.7346385542169,56.31460396039604,-3023.8925786908385,B_C,,,,,,,,,,,
P09758_and_Q99732,0.41230909453130354,0.36214085606779844,0.11495022740571342,14.116356382978719,42.23963636363636,-469.75838916435714,B_C,,,,,,,,,,,
P09758_and_P07585,0.41190734513953103,0.362065226485954,0.11671051049941134,15.659486166007914,65.89127516778522,-2356.5243476371697,B_C,,,,,,,,,,,
P09758_and_Q8NCC3,0.4267000127294738,0.36184567590136973,0.1989379904789714,14.159899999999997,62.10530487804879,-2368.6403613582997,B_C,,,,,,,,,,,
P09758_and_Q96EP9,0.3858904096670582,0.3617665044697316,0.129723505968198,19.34469808541974,65.09763819095475,-5946.0727420959465,B_C,,,,,,,,,,,
P09758_and_P0CF51,0.4166490975728653,0.36163237377023694,0.08704353158072746,15.661789772727268,67.19412280701756,-741.9768847982987,B_C,,,,,,,,,,,
P09758_and_Q68DD2,0.43345509818571304,0.3615981682267524,0.11984271422794406,23.08994038748136,47.89086776859502,-5775.578594712366,B_C,,,,,,,,,,,
P09758_and_Q15782,0.42598109116828675,0.3615326607554914,0.16902399597272932,18.035513078470817,62.572764705882335,-2808.113571597646,B_C,,,,,,,,,,,
P09758_and_Q12866,0.36426093233090795,0.36150171528164177,0.12075632250404505,19.896880131362888,64.15877192982458,-1660.7199785244738,B_C,,,,,,,,,,,
P09758_and_Q68DV7,0.35879788503348425,0.3612463253614866,0.14374640834372693,17.322211720226825,61.93962499999999,-15870.20039509546,B_C,,,,,,,,,,,
P09758_and_O15399,0.3626321963466041,0.3610722377390203,0.23978695661289504,24.4424942263279,63.789533898305095,-3112.910553084512,B_C,,,,,,,,,,,
P09758_and_Q8NI17,0.3734049201321692,0.3607827295073267,0.4225551718641501,23.619328859060424,63.26308139534881,-2872.3414423226786,B_C,,,,,,,,,,,
P09758_and_A0A075B6J2,0.4225026911290748,0.3607695590146381,0.13253338927224945,16.91068139963165,63.75481012658231,-1694.3218058271964,B_C,,,,,,,,,,,
P09758_and_A0A087WT02,0.42933018164018844,0.36059481274842275,0.10710642670717857,15.340064102564101,60.515895522388064,-2568.6378168588667,B_C,,,,,,,,,,,
P09758_and_Q8NET8,0.4052248049300572,0.36032693801617116,0.048214736796650705,18.465615615615604,37.960000000000015,-3056.3389933827084,B_C,,,,,,,,,,,
P09758_and_Q9P121,0.39654197982217676,0.3599859574484259,0.1290517007856173,19.6523097826087,61.23016260162602,-5019.667087002409,B_C,,,,,,,,,,,
P09758_and_Q9H2R5,0.40821871357985295,0.35975472154727745,0.19508754646946758,14.598816568047328,58.64561728395061,-1841.4938355347263,B_C,,,,,,,,,,,
P09758_and_A6NMZ5,0.4178552161255582,0.3593945965746967,0.08715607454578676,15.697091722595081,63.338602941176454,-10783.682630241452,B_C,,,,,,,,,,,
P09758_and_P31641,0.41768765420404114,0.35921423249901635,0.16487883559478222,20.5010429447853,60.61454545454547,-5576.436033341253,B_C,,,,,,,,,,,
P09758_and_P01860,0.3780359762416006,0.35910371533318686,0.26581624921415864,21.088765182186236,71.71658227848101,-16811.170321064314,B_C,,,,,,,,,,,
P09758_and_P55291,0.371340028108159,0.35904525447270613,0.39467064468051744,21.492792792792805,68.70263440860215,-2859.7007064267927,B_C,,,,,,,,,,,
P09758_and_P55287,0.36800379101773434,0.35862269581561923,0.13878843886529618,22.62504000000001,61.35129032258067,-1879.1766657350217,B_C,,,,,,,,,,,
P09758_and_Q9BZ67,0.39939979604725984,0.3586036832925878,0.17706211204709948,21.7853793103448,64.03291866028708,-2030.411961931044,B_C,,,,,,,,,,,
P09758_and_Q16849,0.3568013317736789,0.3584957133473538,0.3424726040236891,25.076167315175198,57.554404332129955,-2876.377504707554,B_C,,,,,,,,,,,
P09758_and_P41145,0.39742980299925135,0.35846808539279496,0.1435899779228743,15.593603133159263,50.61798387096774,-1531.8864044573802,B_C,,,,,,,,,,,
P09758_and_Q86UP0,0.36718941247557296,0.3581546742564996,0.04769162004887102,17.279681978798575,28.19944444444445,-3047.555412296242,B_C,,,,,,,,,,,
P09758_and_Q13072,0.44505813726445853,0.357570826577599,0.09538238201756233,13.968029739776942,29.551393442622967,-1690.4929436245739,B_C,,,,,,,,,,,
P09758_and_Q14116,0.402594353087151,0.3573574648365006,0.16696782497760224,18.877223557692297,56.19370731707315,-4726.457372395444,B_C,,,,,,,,,,,
P09758_and_Q6ZNF0,0.42577465089277466,0.3573019412772921,0.1490009968470684,17.71900826446282,67.3427118644068,-16871.87425386275,B_C,,,,,,,,,,,
P09758_and_Q13635,0.4088149197171224,0.35714793642444004,0.17182833494961183,21.775635276532178,57.35313186813188,-6977.938579087906,B_C,,,,,,,,,,,
P09758_and_Q8NGX8,0.41208053808028483,0.3569146870461489,0.18023329985350026,18.899475753604165,66.06729857819906,-6160.063329914052,B_C,,,,,,,,,,,
P09758_and_P08908,0.39893767246724066,0.35687216405910027,0.1783327112875772,18.71426426426424,49.512146596858635,-5442.027051116615,B_C,,,,,,,,,,,
P09758_and_Q9C0B5,0.3561857206997681,0.3567550943479774,0.1558996187439346,20.05961272475798,56.870182926829266,-2230.5650985055254,B_C,,,,,,,,,,,
P09758_and_P26010,0.38965544241088224,0.3565034491256813,0.10473599833686457,18.183720930232564,69.9792920353982,-1965.0479493837893,B_C,,,,,,,,,,,
P09758_and_P09466,0.4148968889130805,0.356365486244091,0.12414067286073818,17.66635859519409,64.84433121019107,-2487.468390171588,B_C,,,,,,,,,,,
P09758_and_P0DTW3,0.425982219581705,0.35598998036154045,0.07138680274531,16.42444852941177,54.792430555555555,-1828.455785634258,B_C,,,,,,,,,,,
P09758_and_Q8IY42,0.38075832796586295,0.3559077151817392,0.0827021394356057,15.330902777777773,32.75671641791045,-1842.374873873352,B_C,,,,,,,,,,,
P09758_and_Q8NGD4,0.4072722581569282,0.3557836424289235,0.07547519151795301,17.33288934426229,56.15580419580421,-7323.261314919699,B_C,,,,,,,,,,,
P09758_and_Q6IPM2,0.35334784482907866,0.35567731937581665,0.12368945635153342,17.682150537634424,39.31326530612245,-1153.7528789458956,B_C,,,,,,,,,,,
P09758_and_O75077,0.40209672423632825,0.3556069576548806,0.09408767826193648,18.739428571428597,59.50574193548382,-12394.23808523906,B_C,,,,,,,,,,,
P09758_and_O75781,0.3765439495781414,0.35548060806536874,0.1952107484794408,20.360668670172778,54.937707509881406,-1745.106895978337,B_C,,,,,,,,,,,
P09758_and_Q12879,0.3709845584304746,0.3553154539894644,0.11763512961131552,22.407281553398082,56.03306249999999,-16786.868257087604,B_C,,,,,,,,,,,
P09758_and_P53816,0.4172349554619873,0.35523793434853934,0.1161114982466745,16.651458333333345,59.75113095238097,-1120.478141587244,B_C,,,,,,,,,,,
P09758_and_Q9NP55,0.399894861356828,0.35497760753248114,0.1184977606311306,14.831390593047031,68.1253846153846,-1119.145595616381,B_C,,,,,,,,,,,
P09758_and_P07996,0.387290804897911,0.3549514361063436,0.06346859258455362,22.26413721413722,60.574870129870135,-17089.43281886715,B_C,,,,,,,,,,,
P09758_and_P17213,0.4097013830903682,0.3549039562600411,0.11911469620320018,15.454068241469821,57.62785123966945,-2352.2267450860527,B_C,,,,,,,,,,,
P09758_and_P08253,0.40743376444144064,0.35488320242744786,0.2309202738662864,18.67915980230641,70.91788461538464,-8127.98624922987,B_C,,,,,,,,,,,
P09758_and_O60928,0.37152705487647963,0.35484837114341466,0.22371466268920084,22.33840326340327,59.90769230769233,-2301.372833767655,B_C,,,,,,,,,,,
P09758_and_Q1ZYL8,0.39661514820763943,0.35473118462641534,0.07902268812751852,19.982598039215674,57.11091397849463,-7390.315077206382,B_C,,,,,,,,,,,
P09758_and_Q86UU9,0.41767075367706796,0.3546843004059632,0.10380414727813032,14.143220338983038,32.19161290322581,-920.9016160180336,B_C,,,,,,,,,,,
P09758_and_A0A075B6Y3,0.44954232097885405,0.3545175945476347,0.1553738907817134,13.639041095890397,14.535196078431376,-605.0013922055598,B_C,,,,,,,,,,,
P09758_and_Q92752,0.35490738550230616,0.35449359095878313,0.11355714737784256,23.163050314465362,53.74595000000002,-15290.18900495608,B_C,,,,,,,,,,,
P09758_and_Q8NFM4,0.407468146738457,0.3543141287638669,0.0968973507770747,21.282031249999992,63.473945945945964,-15256.991720537386,B_C,,,,,,,,,,,
P09758_and_Q70E73,0.3481750880791776,0.35429639379837796,0.2587045181428725,23.575406137184064,64.32951020408163,-4469.48669088367,B_C,,,,,,,,,,,
P09758_and_Q96RI0,0.39978927188799096,0.3542047061724466,0.12365370966252077,18.99356913183278,63.15902173913044,-4399.651069006651,B_C,,,,,,,,,,,
P09758_and_Q9Y5G8,0.3609934567167228,0.3540925972261239,0.04232438522053362,20.254561403508763,39.70840707964604,-2845.2946984838673,B_C,,,,,,,,,,,
P09758_and_P04083,0.40976246408187944,0.35403630105973305,0.24411093453047114,19.31599650349649,69.79023391812862,-5370.474492475701,B_C,,,,,,,,,,,
P09758_and_Q8TBE1,0.41545882985239174,0.3539795174973503,0.060511469780672525,14.976203966005656,50.538245614035084,-4357.034927765684,B_C,,,,,,,,,,,
P09758_and_Q96J66,0.41930142912457286,0.35387328680259317,0.07850109224228476,20.135302593659944,46.80160427807489,-21249.8136744023,B_C,,,,,,,,,,,
P09758_and_P54108,0.3877321171560005,0.35386116086600555,0.2574777688819483,15.633783783783807,56.27554545454545,-6430.573998965641,B_C,,,,,,,,,,,
P09758_and_O75015,0.3904286677732734,0.35364607972665607,0.3747181397758438,18.13151862464184,79.40641509433962,-1876.6737868398004,B_C,,,,,,,,,,,
P09758_and_Q96C24,0.3547560641772927,0.35358270406498993,0.4583809892067501,25.16676575505354,56.16942934782613,-4436.616554486944,B_C,,,,,,,,,,,
P09758_and_A0A0C4DH38,0.4203580801242712,0.3530748108439781,0.058756047144735105,16.13110119047619,57.88966386554623,-2512.675484662071,B_C,,,,,,,,,,,
P09758_and_Q08629,0.36742195617315243,0.35260952803416645,0.21776473312936045,21.566342412451366,61.791944444444454,-1871.9625313188153,B_C,,,,,,,,,,,
P09758_and_A8K7I4,0.43104814307366024,0.3523129299741819,0.060685000626374164,18.23504273504275,55.775888888888886,-9098.660756050194,B_C,,,,,,,,,,,
P09758_and_Q8NH67,0.40555863734359904,0.3522773202246469,0.1323113496299205,20.316526138279915,51.514581005586564,-14871.18925765788,B_C,,,,,,,,,,,
P09758_and_Q9BUR5,0.39503604273881837,0.35212752720303175,0.03560797579126255,15.097528517110263,46.20340000000001,-1593.3050767625841,B_C,,,,,,,,,,,
P09758_and_Q6PDA7,0.4120088650771831,0.3521269928642153,0.08160123054956699,15.298028391167199,35.45065359477126,-1049.5799985636331,B_C,,,,,,,,,,,
P09758_and_P53708,0.40009732563183054,0.35180752698956386,0.46648503194080804,20.99647954329216,62.719055793991394,-16570.846083361685,B_C,,,,,,,,,,,
P09758_and_Q9UP95,0.39585728556351774,0.3516976234150978,0.07792562522229002,23.50013054830288,50.577132867132875,-2045.3829532611799,B_C,,,,,,,,,,,
P09758_and_Q5GAN4,0.4130363128656319,0.35165444814173497,0.16881184477386046,17.973275862068963,67.22104000000002,-5029.337718978588,B_C,,,,,,,,,,,
P09758_and_Q01638,0.36172756890319735,0.3514050558788747,0.15782165122063074,22.057928388746777,61.38905172413793,-8636.511766299664,B_C,,,,,,,,,,,
P09758_and_P50897,0.40687010469390217,0.3512115135887641,0.11135182427657307,16.160833333333315,66.85909090909088,-3141.363727844205,B_C,,,,,,,,,,,
P09758_and_A0A087WSY4,0.42031197016917465,0.35101344768077114,0.14516627292254913,13.795481927710863,62.546052631578924,-1455.6614203262138,B_C,,,,,,,,,,,
P09758_and_Q8TAA9,0.3736346415728835,0.3509727838277616,0.07260557706762082,20.209673913043467,39.4588,-1692.4641370870722,B_C,,,,,,,,,,,
P09758_and_P11309,0.4038220992261834,0.3509678043163393,0.14400796185983852,14.551428571428568,71.5393630573248,-2318.395422040052,B_C,,,,,,,,,,,
P09758_and_P01903,0.3950315121651794,0.350819674035989,0.11472862514064329,16.43416666666665,64.93105691056908,-5173.581043389622,B_C,,,,,,,,,,,
P09758_and_P03951,0.3901065474253891,0.35080581066857053,0.19032220581756476,23.035378151260527,47.41080645161291,-3031.742542925578,B_C,,,,,,,,,,,
P09758_and_Q8NHL6,0.3709038121010541,0.35067216287485226,0.19697987132575198,22.514885057471233,66.23914798206279,-26312.455393794364,B_C,,,,,,,,,,,
P09758_and_P49703,0.4073418023153178,0.35041441562704745,0.08712541536788362,16.452422145328693,68.79728971962615,-1632.459082081321,B_C,,,,,,,,,,,
P09758_and_P50993,0.41280283692060016,0.34962567841846676,0.11735587206408905,20.278191489361703,63.98109589041095,-13015.513962481504,B_C,,,,,,,,,,,
P09758_and_Q9Y5F8,0.35567879351274356,0.3494566566500382,0.14099351901543264,24.556877323420103,66.34313953488376,-1774.2763002461506,B_C,,,,,,,,,,,
P09758_and_P13637,0.41485415657203106,0.3493227595622966,0.17116674490529007,20.33300865800863,61.49529850746268,-17019.535980465258,B_C,,,,,,,,,,,
P09758_and_P51684,0.37826490082704106,0.3492619475629549,0.15795298426209387,21.302577319587634,57.74390243902438,-1780.1029640554689,B_C,,,,,,,,,,,
P09758_and_O00254,0.39350845080250907,0.34890541126445973,0.04574310748392041,20.009712230215808,55.029565217391294,-15422.903123186348,B_C,,,,,,,,,,,
P09758_and_Q92187,0.40130572832621286,0.3484288040528238,0.1244492624803583,16.708599508599526,66.17503597122302,-3081.4082071376683,B_C,,,,,,,,,,,
P09758_and_Q07021,0.3753082433551095,0.34839109042150535,0.47417679809538055,24.028415614236494,68.90930348258703,-8914.176274050942,B_C,,,,,,,,,,,
P09758_and_P11215,0.3942863018896127,0.34834986527157324,0.05495975536835712,19.304792332268367,52.383816793893125,-15809.09148371121,B_C,,,,,,,,,,,
P09758_and_Q8TE58,0.37930874199171305,0.3482711731405916,0.19170985960029602,20.30973154362417,58.64706806282722,-3864.4223854366574,B_C,,,,,,,,,,,
P09758_and_Q9ULY5,0.39234487303789595,0.3482687158910426,0.2149989177052427,18.0189591078067,82.30649999999997,-1712.3356073889988,B_C,,,,,,,,,,,
P09758_and_Q7Z7G0,0.35100839464243083,0.34812477620176596,0.08930994393370043,22.619987063389374,47.633062015503896,-16615.588484160922,B_C,,,,,,,,,,,
P09758_and_O00300,0.3680462808350706,0.3480500605177511,0.10097056328859927,17.296451612903237,55.28034722222222,-5768.416966083355,B_C,,,,,,,,,,,
P09758_and_Q1HG44,0.39106177266902975,0.3480446193707585,0.10360733072334354,19.291032148900136,61.04654320987656,-3978.6968580597204,B_C,,,,,,,,,,,
P09758_and_Q9Y289,0.4031500395931959,0.3474460579314799,0.34494850360017465,22.899084967320267,67.8574025974026,-5393.071093917763,B_C,,,,,,,,,,,
P09758_and_O95800,0.3669869416558054,0.34736449792782187,0.20871924626860053,20.629499323410002,65.56785388127854,-2220.9007789930965,B_C,,,,,,,,,,,
P09758_and_Q6UY14,0.34162267245125,0.34704877999563727,0.21310464433362195,23.67353760445681,54.137881355932194,-19822.390463130374,B_C,,,,,,,,,,,
P09758_and_Q6B9Z1,0.41457852434321596,0.3468268557101517,0.12483475548918004,15.118516355140166,46.609648241206045,-1073.6714148352148,B_C,,,,,,,,,,,
P09758_and_Q9UKB5,0.3621079968492352,0.346692062179368,0.07398476269953785,18.545370370370378,41.890617977528095,-4537.914955758199,B_C,,,,,,,,,,,
P09758_and_P05067,0.3503419508991209,0.34663773530958253,0.47837075269546087,21.666473029045672,62.03417910447759,-1777.4571233949537,B_C,,,,,,,,,,,
P09758_and_Q8NG92,0.40102958098826286,0.3465667800056972,0.06638045767421394,17.560763358778633,55.05222222222225,-17258.545417457164,B_C,,,,,,,,,,,
P09758_and_Q9ULB4,0.35787682398070697,0.3465462507119725,0.06392284070696368,19.803181818181805,55.86515151515154,-1819.439602670347,B_C,,,,,,,,,,,
P09758_and_P05000,0.40376429105768236,0.34632909678248125,0.1528092659413493,17.134761235955043,52.752397660818716,-2134.2931022196167,B_C,,,,,,,,,,,
P09758_and_Q16538,0.37087337151528477,0.3458155898177772,0.10185273809118862,17.595718432510914,50.68447513812156,-2832.0581997324825,B_C,,,,,,,,,,,
P09758_and_P01563,0.4049462906540164,0.3456735221469608,0.1419573848606218,17.221990740740733,63.87992424242428,-1987.5143353850424,B_C,,,,,,,,,,,
P09758_and_A0A0A0MRZ8,0.4156774011533466,0.3456076154589739,0.16789448938361626,17.11246006389778,56.088181818181816,-1994.2676578271662,B_C,,,,,,,,,,,
P09758_and_Q96PX8,0.35834861915337934,0.3455126401979194,0.40917143408574264,21.206496519721583,64.42011363636365,-20779.223815195102,B_C,,,,,,,,,,,
P09758_and_Q13586,0.3452886504332594,0.3453776288277812,0.07114621932775735,21.367733333333312,51.3163492063492,-4685.509608035143,B_C,,,,,,,,,,,
P09758_and_Q6ZWE6,0.3507649226161583,0.34529832082219386,0.12969626728051326,19.172526193247943,60.306999999999995,-12064.320387252792,B_C,,,,,,,,,,,
P09758_and_Q13651,0.35310723155881263,0.34529818605080453,0.17974634190343974,20.2390604890605,50.82407766990294,-21506.45338924429,B_C,,,,,,,,,,,
P09758_and_Q8NGJ0,0.40368552949052094,0.3452484052969748,0.08973670299037369,20.014887640449444,61.07632530120481,-7546.394376299895,B_C,,,,,,,,,,,
P09758_and_Q96A83,0.3597547101713015,0.34514506117761473,0.11029949156970323,14.303486055776897,43.606068965517245,-1373.5518054719141,B_C,,,,,,,,,,,
P09758_and_A0A075B6Y9,0.4416579103495727,0.34504986388120124,0.08817642487045643,13.816066066066075,23.494606741573037,-972.9901117921977,B_C,,,,,,,,,,,
P09758_and_Q6UXG3,0.3714202009486954,0.34485474239485464,0.11203651437537007,18.625827814569526,58.90185714285716,-6409.461637187604,B_C,,,,,,,,,,,
P09758_and_Q16769,0.4074600241568963,0.3448384908459709,0.17472032034831736,16.252192982456123,65.95985611510791,-8673.991774957083,B_C,,,,,,,,,,,
P09758_and_Q96QH8,0.40687659701998924,0.3446469465346748,0.127220414342689,16.866064638783282,66.73041916167661,-4540.42355282655,B_C,,,,,,,,,,,
P09758_and_P08476,0.36347784336769123,0.34460767970022277,0.0812118548224387,22.602967359050457,53.166724137931006,-2563.0782772881903,B_C,,,,,,,,,,,
P09758_and_Q9NS15,0.33553554561726395,0.3446051066061625,0.1212116380164053,21.22532588454372,54.47307692307692,-1663.0292097538477,B_C,,,,,,,,,,,
P09758_and_A0A087WVF3,0.3648243507538048,0.3445141320728967,0.19204751342796955,23.367636195752528,61.329418181818184,-3324.7208323769664,B_C,,,,,,,,,,,
P09758_and_O75882,0.4060793600815895,0.34434545212989576,0.07156211001864837,20.580499999999997,44.03029411764707,-11071.829078084185,B_C,,,,,,,,,,,
P09758_and_P29972,0.38192861397023004,0.3442424802071644,0.12264536326495766,18.8337760910816,64.91929824561404,-5634.391137240453,B_C,,,,,,,,,,,
P09758_and_Q9Y2Q0,0.4204572132852403,0.34417917055282293,0.06881732623956581,21.34906832298137,48.41780701754387,-5267.77811486871,B_C,,,,,,,,,,,
P09758_and_Q92681,0.3500266151001974,0.3439751248668015,0.12576512406684132,19.750707213578497,40.7702840909091,-1644.78002487505,B_C,,,,,,,,,,,
P09758_and_P18075,0.3889719212916897,0.34392431719464134,0.14950196756162623,19.99467889908258,46.65402515723273,-6770.606835163392,B_C,,,,,,,,,,,
P09758_and_Q86UE6,0.38402249336365246,0.3439103971667591,0.12578719508379768,19.97023529411764,50.14092105263159,-20941.810297657736,B_C,,,,,,,,,,,
P09758_and_Q8NGJ4,0.4020469869565254,0.3438672122797438,0.14561224828647235,19.356120826709038,48.849999999999966,-7105.196196548238,B_C,,,,,,,,,,,
P09758_and_Q14114,0.36280311222149536,0.34384718968558503,0.371855345625818,23.092341941228852,65.88457912457908,-2401.702595055831,B_C,,,,,,,,,,,
P09758_and_Q8WUX1,0.4018427006514761,0.3438134681775487,0.1189233191150235,19.012790697674415,53.08895287958118,-3912.102991426298,B_C,,,,,,,,,,,
P09758_and_Q9BU40,0.3617127777415636,0.3436668987337481,0.14014992326005096,20.3661847389558,47.603272058823535,-2325.0608887023845,B_C,,,,,,,,,,,
P09758_and_P06850,0.3951846283364486,0.3436600458819884,0.12603462133341817,14.244416562107915,44.374424242424254,-1281.670532061049,B_C,,,,,,,,,,,
P09758_and_P55289,0.35190197201498474,0.3433956962781538,0.2775840042491055,23.79504437869824,65.42587301587307,-2295.062996122382,B_C,,,,,,,,,,,
P09758_and_Q9C0A0,0.41403889117184933,0.34331645052096554,0.1543871227549503,21.344444444444445,64.98376543209879,-6905.123101748199,B_C,,,,,,,,,,,
P09758_and_A0A3G1DIU6,0.4378785767315016,0.3432398018754764,0.15327634709989732,14.043401015228442,15.816213592233009,-848.7478733214466,B_C,,,,,,,,,,,
P09758_and_Q92563,0.36088173840591653,0.34322602018050996,0.16104506043702577,20.212256097560953,60.37587962962965,-1055.871707150065,B_C,,,,,,,,,,,
P09758_and_A6NDB9,0.3503525748067684,0.34312884796589427,0.10715393703575536,18.239603559870528,47.597712177121785,-1291.2319164762885,B_C,,,,,,,,,,,
P09758_and_Q9Y5H3,0.35741801701085607,0.3430680579577825,0.20831748883468193,22.42482993197283,62.6065425531915,-2975.8655823902627,B_C,,,,,,,,,,,
P09758_and_P47901,0.36760331740611124,0.3428947019342625,0.21978549590568847,23.997007616974997,62.21942222222221,-2205.127572420758,B_C,,,,,,,,,,,
P09758_and_Q8NH07,0.3995447413213404,0.3427740324510903,0.13551821978800027,17.369523809523816,62.02582781456953,-10304.446328367114,B_C,,,,,,,,,,,
P09758_and_Q96BF3,0.37455664840249514,0.34200185578018943,0.0866652853152143,18.99875444839858,53.42033149171269,-1902.7685678700727,B_C,,,,,,,,,,,
P09758_and_O14512,0.3574387491696424,0.34188762389907934,0.14607931257047393,17.889044289044296,56.2164824120603,-1175.2984380287162,B_C,,,,,,,,,,,
P09758_and_Q9BZF2,0.3657813365858772,0.34187975602588394,0.36840376728420604,25.747053186391888,53.61425219941351,-7385.064469560675,B_C,,,,,,,,,,,
P09758_and_Q96ID5,0.37792585923634037,0.3418724745854839,0.25523308883891377,18.621266002844994,54.59442528735632,-1183.0636093121648,B_C,,,,,,,,,,,
P09758_and_Q6DKI7,0.3677109261042605,0.34186161205957133,0.19806526677720543,18.787298091042583,59.47287356321837,-7128.412751522217,B_C,,,,,,,,,,,
P09758_and_Q96SB3,0.34226062085311904,0.34162251235320806,0.15205725904637532,17.529488703923906,61.84465116279069,-1436.0975767539203,B_C,,,,,,,,,,,
P09758_and_Q9Y6N8,0.354775004778241,0.3414884727430698,0.16095401807466084,22.39075403949729,60.618160919540195,-1428.3140003129865,B_C,,,,,,,,,,,
P09758_and_Q6IMN6,0.33391480369460846,0.3413226695052884,0.20120948925442014,19.608311688311687,52.559427083333325,-2510.887042316448,B_C,,,,,,,,,,,
P09758_and_P55011,0.38546555341681,0.340974225438601,0.10128982371665046,22.753054662379448,23.573388888888893,-4369.216724558617,B_C,,,,,,,,,,,
P09758_and_Q9NYI0,0.3361864473078126,0.3409550064256107,0.21637187627360283,22.57396049896046,63.759963768115966,-5938.983898410486,B_C,,,,,,,,,,,
P09758_and_A0A0C4DH43,0.41131992955481705,0.3406911243813086,0.09697861948768535,15.47556561085972,58.276544117647035,-709.2567236005447,B_C,,,,,,,,,,,
P09758_and_Q9NPH5,0.40744268570881814,0.3406438236738523,0.09004255343344719,17.216903409090897,65.78438016528926,-12281.406380040642,B_C,,,,,,,,,,,
P09758_and_P84996,0.3418028706441646,0.34060827545169264,0.09613650614714797,16.20643564356435,24.633404255319157,-4791.109638411232,B_C,,,,,,,,,,,
P09758_and_Q9Y666,0.3861513555586598,0.34060814554721486,0.044685716343940154,22.416242937853102,37.41048387096773,-2768.7104205259166,B_C,,,,,,,,,,,
P09758_and_Q6ZQN7,0.3988394747090025,0.34049451151511223,0.09321774659138127,19.93611615245009,56.13464968152868,-11784.063393546498,B_C,,,,,,,,,,,
P09758_and_Q02246,0.35117253882140476,0.3403914951011278,0.4391830835214683,26.07223113964688,67.98875675675673,-2341.0756214526045,B_C,,,,,,,,,,,
P09758_and_Q8TF62,0.4136761742900271,0.34034474649325963,0.09000576166097195,21.574871134020622,54.28586956521741,-6370.605026351291,B_C,,,,,,,,,,,
P09758_and_Q96NZ9,0.394208857221702,0.34029428941898476,0.16348113374194206,14.050510204081633,28.64755395683453,-2412.857338808504,B_C,,,,,,,,,,,
P09758_and_O95049,0.35865286803713786,0.34022283090048255,0.1753417409765486,24.774420024420017,52.74218884120171,-17599.14620867302,B_C,,,,,,,,,,,
P09758_and_Q96NE9,0.3617585295396101,0.3400956490090156,0.1264461466130121,22.81468842729969,58.93612500000001,-1836.438416529687,B_C,,,,,,,,,,,
P09758_and_P02452,0.3282457833344762,0.339948307468758,0.1933862514133813,23.302048022598854,63.73845714285712,-16654.556237421493,B_C,,,,,,,,,,,
P09758_and_P38405,0.4006389262355041,0.33984910034882787,0.14449214615434589,16.919010416666662,65.91158273381296,-2396.592734042237,B_C,,,,,,,,,,,
P09758_and_P0CJ68,0.4355832295760357,0.3397890855694633,0.12568541098558111,13.625340599455045,16.224857142857143,-822.2149366061338,B_C,,,,,,,,,,,
P09758_and_O60312,0.3917668684063952,0.33971205280264677,0.07609640665123522,21.721075581395333,61.24420634920636,-5981.049426504749,B_C,,,,,,,,,,,
P09758_and_Q8IZP9,0.346024041185805,0.33967658743815354,0.09381077082907334,19.919178082191735,56.075576923076916,-4402.730586300251,B_C,,,,,,,,,,,
P09758_and_Q7LBE3,0.38987851592437617,0.3396642450106273,0.16828848333981905,22.530733944954136,60.17840707964606,-4989.56016323077,B_C,,,,,,,,,,,
P09758_and_P01880,0.3626632935147158,0.3396209430773943,0.28901004797097274,22.20521155830755,60.412903225806424,-2910.62150855461,B_C,,,,,,,,,,,
P09758_and_Q96QA5,0.380390703268527,0.33862878843497546,0.15320488989480843,19.420682730923687,47.797444933920666,-2928.171280346731,B_C,,,,,,,,,,,
P09758_and_O75022,0.36427158902944495,0.3385038874426216,0.17519296415930197,23.53160173160173,63.43051643192486,-8358.989924099438,B_C,,,,,,,,,,,
P09758_and_P06213,0.3504576347859814,0.338337963793844,0.3004126170601775,22.365180102916018,55.94258964143422,-2612.390698201023,B_C,,,,,,,,,,,
P09758_and_P15907,0.39083897630314546,0.33814272030785897,0.19529396721076617,13.46649590163934,52.69940789473683,-3716.6065996615484,B_C,,,,,,,,,,,
P09758_and_Q5GAN3,0.40241115344262024,0.33798183687252714,0.13660866647271405,13.449882903981276,55.035895522388046,-1008.6710230968174,B_C,,,,,,,,,,,
P09758_and_P58166,0.37464756549771777,0.3379791548880109,0.12861602611428768,18.507420924574227,59.13208333333335,-1130.6878091999588,B_C,,,,,,,,,,,
P09758_and_Q9BSW2,0.33991895812626205,0.33795204354709696,0.17887783308655983,19.13004201680673,61.12375000000003,-1742.2763431550738,B_C,,,,,,,,,,,
P09758_and_Q8NG35,0.417181069327733,0.3378962025270612,0.10103136310272552,14.297943722943725,43.69171875,-2377.277770129281,B_C,,,,,,,,,,,
P09758_and_A4D2P6,0.33314119785572194,0.33746907696449513,0.21047367469649958,23.227644492911665,60.13230452674898,-2458.2846665298275,B_C,,,,,,,,,,,
P09758_and_P20366,0.4021119381409892,0.3374258494168975,0.13808202969566413,13.738288288288302,39.932893081761,-636.6572572578016,B_C,,,,,,,,,,,
P09758_and_Q8N436,0.40314051319177435,0.33733668128891436,0.1845767579587861,19.32904984423677,58.2586829268293,-8487.142247039172,B_C,,,,,,,,,,,
P09758_and_Q969J5,0.38114109112756156,0.3371168417539907,0.0929450370535697,16.99486725663716,54.67497142857143,-13490.154395470863,B_C,,,,,,,,,,,
P09758_and_P12277,0.3978936193369313,0.33700329408612156,0.16128816868794302,19.292361111111106,52.685852272727296,-11325.435348953692,B_C,,,,,,,,,,,
P09758_and_Q9UGH3,0.3877298371847423,0.3368505920117626,0.11381786859728316,21.572779043280235,53.22618357487922,-3509.7269288785737,B_C,,,,,,,,,,,
P09758_and_P63165,0.4101843712389224,0.3367796151906533,0.2835053936543336,15.932517482517468,66.16529801324502,-857.6854936436487,B_C,,,,,,,,,,,
P09758_and_Q9NRM0,0.40109522181839874,0.3365384186932969,0.12354776684804472,18.52720797720798,53.70867256637168,-12190.397776187596,B_C,,,,,,,,,,,
P09758_and_Q96LR9,0.3805312169526,0.3365181342472813,0.08388969608067777,18.851800720288104,49.614068627451,-1980.691315188942,B_C,,,,,,,,,,,
P09758_and_P18627,0.3674701608036903,0.3361870073728016,0.17083626332263727,19.147391304347828,63.93723214285713,-3519.4145966110864,B_C,,,,,,,,,,,
P09758_and_P22626,0.3658619525146518,0.3360143292319453,0.2950686049826124,21.40944444444445,65.96124999999999,-2972.810092819953,B_C,,,,,,,,,,,
P09758_and_A0A584,0.4074341171839406,0.33584785458505373,0.05788836586548206,16.62783203124997,58.045033557046985,-3635.3360444258765,B_C,,,,,,,,,,,
P09758_and_Q5VYX0,0.39401185166379504,0.33584545346966516,0.1824752061315609,18.929347826086914,62.6275287356322,-16664.944974809336,B_C,,,,,,,,,,,
P09758_and_Q96CW1,0.3636152204020499,0.33548335118796846,0.12302984667162462,21.651999999999983,62.929632352941155,-12708.772708330605,B_C,,,,,,,,,,,
P09758_and_P35625,0.389645629553412,0.33544477485570257,0.16672377170296165,17.04452269170578,51.30770114942527,-5360.405568647297,B_C,,,,,,,,,,,
P09758_and_Q6UXI7,0.36167900599220737,0.3354334440547909,0.10139780017508476,19.049148936170205,61.327947019867544,-8921.566475953972,B_C,,,,,,,,,,,
P09758_and_O15263,0.41988531133402873,0.3352120553085215,0.10018032670099487,12.107400000000004,50.829629629629636,-1298.990825701258,B_C,,,,,,,,,,,
P09758_and_O14610,0.4186657098984339,0.3345510541259998,0.0638099034302941,15.324900398406376,41.91447761194031,-6254.675117275896,B_C,,,,,,,,,,,
P09758_and_P24001,0.3895615117445328,0.3343549624706701,0.08622985945416158,15.826368491321745,50.71283236994218,-1796.325606846658,B_C,,,,,,,,,,,
P09758_and_P0DOY2,0.40808203456761905,0.3342388696512659,0.13522306392030042,17.32346698113206,67.06975999999997,-2035.4545328273805,B_C,,,,,,,,,,,
P09758_and_Q8WXD2,0.3518109566153533,0.3340570701812434,0.11842500380828797,22.20462529274008,52.27738532110097,-16092.58251623359,B_C,,,,,,,,,,,
P09758_and_Q9BZA8,0.3355080262946445,0.33401087970598137,0.1306662556709156,22.010358342665157,56.599594594594556,-3479.4453640544452,B_C,,,,,,,,,,,
P09758_and_Q8TE59,0.34239262720136077,0.33381429271207586,0.1477402066864659,22.37697072072072,37.43372623574144,-10180.037125077011,B_C,,,,,,,,,,,
P09758_and_Q6PEZ8,0.40039009537250037,0.3338118989727179,0.06976829774529131,21.092338709677403,54.82949494949493,-3794.0905469538075,B_C,,,,,,,,,,,
P09758_and_Q04609,0.4164379168128379,0.3337185150178237,0.06580359295796537,21.82805555555554,60.875337837837854,-12644.421608886625,B_C,,,,,,,,,,,
P09758_and_P98198,0.40089237256496013,0.3336999829002961,0.04728297449269188,21.880722891566275,53.965413533834614,-3625.8051474749436,B_C,,,,,,,,,,,
P09758_and_B0L3A2,0.4114115319556966,0.33363071485248924,0.0983516692466755,15.673743500866577,36.433311258278145,-1055.737643077502,B_C,,,,,,,,,,,
P09758_and_Q6XPR3,0.33470717907178843,0.33346157099067547,0.07848114954094984,19.71132596685085,52.80262499999998,-4069.523684540465,B_C,,,,,,,,,,,
P09758_and_Q8IW52,0.339527599552921,0.3333533675305479,0.5570846631789108,20.709962546816396,72.01394422310753,-5286.409829609496,B_C,,,,,,,,,,,
P09758_and_A6NGN9,0.37351451567266963,0.3329262873924894,0.15593159575497684,21.113076923076925,62.93298701298698,-10382.255653114611,B_C,,,,,,,,,,,
P09758_and_Q15849,0.3969288347266707,0.3328631103745763,0.07815283401252114,23.928595317725755,63.85416666666666,-12770.288484828774,B_C,,,,,,,,,,,
P09758_and_P0DOX3,0.35044718527914837,0.3328600833358676,0.1405648827292118,18.533640552995383,59.04114754098361,-1547.9390789232493,B_C,,,,,,,,,,,
P09758_and_P55001,0.3805535632846791,0.33243210065610634,0.09045184842090978,15.787027027027031,46.6093103448276,-1259.4314068245585,B_C,,,,,,,,,,,
P09758_and_B9A064,0.3817417522309821,0.33233368191128865,0.11839751934990964,17.635618279569897,61.616406250000026,-6061.092849036995,B_C,,,,,,,,,,,
P09758_and_O14939,0.41938243394361874,0.3322549724156474,0.40980154976240524,23.887338709677433,61.87982456140351,-3209.8583862934643,B_C,,,,,,,,,,,
P09758_and_Q717R9,0.38440775844026137,0.3320896370623103,0.08532774736163098,17.085139860139872,27.585816993464054,-826.7721307729962,B_C,,,,,,,,,,,
P09758_and_Q8IYD9,0.35754880958489527,0.3320226073131195,0.08288101704841826,18.892327044025162,47.22881188118814,-5859.370957190797,B_C,,,,,,,,,,,
P09758_and_P0CJ73,0.42932602118947666,0.3316970599674941,0.09983995835002632,13.627859237536656,14.866039603960392,-734.1031669757733,B_C,,,,,,,,,,,
P09758_and_P42702,0.3579869449956107,0.331674145220834,0.11436455054631649,21.56236786469343,62.320633802816864,-10637.092188565506,B_C,,,,,,,,,,,
P09758_and_O75326,0.40535085331161097,0.3313966942517028,0.07937827535575273,18.153363228699547,62.88317567567568,-4585.51627086193,B_C,,,,,,,,,,,
P09758_and_O95274,0.3657541441960439,0.33139024168839415,0.11345232893371918,18.409768211920515,61.68089285714285,-11826.141509606869,B_C,,,,,,,,,,,
P09758_and_P02753,0.3893405959036318,0.3313565737778297,0.19759795045079703,15.077012987012962,63.604615384615435,-2059.1899244704723,B_C,,,,,,,,,,,
P09758_and_O76027,0.3910714397116571,0.3313096315135916,0.1465249712363237,19.617610062893064,69.44821656050958,-2166.2049309565086,B_C,,,,,,,,,,,
P09758_and_A0A087WT01,0.40504577271473274,0.3309074349466174,0.07819539609779436,17.281226765799257,61.33467625899281,-7380.23637477788,B_C,,,,,,,,,,,
P09758_and_P18510,0.39288087447250186,0.330875301119418,0.10348508916679365,16.098243243243253,62.905919999999995,-6562.573911387416,B_C,,,,,,,,,,,
P09758_and_Q93091,0.3958130804145915,0.33056328214984765,0.17597020739993463,18.792738589211595,70.54362416107385,-5883.063203887855,B_C,,,,,,,,,,,
P09758_and_Q9BX79,0.38470194872148983,0.33053836603668063,0.06855370664210582,21.35426829268291,52.19238709677421,-8833.966421154691,B_C,,,,,,,,,,,
P09758_and_Q8WU08,0.3829235405383323,0.3305012680336715,0.07973641541489355,17.271639042357286,62.8573652694611,-1233.8638230549404,B_C,,,,,,,,,,,
P09758_and_P04433,0.4028779107532878,0.3304460803812277,0.11793260378149614,16.816339285714257,57.95268292682925,-1933.9127363474645,B_C,,,,,,,,,,,
P09758_and_P31327,0.4316282060698718,0.33038486863446104,0.23051741834144177,23.817179902755274,55.742067039106146,-13891.187660412104,B_C,,,,,,,,,,,
P09758_and_Q8NHJ6,0.34544404800752204,0.33029985618797636,0.19595426136390268,22.03204697986574,59.41352112676054,-20336.97977373266,B_C,,,,,,,,,,,
P09758_and_P30550,0.37133720805870374,0.3298515130542603,0.14402016294403264,18.615810276679838,61.93890547263678,-1566.3064380053893,B_C,,,,,,,,,,,
P09758_and_P27815,0.3506626789010621,0.3297797702119889,0.2416167437423497,23.328185328185278,58.24844236760122,-7251.192555238184,B_C,,,,,,,,,,,
P09758_and_A0A804HLA8,0.4149831596306743,0.3297484052046936,0.13422132451101365,14.326206896551703,41.66791366906476,-1031.2414151206103,B_C,,,,,,,,,,,
P09758_and_P08254,0.3525848285595072,0.3294997304665271,0.09044305501074615,21.042573402417922,44.918191489361696,-4248.442727080939,B_C,,,,,,,,,,,
P09758_and_P0C7X1,0.3520515645700634,0.3291734009848424,0.40717254022166843,24.01186386768445,53.91516320474776,-3888.6955518565665,B_C,,,,,,,,,,,
P09758_and_Q8IWV1,0.35124448813839837,0.3290635601394581,0.09242861156935038,19.21662499999999,49.07879464285713,-849.3181826756263,B_C,,,,,,,,,,,
P09758_and_O14788,0.3668058825895091,0.32877910165893454,0.08033435572275746,20.94524886877826,61.10527559055116,-3356.8857521870796,B_C,,,,,,,,,,,
P09758_and_P55285,0.34377932919520093,0.32873076661816714,0.16219209751997946,22.465491651205955,59.06258620689652,-1857.1705924767466,B_C,,,,,,,,,,,
P09758_and_A0A087WXS9,0.34992539009308055,0.3286027415493009,0.27134584194400857,23.48628808864264,58.017072463768145,-1397.956083411329,B_C,,,,,,,,,,,
P09758_and_Q96P48,0.3319740056543503,0.3285937786810992,0.5573060195863699,25.966933402168316,53.87147147147147,-4821.947280153661,B_C,,,,,,,,,,,
P09758_and_P51884,0.3858752194348854,0.3284512127527054,0.07981522324968869,18.689317180616754,61.59136094674555,-1330.267482505338,B_C,,,,,,,,,,,
P09758_and_Q8WWV6,0.3457204089253917,0.3281630951658716,0.11457470287749992,20.10916795069337,55.661801242236045,-2480.074029958232,B_C,,,,,,,,,,,
P09758_and_O95490,0.3358204762022936,0.32793405939133463,0.23294140374218317,24.845193508114857,51.814099099099096,-15628.973756583699,B_C,,,,,,,,,,,
P09758_and_Q96P31,0.3541568927141264,0.32788753021508205,0.07899877794550414,17.31998011928428,52.34744827586207,-3827.7998768857506,B_C,,,,,,,,,,,
P09758_and_Q7RTX0,0.37835674131169295,0.327861940655255,0.11846066758145384,16.74162561576354,55.83921052631581,-1752.4959740894396,B_C,,,,,,,,,,,
P09758_and_Q6UWM5,0.37538663573036457,0.3277996595474817,0.15839579118918187,16.077954545454528,54.37058823529411,-2833.423494624333,B_C,,,,,,,,,,,
P09758_and_Q9UNA0,0.3678644302289184,0.32777611194959766,0.24912694723054352,19.337835570469792,66.9594642857143,-3601.117043530805,B_C,,,,,,,,,,,
P09758_and_P06310,0.3999078421162968,0.327699408901245,0.10434813283252509,17.7091535433071,60.44229729729728,-3480.3058294422026,B_C,,,,,,,,,,,
P09758_and_P46095,0.37256423533749894,0.32769534338987205,0.08153187799687636,19.49388984509467,57.22377777777776,-4408.434690246618,B_C,,,,,,,,,,,
P09758_and_P01599,0.3934481342247059,0.3276578230328174,0.17866817749276645,19.564831261101244,68.22658536585365,-5881.425453824215,B_C,,,,,,,,,,,
P09758_and_Q5JTD0,0.3371347860622868,0.32764821540324673,0.10157885433696268,18.566695205479448,41.462560975609755,-2311.328588934688,B_C,,,,,,,,,,,
P09758_and_C9J069,0.32549249490200677,0.3276298660051997,0.23952183722380105,24.187518968133542,57.31928571428569,-3040.4687775567727,B_C,,,,,,,,,,,
P09758_and_A0A0B4J273,0.40175044401644294,0.3276143597279465,0.10923727753202025,17.328937007874025,53.754326241134756,-2912.3131918799445,B_C,,,,,,,,,,,
P09758_and_O14791,0.3522758110541586,0.32757026670802086,0.09743699071136744,20.865079365079378,51.600871559633035,-17706.618614423965,B_C,,,,,,,,,,,
P09758_and_Q8NFA2,0.35943847360476067,0.32747328796815944,0.14079177377039825,20.331614963503622,54.050310077519384,-1885.8461399904772,B_C,,,,,,,,,,,
P09758_and_Q8TD20,0.3798989513399954,0.32739446983824627,0.06345069792891737,20.056498951781943,56.9428125,-18097.060564488787,B_C,,,,,,,,,,,
P09758_and_P22894,0.3791372662252599,0.3273391010287985,0.08540635657685733,18.077620396600526,60.54648437500002,-14688.605809841032,B_C,,,,,,,,,,,
P09758_and_Q9NR16,0.3315095697338994,0.32729896421035654,0.07755835757046252,23.670644599303127,46.9976651982379,-8601.739379809882,B_C,,,,,,,,,,,
P09758_and_P0CJ74,0.4255850604479127,0.3272297710058588,0.10110002547125035,13.925348189415052,24.17934065934067,-799.3727506464502,B_C,,,,,,,,,,,
P09758_and_A6NJ69,0.41713471164516186,0.3270643234760443,0.06499231082133024,15.16229838709677,37.78407407407405,-1788.545843168824,B_C,,,,,,,,,,,
P09758_and_A0A0A6YYG2,0.3933793768360109,0.32653586700831405,0.10085232033370463,17.549874371859314,59.24134920634919,-2296.976290343233,B_C,,,,,,,,,,,
P09758_and_Q5T3U5,0.396415139260323,0.326492078228637,0.07064788841729534,23.995259593679442,56.17303225806452,-9834.32879173005,B_C,,,,,,,,,,,
P09758_and_O75973,0.37074553089531515,0.3264409705504372,0.13987045806027879,16.32426470588233,62.04282051282049,-7063.498033808844,B_C,,,,,,,,,,,
P09758_and_A0A0B4J277,0.3970071270607681,0.32619585727170025,0.18221729525315913,16.654545454545474,67.29107382550336,-1599.9775521267256,B_C,,,,,,,,,,,
P09758_and_Q96PL5,0.3490682449555318,0.32580979879847805,0.3020397038974642,14.213475177304963,68.54170542635659,-1356.7997422911203,B_C,,,,,,,,,,,
P09758_and_P32246,0.3830062597533079,0.32555038222271143,0.14518633175697,16.918684603886405,65.17683060109295,-1711.1807649446532,B_C,,,,,,,,,,,
P09758_and_A0A0B4J265,0.3996878228853742,0.3253962842261068,0.1255816525233369,16.11227876106194,61.67000000000003,-2376.9238820650544,B_C,,,,,,,,,,,
P09758_and_Q8NGC0,0.372331631499817,0.3250446309234506,0.10524602686271342,20.5401909722222,58.2457228915663,-3774.4308139090376,B_C,,,,,,,,,,,
P09758_and_Q9UMD9,0.3168296203850708,0.3248679280270242,0.08409782249922906,22.635422535211266,48.86673819742487,-4299.503238629812,B_C,,,,,,,,,,,
P09758_and_P01859,0.35336298491516904,0.3242640592207345,0.16920654472571328,19.938179669030713,72.36937062937068,-17312.342377442532,B_C,,,,,,,,,,,
P09758_and_Q99983,0.3757919826913798,0.32422017815507337,0.07483564123572498,20.490976645435275,50.382546583850946,-11048.673335054144,B_C,,,,,,,,,,,
P09758_and_A0A0B4J244,0.3991750610002104,0.32404634941859944,0.08150448045304724,16.45734989648033,53.30091603053437,-3832.7713089038593,B_C,,,,,,,,,,,
P09758_and_P68104,0.36894495045125814,0.3240345174376128,0.15555474848587825,21.75047169811328,51.67758139534887,-17188.38270721348,B_C,,,,,,,,,,,
P09758_and_Q96PE1,0.3330051127615211,0.3239718709731406,0.13597413421474716,22.63198412698414,50.13380116959066,-3420.366562875868,B_C,,,,,,,,,,,
P09758_and_P55286,0.33771372905093894,0.32391236655069366,0.16340644521746225,23.555197132616502,64.50842696629212,-5001.3485715828265,B_C,,,,,,,,,,,
P09758_and_Q68DA7,0.32818748115073576,0.32370352449332784,0.0624258374236787,23.32188498402557,43.89083333333334,-2559.29506148168,B_C,,,,,,,,,,,
P09758_and_Q99720,0.3786567139402111,0.3234586245130885,0.15464209028994041,18.34327868852459,45.562577319587625,-8420.69002127376,B_C,,,,,,,,,,,
P09758_and_Q86TH1,0.32304691545902,0.32339944454829117,0.11562141407629854,21.37651315789472,47.52586854460091,-2860.3612146306987,B_C,,,,,,,,,,,
P09758_and_Q9BRV3,0.37653545875944266,0.3232322211937968,0.23922828343676847,17.19239302694137,71.82525000000001,-2133.8057877616197,B_C,,,,,,,,,,,
P09758_and_O95164,0.3976174599877003,0.3231804460392953,0.10418581451630556,15.877920227920221,54.82881818181819,-2201.597708647658,B_C,,,,,,,,,,,
P09758_and_P63252,0.3425682630036989,0.3231495824782561,0.17259475950952546,20.68616874135543,65.56500000000001,-3447.590081727462,B_C,,,,,,,,,,,
P09758_and_P48357,0.348481118864208,0.32303515676187977,0.10940262307125614,23.766468842729985,59.38230088495573,-4428.009731286438,B_C,,,,,,,,,,,
P09758_and_P02654,0.405814428104025,0.3229630726438084,0.10883645507992137,15.297690941385437,49.138940397351,-3411.8276234943755,B_C,,,,,,,,,,,
P09758_and_P20742,0.4058009258952482,0.3228795528882525,0.06799437936805973,26.65354223433243,62.88721518987339,-5137.8421320781945,B_C,,,,,,,,,,,
P09758_and_P51685,0.3638093897384339,0.322742020157521,0.21556736197513685,20.046867881548945,67.04950672645741,-1489.8593515254024,B_C,,,,,,,,,,,
P09758_and_Q96RD3,0.3799936958291955,0.32273405362421803,0.08014005844635617,19.93045634920634,55.73450980392161,-13407.816239504875,B_C,,,,,,,,,,,
P09758_and_Q96T83,0.36469599913439904,0.32259364472903496,0.1239529533665463,17.619230769230736,45.11483695652174,-3420.4668142191967,B_C,,,,,,,,,,,
P09758_and_A0A087WV62,0.39694472502362493,0.3223124560174346,0.09882876189980778,16.645684210526316,61.224551724137925,-2677.0460178152307,B_C,,,,,,,,,,,
P09758_and_O60331,0.35055942005902646,0.3220988792507784,0.1764633153056558,22.0703205128205,61.37574879227053,-2186.6057122292877,B_C,,,,,,,,,,,
P09758_and_Q8NGC9,0.38012446449955617,0.322062597506942,0.10906017656051685,21.40862552594671,62.72222797927462,-6831.419716059197,B_C,,,,,,,,,,,
P09758_and_Q96S86,0.3615481363188027,0.322059475533416,0.24952207927253003,18.03497053045183,60.89918367346935,-838.6735598506875,B_C,,,,,,,,,,,
P09758_and_Q8TEW0,0.3195181789086207,0.3217147726796387,0.22624592283671704,21.57354596622887,63.056407407407434,-4710.374593402725,B_C,,,,,,,,,,,
P09758_and_A0A0B4J245,0.39708542621063814,0.32160570203515226,0.13512518335122511,15.92783842794758,65.235,-1231.8107122714925,B_C,,,,,,,,,,,
P09758_and_Q92854,0.3819270387058297,0.3215383082618768,0.14949655776885065,22.623589341692778,65.120890052356,-9928.603484128838,B_C,,,,,,,,,,,
P09758_and_Q9UH65,0.35773971841241625,0.32150262286491466,0.1885277758090665,19.008753501400523,55.560617977528075,-1592.5931074748878,B_C,,,,,,,,,,,
P09758_and_P20849,0.3225522114505941,0.3214861773305515,0.08627282742580396,19.804270833333295,62.39532051282051,-13561.5111565677,B_C,,,,,,,,,,,
P09758_and_Q86X29,0.3306085940527067,0.32134716109308664,0.15232741459124835,20.264051522248252,59.16514492753623,-14669.39769560437,B_C,,,,,,,,,,,
P09758_and_Q2MV58,0.3371207950602773,0.32113185517637066,0.1617035933569275,21.13747002398083,57.3243457943925,-17869.675019934883,B_C,,,,,,,,,,,
P09758_and_Q8WXD0,0.37043912981378846,0.3209942565921204,0.050480181973444144,20.35882352941178,41.412658227848084,-6163.183715901188,B_C,,,,,,,,,,,
P09758_and_Q86UD0,0.3454956088605764,0.3209768240961694,0.08358348737420586,19.01922365988908,59.36913580246913,-1684.2577584994142,B_C,,,,,,,,,,,
P09758_and_Q8NH72,0.3736431601440136,0.3208789152131045,0.10279886019699071,14.615929203539812,51.008990825688066,-2098.294041163078,B_C,,,,,,,,,,,
P09758_and_O00574,0.37192205329282546,0.3207946899067441,0.18065868662174597,18.683883647798737,58.994150000000026,-2074.6109519996558,B_C,,,,,,,,,,,
P09758_and_Q9UHI8,0.3575230226445055,0.3207943395492001,0.31281198594606596,20.663599458728005,66.19661375661377,-2522.908881949954,B_C,,,,,,,,,,,
P09758_and_Q9UKU9,0.3342583534202953,0.3207465226842962,0.3616954395804538,24.201195814648766,73.3694210526316,-2726.3272687845774,B_C,,,,,,,,,,,
P09758_and_Q9H159,0.3349040005390117,0.3205824091060063,0.07720470236486351,19.87168674698795,55.524897959183676,-1940.7091328535553,B_C,,,,,,,,,,,
P09758_and_Q9Y287,0.3692518471876126,0.32040139538776624,0.16576966615547378,17.668591772151903,64.69920903954804,-2176.719623716066,B_C,,,,,,,,,,,
P09758_and_Q9ULF5,0.3257807668641873,0.3203669494309376,0.11009298107799045,18.372943221320956,56.83683417085424,-2465.1419049195247,B_C,,,,,,,,,,,
P09758_and_Q8TAB3,0.32781647406525505,0.3202925421649082,0.02787174743582263,18.404016064257032,29.756170212765973,-3503.382910854969,B_C,,,,,,,,,,,
P09758_and_Q86SJ6,0.3290836695728346,0.32027507211562767,0.10278249875865567,23.148611111111084,41.16767295597483,-2596.245236863211,B_C,,,,,,,,,,,
P09758_and_Q7Z3D4,0.35269382826838447,0.3199038278903521,0.11632330628703336,15.70719626168224,51.97902255639099,-977.2885947003979,B_C,,,,,,,,,,,
P09758_and_Q92963,0.377516375887739,0.3197548379082533,0.12662724072679948,17.5949806949807,67.27265822784808,-1321.9723430013157,B_C,,,,,,,,,,,
P09758_and_P0CJ70,0.4187288515385832,0.3197349091280435,0.10130325447279336,14.427310924369761,16.55142857142857,-1087.563656445426,B_C,,,,,,,,,,,
P09758_and_Q9BXM0,0.3121346509145577,0.3196317311848303,0.05518094297379139,20.326075268817213,59.91184210526316,-19598.041617219933,B_C,,,,,,,,,,,
P09758_and_Q02985,0.347141770743818,0.31958247888145497,0.22416558180063767,19.76235827664398,73.46541984732823,-2454.5658681286204,B_C,,,,,,,,,,,
P09758_and_P08697,0.37520001564826316,0.31947783475595143,0.1779120371428264,20.204819277108417,70.27115384615384,-2854.2010426999914,B_C,,,,,,,,,,,
P09758_and_Q9NRC9,0.3910493243378804,0.31943741781702606,0.12139365670949605,14.832941176470591,62.6191603053435,-1558.8462870033102,B_C,,,,,,,,,,,
P09758_and_P01571,0.3814971368211597,0.3194338163122954,0.15342975493753888,18.848095238095247,68.57568181818183,-1385.4200738836412,B_C,,,,,,,,,,,
P09758_and_P31371,0.37642139150152737,0.3191524489443761,0.15559671126001626,17.911786372007374,68.33177777777783,-2611.3887095353193,B_C,,,,,,,,,,,
P09758_and_P41968,0.3619312686780972,0.3191143510313912,0.06894134219022273,17.776050420168065,50.394312500000005,-1789.2869524772095,B_C,,,,,,,,,,,
P09758_and_P04180,0.3821066033837311,0.31906447492214696,0.10572051675064857,17.090451388888848,57.07704142011837,-4059.564481089599,B_C,,,,,,,,,,,
P09758_and_Q9H156,0.32969883405041733,0.3190462828274871,0.2951007025133424,22.86385459533605,50.18976525821598,-11353.711112873554,B_C,,,,,,,,,,,
P09758_and_Q9HD43,0.33488130337709904,0.31898498131298325,0.13448019425943983,20.814935064935057,58.4291139240506,-2115.292086405764,B_C,,,,,,,,,,,
P09758_and_Q8IZP1,0.34085403571086204,0.31895206344620075,0.21804265726004488,24.60620490620494,56.57263322884017,-1752.6336678653824,B_C,,,,,,,,,,,
P09758_and_Q6IPX1,0.34085403571086204,0.31895206344620075,0.21804265726004488,24.60620490620494,56.57263322884017,-1752.6336678653824,B_C,,,,,,,,,,,
P09758_and_P01023,0.400324098013489,0.318790831800554,0.07931260145120819,26.274514563106816,52.48319727891155,-19699.479485768185,B_C,,,,,,,,,,,
P09758_and_B2RUY7,0.3640959858266158,0.31871862527981104,0.07754741979917912,18.07046632124353,57.0054961832061,-1355.555719916134,B_C,,,,,,,,,,,
P09758_and_Q9NQ30,0.3710158970186911,0.31865941203086073,0.15849182029632583,20.286415711947605,43.46808917197451,-3350.695989555256,B_C,,,,,,,,,,,
P09758_and_A0A075B6I7,0.39549944169786544,0.318623928198669,0.10379928820264973,18.28922261484099,59.02810810810813,-2306.8698475971564,B_C,,,,,,,,,,,
P09758_and_Q68DH5,0.3771254807236059,0.31858028187784243,0.044259378728351347,20.096143958868883,45.547359999999976,-5812.973135300259,B_C,,,,,,,,,,,
P09758_and_Q9ULI3,0.3144968514333173,0.31853108599458957,0.16508460676248707,22.851328125000034,61.5494117647059,-5478.268244037376,B_C,,,,,,,,,,,
P09758_and_O75899,0.3625164806787208,0.3184571493769297,0.14043128273936364,24.37360655737706,63.64896551724137,-2996.953622216608,B_C,,,,,,,,,,,
P09758_and_Q14CX5,0.3866480140796797,0.318447898940351,0.2721837135031447,21.351200564971748,67.02682819383264,-2698.2849630145142,B_C,,,,,,,,,,,
P09758_and_P43251,0.3916432403239151,0.31798389306962505,0.10189421038462683,18.377662721893486,53.51889763779527,-11822.839562199526,B_C,,,,,,,,,,,
P09758_and_P09382,0.3882536943031597,0.3179783984231296,0.16707587119884645,15.639393939393951,67.92751773049643,-3957.170737919473,B_C,,,,,,,,,,,
P09758_and_Q86Y28,0.41243063190377005,0.31791226691414637,0.10784441142668787,15.463616557734207,24.690559999999998,-1806.163273807759,B_C,,,,,,,,,,,
P09758_and_Q06481,0.3230575038267877,0.3177662196651312,0.19965076409628116,22.913535911602196,64.2453917050691,-24553.262384240898,B_C,,,,,,,,,,,
P09758_and_Q16720,0.36785544607112547,0.3177553887441008,0.14158968169597697,25.254816223067156,58.14658227848103,-3555.880289854147,B_C,,,,,,,,,,,
P09758_and_A0A075B6K6,0.3913924511585269,0.31774770380370476,0.09419148247978969,17.055334538878846,50.83128205128205,-958.4701788681664,B_C,,,,,,,,,,,
P09758_and_Q14247,0.33469386128610834,0.3176568531934066,0.14810939665736372,20.225033692722423,54.02431906614788,-1318.424396362796,B_C,,,,,,,,,,,
P09758_and_P12314,0.35681667646407084,0.31752656170599114,0.17291666632151256,17.55670731707316,65.25432432432436,-1489.9730892044904,B_C,,,,,,,,,,,
P09758_and_Q9BQI7,0.3236612755199644,0.3174473709268774,0.36330770625568803,24.3858452138493,56.89525974025976,-3097.143800666003,B_C,,,,,,,,,,,
P09758_and_Q8NH08,0.37642106492859917,0.3174270461636072,0.14143161106486588,18.021322314049584,61.08571428571426,-4792.754147799077,B_C,,,,,,,,,,,
P09758_and_Q86SQ4,0.3223546806247472,0.3173883671954637,0.12484069528923834,22.830286493860843,51.184311111111136,-8135.818083874212,B_C,,,,,,,,,,,
P09758_and_Q96D96,0.3516392627166651,0.3172231458840781,0.07025162031300843,14.954264705882368,31.73814814814814,-4046.773925154453,B_C,,,,,,,,,,,
P09758_and_O14641,0.3235192255766465,0.31721845183804614,0.11719207599337927,21.733627797408715,56.70312499999999,-3913.675283735094,B_C,,,,,,,,,,,
P09758_and_P10915,0.36958792727189993,0.31701487497620223,0.20121962160871054,19.316612903225813,54.115930232558135,-9681.184596440524,B_C,,,,,,,,,,,
P09758_and_P48745,0.34631235356014384,0.317004843151573,0.11526456807445463,21.317105263157902,53.089347826086986,-1943.3837610224127,B_C,,,,,,,,,,,
P09758_and_A8MTI9,0.35421147818728405,0.31694011496652386,0.07820596962781877,18.019120135363824,52.00264550264552,-1174.0715585572761,B_C,,,,,,,,,,,
P09758_and_Q9BYT9,0.38552151251261046,0.3166574094196658,0.05634619997988727,22.363385826771648,55.685230769230756,-13614.080263631009,B_C,,,,,,,,,,,
P09758_and_Q8WY07,0.3886251162210845,0.31660101849871375,0.1393227719607433,19.159999999999997,48.47639639639642,-6163.961494571681,B_C,,,,,,,,,,,
P09758_and_Q96LA6,0.3380312103856799,0.3164998743435308,0.30856822324057376,22.90460805084744,66.82876651982379,-9742.220517050806,B_C,,,,,,,,,,,
P09758_and_Q9Y6R1,0.3668911723435182,0.31618575678404126,0.041005927553222,22.493908629441627,19.74925,-2538.3104628765504,B_C,,,,,,,,,,,
P09758_and_P22079,0.4025567466870966,0.31581979550109135,0.2700697404197437,21.745328719723155,56.358608695652165,-19867.44620608018,B_C,,,,,,,,,,,
P09758_and_Q96SM3,0.3874903750934735,0.31555658295199235,0.20706465635576546,19.817048929663606,53.386206896551705,-6548.826927900719,B_C,,,,,,,,,,,
P09758_and_P06756,0.3674759334178672,0.31537822284215117,0.5670010001814403,20.695470232959448,58.2490476190476,-18471.69433945029,B_C,,,,,,,,,,,
P09758_and_Q8TE60,0.33200457270322564,0.3151603103638476,0.2651408282683325,21.57269553072624,50.29720183486237,-7102.9631200105705,B_C,,,,,,,,,,,
P09758_and_Q9NYB5,0.3794858917704924,0.31483326376378046,0.10658730684116904,21.587626262626248,57.148864864864876,-2820.5403224417064,B_C,,,,,,,,,,,
P09758_and_Q05469,0.3587684680626734,0.3147434852289564,0.2450847873833812,23.669748229740392,59.21517605633806,-2520.769824013325,B_C,,,,,,,,,,,
P09758_and_Q8IZU9,0.3341294456839586,0.3147055016283069,0.0730148808877847,22.568988764044942,56.57088050314466,-3243.7263102653324,B_C,,,,,,,,,,,
P09758_and_P04278,0.37574881035473534,0.31469569924791074,0.10793296563630139,17.023972602739732,56.07391304347828,-2172.8753932715767,B_C,,,,,,,,,,,
P09758_and_Q15049,0.34201628850277255,0.3146861892427178,0.10483457612231442,18.95265486725662,55.789810126582275,-2045.1115246035188,B_C,,,,,,,,,,,
P09758_and_Q8N162,0.37203493454323816,0.31464618581370263,0.07009343540607343,20.291391304347844,58.267070063694284,-9137.620486143875,B_C,,,,,,,,,,,
P09758_and_Q15726,0.3753067661651225,0.31456526977454097,0.18712879261732523,16.164298401420965,22.299489051094888,-1233.1078791136429,B_C,,,,,,,,,,,
P09758_and_O75386,0.3472625495656054,0.31450789510656607,0.2724320370310143,19.76680107526881,63.56304123711339,-3037.968331425084,B_C,,,,,,,,,,,
P09758_and_Q6UXV3,0.3738631934200627,0.3144310330845288,0.06878662247722002,17.435877862595444,37.786380368098165,-1462.783213824101,B_C,,,,,,,,,,,
P09758_and_A0A0A6YYK1,0.39040928776259365,0.3144255790548241,0.07208680351732961,17.484848484848484,59.84906976744186,-1812.7042723521135,B_C,,,,,,,,,,,
P09758_and_P03973,0.3835668261058707,0.31440957868706093,0.09446798145468503,13.624683544303796,53.62760683760684,-1625.1844430985523,B_C,,,,,,,,,,,
P09758_and_Q9BYE9,0.3205593116019301,0.31432324862943184,0.13745571743388144,23.375925925925934,70.70012820512822,-7452.6489903697475,B_C,,,,,,,,,,,
P09758_and_Q16581,0.3518596099042594,0.3142393419933125,0.14687570898608485,21.676011994003016,65.154375,-12421.857247551641,B_C,,,,,,,,,,,
P09758_and_Q5UE93,0.3772055304758879,0.31417239774554256,0.2275555085631065,22.5901960784314,65.38416666666664,-3122.799828140087,B_C,,,,,,,,,,,
P09758_and_Q495A1,0.35818392182252645,0.314101094968209,0.10636173751234455,17.029253112033178,55.5117391304348,-1634.597418110212,B_C,,,,,,,,,,,
P09758_and_Q494U1,0.328499221860171,0.314097966565553,0.18798214969766977,20.6836320754717,59.97524999999997,-2117.0313422384497,B_C,,,,,,,,,,,
P09758_and_Q9NRR3,0.3923301266576815,0.3137535463531558,0.06782724267662851,16.46233766233766,36.61349593495936,-1754.0326197333743,B_C,,,,,,,,,,,
P09758_and_Q16832,0.33236217187420025,0.3137400990766294,0.16121310186415735,22.434103641456606,60.4543062200957,-13611.861327022769,B_C,,,,,,,,,,,
P09758_and_Q8NGJ3,0.3762127076404149,0.3137304306264281,0.11084864912552546,19.589080459770152,56.796545454545424,-13921.699525765833,B_C,,,,,,,,,,,
P09758_and_P26012,0.34488866526000517,0.313715719995808,0.10674465682433845,18.995714285714293,50.977012987013026,-3175.5503443068374,B_C,,,,,,,,,,,
P09758_and_Q8NGE7,0.37125967415181027,0.3136831071822328,0.12155512399130029,17.824581589958154,63.5830769230769,-15328.639969414719,B_C,,,,,,,,,,,
P09758_and_Q6ZTQ4,0.327188011769148,0.3134397283190233,0.11601464056489351,20.45969072164948,61.376802721088445,-2749.0684828507437,B_C,,,,,,,,,,,
P09758_and_Q6UXN2,0.3707417311834414,0.31338443107120034,0.11027856448652118,15.754899135446705,66.96460176991152,-2921.651979067194,B_C,,,,,,,,,,,
P09758_and_P07911,0.3262976771623049,0.31333992671039557,0.4329861945496301,25.277888989990892,54.31870967741935,-2312.0195369928733,B_C,,,,,,,,,,,
P09758_and_P0CJ77,0.4134821696344426,0.31332066890456656,0.08926682563401868,15.246938775510204,16.738725490196078,-1331.6796085615235,B_C,,,,,,,,,,,
P09758_and_P51160,0.3537990167235469,0.31327839921497547,0.08107660460057099,22.64430894308941,61.469757575757576,-2597.1457199321594,B_C,,,,,,,,,,,
P09758_and_Q9NYG8,0.33345597426742185,0.31321039019511876,0.11426035184555373,20.764795918367344,48.42792349726778,-2367.923495122919,B_C,,,,,,,,,,,
P09758_and_Q8NFQ5,0.37790008526028984,0.31320118031613614,0.13040650064541856,18.311003521126764,62.36084848484848,-1534.19724010874,B_C,,,,,,,,,,,
P09758_and_A0A5B7,0.3897995279570453,0.31297285059953167,0.09037260585248863,16.312594458438262,55.88999999999999,-3583.5205734182164,B_C,,,,,,,,,,,
P09758_and_Q9P218,0.3134147432997315,0.3128922663262547,0.2948627786874243,25.46555407209609,45.55693396226417,-4575.189219607506,B_C,,,,,,,,,,,
P09758_and_A6NND4,0.37383683053688216,0.3128056479191395,0.07768820420866593,20.069502868068835,55.095159235668795,-16898.956171074013,B_C,,,,,,,,,,,
P09758_and_P60507,0.3249488294348087,0.31276427893088876,0.19067903748667353,23.983836858006036,58.54012448132782,-2836.7004653534423,B_C,,,,,,,,,,,
P09758_and_Q13201,0.30943435668060576,0.31270130920735517,0.2967788750234477,24.126190476190473,56.741098901098894,-10683.85048881483,B_C,,,,,,,,,,,
P09758_and_Q8N350,0.3199972277894504,0.3126220102145668,0.06420212527461948,18.384514435695536,45.17661538461538,-1306.646251231883,B_C,,,,,,,,,,,
P09758_and_Q9NWH7,0.33671213152618373,0.3126072509148316,0.1369102928469922,20.076554621848757,65.25688524590161,-8836.850130197883,B_C,,,,,,,,,,,
P09758_and_Q13291,0.3432022762629989,0.312497265023467,0.2841662626075884,22.311624326404978,58.28016949152543,-1149.4902051791432,B_C,,,,,,,,,,,
P09758_and_Q2M3M2,0.38683687960952307,0.3124716076273052,0.17306997799558496,18.640697674418597,60.93627906976746,-6499.315049655545,B_C,,,,,,,,,,,
P09758_and_C9JL84,0.33067368954460236,0.3123394648508675,0.06702480236046665,20.107934655775967,47.28330000000002,-3243.7531895452703,B_C,,,,,,,,,,,
P09758_and_Q99624,0.37234133218702836,0.3122785613415723,0.4326219081853638,25.452728013029304,56.73123076923072,-4279.729851664689,B_C,,,,,,,,,,,
P09758_and_P08183,0.37845617631600736,0.3121616211143299,0.0837793142508905,19.81405228758168,46.55197183098591,-4329.088335831972,B_C,,,,,,,,,,,
P09758_and_Q8NHY3,0.32011464277329604,0.3119383102697868,0.3656131873432258,21.536082910321483,58.265894308943096,-2260.2231776852277,B_C,,,,,,,,,,,
P09758_and_Q8NER1,0.3639758325390723,0.31191478566240627,0.11293196428919484,20.3181459566075,56.94433962264149,-2306.0200860326377,B_C,,,,,,,,,,,
P09758_and_P20309,0.3438325002556024,0.3119051273065399,0.1955007707616146,18.802882205513775,60.86643171806164,-4651.451297349422,B_C,,,,,,,,,,,
P09758_and_Q8NH79,0.37160372517637724,0.311614253755952,0.149443560607768,16.71795180722893,67.79834586466167,-3019.4268091668637,B_C,,,,,,,,,,,
P09758_and_Q9NS71,0.37302324728226977,0.31152482244541024,0.1305802792881596,18.145949926362324,64.55801104972377,-3786.1807006316017,B_C,,,,,,,,,,,
P09758_and_P78410,0.35189807450274957,0.31145925037508665,0.09399558824688665,18.342482100238637,67.79661654135339,-5111.087665287234,B_C,,,,,,,,,,,
P09758_and_O95428,0.31721499271513354,0.31137982760652394,0.07786626882471231,23.33619631901839,53.40102702702703,-7926.260818992432,B_C,,,,,,,,,,,
P09758_and_P04626,0.33805294804091335,0.31127514382470434,0.12113501368527671,23.468042452830222,69.02522058823527,-16013.840722342225,B_C,,,,,,,,,,,
P09758_and_O75509,0.3247555226689949,0.3112707524885519,0.17069496856970967,18.984904534606184,60.64034482758623,-1772.7664997403554,B_C,,,,,,,,,,,
P09758_and_P47989,0.419373375855245,0.31121149411552074,0.14876293098730567,22.344399999999972,67.36070967741934,-19756.78421840199,B_C,,,,,,,,,,,
P09758_and_Q8NHA8,0.36027202351991366,0.3111686332987188,0.12753710121163803,21.59149061032867,61.329113300492615,-2217.6359256639826,B_C,,,,,,,,,,,
P09758_and_Q8TE57,0.3264602755351995,0.3111482251069714,0.1699150796870883,20.60704647676159,52.77038043478259,-15301.731762207179,B_C,,,,,,,,,,,
P09758_and_Q9BPW4,0.3465776704274346,0.3110186843256363,0.08500661880600603,17.611165048543715,37.95594285714286,-3771.6507023490485,B_C,,,,,,,,,,,
P09758_and_Q9HBT6,0.3303242573262893,0.31098208034418895,0.3928441543424614,24.762820512820504,69.35685446009394,-1972.6883759574193,B_C,,,,,,,,,,,
P09758_and_P55017,0.37322347779831044,0.3107209507731347,0.055267790743135564,20.090765765765777,53.58437037037039,-3427.9916498065386,B_C,,,,,,,,,,,
P09758_and_Q9BVT8,0.3547490337803386,0.31071096071621856,0.16750261039205025,17.125192802056567,58.63559322033897,-2946.1457296363783,B_C,,,,,,,,,,,
P09758_and_Q9HCB6,0.32367368928932205,0.3104579630032455,0.16309210992845102,20.96083333333332,50.511212121212104,-11551.584232649064,B_C,,,,,,,,,,,
P09758_and_Q8TDQ1,0.34435943299918464,0.3104536587307325,0.2013617998128254,20.676148796498897,54.924248704663206,-6014.258295114771,B_C,,,,,,,,,,,
P09758_and_Q8IVN3,0.3948378062973702,0.3104093817206577,0.11750693014964748,14.780668414154666,42.053496932515344,-2485.5858424820017,B_C,,,,,,,,,,,
P09758_and_A0A0J9YX75,0.38614604264564784,0.3103563740185117,0.08530011644545756,17.389183673469375,56.95903703703702,-583.5563674334826,B_C,,,,,,,,,,,
P09758_and_Q9P2E7,0.3259575040792901,0.3102383288399708,0.0554060475566268,22.6012061403509,40.99599999999999,-2347.966055409026,B_C,,,,,,,,,,,
P09758_and_O60353,0.3445763941738266,0.3102303851991776,0.16559278481494064,20.692009132420125,56.786842105263155,-3143.322246743559,B_C,,,,,,,,,,,
P09758_and_P59768,0.39740063870903264,0.30973853334409635,0.11372407594893134,14.548902027027031,40.59731884057972,-599.878080668841,B_C,,,,,,,,,,,
P09758_and_Q9P1C3,0.4049018963019848,0.309545655870006,0.1083074729451001,13.708816120906809,22.535666666666664,-2001.2422541739543,B_C,,,,,,,,,,,
P09758_and_P08575,0.3434811979305602,0.30948531133707413,0.2053917858023596,22.343983739837352,60.546881720430065,-5768.11084679847,B_C,,,,,,,,,,,
P09758_and_P19021,0.32729832802057424,0.3094842900667645,0.07509386153989957,22.62750455373404,62.67732323232323,-7730.58171593157,B_C,,,,,,,,,,,
P09758_and_Q8N695,0.3772039697597683,0.3094325636298632,0.4528366064419762,24.575719026548732,59.772598425196854,-5291.240435237738,B_C,,,,,,,,,,,
P09758_and_Q969G9,0.33230970742925847,0.3093584189967999,0.14052199177956007,17.81267318663404,49.55369098712444,-1143.8563401128486,B_C,,,,,,,,,,,
P09758_and_P58418,0.364956253124593,0.30931357641568724,0.185961486101692,17.83022670025192,63.19205607476635,-1501.7711876170356,B_C,,,,,,,,,,,
P09758_and_Q8TF21,0.30961954965638216,0.3093032154820877,0.5597258235333066,26.16190744920997,50.10599099099096,-7690.180189226405,B_C,,,,,,,,,,,
P09758_and_Q9UN70,0.32727814894305085,0.3092551495635018,0.10951204233051842,24.666998011928417,44.90392045454544,-2653.7304892741195,B_C,,,,,,,,,,,
P09758_and_Q99808,0.3745749195187214,0.3091642563857693,0.13944426300232354,18.42458333333332,59.1434615384615,-4504.026755652122,B_C,,,,,,,,,,,
P09758_and_Q08345,0.32660872308453737,0.309022537810705,0.12713624742952845,23.06597122302158,60.436521739130455,-18436.424569584997,B_C,,,,,,,,,,,
P09758_and_Q08462,0.3696272732336119,0.30894218239769056,0.09163719598459612,22.08341085271318,60.73340659340662,-15822.639243378995,B_C,,,,,,,,,,,
P09758_and_Q92954,0.30531922529345507,0.3087471653132191,0.17247920100052838,23.804271356783907,61.21565022421527,-8314.727569843002,B_C,,,,,,,,,,,
P09758_and_P35348,0.349373460174726,0.30868481723248264,0.11489618111974131,18.794664031620556,61.32870967741939,-2797.426299740002,B_C,,,,,,,,,,,
P09758_and_S4R3Y5,0.4104971125692105,0.3086517231494606,0.11436227953706612,14.073287671232874,22.98925531914894,-2531.8488009712755,B_C,,,,,,,,,,,
P09758_and_Q8NGC7,0.3646544586749328,0.308170110215174,0.08515415291585325,18.672923875432513,60.220000000000006,-6209.462027898365,B_C,,,,,,,,,,,
P09758_and_Q8WUM9,0.34914795872305077,0.30815699863537177,0.09529243269097458,21.222531847133784,52.82048888888891,-2354.167314287697,B_C,,,,,,,,,,,
P09758_and_Q8NH57,0.3691578782125352,0.3080823861779494,0.0903026869288066,20.40301810865192,61.69649681528663,-16509.025073756013,B_C,,,,,,,,,,,
P09758_and_P04070,0.34551654340099175,0.30796400382608397,0.16686695706319393,20.106643952299834,58.80742690058478,-16109.083215276485,B_C,,,,,,,,,,,
P09758_and_Q92737,0.3665264764616472,0.3078944426686878,0.11191135646761885,16.806034482758626,69.34034782608695,-3307.4826083543176,B_C,,,,,,,,,,,
P09758_and_P48029,0.37634183808315297,0.30786500629598784,0.19311167965609063,20.928197674418627,59.8849344978166,-5129.968491122417,B_C,,,,,,,,,,,
P09758_and_P08173,0.33939133381366177,0.30771752331486957,0.23666395724172323,21.295768025078353,60.03761133603238,-2276.823132354535,B_C,,,,,,,,,,,
P09758_and_Q14344,0.36117903006946095,0.3076831252289355,0.19947064667895045,20.297920792079193,63.766540880503136,-6451.053172309556,B_C,,,,,,,,,,,
P09758_and_P21439,0.3737014972119642,0.30757795831810963,0.15267819369255003,20.314700854700867,49.69763975155283,-3823.4182030437096,B_C,,,,,,,,,,,
P09758_and_Q9BQ31,0.32436108964561494,0.3074618331483334,0.09638807528774408,19.890410958904116,60.97557046979865,-17165.490148450535,B_C,,,,,,,,,,,
P09758_and_Q9ULB5,0.32591433610269277,0.3074422202760221,0.380784002952905,24.897954271961513,67.6999033816425,-1691.0157085955525,B_C,,,,,,,,,,,
P09758_and_Q9Y250,0.31770284808317517,0.30743908940986764,0.0507944586815406,21.216164658634515,39.961039999999976,-6746.425659461966,B_C,,,,,,,,,,,
P09758_and_Q11203,0.364844218194463,0.3073803523498266,0.22133602314644205,18.760341365461862,54.377707006369455,-1918.2641830821274,B_C,,,,,,,,,,,
P09758_and_Q96PQ0,0.36575838678473255,0.3072726968551951,0.1393822439301161,22.50898058252429,60.54123711340201,-8210.910711581517,B_C,,,,,,,,,,,
P09758_and_Q8NGR1,0.36462737527316325,0.3072681649193766,0.09427789325712112,20.344839255499128,53.98914285714288,-4294.368603970449,B_C,,,,,,,,,,,
P09758_and_P09238,0.3363692248596952,0.306958713346071,0.09272326242707402,20.778877887788788,46.6373711340206,-4476.876518493804,B_C,,,,,,,,,,,
P09758_and_Q86YQ2,0.37180853699428174,0.3066709679093938,0.10731518023063691,16.43469899665553,58.64028901734102,-2651.3808122994233,B_C,,,,,,,,,,,
P09758_and_P46934,0.31924550752274944,0.3063510701898131,0.223715265379873,22.913630041724616,65.91121621621623,-2281.7036491463077,B_C,,,,,,,,,,,
P09758_and_A0A0B4J237,0.3824938241284638,0.3061574051067024,0.062359251935801954,17.057039337474123,54.58000000000001,-2333.8508460263756,B_C,,,,,,,,,,,
P09758_and_Q96PE5,0.3688606775014201,0.3060895262402985,0.06886262802815772,15.324327628361848,31.388239999999993,-1558.3710315796907,B_C,,,,,,,,,,,
P09758_and_Q9BYE2,0.3442470540774804,0.30607658638112467,0.39828867242714544,22.65142642642646,70.27859459459458,-19019.839448327933,B_C,,,,,,,,,,,
P09758_and_P02808,0.3948511368802453,0.30600270705806176,0.0932136238680474,14.585450346420316,25.841261261261266,-1501.7292425629794,B_C,,,,,,,,,,,
P09758_and_Q14964,0.3593478050896922,0.3059110583073373,0.14875344525288212,18.16532258064516,48.17503355704697,-2600.734873992572,B_C,,,,,,,,,,,
P09758_and_Q9NZH0,0.3325702533563063,0.30586913827654905,0.12382400900969104,22.613989637305675,51.207499999999996,-1679.0813739034384,B_C,,,,,,,,,,,
P09758_and_Q12841,0.34536610338313284,0.3058522241968028,0.1598787466869112,20.56516587677731,62.10257641921399,-3383.09345864245,B_C,,,,,,,,,,,
P09758_and_A0JD32,0.38188350503220037,0.3058376916388443,0.11146656255119407,17.600321888412033,55.007230769230766,-1768.0198190910128,B_C,,,,,,,,,,,
P09758_and_Q6QNK2,0.32139635798651417,0.3057591795437523,0.16669589384372235,20.614316469321846,50.54859030837007,-2257.5351657237043,B_C,,,,,,,,,,,
P09758_and_Q9Y5V3,0.32032865784292286,0.30572223109312313,0.05727576714981475,19.554152823920244,43.83739644970414,-1971.5564810737924,B_C,,,,,,,,,,,
P09758_and_P14778,0.3215732925222863,0.30570299793003824,0.10966122202929765,22.76441368078179,59.07023255813951,-7465.781664821637,B_C,,,,,,,,,,,
P09758_and_Q9BZV3,0.3052635203798979,0.3054975238054861,0.2977494605728032,22.165313028764814,61.36341463414634,-3831.9248124799633,B_C,,,,,,,,,,,
P09758_and_P15516,0.3956764135691367,0.30534364918758117,0.06580158377092307,12.624146341463424,21.540140845070425,-1702.924179823509,B_C,,,,,,,,,,,
P09758_and_Q96RA2,0.3654183621877586,0.30518262010904434,0.1337373926895303,18.306315789473665,68.87209302325579,-1898.1972636458715,B_C,,,,,,,,,,,
P09758_and_Q9UPU3,0.3579781855054354,0.3049355075241193,0.35744869194339535,23.56000874125879,49.02479338842978,-15627.64252244174,B_C,,,,,,,,,,,
P09758_and_P15502,0.3099725509878701,0.30490938524777955,0.08608913871409095,18.801919191919215,35.906690647482016,-2714.961574883433,B_C,,,,,,,,,,,
P09758_and_A0A075B6T7,0.3722614034510183,0.30481837619834773,0.09546285773651514,16.675321888412025,51.92895833333333,-1315.7660639084506,B_C,,,,,,,,,,,
P09758_and_Q8IVJ1,0.36660791332397724,0.30480611551405484,0.3352392568097366,20.76731996353691,53.394768683273995,-4373.984477233401,B_C,,,,,,,,,,,
P09758_and_P29965,0.3490481702803854,0.3047940067583668,0.21864262162647954,19.925071225071214,55.491775147928976,-6295.969218809855,B_C,,,,,,,,,,,
P09758_and_Q9NZW4,0.3041501169186913,0.30466747198587585,0.03226370525080476,19.47322404371585,32.600281690140854,-3561.4952581739926,B_C,,,,,,,,,,,
P09758_and_Q8NGT2,0.36369026669456045,0.3046463286201052,0.07560552507931508,19.159523809523797,57.43052631578951,-7132.170982532049,B_C,,,,,,,,,,,
P09758_and_O95866,0.3500733216137567,0.3046089842672538,0.2142156069710653,19.607575757575777,52.22526066350712,-1578.6874943644107,B_C,,,,,,,,,,,
P09758_and_Q8NB49,0.37892165257634525,0.30451903581112383,0.08128087317847064,22.69954954954955,54.29752066115702,-5337.3513962039715,B_C,,,,,,,,,,,
P09758_and_Q9NZU1,0.337314558801349,0.30445704433680554,0.12389364929889901,23.403575832305744,62.59900000000002,-6341.253637859636,B_C,,,,,,,,,,,
P09758_and_Q495M3,0.37249800652161846,0.3044338313920182,0.1714468515016195,19.063087248322116,50.950579710144936,-6863.715269377834,B_C,,,,,,,,,,,
P09758_and_Q8IWU5,0.3530143420404013,0.30405878845217427,0.12923841534984196,22.226033057851264,53.556449704142025,-16115.333908601184,B_C,,,,,,,,,,,
P09758_and_Q641Q3,0.3440311340940709,0.3040390623490634,0.14681745641285687,20.26722873900292,47.733004926108364,-5818.066306459453,B_C,,,,,,,,,,,
P09758_and_Q96LB1,0.3556140417178184,0.303958143065294,0.14702450072778875,16.808549931600535,67.21278947368425,-2388.332038649084,B_C,,,,,,,,,,,
P09758_and_P23582,0.3719265469498764,0.3038337975017066,0.1193880064839963,15.442843137254911,31.735203252032523,-689.9266521439049,B_C,,,,,,,,,,,
P09758_and_Q9UBH0,0.3734608716219475,0.30370920154319503,0.1506262594683734,14.565058479532171,64.64848739495797,-1233.2912551608983,B_C,,,,,,,,,,,
P09758_and_S4R3P1,0.4060739968251691,0.30349532936782125,0.11526405209702671,15.355946601941753,14.669724770642201,-561.4010685198814,B_C,,,,,,,,,,,
P09758_and_P35916,0.31140237036033297,0.3033419492261803,0.18491270249048936,23.653369672943487,53.90046762589929,-14955.162185705121,B_C,,,,,,,,,,,
P09758_and_Q6PFW1,0.3457676103194712,0.30325540496435904,0.06850548460130577,24.457569141193584,50.134875621890544,-19599.358591657685,B_C,,,,,,,,,,,
P09758_and_A0A0A6YYJ7,0.3809430893800143,0.3031842637110253,0.06473681880921314,17.11157407407407,59.428640000000016,-1699.4066367588648,B_C,,,,,,,,,,,
P09758_and_Q15760,0.34150573405635637,0.3030903202870079,0.1537686542596991,19.19718853362734,60.39564102564103,-2630.626461996495,B_C,,,,,,,,,,,
P09758_and_Q8IZF4,0.3409566257664157,0.3030537452066031,0.12187331967103625,20.453758169934627,59.58640243902433,-7963.191263835689,B_C,,,,,,,,,,,
P09758_and_Q96QZ7,0.3022995242732567,0.30300591704565766,0.07235110940913078,22.5443396226415,53.968999999999994,-18937.387750306516,B_C,,,,,,,,,,,
P09758_and_Q9UQ26,0.3025449226112801,0.30296412277345963,0.45443576566482163,22.651422764227664,67.2843416370107,-18300.818639610516,B_C,,,,,,,,,,,
P09758_and_Q7Z5L7,0.37369047281150347,0.3029058001993598,0.31555691668525765,21.19826732673267,40.28281690140846,-7475.493043959057,B_C,,,,,,,,,,,
P09758_and_P01762,0.37720246059420215,0.30285538376992044,0.19094783318313593,16.17762430939223,66.40629310344829,-1166.155523820431,B_C,,,,,,,,,,,
P09758_and_Q86YC3,0.3776931389534139,0.3027938425779341,0.1323081144771726,20.12518072289157,60.43363636363638,-3756.064389309364,B_C,,,,,,,,,,,
P09758_and_O43320,0.36231595713572023,0.3025498705351527,0.16914811365980736,19.547112211221116,61.48157608695654,-1061.3465844069788,B_C,,,,,,,,,,,
P09758_and_Q14574,0.3227076114717338,0.30245718316667886,0.10794902814023406,22.641154562383626,64.60981012658226,-21677.08136452012,B_C,,,,,,,,,,,
P09758_and_Q6NZI2,0.3275308678813093,0.30209799217824884,0.06498476253581907,18.12211934156377,36.17172661870504,-598.9897394088657,B_C,,,,,,,,,,,
P09758_and_Q96J84,0.32619310943707114,0.30198796831295727,0.08438717609288285,19.09653061224487,57.45666666666667,-1879.7703195911436,B_C,,,,,,,,,,,
P09758_and_O43155,0.33654708166486114,0.3019590960513535,0.23406002059601674,21.35395480225986,68.72540540540543,-15737.180058242817,B_C,,,,,,,,,,,
P09758_and_P22897,0.34102621464210886,0.3019381879797249,0.3898838646663967,27.081030444964778,60.98369158878506,-5669.4470917975395,B_C,,,,,,,,,,,
P09758_and_P21554,0.3428300780746934,0.3018288800311092,0.05965780261175942,20.85469613259666,50.823309352517995,-2197.8565033590585,B_C,,,,,,,,,,,
P09758_and_Q9H2Y9,0.35971718087144544,0.30167935150510516,0.12184763355297755,20.157454545454552,56.65706730769228,-6956.92898007102,B_C,,,,,,,,,,,
P09758_and_Q96AP7,0.3344847532697589,0.301678372624994,0.2509456360345707,19.92746710526313,69.37844720496894,-2614.4259073097073,B_C,,,,,,,,,,,
P09758_and_P40238,0.34288113570492207,0.30158118373669995,0.16004073111027592,19.677548209366392,62.363621621621625,-3092.4138218026637,B_C,,,,,,,,,,,
P09758_and_Q6UY09,0.3183779219139627,0.3015141143912784,0.07624208560150753,21.281477272727276,59.52208333333336,-2474.8436806641585,B_C,,,,,,,,,,,
P09758_and_Q9Y4D2,0.34362588098977564,0.30134121038967643,0.14569589162651492,21.338228699551596,60.33411764705883,-2066.52920097718,B_C,,,,,,,,,,,
P09758_and_O15354,0.3323537264203577,0.3012863748375092,0.14634904169446422,20.085391566265038,56.27293103448277,-2240.9637084232636,B_C,,,,,,,,,,,
P09758_and_Q9Y646,0.3697447888950049,0.30108558114422157,0.33678786293976165,21.826373626373602,57.35562500000001,-6201.81949722848,B_C,,,,,,,,,,,
P09758_and_P11166,0.36966936613384915,0.3009945180506238,0.1761209573860239,19.74437500000001,62.198854166666706,-3223.8687688724563,B_C,,,,,,,,,,,
P09758_and_Q9UJ42,0.3601914289913274,0.30098071296597295,0.05903514031343318,17.203421633554104,54.89153846153847,-2251.1119993740795,B_C,,,,,,,,,,,
P09758_and_Q9BZA7,0.30804758185050723,0.3009783923504583,0.13019557701917456,23.326900584795347,58.851759259259296,-3468.786361656981,B_C,,,,,,,,,,,
P09758_and_Q8NGC4,0.36388518588010804,0.3009310511810914,0.12023554515606695,18.185034013605467,62.78918128654969,-4687.13830153114,B_C,,,,,,,,,,,
P09758_and_Q9UNG2,0.3588282504629257,0.30093028629487373,0.0818997039103083,19.577461706783378,57.34477941176469,-2543.842826152454,B_C,,,,,,,,,,,
P09758_and_Q9NWQ8,0.3215641418478908,0.3009015402725428,0.08993945208856194,18.884452975047978,36.32313868613139,-1602.857280608263,B_C,,,,,,,,,,,
P09758_and_Q96DU3,0.34156989892627254,0.3006862778576038,0.1299313355399264,19.406513409961697,66.00847560975615,-5786.061702160244,B_C,,,,,,,,,,,
P09758_and_O60602,0.36063049230599337,0.3005259725474494,0.31604313464806955,24.753181818181833,49.39031847133759,-17889.238825036708,B_C,,,,,,,,,,,
P09758_and_A0A0J9YXY3,0.37062124120963097,0.3004987290878488,0.05215660837329393,20.6990909090909,55.27990909090907,-20672.97482368784,B_C,,,,,,,,,,,
P09758_and_P0DPF7,0.37062124120963097,0.3004987290878488,0.05215660837329393,20.6990909090909,55.27990909090907,-20672.97482368784,B_C,,,,,,,,,,,
P09758_and_P54762,0.3166854742773087,0.3004525390242358,0.26445923423765266,21.931539351851796,62.70386243386244,-8346.08205542016,B_C,,,,,,,,,,,
P09758_and_Q8NGI9,0.35843370191202817,0.3002845961479459,0.12147555458904537,20.837973760932936,57.70436464088396,-6664.226752088071,B_C,,,,,,,,,,,
P09758_and_Q6EIG7,0.35581348470665364,0.3001754068378092,0.4159555452062306,21.150121654501206,74.85171717171715,-2974.9585069245845,B_C,,,,,,,,,,,
P09758_and_Q6PHW0,0.3406038845277899,0.30009232065971597,0.0589938047140348,21.597696737044156,61.2384756097561,-7625.535412811503,B_C,,,,,,,,,,,
P09758_and_P05106,0.34035876672176824,0.3000527954268983,0.07051949943789466,22.458728448275874,50.47272108843537,-2599.40511454477,B_C,,,,,,,,,,,
P09758_and_P21860,0.3123601351955253,0.29996651499974963,0.30469324919198076,25.07510504201685,53.650732600732596,-7445.663637253354,B_C,,,,,,,,,,,
P09758_and_Q9H244,0.35349698783626254,0.2998462787918732,0.06583762561141347,22.00054495912803,54.95314685314685,-3512.6993537637154,B_C,,,,,,,,,,,
P09758_and_P11142,0.3621393848691,0.29978304578467274,0.26491092334697863,21.012829912023495,61.71032967032966,-1805.4123960387478,B_C,,,,,,,,,,,
P09758_and_P30511,0.34270234109396297,0.2997408064802596,0.1632049210392227,15.578048780487823,53.65188311688311,-5260.75465894604,B_C,,,,,,,,,,,
P09758_and_O14640,0.3112171950259846,0.29963700219741973,0.2769248808090012,21.630691056910596,54.13321033210329,-1886.7968724968523,B_C,,,,,,,,,,,
P09758_and_Q7Z5L3,0.34508235657906106,0.2995959297302596,0.11569776004589878,17.734054669703866,64.76070921985814,-1474.9238456020043,B_C,,,,,,,,,,,
P09758_and_Q02223,0.35234929121634967,0.29937282789252784,0.14530491139729326,19.57720478325861,46.462098765432074,-3985.0995946547055,B_C,,,,,,,,,,,
P09758_and_Q9Y5I1,0.31695551671537014,0.2993298300210941,0.19211884209365382,24.907032590051465,43.90486338797815,-2177.318784754978,B_C,,,,,,,,,,,
P09758_and_Q6UX73,0.3363148859370496,0.2993220821382975,0.18564349048525353,22.678262955854105,57.10232000000003,-2502.35423188001,B_C,,,,,,,,,,,
P09758_and_O95661,0.3586795007384026,0.29929419114334277,0.09585774840166053,19.22812089356115,49.95142131979697,-1353.6877503725627,B_C,,,,,,,,,,,
P09758_and_Q8NGQ2,0.3581672101339055,0.299066763178914,0.08260460180569372,20.47204472843447,51.728409090909096,-6906.368347952768,B_C,,,,,,,,,,,
P09758_and_P35372,0.3407339518972054,0.2988008400605257,0.12418854406847471,17.83707865168541,45.620373134328354,-2183.805925648825,B_C,,,,,,,,,,,
P09758_and_Q6ZRH7,0.38825045382649126,0.29877471880563655,0.09507958597130925,21.131681034482757,58.22370370370372,-21752.949292771653,B_C,,,,,,,,,,,
P09758_and_O43164,0.3079803254997846,0.29875441026540467,0.17798872760320003,21.30102171136652,55.905933014354076,-3162.428915797769,B_C,,,,,,,,,,,
P09758_and_Q5BIV9,0.3589533335005352,0.29874609995390106,0.09943991003606412,15.425909090909117,23.30035714285714,-772.4996161682393,B_C,,,,,,,,,,,
P09758_and_A0M8Q6,0.3788041962693245,0.29865755826791146,0.11282095556365283,17.289640883977896,65.05478260869565,-2340.2575073887624,B_C,,,,,,,,,,,
P09758_and_Q9P2J2,0.31045630186117107,0.2985420804350397,0.20291259864672462,21.952076411960117,56.63363636363636,-3204.954032552887,B_C,,,,,,,,,,,
P09758_and_Q8N271,0.3505160716665777,0.2985281590852803,0.09251013440842171,17.90846153846157,52.45179640718565,-2694.7552611970914,B_C,,,,,,,,,,,
P09758_and_Q6ZMT1,0.3270794074464455,0.298376297145587,0.24885724716553093,19.832542372881385,57.97922727272725,-1208.3090524850304,B_C,,,,,,,,,,,
P09758_and_Q8NDX1,0.3016087399875955,0.298312950747136,0.19363187675179142,22.169680319680264,52.47134387351779,-4252.71560963236,B_C,,,,,,,,,,,
P09758_and_O15245,0.368350812395435,0.2982405637300696,0.1260547795964663,21.072195704057265,58.29937799043062,-2867.7906178967633,B_C,,,,,,,,,,,
P09758_and_Q96G91,0.3557558333237298,0.297832743282768,0.07312608957158256,20.588631984585756,61.54180645161291,-7519.399719625545,B_C,,,,,,,,,,,
P09758_and_Q9NTI2,0.3751393486535881,0.2977607899615947,0.06962752364839062,22.56622807017544,55.58355555555556,-7989.041426354564,B_C,,,,,,,,,,,
P09758_and_Q96DZ5,0.3245650152148433,0.2976513929665238,0.12408901523540608,18.796566523605136,64.77060465116283,-1260.4786710051012,B_C,,,,,,,,,,,
P09758_and_Q96HF1,0.3448181550893704,0.2975006417041074,0.13141572554397854,16.836375321336774,60.536571428571406,-2802.3035992203586,B_C,,,,,,,,,,,
P09758_and_O95196,0.3119852609463025,0.29745623912784724,0.09298057397594377,19.47427480916032,47.08050955414016,-2646.934192510962,B_C,,,,,,,,,,,
P09758_and_Q8TAG6,0.35275609356158744,0.2973003270765757,0.1372736967370811,14.215212527964212,35.40050561797753,-2033.3645047599257,B_C,,,,,,,,,,,
P09758_and_P15169,0.3672016294169653,0.29694980333653664,0.16803664018454245,21.13450946643721,69.62579545454543,-5358.67518423517,B_C,,,,,,,,,,,
P09758_and_P04211,0.3738244880558238,0.29672012316376656,0.07493753400857484,17.979545454545473,53.59278195488724,-2913.1818436115536,B_C,,,,,,,,,,,
P09758_and_Q15619,0.36068412086618795,0.2966752303945024,0.07275940222281509,21.12972972972974,58.716964285714326,-9431.828832451965,B_C,,,,,,,,,,,
P09758_and_Q8WUA8,0.3616300097351103,0.2966452459534885,0.2838913472949545,19.63977746870653,59.60564593301438,-6852.56766022183,B_C,,,,,,,,,,,
P09758_and_Q08828,0.3571297050378259,0.29662580792947985,0.09465429293421922,23.18155416012557,58.42994318181816,-15717.303620926297,B_C,,,,,,,,,,,
P09758_and_Q96F46,0.306789934290823,0.29659517090172527,0.16541964528803374,21.408238636363603,58.479005235602074,-9128.901515045429,B_C,,,,,,,,,,,
P09758_and_Q9Y5H4,0.31351282231858385,0.29658201576006066,0.08446912044638201,24.039236790606658,44.174535519125676,-2418.360644174116,B_C,,,,,,,,,,,
P09758_and_Q16518,0.3804039868461079,0.2964654359846974,0.11866135205953819,19.771828908554554,58.60308988764041,-1110.0679059767808,B_C,,,,,,,,,,,
P09758_and_Q9H1Y3,0.34349964062093696,0.2963690571367446,0.14138392931919483,19.055571635311168,49.81313609467453,-1319.8787590226812,B_C,,,,,,,,,,,
P09758_and_Q8WYR1,0.3619606368445142,0.2962755974142525,0.15347349148729336,23.82813283208024,55.9703738317757,-16744.388725852335,B_C,,,,,,,,,,,
P09758_and_Q8TCU3,0.36611925569607456,0.29626996195131106,0.11762801169366073,19.474045801526717,52.85789772727269,-18139.632266721703,B_C,,,,,,,,,,,
P09758_and_O95450,0.30607771224795427,0.29607494684965546,0.26764641822815305,24.779187657430693,48.11783870967746,-3286.368505700986,B_C,,,,,,,,,,,
P09758_and_Q7RTM1,0.3440883037711101,0.29600169568541046,0.10010139572991839,18.54689922480618,60.42924528301884,-4844.572868785747,B_C,,,,,,,,,,,
P09758_and_Q8NHG7,0.3838373938902109,0.2957966476778501,0.2010796742147245,15.972911051212957,39.4125,-1360.3932955423024,B_C,,,,,,,,,,,
P09758_and_Q9UBN1,0.33760494782905104,0.29575887567583103,0.12978809653694925,17.435789473684203,61.859421052631575,-2346.7396117401277,B_C,,,,,,,,,,,
P09758_and_Q7Z6A9,0.3321221354272702,0.29575005983642544,0.2045948851216376,19.644270122783094,49.10726415094339,-1898.2383083921422,B_C,,,,,,,,,,,
P09758_and_Q8NBP7,0.37442519361125504,0.2956133064724756,0.17942028955182876,21.52594562647755,63.15100000000001,-3698.8269062227937,B_C,,,,,,,,,,,
P09758_and_Q9P0L2,0.32407278566833064,0.29558782867135747,0.1579621760520234,22.37946058091283,65.95167701863352,-14447.4303592708,B_C,,,,,,,,,,,
P09758_and_Q9BUD6,0.3455982514521456,0.2955661314690815,0.4396396204456613,22.27150050352468,69.21193693693694,-6401.016174059803,B_C,,,,,,,,,,,
P09758_and_Q6XR72,0.32062580801138385,0.2955432596587404,0.34871287881362095,23.790368509212747,55.7327777777778,-3871.485022787705,B_C,,,,,,,,,,,
P09758_and_O15240,0.3097125993663678,0.2953139226764571,0.09391865187895612,21.030845511482283,50.43906779661016,-7254.479550240481,B_C,,,,,,,,,,,
P09758_and_Q30KQ4,0.3738041628111667,0.2950803059364744,0.06731963027312385,13.931395348837203,53.08660377358489,-1677.9975469898752,B_C,,,,,,,,,,,
P09758_and_Q8NGH6,0.3549938206879846,0.2948816198616564,0.07890808083100088,20.16544554455445,62.45184713375795,-15491.789180704756,B_C,,,,,,,,,,,
P09758_and_Q14500,0.32324015058143335,0.2947564031809924,0.15222782141928437,19.021935007385498,63.1171590909091,-3424.7201531538212,B_C,,,,,,,,,,,
P09758_and_Q96NY8,0.3225432177688753,0.294386971669959,0.19364909334099054,19.624893009985765,66.29311764705888,-1193.883567253768,B_C,,,,,,,,,,,
P09758_and_Q8N6U8,0.3282201011036057,0.29422729701540085,0.13665185517392472,21.356064880112857,61.22492610837437,-3423.7512750492224,B_C,,,,,,,,,,,
P09758_and_Q6ZWK4,0.35160603437720306,0.2941860315842118,0.06428990916597278,17.994137353433835,36.02033333333335,-1667.5815461153143,B_C,,,,,,,,,,,
P09758_and_O60262,0.38396032373536426,0.29413619534553165,0.08418608855145036,15.690846286701234,41.80653543307087,-1118.361383830681,B_C,,,,,,,,,,,
P09758_and_P60893,0.337707245752064,0.29412062519035387,0.15396845755788224,18.600123152709354,45.760156249999994,-1566.7176413306443,B_C,,,,,,,,,,,
P09758_and_Q9UDY2,0.3146492084534124,0.29379640632596443,0.10387126314779928,24.543776824034307,47.78606060606059,-16633.654307910678,B_C,,,,,,,,,,,
P09758_and_P0C646,0.3474569493405366,0.2937030330351784,0.15253707654481338,19.466157760814248,62.289826086956516,-2064.0783700791403,B_C,,,,,,,,,,,
P09758_and_P54289,0.3788785423221399,0.2936423593232552,0.1158177932271427,22.785767790262206,51.48128491620111,-8478.558658713631,B_C,,,,,,,,,,,
P09758_and_Q96L15,0.3405296250517057,0.2935226110455004,0.3553286198512744,20.95879501385042,70.96083333333335,-4235.030282503939,B_C,,,,,,,,,,,
P09758_and_Q92859,0.3093592653634658,0.2934527887934558,0.4636700816908731,23.552599999999966,57.04682464454978,-11830.754513597261,B_C,,,,,,,,,,,
P09758_and_Q7Z6P3,0.29738902916999155,0.2934004693744585,0.10638682966150978,21.951447178002912,52.390320855614945,-14683.807695571493,B_C,,,,,,,,,,,
P09758_and_Q96QV1,0.3452301045941018,0.29332030761645417,0.10211873058258181,20.403157894736804,60.14567415730336,-11141.837733982014,B_C,,,,,,,,,,,
P09758_and_Q6UXY1,0.3128096472006479,0.2932017537977447,0.2752746610303975,24.992572463768123,60.13532258064522,-3336.23480871207,B_C,,,,,,,,,,,
P09758_and_P21246,0.35385250904388554,0.29318708384489134,0.23331262919221712,16.688370118845494,59.690273972602704,-1006.4244207091642,B_C,,,,,,,,,,,
P09758_and_Q9NVL8,0.3384469847980688,0.2931857895468539,0.14586983651479124,16.475899280575526,44.347401960784325,-1438.3328297646076,B_C,,,,,,,,,,,
P09758_and_O43306,0.3553762621339894,0.29316892768125724,0.10355073817515262,23.629034810126562,61.75219101123599,-15986.952800780462,B_C,,,,,,,,,,,
P09758_and_Q9H2C8,0.3580219681332113,0.29315507969568255,0.11145251184056615,21.44778129952461,55.305644171779115,-5917.746231909599,B_C,,,,,,,,,,,
P09758_and_B9A6J9,0.321352466216672,0.292964961307868,0.1458448987776754,23.969669421487623,57.12095406360426,-1598.8536039253813,B_C,,,,,,,,,,,
P09758_and_P34969,0.336237616058745,0.2924377258989448,0.10566954396178996,20.287396694214888,58.68467980295566,-3475.5357141631357,B_C,,,,,,,,,,,
P09758_and_Q9HC56,0.3049302168109336,0.2924132717715494,0.0995399325090495,23.007659313725476,46.058883495145636,-3523.026064240068,B_C,,,,,,,,,,,
P09758_and_P24394,0.2974813249867986,0.29232964008588824,0.19872292619114584,23.17337349397592,51.693378378378355,-2006.9891218338926,B_C,,,,,,,,,,,
P09758_and_Q8ND76,0.33450031873932656,0.29209676768294124,0.08164335109729226,20.580580357142868,57.54910958904106,-13469.70580595597,B_C,,,,,,,,,,,
P09758_and_Q8N8U9,0.31767905037633826,0.29209188773290645,0.26094360039527337,24.243818466353677,49.79914141414143,-2257.119997877806,B_C,,,,,,,,,,,
P09758_and_P98095,0.2933437070492248,0.29200229714498643,0.0692623564824402,23.98047058823529,48.15676829268292,-16042.495248478488,B_C,,,,,,,,,,,
P09758_and_O75976,0.32073728009586205,0.29197792527440436,0.2141162849160921,26.9378068739771,53.14379679144387,-15003.091295051001,B_C,,,,,,,,,,,
P09758_and_O95013,0.35385133317841483,0.29185241039026055,0.12129276461397707,18.541141396933572,55.13782857142858,-5866.808697747603,B_C,,,,,,,,,,,
P09758_and_O43557,0.34973030238311964,0.29169306821786145,0.14470396046480136,17.607580398162355,64.37115151515147,-14526.19696821496,B_C,,,,,,,,,,,
P09758_and_P01189,0.33754755381675755,0.29166557662695325,0.08347154588594147,16.815486725663696,47.73090909090908,-1245.7145390116348,B_C,,,,,,,,,,,
P09758_and_A0A0A6YYK6,0.37051579630879417,0.2916438681822689,0.07049389879367932,17.801897321428584,53.85954198473281,-2090.252810913843,B_C,,,,,,,,,,,
P09758_and_Q9UBN4,0.34879688068548526,0.29157068747452247,0.06524794101963548,23.292909535452317,58.88594202898552,-8234.655662419986,B_C,,,,,,,,,,,
P09758_and_Q9HB89,0.3413774275034618,0.2915437208190769,0.2501725934762251,18.57224099099096,62.29160427807485,-1837.7279991801443,B_C,,,,,,,,,,,
P09758_and_Q9H1K0,0.2975937044595322,0.2915139328570837,0.13589143401314976,21.57249134948095,41.04308641975308,-1155.0426851093798,B_C,,,,,,,,,,,
P09758_and_Q9Y5F9,0.3113965400740262,0.29143910655598115,0.179069157871409,24.534007707129103,55.66546012269939,-1707.2978396696708,B_C,,,,,,,,,,,
P09758_and_Q6DHY5,0.3191718062465013,0.29131400403743923,0.1779572070415208,23.831712385702403,58.52556666666665,-1501.9433734185732,B_C,,,,,,,,,,,
P09758_and_Q8IZN7,0.38164898912894474,0.2912746102266075,0.08717719659939169,14.697222222222221,34.277142857142856,-902.79363213941,B_C,,,,,,,,,,,
P09758_and_Q5TIE3,0.34948306520972283,0.29120158607227775,0.30583264731807175,24.202089136490237,51.04153191489363,-3876.673724819222,B_C,,,,,,,,,,,
P09758_and_P57087,0.3340030737938991,0.29119205762088923,0.088059996596479,19.299373433583956,58.842319999999994,-4820.514486110814,B_C,,,,,,,,,,,
P09758_and_Q14112,0.30230751274054757,0.29107774083921145,0.0880303457362881,25.49584775086506,48.58142857142856,-7920.826581072099,B_C,,,,,,,,,,,
P09758_and_Q8NFY4,0.33406245718344646,0.2910275467584147,0.12815094156050286,22.401066098081024,61.96879999999999,-5364.346574813746,B_C,,,,,,,,,,,
P09758_and_P48736,0.3893644883131976,0.2909541914662973,0.11672279277115555,23.057995495495476,47.21193103448275,-4627.266480369939,B_C,,,,,,,,,,,
P09758_and_Q9Y6M5,0.3134631257704166,0.29095229415191426,0.10039792608774223,23.131683168316812,37.08664596273292,-7047.988432269662,B_C,,,,,,,,,,,
P09758_and_O60896,0.36063687108566067,0.29093399330281183,0.10993400699929859,14.602400000000001,62.63114754098357,-1801.874124559865,B_C,,,,,,,,,,,
P09758_and_Q19T08,0.3404450284060113,0.2908987662968124,0.09243460767324194,18.19425566343044,33.73336000000001,-2256.5645673465624,B_C,,,,,,,,,,,
P09758_and_Q9BQ16,0.3178703112968556,0.29078536443441483,0.1521001407678482,22.09938650306748,52.64599156118144,-3219.7556341787385,B_C,,,,,,,,,,,
P09758_and_P0CJ69,0.3934062920207979,0.2907446869275849,0.13039895230750292,14.900883838383843,15.004949494949493,-2371.2831951571225,B_C,,,,,,,,,,,
P09758_and_O14986,0.33332777669195124,0.29061249071581785,0.09969540848287455,18.489961013645207,60.06063694267521,-2063.5398771449472,B_C,,,,,,,,,,,
P09758_and_P23975,0.364099105381372,0.2905287746102717,0.1630961455421905,20.089896755162282,64.43436842105264,-5121.781055208448,B_C,,,,,,,,,,,
P09758_and_Q9NQC3,0.2895645541377121,0.2903391588963061,0.07288270001413696,22.070273972602727,36.68338842975206,-15584.035745643123,B_C,,,,,,,,,,,
P09758_and_A0A087X0M5,0.3684880800009268,0.29032712595685206,0.1216670649526112,18.39201331114807,60.80945945945943,-1714.8597178386065,B_C,,,,,,,,,,,
P09758_and_Q9UKJ1,0.3311615397049846,0.2902573339163542,0.18738303589908598,19.3608918128655,51.183190476190475,-1074.2127718045213,B_C,,,,,,,,,,,
P09758_and_Q6UXB1,0.36561376790439193,0.2902538278774156,0.10176621673712045,15.108699808795414,51.68483660130718,-548.5337248810565,B_C,,,,,,,,,,,
P09758_and_Q9UHN6,0.3911153908140389,0.29019982967437097,0.09635340169163431,27.900000000000016,63.65496124031006,-5041.355498221,B_C,,,,,,,,,,,
P09758_and_Q8WXA2,0.3667310866251952,0.2901783277794517,0.10267451209604875,17.101965601965595,63.08749999999997,-1439.221390432872,B_C,,,,,,,,,,,
P09758_and_P01593,0.36715155555033985,0.29010979994307606,0.19106279401714474,20.028821362799224,54.66315476190477,-14964.538667288374,B_C,,,,,,,,,,,
P09758_and_P01594,0.36715155555033985,0.29010979994307606,0.19106279401714474,20.028821362799224,54.66315476190477,-14964.538667288374,B_C,,,,,,,,,,,
P09758_and_Q86Y34,0.3303047439518474,0.29008567584410105,0.10739781711503271,20.36220238095238,58.16999999999997,-8305.622302838618,B_C,,,,,,,,,,,
P09758_and_Q13433,0.29988785297303644,0.2900832458132054,0.12176292749814618,21.80299837925448,58.92426966292137,-2408.3899888318338,B_C,,,,,,,,,,,
P09758_and_Q92633,0.3438976665560647,0.2899711467809617,0.07937230519100746,20.597161936560962,55.68673913043479,-4148.065493989008,B_C,,,,,,,,,,,
P09758_and_P51790,0.36767974198042175,0.28984851821568974,0.06865804871690405,24.482848837209314,56.900227272727264,-12186.29168395463,B_C,,,,,,,,,,,
P09758_and_Q5JWF2,0.3084108258484807,0.28980009593102707,0.15695701061510123,22.101568381430393,57.93298642533931,-4439.349857471723,B_C,,,,,,,,,,,
P09758_and_P15941,0.29107138390665294,0.2896907866605342,0.16680172955409756,24.077962427745696,60.02486772486775,-16854.128268801112,B_C,,,,,,,,,,,
P09758_and_P05556,0.33898293669747553,0.2896845174175594,0.12939303743850167,19.821552975326572,62.010119047619064,-27036.757986826095,B_C,,,,,,,,,,,
P09758_and_Q08722,0.33039782478404434,0.2895798108934434,0.08473606136338659,20.057142857142882,58.400689655172414,-7829.237457982548,B_C,,,,,,,,,,,
P09758_and_P01737,0.3682987566690116,0.2895504756846372,0.060737061103505685,17.3690476190476,57.19630769230767,-1723.242024883376,B_C,,,,,,,,,,,
P09758_and_Q9HC29,0.36118670980137507,0.28954431689829174,0.10836544310273549,25.555999999999983,47.307446808510655,-8931.87439764125,B_C,,,,,,,,,,,
P09758_and_Q9P2U7,0.35388647981791,0.2895140283053506,0.1162705684035978,19.15650095602295,46.384437869822484,-2691.23001549277,B_C,,,,,,,,,,,
P09758_and_P19634,0.33216087707957526,0.2895128001011734,0.09955552161052734,21.00204819277109,46.50065727699531,-2452.3418080672564,B_C,,,,,,,,,,,
P09758_and_O60883,0.32960789681900265,0.2892789057068928,0.10959525055491072,22.62841530054644,58.478625,-6576.779381361479,B_C,,,,,,,,,,,
P09758_and_Q13685,0.34290837598332274,0.28926223088692027,0.33455553899990015,23.278512880562005,69.99766666666667,-8928.855853064362,B_C,,,,,,,,,,,
P09758_and_O75398,0.3051873156355073,0.2891226699158773,0.14432046286700442,22.43314606741577,58.92358695652174,-12594.967635931556,B_C,,,,,,,,,,,
P09758_and_P01213,0.33526046043138336,0.28911698470228486,0.13971726661722764,18.885294117647113,54.15800000000002,-2894.4815619495857,B_C,,,,,,,,,,,
P09758_and_Q6UVM3,0.3482266027947891,0.2890392568807225,0.2793573506544154,24.14822161422713,67.75407216494848,-3344.895953807052,B_C,,,,,,,,,,,
P09758_and_Q86WV6,0.33313239970854613,0.2890366763783174,0.03607558696501463,20.60212264150941,51.015096153846166,-17561.92987074841,B_C,,,,,,,,,,,
P09758_and_Q6XE38,0.3756270604612756,0.28887613341850005,0.09741135852983832,14.322758620689656,34.52175999999999,-287.7823179404877,B_C,,,,,,,,,,,
P09758_and_Q969Z4,0.31604810741809286,0.28887364441385555,0.2117172222452956,19.625796505652616,49.35474226804126,-1322.6380830275884,B_C,,,,,,,,,,,
P09758_and_Q92629,0.3315427608474288,0.2887878274849224,0.058626535731660115,19.443829787234048,58.5188,-3271.5607266742286,B_C,,,,,,,,,,,
P09758_and_Q4KMG0,0.3032326552356565,0.28872135580825237,0.22896300228725508,24.020841889117026,39.150079051383386,-2971.106913349955,B_C,,,,,,,,,,,
P09758_and_O15296,0.3836139093582098,0.288648426010381,0.09435112739478359,21.315970772442583,56.86499999999998,-5404.869013534677,B_C,,,,,,,,,,,
P09758_and_A6NFA1,0.3346528721583504,0.28853936215840786,0.22956386037791512,18.926099537037032,57.683333333333344,-8237.998958687822,B_C,,,,,,,,,,,
P09758_and_Q9Y597,0.33643631734450286,0.2885117099894621,0.19021698824277697,20.032903225806447,58.72551724137931,-3565.395736984963,B_C,,,,,,,,,,,
P09758_and_Q9NQ38,0.2926702225879847,0.28837646765132546,0.11785615059358936,22.998348519362157,47.209446808510656,-1969.122850991691,B_C,,,,,,,,,,,
P09758_and_Q9BTU6,0.342410537929863,0.2881745106514549,0.10666163885187727,21.479003021148024,61.59183246073298,-8121.320356355882,B_C,,,,,,,,,,,
P09758_and_Q8NF86,0.3340331271675881,0.28810504000669374,0.11537376785109042,20.398356401384042,53.349390243902455,-11203.321978677797,B_C,,,,,,,,,,,
P09758_and_Q9HCE9,0.33032665280049667,0.28785336070524736,0.1432135660408719,21.92981770833332,58.36929203539822,-6093.385850520164,B_C,,,,,,,,,,,
P09758_and_P35590,0.3041986421520174,0.28778134477516293,0.15440157610095648,23.16499321573951,51.49621621621623,-3403.7370703158304,B_C,,,,,,,,,,,
P09758_and_Q96MK3,0.352449188037866,0.28766369035490097,0.21380101450310504,19.746307884856073,60.927222222222206,-7811.547229827281,B_C,,,,,,,,,,,
P09758_and_P23515,0.3178086725717566,0.28750968104451025,0.283611054155602,21.6074538258575,59.68754010695188,-11254.36789593397,B_C,,,,,,,,,,,
P09758_and_O94772,0.3601208401715785,0.28735802862235355,0.15586817005280335,16.38919141914192,57.54516778523493,-1294.7907126021635,B_C,,,,,,,,,,,
P09758_and_P63218,0.37870540045849743,0.28731514005257497,0.05730744419618426,17.358706467661708,41.59283687943262,-1287.0771120977297,B_C,,,,,,,,,,,
P09758_and_O75365,0.35380415575002394,0.2872551708730681,0.10755533444282273,17.919734345351056,62.13979865771812,-2905.201409734155,B_C,,,,,,,,,,,
P09758_and_O75116,0.3059499870671307,0.2872249550040238,0.2121547587742678,23.60273381294964,57.82670103092785,-3463.642170524101,B_C,,,,,,,,,,,
P09758_and_Q13613,0.35967930231369916,0.28718225650773377,0.1594960307254785,21.376917177914116,59.287397260273984,-10092.26394866703,B_C,,,,,,,,,,,
P09758_and_Q8N307,0.30225179830771454,0.2871757005375768,0.05529438432987353,17.729117330462866,47.96534999999999,-1888.6300718429266,B_C,,,,,,,,,,,
P09758_and_P23276,0.36466658855957423,0.2871342202712996,0.44811657876208805,23.00298387096774,62.92459731543626,-7580.6189217772535,B_C,,,,,,,,,,,
P09758_and_O95622,0.3418361170642743,0.2871186188156156,0.11291513492745156,24.14563862928348,58.76922222222227,-8839.001026054413,B_C,,,,,,,,,,,
P09758_and_Q9BZM1,0.3483317136710766,0.28705066840899585,0.06604031478333838,20.95095238095235,45.790654761904776,-4547.485570076315,B_C,,,,,,,,,,,
P09758_and_Q9H299,0.36920363519409166,0.2869014435249413,0.1201979767073743,19.99671457905545,67.24043165467624,-11307.096440755473,B_C,,,,,,,,,,,
P09758_and_P30740,0.34454590494692017,0.28689882542622336,0.18231440455071615,20.98997343957501,53.51111731843573,-13007.41861686884,B_C,,,,,,,,,,,
P09758_and_O14594,0.2981236184348058,0.28686389608293583,0.5239269813328787,26.475916380297775,61.13753623188409,-3417.341597261082,B_C,,,,,,,,,,,
P09758_and_P11226,0.3437806782437477,0.2867169210631753,0.08460503818437669,17.54957627118642,56.30629139072849,-2762.3239156746886,B_C,,,,,,,,,,,
P09758_and_Q9BRY0,0.32824385780255694,0.28667298339713587,0.12798239329107358,17.099652294853968,50.168167539267,-876.2968187660008,B_C,,,,,,,,,,,
P09758_and_P0CJ75,0.39224682894662366,0.2866524127669824,0.09274242025770671,15.204959785522787,20.668681318681315,-734.1637703448996,B_C,,,,,,,,,,,
P09758_and_P0DMP1,0.39224682894662366,0.2866524127669824,0.09274242025770671,15.204959785522787,20.668681318681315,-734.1637703448996,B_C,,,,,,,,,,,
P09758_and_Q96MP8,0.33292691938617547,0.28663761810475546,0.095227710704057,19.40357142857141,58.58912500000004,-13989.621336754853,B_C,,,,,,,,,,,
P09758_and_Q9UKP6,0.3231477370281049,0.28654180802451173,0.181359179299438,23.66139101861989,59.13450450450453,-3055.2361779231805,B_C,,,,,,,,,,,
P09758_and_Q92835,0.3385955489192988,0.2864211008077539,0.20733226527920437,24.072684458398733,46.047976878612715,-6220.150962044412,B_C,,,,,,,,,,,
P09758_and_O14511,0.29291066154762085,0.2863053532742603,0.21238628335451892,22.657610294117646,54.342202643171824,-14078.898377655278,B_C,,,,,,,,,,,
P09758_and_Q9UBI6,0.3772090050976877,0.28629309964632654,0.0826569471011435,13.01753086419756,37.67805084745761,-1345.4907655032766,B_C,,,,,,,,,,,
P09758_and_P27797,0.34137266602195543,0.2862294384673667,0.18940770536582507,16.303462603878113,71.39766129032259,-3224.330469025038,B_C,,,,,,,,,,,
P09758_and_Q5JS37,0.34848482630675126,0.286214656605591,0.1157281379286196,19.958905579399136,64.76283582089552,-12877.03887454579,B_C,,,,,,,,,,,
P09758_and_P46937,0.30885329270938594,0.28606556294714397,0.1495816342333024,21.149459459459447,47.131842105263146,-2428.301963619342,B_C,,,,,,,,,,,
P09758_and_P0DML3,0.3484292438115161,0.28598060656720603,0.1721066261545294,20.452086677367586,59.92448863636362,-16206.162446921266,B_C,,,,,,,,,,,
P09758_and_Q13563,0.32062785786394077,0.2858061270012129,0.042258280618448094,21.006164383561643,21.427204301075268,-5012.115596336145,B_C,,,,,,,,,,,
P09758_and_Q9UQC2,0.298780656990258,0.285657728860473,0.0990907280525367,22.407851239669423,53.72566037735847,-11569.906708748444,B_C,,,,,,,,,,,
P09758_and_Q02383,0.3023726721090328,0.285580356023025,0.045946026628909994,17.213647058823526,35.426379310344835,-2807.957498609132,B_C,,,,,,,,,,,
P09758_and_Q8N6P7,0.30523867277582994,0.28557777878307716,0.09992891087177024,22.52618657937805,59.10688524590163,-11620.723054608789,B_C,,,,,,,,,,,
P09758_and_O94850,0.2994857278674873,0.28550141952501684,0.06162172464472396,17.350523952095784,42.90687116564416,-1904.7571963760856,B_C,,,,,,,,,,,
P09758_and_Q08357,0.3316322501704522,0.285478406724455,0.07431660232941709,21.69534883720933,51.818204081632615,-3166.113612908215,B_C,,,,,,,,,,,
P09758_and_B3SHH9,0.3349831270733133,0.2854368652312293,0.14292759471115993,21.80363128491616,50.362486772486776,-2354.1367809016256,B_C,,,,,,,,,,,
P09758_and_P0DPR3,0.39924509356800464,0.28542704737524055,0.025042507772702883,17.3125,6.690909090909091,-2669.5077230116335,B_C,,,,,,,,,,,
P09758_and_O75185,0.34676659202171994,0.28538183902831826,0.28279774055675966,22.391842610364687,65.87527950310559,-2826.9823348312166,B_C,,,,,,,,,,,
P09758_and_P22001,0.30312639474161096,0.28533486173569406,0.17983707347593697,21.917727930535452,57.41144508670519,-2267.5344132603277,B_C,,,,,,,,,,,
P09758_and_Q86YR6,0.30622066337509424,0.2852962989725738,0.16220630172536288,23.978229665071755,66.41725888324872,-5249.4403112638065,B_C,,,,,,,,,,,
P09758_and_Q5VW38,0.3313905755479787,0.2852041626294175,0.19552277842042656,23.727065111758993,53.03811659192825,-6644.734500018558,B_C,,,,,,,,,,,
P09758_and_P54578,0.34271838512986047,0.2849733388357079,0.2944912765482535,21.598982188295142,63.703597883597865,-3900.2158763976277,B_C,,,,,,,,,,,
P09758_and_Q9Y5H1,0.31849189096794,0.2849459317548126,0.16026230937360286,25.278842676311054,58.08159340659338,-4038.3449530974303,B_C,,,,,,,,,,,
P09758_and_P37288,0.3326052874674502,0.28491668083547556,0.1681901384720768,17.554664723032065,53.75285714285711,-4541.040001278008,B_C,,,,,,,,,,,
P09758_and_P05019,0.3412831260392517,0.2849159941202688,0.06625254398210988,16.374390243902457,57.85747368421054,-5200.9255771957705,B_C,,,,,,,,,,,
P09758_and_P10745,0.34383010267237313,0.28489958127232373,0.040327225772665204,26.78947368421054,62.460729166666646,-12638.417123141273,B_C,,,,,,,,,,,
P09758_and_A0A0A6YYK4,0.36483337776542635,0.2847559206264049,0.07278569067503009,18.38359253499225,52.59206451612902,-1414.7880217206148,B_C,,,,,,,,,,,
P09758_and_Q96A84,0.31094106606143157,0.284574262666187,0.054791092179947515,17.58136531365311,48.926413793103414,-1300.594878816577,B_C,,,,,,,,,,,
P09758_and_Q8NGL7,0.3490501979306556,0.2845219886116119,0.10544972390140887,16.800125944584387,56.20188524590165,-10238.333815315073,B_C,,,,,,,,,,,
P09758_and_Q07912,0.3024405085673935,0.28448026109421254,0.2120797165304334,25.13798024149286,61.835109170305635,-7386.869915435935,B_C,,,,,,,,,,,
P09758_and_O00206,0.3455164396352174,0.28435657379542933,0.17044484849208566,25.706871035940797,48.254186046511634,-17692.388002114352,B_C,,,,,,,,,,,
P09758_and_Q96KW9,0.3416581371314733,0.28429141783721595,0.0849909625197312,14.581456310679618,29.369007092198586,-1760.0225680189687,B_C,,,,,,,,,,,
P09758_and_Q96JK4,0.3518323020974755,0.2841975663583893,0.17996756346348772,23.065849056603767,55.927162162162155,-21400.296723509517,B_C,,,,,,,,,,,
P09758_and_Q5T7P8,0.3059684144196555,0.2841961849366272,0.24389307131028226,24.784522706209415,57.2225306122449,-2829.6948347491852,B_C,,,,,,,,,,,
P09758_and_Q9UHC9,0.36955751006176096,0.2841816293862371,0.20717109112855303,25.1066091954023,52.469903846153855,-17504.44958900214,B_C,,,,,,,,,,,
P09758_and_B7U540,0.3144575464858761,0.2841791136736645,0.20249452929303569,20.921151358344133,66.35123762376239,-2344.4349747217875,B_C,,,,,,,,,,,
P09758_and_Q9Y5Q5,0.33323724724782655,0.28414532480997623,0.10681752091420779,23.19876880984958,45.8328125,-7170.931121828558,B_C,,,,,,,,,,,
P09758_and_P50406,0.3317920982837034,0.2841206891047215,0.10560636695898198,18.80511727078891,53.64245283018867,-5987.572845006546,B_C,,,,,,,,,,,
P09758_and_P01848,0.3586231388073964,0.2840870097608814,0.1438031404144295,16.747741433021805,52.813333333333325,-2627.294041538644,B_C,,,,,,,,,,,
P09758_and_A6NHN0,0.31071495345439953,0.28405154068680155,0.16272654914686435,17.61376146788991,59.54470588235296,-818.2492672526714,B_C,,,,,,,,,,,
P09758_and_Q9UQQ1,0.3774339169374004,0.2840184809585611,0.4015686358656325,22.12281553398058,49.17458167330677,-3863.3078785630255,B_C,,,,,,,,,,,
P09758_and_Q30KQ1,0.3784971113315025,0.2839084218905285,0.04601648565825645,14.386909871244644,53.45192771084338,-2506.9280618837197,B_C,,,,,,,,,,,
P09758_and_A0JD36,0.3630218981216181,0.2838914266500115,0.1312440886309153,17.03449023861172,62.556277372262755,-3767.9466580919416,B_C,,,,,,,,,,,
P09758_and_Q8TDY8,0.31769260685697853,0.2837454112913328,0.22305571727972295,23.932544052863445,61.4900420168067,-4421.500211770333,B_C,,,,,,,,,,,
P09758_and_Q01629,0.35731496324298245,0.2837115313683308,0.0948904344763897,12.355831265508689,29.712777777777788,-953.5472306196752,B_C,,,,,,,,,,,
P09758_and_P0DML2,0.34524234734857734,0.2837003441697175,0.06483734820569931,19.50445859872611,61.58633986928106,-12557.175080948531,B_C,,,,,,,,,,,
P09758_and_Q92626,0.33769252852137877,0.2836626061394352,0.24759059172864115,28.44210110584518,52.604010416666675,-7403.30081346388,B_C,,,,,,,,,,,
P09758_and_Q9UM54,0.3442107031381189,0.28351149640795553,0.31172443676860745,25.88560533841754,59.056995708154524,-2297.8955974705605,B_C,,,,,,,,,,,
P09758_and_Q9H5Y7,0.2979765213694272,0.28347795521598673,0.3093054158574383,22.007827926657253,45.5898086124402,-13244.699923787717,B_C,,,,,,,,,,,
P09758_and_Q6X4W1,0.3058695042350041,0.283448667824856,0.3612179890267674,22.417641764176437,62.99713675213675,-2488.5658853417845,B_C,,,,,,,,,,,
P09758_and_Q96JJ6,0.3195152030614993,0.2832934126864689,0.16125193381576688,19.16689497716898,64.74999999999997,-13383.38342391921,B_C,,,,,,,,,,,
P09758_and_Q8NGX6,0.34510411032573907,0.28320100109242785,0.10421085848227314,21.644336569579266,56.543823529411824,-7983.241225288454,B_C,,,,,,,,,,,
P09758_and_P31947,0.3437654443781361,0.283196394590718,0.14305879383845294,16.47722342733188,62.89762589928056,-1903.980841263124,B_C,,,,,,,,,,,
P09758_and_Q6UXH9,0.3198053641766983,0.28319091787321155,0.25593937227670643,24.21248959200673,52.45535849056604,-12731.912180824249,B_C,,,,,,,,,,,
P09758_and_Q86Z14,0.37118370777543774,0.283180594192515,0.0938659862272464,22.913798219584564,44.12477941176471,-27977.536066317538,B_C,,,,,,,,,,,
P09758_and_P0CJ72,0.3895377520692509,0.28283365462608234,0.10227029089279117,14.483379501385029,15.187700000000001,-898.6064435112953,B_C,,,,,,,,,,,
P09758_and_Q2UY09,0.29139398288222795,0.2827933130131025,0.29526929004865565,25.02855191256827,50.60449197860963,-16512.07513754643,B_C,,,,,,,,,,,
P09758_and_O00186,0.3648131665958101,0.28278056032296084,0.19450336655640538,19.70576923076923,64.82781456953639,-3565.9938514195906,B_C,,,,,,,,,,,
P09758_and_O75711,0.3676928490991693,0.2827626752321576,0.0740388488102448,15.197053045186617,55.130000000000024,-1070.1952542035906,B_C,,,,,,,,,,,
P09758_and_A4D1T9,0.3426055484662551,0.28269891474540465,0.09513465066614162,20.23536345776033,56.910125786163526,-2520.5410411387675,B_C,,,,,,,,,,,
P09758_and_P50151,0.37468534164379186,0.28268851636970116,0.08871184858717794,17.41809453471196,34.15097222222224,-1925.8335874384693,B_C,,,,,,,,,,,
P09758_and_Q08495,0.3129243606262183,0.2826498620578789,0.08071344562120147,18.528968253968248,49.88140350877192,-1207.856406849838,B_C,,,,,,,,,,,
P09758_and_A6NGY5,0.34058229435246445,0.28261956847785563,0.06467245781886612,22.163320825515964,58.1996407185629,-8614.17481417031,B_C,,,,,,,,,,,
P09758_and_Q8NH16,0.34369545614735847,0.2826083593744089,0.11400760610155271,16.129201101928388,57.36833333333335,-3065.582951619615,B_C,,,,,,,,,,,
P09758_and_Q9HBW0,0.3404961563173521,0.2825060158012863,0.08761141632024734,20.760640301318276,57.50790697674422,-3990.039800142322,B_C,,,,,,,,,,,
P09758_and_Q9H400,0.3242086747640023,0.2823016720920411,0.09439427061527127,17.53015970515971,43.04707182320444,-1139.403557466656,B_C,,,,,,,,,,,
P09758_and_A0A0C4DH41,0.3614217150626182,0.2822838127373844,0.11405823098246544,17.397863247863253,61.10985074626865,-2684.261792494162,B_C,,,,,,,,,,,
P09758_and_Q8N690,0.3710637837934252,0.28227304694918115,0.07461172588938862,13.46938461538461,40.29162162162163,-760.3511445888616,B_C,,,,,,,,,,,
P09758_and_Q8NCT1,0.3309053113805147,0.28211062983223256,0.28211116603281033,18.738383045525907,59.589437499999995,-2646.9752355109686,B_C,,,,,,,,,,,
P09758_and_Q16206,0.2951916766376686,0.28177388305691126,0.07887237276466832,22.350435729847483,60.07763975155277,-2334.9270711813115,B_C,,,,,,,,,,,
P09758_and_Q5TF39,0.33273476799579865,0.2815894944660022,0.28598110094123397,20.260242424242417,48.26555999999999,-4995.767943044334,B_C,,,,,,,,,,,
P09758_and_A0A0B4J275,0.36062568038739784,0.28144522108551717,0.15712932801454016,17.878233151184,60.62193333333337,-2102.5319286230197,B_C,,,,,,,,,,,
P09758_and_Q12809,0.3013666456110234,0.28135160103267165,0.038331089447417435,25.23254237288135,50.72228813559322,-3849.4484798314807,B_C,,,,,,,,,,,
P09758_and_Q9BQT9,0.3090706781926749,0.28124346847323045,0.16423938668337734,24.081811487481566,61.454973821989505,-3848.1506938880593,B_C,,,,,,,,,,,
P09758_and_P01920,0.328957098597028,0.28121024819699525,0.21722528271679045,19.488928150765588,61.64591549295774,-1558.5052694042074,B_C,,,,,,,,,,,
P09758_and_O14917,0.2992607708669969,0.2811364511575509,0.12063038627376897,23.374624060150396,63.865783132530126,-4167.9792505140285,B_C,,,,,,,,,,,
P09758_and_Q8IYR6,0.3123178106357302,0.2810821167170141,0.13504644364238988,23.361224489795948,49.81999999999999,-2824.9925227964704,B_C,,,,,,,,,,,
P09758_and_P17948,0.29103078720783526,0.28101708895084676,0.11956843573957315,25.918459915611862,61.64791946308722,-3724.2570484811513,B_C,,,,,,,,,,,
P09758_and_Q9UL62,0.3370016838980124,0.28096755130225165,0.02509195156118904,22.96986301369863,21.445294117647055,-2344.263788941582,B_C,,,,,,,,,,,
P09758_and_Q9GZV7,0.3434684409471114,0.2809473867865495,0.24673233440669648,18.277801418439743,61.08652631578948,-2172.190707706409,B_C,,,,,,,,,,,
P09758_and_P29122,0.32776468298668376,0.28094043130905055,0.1849852752313773,22.675368139223536,55.90673387096775,-16146.201130888563,B_C,,,,,,,,,,,
P09758_and_Q6UXQ8,0.3512189359777067,0.28090053047573194,0.11212938212619963,14.260990338164262,23.720277777777778,-996.975649379794,B_C,,,,,,,,,,,
P09758_and_A0A0C4DH25,0.3603851211876452,0.28087108271537037,0.13602116764750205,19.949585406301846,56.31126506024096,-1994.0309023829986,B_C,,,,,,,,,,,
P09758_and_Q8NGV0,0.3470290137939256,0.2808703528904332,0.10737497258104875,17.424826789838352,54.056044776119414,-12611.793427595838,B_C,,,,,,,,,,,
P09758_and_P08912,0.32049667945589727,0.2807800672955313,0.13896448161180627,21.765332031250026,52.77144578313255,-12783.530427831427,B_C,,,,,,,,,,,
P09758_and_P05013,0.3473292945132701,0.2806746972152514,0.053234515724323556,20.06392617449664,58.63093220338981,-1369.8621010771603,B_C,,,,,,,,,,,
P09758_and_Q8TCT0,0.35892531361611874,0.28067261165738844,0.33876519396873433,22.449271844660185,64.57597156398104,-7159.6778938521975,B_C,,,,,,,,,,,
P09758_and_Q8NH55,0.3402856923788674,0.28066654814657466,0.07230748728480077,21.0716117216117,54.98586419753087,-13103.5618472838,B_C,,,,,,,,,,,
P09758_and_Q6IFH4,0.34005738022642695,0.2806660908371479,0.07748461010199922,21.061053540587263,56.44488235294117,-9856.105557173105,B_C,,,,,,,,,,,
P09758_and_P30825,0.3565418888673567,0.2806588090362359,0.23065836743285678,21.400919651500544,60.38983606557376,-2319.326456669275,B_C,,,,,,,,,,,
P09758_and_O43184,0.31124537321461143,0.28064422933154426,0.27176821327808476,22.634272300469465,50.60185185185188,-2372.7490736838336,B_C,,,,,,,,,,,
P09758_and_P0C8F1,0.3647890292122323,0.2806228166729937,0.0708589937610381,15.299141630901278,73.1772839506173,-3671.9729320542037,B_C,,,,,,,,,,,
P09758_and_P19823,0.3506862864236423,0.2805399175379865,0.16613551585672473,24.821540312876067,47.16918918918916,-13219.105938066417,B_C,,,,,,,,,,,
P09758_and_P63215,0.3714518322416027,0.2804609272006722,0.0988036955367847,14.195396145610264,37.16492753623188,-794.4131793781498,B_C,,,,,,,,,,,
P09758_and_P56975,0.2943913315219135,0.28035622930165355,0.11247010751828758,17.553623188405812,45.93584905660376,-2020.5582564085125,B_C,,,,,,,,,,,
P09758_and_A0A0A0MT76,0.3810056590685734,0.2803176591126273,0.1325676708126868,16.500941780821922,24.13825757575757,-1147.4732051616447,B_C,,,,,,,,,,,
P09758_and_Q86UW1,0.3396767151551106,0.28029702518567295,0.09432419475422173,18.144306049822067,55.96291666666666,-3025.1237528278307,B_C,,,,,,,,,,,
P09758_and_Q8NGD1,0.3446688238032778,0.2800776968567147,0.1400235109510496,18.67119377162629,58.33106918238995,-7687.396532980926,B_C,,,,,,,,,,,
P09758_and_O43525,0.2867496899268808,0.28005691880973455,0.038295747138222314,22.92113402061858,47.41279411764706,-2552.3068051360133,B_C,,,,,,,,,,,
P09758_and_A0A576,0.3600814352853854,0.2799064049480461,0.12071537543439682,17.91540642722116,51.92320895522388,-3825.602441356316,B_C,,,,,,,,,,,
P09758_and_Q15399,0.33588271704229494,0.27990390899994677,0.1637356823104778,20.063437499999996,63.44816176470587,-4027.6117553088393,B_C,,,,,,,,,,,
P09758_and_Q9UJ99,0.30049958092414414,0.27980427995637935,0.4870150044670282,26.636086474501088,69.97158974358975,-1865.9813669278446,B_C,,,,,,,,,,,
P09758_and_Q9Y5I7,0.3375265179756109,0.27954868358303925,0.06571594181659857,18.17416974169742,46.85283687943261,-7954.640437889515,B_C,,,,,,,,,,,
P09758_and_Q8NBI3,0.3200891573908977,0.2794880132648997,0.13738053312342785,16.05433705080544,55.11978142076503,-2450.511281154526,B_C,,,,,,,,,,,
P09758_and_B1AL88,0.31111529044953173,0.27948196777968415,0.08036252103855808,17.109375000000007,58.18292682926832,-731.4291236545214,B_C,,,,,,,,,,,
P09758_and_Q9NTN9,0.3453436414146226,0.27947507022444085,0.13311158425564115,23.86707317073171,55.20697435897437,-5888.861374308835,B_C,,,,,,,,,,,
P09758_and_Q9Y3R0,0.2916611011923877,0.279449515213677,0.05979264493348327,25.02508503401359,41.54928571428569,-9786.886294547483,B_C,,,,,,,,,,,
P09758_and_Q9Y5F7,0.3044022153811823,0.27939901854317145,0.10047332582694858,22.801775700934602,64.81614864864862,-4377.754478731877,B_C,,,,,,,,,,,
P09758_and_P0DMV8,0.35022023261613,0.27936095767279084,0.1995236369064116,20.530728241563043,57.8100578034682,-19988.172949595715,B_C,,,,,,,,,,,
P09758_and_Q8WVZ1,0.3277258935905133,0.2792613264661517,0.12634321293693693,19.376750972762643,53.05587155963305,-3143.731458679562,B_C,,,,,,,,,,,
P09758_and_O60245,0.3005856402714595,0.2792117508436297,0.09737793113899687,24.59916820702403,51.64271084337347,-5638.756208304847,B_C,,,,,,,,,,,
P09758_and_Q9GZV3,0.35554309145392693,0.27918124822675244,0.08053764476478889,20.493598055105377,60.375364583333294,-5759.33918996152,B_C,,,,,,,,,,,
P09758_and_P49771,0.33346745456983984,0.2791483569477273,0.11439183598187358,17.005895196506554,50.484296874999984,-12172.762691407032,B_C,,,,,,,,,,,
P09758_and_A0A0B4J1Z2,0.3564256705412842,0.2790646217206506,0.18501403753955906,18.104580152671748,68.69026315789473,-4115.7205658727435,B_C,,,,,,,,,,,
P09758_and_P50281,0.3267093038673658,0.2790299972947534,0.2514872324480712,21.743931398416862,57.694963235294104,-13323.1580147229,B_C,,,,,,,,,,,
P09758_and_Q8NG84,0.33744295707432925,0.2789797093135554,0.09523308212447212,16.015055248618783,59.81741666666668,-3807.0710592003093,B_C,,,,,,,,,,,
P09758_and_P32970,0.3449703015665809,0.2786590840349385,0.04527090379788493,16.421632653061224,59.273232323232314,-2559.5624811938956,B_C,,,,,,,,,,,
P09758_and_P32238,0.3280321867661695,0.27861983553254205,0.37498556822781204,21.478262955854134,67.67427906976741,-1909.0955279870013,B_C,,,,,,,,,,,
P09758_and_Q6UWV6,0.34958592338595507,0.2784559181929314,0.16354867138450416,19.186701030927797,62.58229299363056,-4037.9077926605514,B_C,,,,,,,,,,,
P09758_and_A0A0C4DH34,0.3582590818340241,0.2784428939494745,0.1444860713870002,17.53245778611633,60.96851063829789,-1479.3128777483107,B_C,,,,,,,,,,,
P09758_and_P02655,0.3626281621281467,0.2783303360483458,0.06407738219951611,15.218470149253735,48.14933333333331,-1005.5300079716144,B_C,,,,,,,,,,,
P09758_and_Q8NGH3,0.3394017380127712,0.2783098380589679,0.1209132914217653,16.140250696378814,58.41318965517241,-3402.855107445835,B_C,,,,,,,,,,,
P09758_and_Q6UWX4,0.35643226700434655,0.2782946581870101,0.23260693080101427,21.785359116022082,53.49525641025641,-17812.77143734115,B_C,,,,,,,,,,,
P09758_and_Q96T91,0.351676012215465,0.27824733387157746,0.055543488666731686,17.91254295532645,48.04637168141592,-5856.24219908278,B_C,,,,,,,,,,,
P09758_and_Q96AE7,0.28630061869539475,0.27815787192634345,0.13381735127649927,24.840489642184558,60.186445783132555,-3200.141899322509,B_C,,,,,,,,,,,
P09758_and_Q8NBI5,0.3468789315344745,0.2780902605812261,0.11983248739939091,19.741536964980565,55.634238410596055,-5608.769893128683,B_C,,,,,,,,,,,
P09758_and_O43566,0.298522109376649,0.278061459550778,0.27074768639267477,22.684968944099346,62.86629629629633,-3791.315523187448,B_C,,,,,,,,,,,
P09758_and_O43194,0.3330851929825802,0.27803249421700205,0.1200954288023655,19.14269578313252,52.54497237569059,-14352.008900731365,B_C,,,,,,,,,,,
P09758_and_Q07075,0.37309743759562397,0.2779965040071741,0.4812285863982077,24.09755799755798,56.52853535353537,-20245.156705452377,B_C,,,,,,,,,,,
P09758_and_Q9Y5G0,0.3053537893871654,0.2779710872527486,0.07749799574483332,25.50569007263924,53.202377622377625,-11389.049174351021,B_C,,,,,,,,,,,
P09758_and_Q6IEY1,0.3427186809688346,0.27795327453684593,0.18834933212639998,19.414718614718634,52.98090909090906,-4502.251300654592,B_C,,,,,,,,,,,
P09758_and_Q969P0,0.30947322595056237,0.2779088853295711,0.15111157394259805,20.802539682539678,61.413719512195115,-17715.03232215583,B_C,,,,,,,,,,,
P09758_and_P09172,0.35740369196864274,0.2778847498046243,0.2525938549449308,20.555859872611432,48.81502369668248,-3067.3499028240917,B_C,,,,,,,,,,,
P09758_and_Q7RTY8,0.35683975936556395,0.27786236264253394,0.15876314619372975,24.07861386138617,64.35386503067484,-12767.657401095981,B_C,,,,,,,,,,,
P09758_and_Q9HBM0,0.30034444877499866,0.2778595161902767,0.17894011156907189,23.327903225806487,56.147009345794395,-3136.9663234924883,B_C,,,,,,,,,,,
P09758_and_Q9H341,0.34089340865983087,0.2777831356019252,0.0953359130429849,21.347359154929574,57.77475308641976,-4676.936810176992,B_C,,,,,,,,,,,
P09758_and_Q0P5P2,0.36480786608461535,0.2777543113154839,0.06806149168165501,18.38227334235452,42.23274853801169,-823.0196359486145,B_C,,,,,,,,,,,
P09758_and_P25101,0.3258051267766695,0.2774413716416813,0.15921975572783179,20.34252873563218,61.7392857142857,-3279.7204424706297,B_C,,,,,,,,,,,
P09758_and_Q5BKX6,0.3209629314440512,0.2774381883811214,0.1589761443830267,22.849334016393428,58.88127413127411,-1953.0760270517712,B_C,,,,,,,,,,,
P09758_and_Q9BRX8,0.34016279986888853,0.2773781168808228,0.07803372045139667,17.787295825771345,51.74223684210528,-1053.4954491997014,B_C,,,,,,,,,,,
P09758_and_P51686,0.3167504272922569,0.27734077973074245,0.13034829743676277,22.6912609238452,56.60051813471506,-2178.7684979336937,B_C,,,,,,,,,,,
P09758_and_Q99944,0.31815614172288814,0.27725464807486444,0.0743206415343845,16.930266666666665,50.90444444444445,-2561.8811526292075,B_C,,,,,,,,,,,
P09758_and_Q96AM1,0.3243756602988789,0.27723714681125633,0.2266971477648811,20.27947154471543,62.63004739336493,-2326.081042615966,B_C,,,,,,,,,,,
P09758_and_P55107,0.3105572515022875,0.27711913264891486,0.07987711551827471,23.084230769230746,52.6233888888889,-1645.1637909770943,B_C,,,,,,,,,,,
P09758_and_Q8IW00,0.3156227702184222,0.2771161734164981,0.1468943187611388,18.897997711670463,61.97939999999998,-1899.2545762758964,B_C,,,,,,,,,,,
P09758_and_A0A0B4J280,0.35954671021448603,0.2769309563032438,0.0827424789237255,17.49911838790935,51.24308333333332,-2700.0841554511094,B_C,,,,,,,,,,,
P09758_and_Q969F2,0.30676510353574904,0.2768779428143529,0.11387752097466433,18.570312500000032,48.77952380952383,-2184.5349102220207,B_C,,,,,,,,,,,
P09758_and_Q86SH4,0.3625578720835354,0.276791524429627,0.06761082892580161,16.667003792667494,38.297439024390236,-402.2502169263389,B_C,,,,,,,,,,,
P09758_and_P07858,0.3438411473855617,0.2766719750297073,0.26894807398303217,21.825406504065064,70.9840837696335,-9401.137564537437,B_C,,,,,,,,,,,
P09758_and_P15260,0.2992506253747097,0.2766036737839045,0.3258973591324402,22.140121412803563,63.735770925110124,-1857.441355323168,B_C,,,,,,,,,,,
P09758_and_O15440,0.35400561347304693,0.27655994079853274,0.1639622489371131,23.7232142857143,60.831509433962246,-7887.493413040643,B_C,,,,,,,,,,,
P09758_and_P05997,0.2790903893674505,0.27644269053100107,0.19146616576768286,24.544294294294275,59.185135135135084,-6495.383235905028,B_C,,,,,,,,,,,
P09758_and_P41231,0.3251413723359895,0.27642389716247007,0.1565033935796155,19.232474964234612,57.42502824858756,-1398.062719054742,B_C,,,,,,,,,,,
P09758_and_Q9Y487,0.3410514018806303,0.2764161472367723,0.035725342179920835,20.313611859838286,29.062521008403372,-3458.981578404424,B_C,,,,,,,,,,,
P09758_and_Q18PE1,0.30089825938465453,0.27641411278853645,0.1691740159480605,18.146452328159633,67.07692913385829,-5087.224843945889,B_C,,,,,,,,,,,
P09758_and_Q15286,0.3417391116833547,0.2763715977110176,0.09758943449396004,17.579444444444437,60.72041958041958,-3960.491011514777,B_C,,,,,,,,,,,
P09758_and_P16109,0.2898884551048282,0.2763032336277452,0.19149390140725725,19.967639257294465,57.48370588235293,-4604.474152549106,B_C,,,,,,,,,,,
P09758_and_Q5T601,0.30760491241120735,0.2760348615515831,0.18182557816188746,24.875761589403936,53.62073529411766,-3392.6836601783616,B_C,,,,,,,,,,,
P09758_and_Q9UDY4,0.3147371635435532,0.27602061583118365,0.18489677899604565,23.664338235294156,68.12542682926826,-10360.150951367028,B_C,,,,,,,,,,,
P09758_and_P33032,0.3192323210160817,0.2759921616132452,0.07270014754991284,19.422289156626523,51.63793548387097,-4470.88903152936,B_C,,,,,,,,,,,
P09758_and_Q9BX59,0.33424729655438107,0.27582518046270554,0.2164703170726195,23.304344624447715,67.08730769230766,-10960.330283609946,B_C,,,,,,,,,,,
P09758_and_Q5T3F8,0.3490876951063472,0.27579298542241165,0.1314337421382009,22.120656634746886,58.931756097560935,-3904.2103107578096,B_C,,,,,,,,,,,
P09758_and_Q9HBW1,0.3276069355674764,0.27577191313758326,0.25744618452197027,23.306944444444415,66.19634854771786,-9657.403883027378,B_C,,,,,,,,,,,
P09758_and_B3GLJ2,0.36054315722592567,0.2757523273197586,0.22168904905780995,17.456862745098014,66.93553956834536,-1010.2131929695411,B_C,,,,,,,,,,,
P09758_and_P0DTE2,0.35724325635620824,0.2756528182930289,0.07865956549842633,18.116737739872104,55.21030534351148,-2453.098350542139,B_C,,,,,,,,,,,
P09758_and_Q7Z2H8,0.3479499989760726,0.2756330897740194,0.19352719437004678,20.75242647058827,45.7931308411215,-2632.0258536612205,B_C,,,,,,,,,,,
P09758_and_O43614,0.3247751580348315,0.2755656787834263,0.21299126464279622,20.347658402203898,64.78974747474746,-1901.8874697497695,B_C,,,,,,,,,,,
P09758_and_A0A0A0MS06,0.3563153389453274,0.27553053962343343,0.14287576885037798,19.223853211009168,52.008639053254456,-1105.1644612177042,B_C,,,,,,,,,,,
P09758_and_O43561,0.31976350550883587,0.27549289994994,0.08234268424913095,18.68074670571009,34.32368055555556,-610.1266891903215,B_C,,,,,,,,,,,
P09758_and_Q13464,0.29617560021788114,0.27543980518987793,0.22267704368886168,24.863108108108168,62.9040932642487,-8346.885468291192,B_C,,,,,,,,,,,
P09758_and_Q9BZR6,0.3225693230934745,0.2754073412977866,0.41896773711463586,23.3309448818898,55.03686046511629,-17639.294118501868,B_C,,,,,,,,,,,
P09758_and_P54753,0.29839362483359055,0.27526119854993847,0.4825377564885947,24.113941908713674,64.80760000000002,-5758.031204065443,B_C,,,,,,,,,,,
P09758_and_Q9Y5H7,0.3140222819644945,0.27524911190565093,0.15097049790511946,22.060133843212203,60.174305555555584,-4619.593920276817,B_C,,,,,,,,,,,
P09758_and_Q07837,0.357276296457829,0.27519090391427053,0.11447657917079772,22.411373390557948,65.08512658227849,-19302.725713347572,B_C,,,,,,,,,,,
P09758_and_P29322,0.29690344163762794,0.2751174148421718,0.2263260625254215,20.04654471544718,61.46152941176469,-19276.74358758524,B_C,,,,,,,,,,,
P09758_and_P02652,0.36060834536023656,0.27510749069085394,0.06088600193821761,16.366702355460372,45.34315384615386,-2327.324972297829,B_C,,,,,,,,,,,
P09758_and_O00238,0.32029531703974096,0.2750084878345317,0.18837603804933595,21.78377563329311,62.91327354260089,-1322.0485383363484,B_C,,,,,,,,,,,
P09758_and_P28325,0.35063565711661276,0.27499029153831583,0.16174517644302872,17.578370786516842,64.52350364963506,-5298.130493278705,B_C,,,,,,,,,,,
P09758_and_P58400,0.3079994287756983,0.274927564735344,0.1515576444891308,19.100485436893173,60.27124293785309,-6322.225899887593,B_C,,,,,,,,,,,
P09758_and_Q9NT99,0.3204862214998669,0.27490031639988366,0.32839615031233005,23.085077288941758,66.56281105990784,-9631.257526627054,B_C,,,,,,,,,,,
P09758_and_A0A0B4J271,0.3558910041743395,0.2748411562248747,0.07688440458502427,16.720953757225434,58.071008403361326,-1192.0409812809125,B_C,,,,,,,,,,,
P09758_and_Q6UWL6,0.29588122303066755,0.27477260323395186,0.207225778875898,24.28448275862069,58.61286458333331,-8154.04876363175,B_C,,,,,,,,,,,
P09758_and_Q96JA1,0.3247224730541095,0.2747608302951587,0.03533263545441207,25.612672811059905,54.77622641509436,-15095.452822398902,B_C,,,,,,,,,,,
P09758_and_O95259,0.3090415694400408,0.2747347797606998,0.1604085750392038,23.50684575389948,63.68449735449741,-10319.8138235572,B_C,,,,,,,,,,,
P09758_and_Q8NGR8,0.3337787346678157,0.27463207044282373,0.16516897986596343,19.137966804979264,64.18744525547446,-1448.3056968752567,B_C,,,,,,,,,,,
P09758_and_Q5T9L3,0.34950185382422694,0.2745409617089792,0.08334599575487582,22.605122494432074,63.20288461538459,-6349.78003926573,B_C,,,,,,,,,,,
P09758_and_Q8NFQ6,0.3401014021323497,0.2745267507779843,0.09397786275771332,19.405555555555548,58.04422619047618,-4663.035389593275,B_C,,,,,,,,,,,
P09758_and_Q9Y5W5,0.3135924872585315,0.2744647543165839,0.08304349252699549,18.4832288401254,56.01908045977012,-2992.142429190837,B_C,,,,,,,,,,,
P09758_and_O15056,0.34099037896065376,0.2744639127614884,0.17892147110591936,26.986234458259304,55.10890784982939,-6261.729308506619,B_C,,,,,,,,,,,
P09758_and_P54760,0.2961902528418029,0.2744595242493463,0.1422713425097131,23.940390390390373,57.51493212669683,-2410.2762515472095,B_C,,,,,,,,,,,
P09758_and_Q9Y5H8,0.3122602529367199,0.27444760025604004,0.15135836094102426,22.537391304347853,59.05116279069768,-5115.320346724864,B_C,,,,,,,,,,,
P09758_and_Q6P5W5,0.2898988170847713,0.27439569548588705,0.18385210943169292,23.846862483311096,62.110633484162896,-4980.381798403183,B_C,,,,,,,,,,,
P09758_and_Q9BYW1,0.35082717274846453,0.27431154604495966,0.16190927909321537,20.47627450980393,64.18062200956935,-1816.613656631771,B_C,,,,,,,,,,,
P09758_and_Q9Y6I3,0.29332477092034454,0.27428682994553694,0.18938272568244602,22.84274965800274,67.79120603015073,-7972.405220459863,B_C,,,,,,,,,,,
P09758_and_P0DOY3,0.35646138133424876,0.2742530978816793,0.18283736647021265,19.091176470588216,68.2956557377049,-1723.1227095500747,B_C,,,,,,,,,,,
P09758_and_Q30KQ9,0.3680936456168581,0.2741662256232861,0.07430529073085154,16.158723404255305,43.37655737704918,-1185.9203521777295,B_C,,,,,,,,,,,
P09758_and_O75078,0.33675829478733676,0.2741315081124364,0.15288885936181684,22.67327868852455,64.92804232804232,-8075.264601278162,B_C,,,,,,,,,,,
P09758_and_P08913,0.31917278716912606,0.2740732635591343,0.14745025402563466,20.254104477611907,54.73981927710841,-2947.6423196315354,B_C,,,,,,,,,,,
P09758_and_P43626,0.3147542450704869,0.2740438247229358,0.12573875740399848,20.930846774193554,57.131552795031034,-12752.852987957644,B_C,,,,,,,,,,,
P09758_and_Q8TDV5,0.3340748380735359,0.27399761625211827,0.09354643628872811,21.235024958402658,62.30731707317074,-5191.0400802120475,B_C,,,,,,,,,,,
P09758_and_Q8N119,0.34292321312122337,0.2739047223831969,0.12656361539209948,20.64753451676528,64.45261437908495,-14623.962027848364,B_C,,,,,,,,,,,
P09758_and_A0A0B4J249,0.35244389948323407,0.2738261726994744,0.08136421493347838,18.99510638297875,55.23404580152672,-1921.6307391898727,B_C,,,,,,,,,,,
P09758_and_P05230,0.34784134483852946,0.2737386771090855,0.10202838756464393,20.641869918699197,62.505379310344836,-3278.6847961612193,B_C,,,,,,,,,,,
P09758_and_Q9Y272,0.3274749386568726,0.2737313784641039,0.09486041401050967,20.8098228663446,61.57147959183668,-1432.5401726149807,B_C,,,,,,,,,,,
P09758_and_Q6UWP8,0.29217130527753005,0.2736742542044974,0.07487346200461263,18.994083694083695,41.89500000000002,-3491.6881682319,B_C,,,,,,,,,,,
P09758_and_Q8NGF0,0.3349466298269037,0.2734998715029883,0.07768099321124919,20.910202492211816,53.72628571428573,-2809.745271061332,B_C,,,,,,,,,,,
P09758_and_Q8NGX9,0.33050451491267874,0.2734898108157698,0.08386640600128314,21.335273972602774,57.41906976744188,-6825.813064485715,B_C,,,,,,,,,,,
P09758_and_P30532,0.3236181247492531,0.27343799566472754,0.24364042018540155,20.47375389408103,62.63552325581393,-18531.135259584415,B_C,,,,,,,,,,,
P09758_and_P0CJ71,0.3800279886202702,0.27335859452856015,0.09621827044302782,15.063988095238095,18.192871287128714,-1761.9152321431272,B_C,,,,,,,,,,,
P09758_and_P29474,0.320214972834973,0.2733125398726583,0.15835359880045494,23.202690058479565,57.74887850467288,-2186.8153810499844,B_C,,,,,,,,,,,
P09758_and_Q9Y2C9,0.3308404467035916,0.2731959114882651,0.1275015399229086,20.360865191146896,60.75536231884059,-4419.2941145069735,B_C,,,,,,,,,,,
P09758_and_Q92911,0.347966420671023,0.27313995047783046,0.1036405619615412,22.611278195488712,54.948152173913066,-23385.216997698397,B_C,,,,,,,,,,,
P09758_and_Q5UAW9,0.32870117915342684,0.273108182764385,0.06964737697466342,18.170785219399537,52.87828358208956,-1440.0967281006908,B_C,,,,,,,,,,,
P09758_and_P51795,0.35450125237789504,0.2730983477576562,0.08214925185523608,25.326295336787563,59.24284722222227,-3200.2088027118507,B_C,,,,,,,,,,,
P09758_and_Q06418,0.28842261299005606,0.27306960888547915,0.28666110365868,24.07521912350595,62.79120879120878,-7863.109179063559,B_C,,,,,,,,,,,
P09758_and_P05060,0.2927185480360836,0.27296270933704136,0.08778687762573008,15.920877458396381,50.92615384615383,-2957.518262476151,B_C,,,,,,,,,,,
P09758_and_Q9NQ76,0.2946591129662946,0.2728930925539944,0.09594549955534343,18.377139364303158,40.239999999999995,-11942.277948290895,B_C,,,,,,,,,,,
P09758_and_Q9NSD7,0.3247414613769938,0.2726870590050015,0.14436250289314406,21.441452513966464,51.708478260869555,-15624.162911197896,B_C,,,,,,,,,,,
P09758_and_Q5GH76,0.3172925967087513,0.2726644721493256,0.10104654590209157,21.519427148194275,52.49087336244545,-1712.7007026219362,B_C,,,,,,,,,,,
P09758_and_P19827,0.32917237721662934,0.2725257547161939,0.08123696097139911,23.516734972677547,45.929787234042585,-5880.558301929683,B_C,,,,,,,,,,,
P09758_and_A1KXE4,0.33421992900977154,0.27226082991552014,0.07269907047215289,18.210572687224662,46.165488372093016,-788.4860897340914,B_C,,,,,,,,,,,
P09758_and_P23229,0.33039208852569396,0.2721812486418638,0.291381723840838,23.32404708520185,56.014727272727264,-3121.8733249010984,B_C,,,,,,,,,,,
P09758_and_Q9BSG5,0.3303592005107772,0.2721475669703996,0.23016102269110317,18.601539491298524,57.70051136363636,-3159.7006898597856,B_C,,,,,,,,,,,
P09758_and_P0DMC3,0.37031938948782905,0.2721360590379428,0.13200119237236105,13.571077283372377,22.73349593495935,-1219.5306633758926,B_C,,,,,,,,,,,
P09758_and_O75556,0.3582721272908612,0.27209906496772596,0.06298916980700311,17.72100938967135,48.57039682539682,-3327.1040596089842,B_C,,,,,,,,,,,
P09758_and_Q8NFR9,0.2977413023829046,0.27194478517923987,0.10427363151483181,24.121910112359558,61.85331753554507,-9490.58295049686,B_C,,,,,,,,,,,
P09758_and_P40617,0.3374342397253347,0.2718802876262027,0.09214164301546478,16.977302631578947,58.80999999999998,-2290.623919682396,B_C,,,,,,,,,,,
P09758_and_A0A0B4J279,0.35317434270336345,0.27182761504149594,0.08188504124964499,19.01645683453234,57.030071428571425,-4396.233126190838,B_C,,,,,,,,,,,
P09758_and_Q3SXY8,0.30447714775150747,0.2717827382658283,0.1226337246750435,20.34367588932805,64.20584337349395,-4822.332283609712,B_C,,,,,,,,,,,
P09758_and_P01009,0.33938430902915456,0.27169342974847777,0.13423578937782374,16.781,56.26330769230771,-3331.6115542226926,B_C,,,,,,,,,,,
P09758_and_P22681,0.2954902579367745,0.27163570811777993,0.2374849603998288,23.292562724014378,49.93133333333335,-1634.3558481410873,B_C,,,,,,,,,,,
P09758_and_Q5VWK5,0.2952692054168473,0.27162724786334186,0.1819833063734832,24.11136363636365,51.171389961389956,-2124.6744904590923,B_C,,,,,,,,,,,
P09758_and_P00740,0.311777893989274,0.2715506301782884,0.16788270105276634,22.35453857791227,63.69926108374385,-1920.617025607371,B_C,,,,,,,,,,,
P09758_and_A1KZ92,0.3268822135167884,0.2713864708149791,0.18225458426598873,27.28212341197824,44.48175,-8885.615369757994,B_C,,,,,,,,,,,
P09758_and_P98196,0.34857779455712384,0.27131822253534876,0.17482280985824272,24.903792415169693,57.184379084967325,-6845.514189836505,B_C,,,,,,,,,,,
P09758_and_Q6UX68,0.3065482250720466,0.2713041994010447,0.22936215131110382,23.00027027027029,53.75247787610619,-7469.9556255510215,B_C,,,,,,,,,,,
P09758_and_O00622,0.3090967430303675,0.27130174281243424,0.19978050758568847,18.75778388278386,51.031695652173916,-3103.935229278897,B_C,,,,,,,,,,,
P09758_and_P08648,0.33849311664783965,0.2712621400924675,0.18217659698920818,23.37560137457044,69.00364161849707,-2266.211603214716,B_C,,,,,,,,,,,
P09758_and_A0A075B6T8,0.35243286608282576,0.2711466502688342,0.08755399357973476,18.166544789762302,56.69936619718309,-2637.000994281177,B_C,,,,,,,,,,,
P09758_and_Q9Y5G1,0.30068717860245653,0.27110396576853435,0.05230854062316871,23.919767441860486,52.80680327868855,-15546.107109505487,B_C,,,,,,,,,,,
P09758_and_O15357,0.32039164488862604,0.27102857190142926,0.15811942117356179,23.596952908587284,66.7597058823529,-4570.572241741182,B_C,,,,,,,,,,,
P09758_and_Q9GZZ7,0.3201987354359145,0.27097633639159163,0.20078485840671126,20.113915094339625,64.58340909090914,-8512.343098291576,B_C,,,,,,,,,,,
P09758_and_Q8NGK1,0.3365903345559221,0.2708827570692554,0.10084902684713438,21.28724137931031,55.75429447852759,-10127.840097947523,B_C,,,,,,,,,,,
P09758_and_P14207,0.3279175355860321,0.2706942401056292,0.14713656004991774,20.982688927943776,65.87431034482759,-7359.999995554184,B_C,,,,,,,,,,,
P09758_and_Q76LX8,0.2989252380930365,0.2706237026050679,0.4156610121666069,26.777692307692348,39.201185185185174,-7404.947614065328,B_C,,,,,,,,,,,
P09758_and_B0I1T2,0.3266331623564868,0.27057027989928895,0.0930755352137542,21.48029850746268,60.99648148148146,-2019.4453435538453,B_C,,,,,,,,,,,
P09758_and_Q8NGC6,0.32948469929507107,0.2705098431929023,0.0887553354024315,19.628303571428585,60.35248447204967,-7662.471702820965,B_C,,,,,,,,,,,
P09758_and_P08949,0.35018489939858416,0.270493998511813,0.13959085702325372,15.408201058201064,36.21416107382553,-3019.030645683186,B_C,,,,,,,,,,,
P09758_and_P17081,0.3346918489747216,0.2704266520403158,0.06746252893064243,18.693373493975905,57.238506493506506,-1004.3188504354172,B_C,,,,,,,,,,,
P09758_and_P30988,0.3151356515185726,0.27032222525598715,0.0932411181400876,19.97880085653107,55.33726618705034,-6282.1187784506565,B_C,,,,,,,,,,,
P09758_and_P04271,0.35633736862570764,0.2702582252282541,0.06859174201196994,18.537262872628723,49.32389380530972,-1447.799791539971,B_C,,,,,,,,,,,
P09758_and_Q8TAX7,0.3018887784081754,0.27024474198170734,0.048616503056129245,13.392944785276077,42.31384615384616,-4699.967177829356,B_C,,,,,,,,,,,
P09758_and_O00754,0.3732642678528134,0.2702130894518345,0.3345286015134727,26.592409240924088,68.70356756756755,-23472.62525784828,B_C,,,,,,,,,,,
P09758_and_P12872,0.35118425564561456,0.27011047915457786,0.09199330363911043,15.26846275752773,42.69566433566435,-754.9222493227576,B_C,,,,,,,,,,,
P09758_and_Q9Y2J2,0.2761764825432263,0.2700717724270132,0.3639443503856976,25.396640091116186,64.30347619047623,-3124.448302353063,B_C,,,,,,,,,,,
P09758_and_P22694,0.3444870749314644,0.2700665790054347,0.2836840766315013,20.09041095890409,59.97491712707182,-1771.841941990464,B_C,,,,,,,,,,,
P09758_and_Q8NGH7,0.3253510414364159,0.27006496968641647,0.08173737113100064,19.82958748221907,52.113195876288614,-6729.98843210091,B_C,,,,,,,,,,,
P09758_and_P53618,0.32526289679422654,0.27000125814943093,0.19001833020227726,21.90536529680363,53.32335766423357,-19520.764724190427,B_C,,,,,,,,,,,
P09758_and_P45452,0.3311395620746654,0.2699188432817774,0.17177498392301035,23.18799342105265,62.11824858757061,-6457.700100023675,B_C,,,,,,,,,,,
P09758_and_Q15884,0.29827463486289024,0.269909958013776,0.11123885758614697,22.215990453460652,55.486407766990276,-3040.0822171751497,B_C,,,,,,,,,,,
P09758_and_P24347,0.3061243147828905,0.2699000258490727,0.0819015352167192,19.033170254403103,60.52113636363637,-4365.744324803087,B_C,,,,,,,,,,,
P09758_and_P46089,0.3273877625721835,0.2698932931679678,0.07233548422711492,19.025704989154004,59.546666666666695,-3828.0227855076078,B_C,,,,,,,,,,,
P09758_and_P01375,0.3304071162556874,0.2698380133448898,0.10615177991958057,20.164937106918224,67.84532110091743,-2339.9649887096043,B_C,,,,,,,,,,,
P09758_and_Q07343,0.3106275282900877,0.269835287453842,0.1772602732482108,22.920808678500983,58.73778225806453,-4649.07615637832,B_C,,,,,,,,,,,
P09758_and_Q15223,0.305411165617392,0.2696808367979034,0.17600171510046914,21.17856049004595,64.20188118811878,-3911.022234143764,B_C,,,,,,,,,,,
P09758_and_Q96GS6,0.3242561140967999,0.26967698825073927,0.19088702996937915,20.521596638655495,63.33988235294117,-3898.7113233706514,B_C,,,,,,,,,,,
P09758_and_P03999,0.33409067080506083,0.26956078421078744,0.08456765512599865,17.006428571428575,58.62335766423356,-1698.9052574015623,B_C,,,,,,,,,,,
P09758_and_Q08554,0.2940385099250653,0.2695501023614543,0.12293329037281142,23.392802303262968,62.105816993464046,-21059.27497511655,B_C,,,,,,,,,,,
P09758_and_P01850,0.3379119274349721,0.2695192277563152,0.2137901351103883,17.996701388888898,67.49137499999998,-8712.543583301507,B_C,,,,,,,,,,,
P09758_and_Q9Y5X9,0.34180501138195785,0.2695100288128621,0.15147884751651583,21.372099853157074,66.40290816326528,-3101.4175051231255,B_C,,,,,,,,,,,
P09758_and_O43869,0.33433456156980373,0.26950394198894134,0.08973979444054583,18.502530120481918,55.16801526717557,-9479.265936716,B_C,,,,,,,,,,,
P09758_and_Q9Y585,0.33660281266725356,0.26937069250085827,0.15322340505491183,20.390801457194915,60.13896774193549,-5314.877120753651,B_C,,,,,,,,,,,
P09758_and_Q17RF5,0.34209953626820055,0.2693629810297702,0.07344646263753696,16.533690987124473,29.590254237288132,-815.3674050377886,B_C,,,,,,,,,,,
P09758_and_Q8N4T4,0.3275492629544974,0.26929582540181846,0.2593294959601946,18.068832236842127,50.32092105263158,-1947.9652114273842,B_C,,,,,,,,,,,
P09758_and_P0DJI8,0.35031731019999823,0.2692066383800715,0.04431134182315087,15.047356321839088,49.03892086330933,-1479.6165234550663,B_C,,,,,,,,,,,
P09758_and_Q3MJ16,0.3574958449323641,0.26916631754724285,0.08014877712983462,23.752492447129974,50.38404878048779,-3093.8314472926904,B_C,,,,,,,,,,,
P09758_and_Q14439,0.3039196519708687,0.2690784822920772,0.10989194040707563,18.58093788063335,48.96618090452259,-1237.9838806859589,B_C,,,,,,,,,,,
P09758_and_Q86VB7,0.2971941336539343,0.26905612321987743,0.08910013938931136,26.59694719471946,56.92475770925111,-8725.226015014308,B_C,,,,,,,,,,,
P09758_and_Q96A54,0.32444095186486854,0.2690036384460591,0.0957286309604435,19.478871391076122,63.247615384615386,-1680.1129002668276,B_C,,,,,,,,,,,
P09758_and_Q9H324,0.30487661987669556,0.268972597831443,0.14318672017671477,21.917820324005913,49.696197916666655,-18355.85381305249,B_C,,,,,,,,,,,
P09758_and_Q6IE37,0.32062960195560053,0.26881312667960616,0.04131171102261499,25.80553935860059,40.36275362318841,-12772.946203364212,B_C,,,,,,,,,,,
P09758_and_O43927,0.35206831169489644,0.2688039445302367,0.18601516028202092,18.9313318777293,52.91004950495049,-1268.861220359071,B_C,,,,,,,,,,,
P09758_and_Q8NGF7,0.33212090431910596,0.2687941851406577,0.10170825733223594,21.512427745664766,56.41374269005851,-6784.461949947349,B_C,,,,,,,,,,,
P09758_and_Q14244,0.2798247347860733,0.26876774915882373,0.04514227575311606,21.293655589123873,51.8989,-6418.664695890744,B_C,,,,,,,,,,,
P09758_and_Q8IU54,0.33255106553133285,0.2687182803379711,0.11428938380511224,19.826322751322767,68.91403225806454,-2267.524749566499,B_C,,,,,,,,,,,
P09758_and_Q8TCW9,0.3279799588863299,0.2687031369427806,0.16786454406691081,16.69579510703363,67.63172043010752,-2046.5902683659388,B_C,,,,,,,,,,,
P09758_and_O60716,0.3090944746516794,0.2685792909886904,0.22903327564080725,21.08178458289338,56.02902439024389,-2982.0916176342507,B_C,,,,,,,,,,,
P09758_and_P16050,0.3656819336740466,0.2685745398015122,0.11622470834966828,21.771113445378145,60.892554744525555,-7172.825794599231,B_C,,,,,,,,,,,
P09758_and_Q8TDV0,0.321712687232049,0.26843638236363176,0.1486163918506194,21.13128119800333,64.79699453551915,-4043.5631534534577,B_C,,,,,,,,,,,
P09758_and_Q15389,0.29617900533500896,0.26838462468236024,0.14897639915989794,21.0047923322684,62.69910179640716,-5767.6152012651655,B_C,,,,,,,,,,,
P09758_and_P01275,0.33753836932333725,0.26829787895443624,0.06356794852048336,17.03424566088117,51.054130434782614,-1666.332350892506,B_C,,,,,,,,,,,
P09758_and_P08833,0.32501446786087046,0.2681796208156229,0.15067549386748025,19.47567446043165,55.06542372881362,-1666.4334857616632,B_C,,,,,,,,,,,
P09758_and_A0A087X0K7,0.35063264449217557,0.268169854466334,0.07705796444861447,17.689265536723187,55.89692857142855,-877.8451847609285,B_C,,,,,,,,,,,
P09758_and_P0DJI9,0.3492243702939883,0.2679163724819418,0.09962473066936989,17.503209876543202,57.833125,-2263.690073342761,B_C,,,,,,,,,,,
P09758_and_Q86VH4,0.3140588073870335,0.2678853866626313,0.12368885136970578,21.98300198807157,67.88025510204083,-6808.306667039829,B_C,,,,,,,,,,,
P09758_and_Q8IVM8,0.34656218550094287,0.26784851726259745,0.2329899518793011,21.93815635939326,54.73917948717946,-2471.7603113247465,B_C,,,,,,,,,,,
P09758_and_O43613,0.32280901091518777,0.26781910969246475,0.13635546495436218,18.187314814814822,62.906896551724145,-2195.594026925681,B_C,,,,,,,,,,,
P09758_and_Q8NGX0,0.33316343549901095,0.2677496068311985,0.12134167026732098,17.43359201773836,62.88503496503496,-2341.0691407436902,B_C,,,,,,,,,,,
P09758_and_Q9NPB6,0.3104230195757497,0.2677211094419523,0.20763722439510185,20.20381395348834,60.14378995433788,-15031.17467567066,B_C,,,,,,,,,,,
P09758_and_P31639,0.3521631693658206,0.26771468872386717,0.21253397634785776,22.428417818740417,64.2831216931217,-9248.50586502567,B_C,,,,,,,,,,,
P09758_and_Q8NGC8,0.3329336037155469,0.26769614975661227,0.1441275101919992,22.736655948553054,60.36666666666666,-5595.348746103005,B_C,,,,,,,,,,,
P09758_and_Q9P258,0.3354800315486018,0.26768542630120823,0.2504256597308301,25.338511029411766,69.02487654320984,-7139.876933034792,B_C,,,,,,,,,,,
P09758_and_O43405,0.32227905192718675,0.2676838995600636,0.15398322677256923,20.316007194244627,68.76433333333334,-7686.139398858146,B_C,,,,,,,,,,,
P09758_and_Q8IXE1,0.33116565217303356,0.2676755849825017,0.11691696836163185,17.919134615384596,58.30266666666664,-4426.218272709122,B_C,,,,,,,,,,,
P09758_and_O95467,0.31852199403597187,0.26756591324727136,0.05533130576921447,17.321809744779582,39.71924812030075,-2909.2642804981315,B_C,,,,,,,,,,,
P09758_and_Q8IZS7,0.340000031679913,0.267548360099983,0.06578218824624348,16.935113484646195,51.20535911602206,-1558.162387764598,B_C,,,,,,,,,,,
P09758_and_Q6PEX7,0.32594522653046254,0.2675424224679301,0.07526420501061176,16.750936329588043,35.99429629629629,-1726.2875029053448,B_C,,,,,,,,,,,
P09758_and_P13569,0.3448752425380305,0.2674612281435746,0.052667936702542176,24.653124999999996,52.716206896551725,-10878.578988674817,B_C,,,,,,,,,,,
P09758_and_P29317,0.2894664763712977,0.2674001723179744,0.09265137854262448,24.577185314685305,49.86381443298969,-19613.113785523186,B_C,,,,,,,,,,,
P09758_and_P39059,0.27286734916643396,0.26739808970044165,0.15279763690272977,24.287887596899203,65.78526946107785,-7066.087729964638,B_C,,,,,,,,,,,
P09758_and_Q7Z410,0.28312548884634525,0.2672342024034948,0.31645479361274864,26.13372844827584,60.99784232365146,-6447.300288482169,B_C,,,,,,,,,,,
P09758_and_Q9BYZ8,0.33814077855113767,0.267203002868261,0.14575351190154318,19.604239130434816,66.25207407407407,-2125.108444058168,B_C,,,,,,,,,,,
P09758_and_P33681,0.3131532743510608,0.267163774198144,0.16958862067379582,20.09353876739563,65.66413043478262,-2524.041849900458,B_C,,,,,,,,,,,
P09758_and_A0A1W2PPG7,0.3530343801790521,0.26707929889046794,0.07358702697075864,16.79907407407407,39.87740963855421,-3163.223364546342,B_C,,,,,,,,,,,
P09758_and_Q96QG7,0.35824605444488955,0.26706868793579674,0.24077850631865397,21.52499999999998,63.15718085106381,-2231.912023611774,B_C,,,,,,,,,,,
P09758_and_P35367,0.30802828319634906,0.26704842494024306,0.12837661617068544,21.22980456026059,49.355266272189354,-7332.3965903213575,B_C,,,,,,,,,,,
P09758_and_P27448,0.2990653762718726,0.26693895755521113,0.24331037347625453,22.605018587360604,69.05039999999998,-21498.719072352324,B_C,,,,,,,,,,,
P09758_and_Q8NCS7,0.3418481432527098,0.2668599882205716,0.04887344564125455,24.00799373040755,59.08451388888893,-3132.803931733872,B_C,,,,,,,,,,,
P09758_and_Q9UN76,0.3509464707280938,0.26682310159774425,0.21003059327140658,23.26960093896716,46.17438524590162,-5063.89377565297,B_C,,,,,,,,,,,
P09758_and_P32249,0.32630944203041967,0.2668100796652505,0.11889520672945136,21.3136645962733,60.30047619047618,-4423.001326515958,B_C,,,,,,,,,,,
P09758_and_Q86XS5,0.3121749168958033,0.2668037378992856,0.16399744148513823,18.460720887245852,68.02451612903224,-2054.68614967579,B_C,,,,,,,,,,,
P09758_and_P22735,0.3509805391744094,0.2667827964502576,0.12137906100010303,22.97432203389831,58.071197916666655,-8389.220665511866,B_C,,,,,,,,,,,
P09758_and_Q9P2K2,0.2965077793903467,0.2666477688270384,0.21369813225950668,25.18452743902444,55.25222891566262,-4544.494223497102,B_C,,,,,,,,,,,
P09758_and_Q9Y5E3,0.2912173351338957,0.2666041315575932,0.03014009638341459,21.46431535269709,28.276867469879523,-1672.4739264737964,B_C,,,,,,,,,,,
P09758_and_Q9H3T3,0.32507186104951474,0.26657348539686887,0.15570861771520292,23.904318181818216,66.05482412060304,-12615.599509430318,B_C,,,,,,,,,,,
P09758_and_Q5T2T1,0.3135014618772095,0.26650521700687374,0.24221662787632495,22.159784735812114,55.43560240963854,-2843.5777736039727,B_C,,,,,,,,,,,
P09758_and_P24530,0.3145015704869042,0.26643166984408617,0.1394461569864349,21.426523887973673,62.039162011173175,-4140.483153034948,B_C,,,,,,,,,,,
P09758_and_P11229,0.3151883100784382,0.26639788644816265,0.13128855023091807,22.869096671949283,50.59470873786408,-4221.116438350575,B_C,,,,,,,,,,,
P09758_and_P29459,0.33147160070530773,0.2663970683413842,0.0962994807840823,18.719213649851635,56.30397590361443,-1014.622562449882,B_C,,,,,,,,,,,
P09758_and_Q15762,0.30712392277862927,0.266344612453569,0.22547190367554118,23.33267670915409,65.34952153110046,-1499.121151313644,B_C,,,,,,,,,,,
P09758_and_Q86YS7,0.34391943681102044,0.26632986721380036,0.1887689548497703,23.050467289719645,65.1529756097561,-3026.6775108182264,B_C,,,,,,,,,,,
P09758_and_Q8NH43,0.3319641538746466,0.26630624514801876,0.07390078342743597,19.286679920477127,62.118881987577645,-9877.567038577532,B_C,,,,,,,,,,,
P09758_and_Q9UK08,0.3610263651665545,0.26630063840774315,0.17076231370581016,17.322549019607838,34.55533783783783,-2897.872005346995,B_C,,,,,,,,,,,
P09758_and_Q9UL52,0.3402238033544735,0.2662696246130638,0.30796319997579624,19.159702660406886,62.213666666666704,-9916.244661787241,B_C,,,,,,,,,,,
P09758_and_Q6S5L8,0.2884048869974426,0.2662505835427706,0.19688446514808175,20.569736842105293,64.50739534883718,-10127.293749470475,B_C,,,,,,,,,,,
P09758_and_Q86UL8,0.2720490851128889,0.26619685007567834,0.1921950993501129,27.610621761658013,50.19429133858271,-6731.258892271639,B_C,,,,,,,,,,,
P09758_and_Q9NZH8,0.336046865304074,0.2661609471698311,0.0999534138414832,18.02395833333335,61.99277777777778,-3537.0377827103193,B_C,,,,,,,,,,,
P09758_and_P60953,0.3312694709436908,0.266119301539239,0.06893574732424546,19.114705882352926,56.55000000000002,-9156.967845035279,B_C,,,,,,,,,,,
P09758_and_Q95460,0.31398769697008017,0.2659361949383691,0.27499538722298267,20.42450229709036,68.7433333333333,-2513.406222255884,B_C,,,,,,,,,,,
P09758_and_Q9UEF7,0.35922436775008537,0.26570408982505295,0.24986064689842488,23.97551342812007,50.98506024096388,-16456.77984449618,B_C,,,,,,,,,,,
P09758_and_Q12934,0.282834494023924,0.2656839613004619,0.07813308916739047,22.657375381485224,48.86883177570093,-2010.8543385002267,B_C,,,,,,,,,,,
P09758_and_Q2M2E5,0.345486729023054,0.26564572692166477,0.0756532697499225,17.413496583143477,48.95241758241758,-1513.137424941473,B_C,,,,,,,,,,,
P09758_and_P29274,0.31712455174408405,0.2655961472554169,0.09973132531065569,19.51910229645095,55.02801324503311,-4097.364726222516,B_C,,,,,,,,,,,
P09758_and_P34981,0.3188717453147039,0.26545972643371146,0.24389768284288205,21.863849765258255,54.99294444444442,-2728.236462342974,B_C,,,,,,,,,,,
P09758_and_P12109,0.28226523691458755,0.2654261351005369,0.10029747668861551,24.36659544159544,50.262439024390225,-4016.4835823843096,B_C,,,,,,,,,,,
P09758_and_A6NDS4,0.30089607491695813,0.2652889885382046,0.22298966252516336,23.204994797086364,64.69731999999996,-2768.9554317883485,B_C,,,,,,,,,,,
P09758_and_O95711,0.33539881240172115,0.2652160653933714,0.15919287271413463,19.40716814159292,63.69516778523489,-10533.503498240923,B_C,,,,,,,,,,,
P09758_and_Q9Y334,0.35600003423906923,0.26521441093027215,0.24567706336030687,23.582834757834764,62.364822335025366,-9646.793236128318,B_C,,,,,,,,,,,
P09758_and_P18509,0.3320676969056029,0.2652051838068005,0.11547157359730126,13.503680981595117,35.15092307692308,-2177.945055847864,B_C,,,,,,,,,,,
P09758_and_Q86UN3,0.3188429229033376,0.26516688896415513,0.14950525024256486,21.68445783132531,64.10135483870971,-6362.341156019801,B_C,,,,,,,,,,,
P09758_and_P06331,0.34435255738374454,0.265155981193991,0.08956979344945995,17.574952198852767,57.48657142857142,-4392.742651456105,B_C,,,,,,,,,,,
P09758_and_Q12913,0.2853135603514313,0.2650600212609408,0.10760289749722424,23.633013435700587,57.3549295774648,-4173.036733419298,B_C,,,,,,,,,,,
P09758_and_Q8TD43,0.3350791130097845,0.2650096856791979,0.1972984181837424,21.59167872648334,50.18005813953488,-8676.429877858987,B_C,,,,,,,,,,,
P09758_and_Q6UWF7,0.3387395691411381,0.2650071218670662,0.311179674129073,24.8574568288854,65.90336898395722,-2272.4784390878394,B_C,,,,,,,,,,,
P09758_and_Q86SQ3,0.30869555361846823,0.26500061892346516,0.11898091608778434,20.324820788530467,63.65248484848487,-7178.479739259823,B_C,,,,,,,,,,,
P09758_and_Q5JQD4,0.35922011812651333,0.26499472139608965,0.08984920516125558,16.95073684210527,42.408650793650786,-2095.2400225370907,B_C,,,,,,,,,,,
P09758_and_P0CJ76,0.3742935839426226,0.26497433882341953,0.09239069719734258,15.529457364341077,15.071442307692301,-1309.2849584731184,B_C,,,,,,,,,,,
P09758_and_Q9NZU0,0.304424284845332,0.26494547098768084,0.11339611462012417,23.750000000000014,61.11312195121951,-10794.767363588042,B_C,,,,,,,,,,,
P09758_and_P25063,0.35588007320482745,0.2648870897402588,0.13729869943777379,11.766843501326251,24.80666666666667,-1252.554391628653,B_C,,,,,,,,,,,
P09758_and_A0A0K0K1E9,0.34577102256220726,0.26485061643204766,0.07361898916782518,18.73547904191618,62.053333333333335,-1590.3830017338057,B_C,,,,,,,,,,,
P09758_and_Q9Y2E5,0.37091439189220377,0.2648478108802067,0.41928180581712504,24.890590405904113,57.21904306220097,-8606.725840494628,B_C,,,,,,,,,,,
P09758_and_Q8N5G0,0.3606304633006484,0.2648345877702273,0.08044162790490725,15.94742173112336,30.71515873015874,-1527.3724761452359,B_C,,,,,,,,,,,
P09758_and_Q8N3Z0,0.3271587474349409,0.2648006432372653,0.05483214978938791,18.85564516129031,60.0886842105263,-5496.539340938906,B_C,,,,,,,,,,,
P09758_and_O94921,0.3154842293436284,0.26472340661325444,0.09694104670482902,20.927650063856948,58.21229999999998,-2963.886027535389,B_C,,,,,,,,,,,
P09758_and_O95980,0.3310624566399176,0.2646636116181642,0.2931414417474332,25.583699324324275,33.77306397306397,-3323.704056980263,B_C,,,,,,,,,,,
P09758_and_Q8NFJ6,0.3241795096269835,0.26465603966520634,0.15257736833898475,17.661111111111122,66.06765306122449,-3859.283092313522,B_C,,,,,,,,,,,
P09758_and_P25929,0.32066046918658425,0.2645566712717891,0.1983576352373971,19.341046831955907,62.89253521126759,-3795.8873246868616,B_C,,,,,,,,,,,
P09758_and_P07333,0.28797702801294356,0.2645098510422107,0.24098086413624675,25.378942307692313,66.0028382838284,-7855.0753745661295,B_C,,,,,,,,,,,
P09758_and_O15439,0.3441166778312587,0.26445565804253457,0.41754197831745765,24.256569343065696,67.05200873362448,-10463.354004655008,B_C,,,,,,,,,,,
P09758_and_Q8TER0,0.2776045961316169,0.2644372802241278,0.25309591717272645,26.893816543816524,50.674636678200685,-4863.6385391790245,B_C,,,,,,,,,,,
P09758_and_Q9NQ79,0.3476213816318905,0.2644087407751524,0.14533900331981583,21.28827470686769,61.49188571428572,-13259.185540013532,B_C,,,,,,,,,,,
P09758_and_Q8TCU5,0.2881577058169444,0.2643914371021434,0.08258154915259104,24.151584507042223,65.00303921568626,-16137.725309247311,B_C,,,,,,,,,,,
P09758_and_P30411,0.3218950245109239,0.2642795635701334,0.1860948500735574,17.465670436187363,59.77994350282486,-13152.754401567683,B_C,,,,,,,,,,,
P09758_and_O60610,0.2810292830407375,0.2642703154167972,0.07696170743546145,26.40669515669516,46.41344827586205,-5042.543887640044,B_C,,,,,,,,,,,
P09758_and_Q9C0K1,0.3001645691712512,0.2642139410193101,0.10356062594714642,19.967769130998683,54.68550925925927,-1812.9988308390048,B_C,,,,,,,,,,,
P09758_and_O60931,0.33209848383381213,0.2642050945964729,0.13839327606089885,17.92991525423728,59.63890710382512,-2765.7610767328865,B_C,,,,,,,,,,,
P09758_and_P21918,0.31142669691071806,0.2641754247622333,0.11733117652653927,22.56520172910665,56.6309137055838,-6183.547863089629,B_C,,,,,,,,,,,
P09758_and_Q93038,0.29630078804841736,0.264094780338794,0.10834832992061995,22.91426380368099,56.85724137931031,-11217.885471207135,B_C,,,,,,,,,,,
P09758_and_A0A0B4J262,0.34715444621324837,0.26404199146892177,0.07031896941276645,18.741367713004465,60.30454545454544,-1460.2882060118345,B_C,,,,,,,,,,,
P09758_and_Q8NFN8,0.28565220494406784,0.2639875536858338,0.12680562831231978,22.048554033485534,56.44333333333334,-2798.513447827587,B_C,,,,,,,,,,,
P09758_and_Q01726,0.3170726403395687,0.26397275695293965,0.13815653102590567,20.740015847860562,59.584971098265925,-5920.6847020678615,B_C,,,,,,,,,,,
P09758_and_Q12836,0.2921815161584614,0.26390744011626216,0.15601233626652156,22.323188405797072,52.03272727272725,-1720.9071196931109,B_C,,,,,,,,,,,
P09758_and_Q9BT76,0.30891519370229126,0.263892059233815,0.14202062684324468,17.975402504472296,60.510382165605115,-20682.045069636108,B_C,,,,,,,,,,,
P09758_and_Q8TAM2,0.32531019519841875,0.26378581045799293,0.2911334522916063,22.108469259723915,51.69948356807511,-1833.843041941259,B_C,,,,,,,,,,,
P09758_and_O60755,0.3216631283420926,0.26376678048500785,0.1451011039438722,17.261785714285697,64.86603773584908,-1346.5875650414937,B_C,,,,,,,,,,,
P09758_and_Q9NRS4,0.3388072704773206,0.2637567718617255,0.2275320471194903,19.793485086342255,57.62060109289618,-10410.946879583516,B_C,,,,,,,,,,,
P09758_and_Q9HB19,0.29730539721315496,0.2637115111768622,0.15384396648261736,20.572664835164854,58.62120000000001,-3066.82140794678,B_C,,,,,,,,,,,
P09758_and_P02776,0.3498131183357578,0.26371045042869884,0.10578020890392566,15.339655172413806,46.042822580645165,-3078.6879679263475,B_C,,,,,,,,,,,
P09758_and_P11169,0.3404207023359037,0.263686502461895,0.1691690687602181,22.5594089264174,61.39340611353711,-5097.032830005286,B_C,,,,,,,,,,,
P09758_and_P48167,0.29977562666479324,0.26367268253616816,0.09427892390492064,21.603896103896112,48.1938888888889,-1851.8472953830014,B_C,,,,,,,,,,,
P09758_and_A6NDH6,0.3324811661134492,0.2636621796209401,0.07792902739627135,18.64472361809044,54.17472,-9806.368956700913,B_C,,,,,,,,,,,
P09758_and_Q9NP58,0.31642818210839174,0.2634371774946015,0.056684400938674454,20.67798913043479,36.793012048192764,-3039.0249117881167,B_C,,,,,,,,,,,
P09758_and_Q9NZU7,0.3022376311660954,0.26341948266611115,0.13628836156876936,20.632438316400584,49.473891891891896,-650.201868947599,B_C,,,,,,,,,,,
P09758_and_P03372,0.2918509147030125,0.26338934789160817,0.1585776633283676,22.297495961227785,60.68829787234046,-7778.215116212312,B_C,,,,,,,,,,,
P09758_and_P21781,0.33141895114312525,0.2633344540332764,0.08619329937071102,18.253140096618324,57.67242647058822,-1461.1780703623767,B_C,,,,,,,,,,,
P09758_and_Q16653,0.31806167503525107,0.2633031958067189,0.11492884627162529,19.485676156583636,59.67514450867049,-8571.250384669474,B_C,,,,,,,,,,,
P09758_and_Q8TDI7,0.31757234582171723,0.26328449160481365,0.03185125777084843,22.83942307692309,41.118088235294124,-12613.384164054087,B_C,,,,,,,,,,,
P09758_and_Q86SG7,0.32511530896342294,0.2631747166730335,0.086920337973989,17.338951841359773,67.43608695652176,-2627.3642265038757,B_C,,,,,,,,,,,
P09758_and_Q8IVG9,0.3734505998184111,0.26314301219049074,0.10006006003481628,15.120454545454539,15.509411764705888,-1143.2347415408485,B_C,,,,,,,,,,,
P09758_and_Q9NQ90,0.34168435119244456,0.2631135811142039,0.32015349618641137,24.681435643564377,68.25224137931035,-4170.716526057155,B_C,,,,,,,,,,,
P09758_and_P16581,0.28445770230790035,0.26310189971540693,0.1017737066973055,20.64633401221998,60.236474358974405,-2031.2637917736438,B_C,,,,,,,,,,,
P09758_and_Q16842,0.32499403039713437,0.26309637420861465,0.1529035136000477,21.202674230145863,66.678009478673,-5770.994111377607,B_C,,,,,,,,,,,
P09758_and_P78333,0.32609502616347497,0.263082555334381,0.08639016840684022,20.787860576923073,52.649109589041096,-17854.60135058507,B_C,,,,,,,,,,,
P09758_and_Q9Y5F6,0.29102578516452055,0.26301777728283426,0.049747769784763335,22.33153638814016,37.001953125000014,-6192.145815610112,B_C,,,,,,,,,,,
P09758_and_Q7RTY7,0.2776938502680252,0.26298508569739476,0.20656947453544314,24.65303030303024,52.54053571428573,-4615.946922104689,B_C,,,,,,,,,,,
P09758_and_A0A087WT03,0.3472559650607244,0.2629823599008677,0.1177316476787917,18.65422163588391,61.56551181102361,-1363.9219649093586,B_C,,,,,,,,,,,
P09758_and_Q8IX30,0.30577918458707815,0.2629606232782243,0.15401112494788888,20.6922431865828,56.95271428571428,-1749.5531113912875,B_C,,,,,,,,,,,
P09758_and_P35318,0.32773624346159463,0.26295068225093526,0.11380828252942203,14.11878354203935,38.96020689655173,-1592.3043409822994,B_C,,,,,,,,,,,
P09758_and_O00585,0.34038887951603886,0.2627539830503256,0.08008784332360906,15.575801749271132,34.40469026548672,-4645.58440463252,B_C,,,,,,,,,,,
P09758_and_Q96R08,0.33144235562651575,0.2626690816989664,0.08887614404001563,21.938757861635242,58.194970414201165,-7783.555141172629,B_C,,,,,,,,,,,
P09758_and_Q9H4L5,0.29689190544584604,0.2626489205480426,0.07423485442445661,24.967346938775496,55.933647058823496,-14164.555764103712,B_C,,,,,,,,,,,
P09758_and_Q9Y5E8,0.2907335278906801,0.2626264905751565,0.03171842555083959,22.14010791366907,45.19738317757012,-1729.3979378366403,B_C,,,,,,,,,,,
P09758_and_P14543,0.28034965300687736,0.2625907306723884,0.5841206663107897,27.017179261862854,59.1441237113402,-7434.384944262842,B_C,,,,,,,,,,,
P09758_and_O95998,0.3263457665062411,0.262506491463982,0.1256066981636157,16.775963718820872,58.963700787401564,-4544.581447251911,B_C,,,,,,,,,,,
P09758_and_Q8IXL6,0.3167302951309269,0.2625027404571635,0.23609012380752753,21.973121019108277,68.26804761904765,-2037.8473970751547,B_C,,,,,,,,,,,
P09758_and_Q9UL26,0.3288233909916767,0.2624662006234586,0.16952304381804442,19.197308488612844,64.9516326530612,-5557.042566780532,B_C,,,,,,,,,,,
P09758_and_A8MTL9,0.3405977940233803,0.26245359452764233,0.052269298654248966,17.807596899224823,47.77988505747127,-841.7830359679647,B_C,,,,,,,,,,,
P09758_and_Q9H015,0.34317011929126373,0.2624059197417131,0.07695204836342877,22.29185855263154,56.66239583333334,-6156.928778791396,B_C,,,,,,,,,,,
P09758_and_Q3KNS1,0.33877971448023597,0.2623834182672874,0.26661310402929733,24.88472803347279,59.87688118811877,-17613.037246195294,B_C,,,,,,,,,,,
P09758_and_Q6ZMB5,0.30531079129657657,0.26237931618190097,0.10593243861626406,21.41226415094338,51.45420212765956,-2785.193364394385,B_C,,,,,,,,,,,
P09758_and_A0A1B0GTR0,0.335742204562271,0.26235818173880143,0.08770444845760493,16.131361760660205,46.277386363636374,-1384.1663955088006,B_C,,,,,,,,,,,
P09758_and_Q8NH54,0.32744069740829534,0.2623469268256583,0.18532560156097108,22.81865148861647,67.77184713375794,-4007.220518625722,B_C,,,,,,,,,,,
P09758_and_Q14626,0.30690023840871894,0.26225165156491376,0.05246026590392319,20.98756756756755,56.75651515151517,-9228.376356676981,B_C,,,,,,,,,,,
P09758_and_Q13304,0.32181694504444863,0.26222779108055305,0.14843843758012062,18.460973837209348,45.08276470588236,-1890.1766437315437,B_C,,,,,,,,,,,
P09758_and_Q9BXA5,0.3280436983940938,0.26216145573749094,0.09164168601686354,19.885144124168505,62.975133333333346,-2537.9621765547345,B_C,,,,,,,,,,,
P09758_and_P01236,0.325622892128088,0.2621467991038091,0.09912158911341068,19.683248730964486,54.38619047619047,-2084.583677903361,B_C,,,,,,,,,,,
P09758_and_Q15303,0.2851044985490541,0.26207254008805353,0.2972321420843172,25.593162901307966,50.346374501992,-15389.98624930231,B_C,,,,,,,,,,,
P09758_and_Q6DN72,0.294004355804847,0.26205553107349006,0.1412665046622564,20.491358024691376,44.306732026143784,-2144.3149857127846,B_C,,,,,,,,,,,
P09758_and_Q71RG6,0.32091427269568906,0.2620481968180872,0.07367326309804326,16.132774390243913,37.35700000000001,-1208.2710803124282,B_C,,,,,,,,,,,
P09758_and_P04049,0.292017797248194,0.26195809556496974,0.0888563712565949,19.72505197505198,57.14587837837838,-6522.364756801635,B_C,,,,,,,,,,,
P09758_and_Q8NG94,0.32667794674188894,0.2619229976823389,0.13328185333315304,19.86754221388368,60.583600000000004,-6890.422375449151,B_C,,,,,,,,,,,
P09758_and_Q9Y694,0.3388811059169424,0.2619216289986662,0.13672937651977238,20.23196378830081,60.046182795698925,-5504.23614521453,B_C,,,,,,,,,,,
P09758_and_Q92797,0.2949391921669968,0.2619069336898046,0.2858509963061573,23.539758179231875,67.32711111111112,-4939.160137005172,B_C,,,,,,,,,,,
P09758_and_Q8IZ08,0.3069343310313224,0.2619015216241104,0.09058926911663236,18.877087576374766,52.93444444444444,-1265.150544848495,B_C,,,,,,,,,,,
P09758_and_Q8N2Q7,0.3277948207068435,0.2618149616800187,0.18780197600808127,23.312933168316825,61.06026200873359,-7396.911805165237,B_C,,,,,,,,,,,
P09758_and_Q6UY13,0.34978619462585614,0.2618023240761236,0.04444823199593616,17.170134874759157,45.84623287671232,-536.0930023590518,B_C,,,,,,,,,,,
P09758_and_P13671,0.3085577504868562,0.2617881408516628,0.2006685679395241,24.04538968166848,52.993786407767004,-2960.8268806428987,B_C,,,,,,,,,,,
P09758_and_Q99500,0.31729128701899245,0.2617747536604639,0.08996933548200742,20.40231404958676,54.638372093023285,-6203.306815883019,B_C,,,,,,,,,,,
P09758_and_P31358,0.3598434114253781,0.2616043669338207,0.11223977058160349,15.340755208333318,28.985909090909097,-1006.4266800602708,B_C,,,,,,,,,,,
P09758_and_P32302,0.3076730876507986,0.26158924318636434,0.21772868463859635,22.231578947368398,59.994245283018856,-2808.690614469441,B_C,,,,,,,,,,,
P09758_and_Q76M96,0.2754120372701602,0.26152012399995617,0.13008037749791349,23.658349328215024,61.34175824175826,-4223.657146821148,B_C,,,,,,,,,,,
P09758_and_P0DP08,0.343864836086202,0.26151289059495586,0.11137074002258641,16.25861650485437,66.85791044776118,-2412.065749897435,B_C,,,,,,,,,,,
P09758_and_Q96P66,0.30416798729343153,0.26149811744837215,0.1134181839536988,21.68039348710993,58.0896803652968,-5221.616508506332,B_C,,,,,,,,,,,
P09758_and_P10721,0.28365730161822966,0.2614556038947199,0.19444094939796056,24.946466431095377,57.38316455696202,-7934.905981041382,B_C,,,,,,,,,,,
P09758_and_P19438,0.2918711146815731,0.2613945153226163,0.09269450935827325,21.97795591182367,60.74222222222223,-8283.161954782536,B_C,,,,,,,,,,,
P09758_and_P57729,0.32728065594641287,0.26138691468717545,0.07191987401394186,19.192420814479632,59.28523489932881,-1045.9536264585388,B_C,,,,,,,,,,,
P09758_and_Q9Y5R2,0.286577395379064,0.2613483801859408,0.23503522253857514,23.16053639846743,48.41649789029537,-15084.91476943733,B_C,,,,,,,,,,,
P09758_and_P05112,0.3276380992924196,0.261307149123559,0.07246100184402869,18.953603603603607,54.03282051282051,-15393.051532162266,B_C,,,,,,,,,,,
P09758_and_P53621,0.30386779382825463,0.26126998115118616,0.3384771463559575,25.881220657276966,59.13631578947373,-6758.707641863777,B_C,,,,,,,,,,,
P09758_and_Q9NRR1,0.339832790550837,0.2612633975578438,0.07037800115748856,17.805089058524185,53.28540322580645,-1089.9208350848878,B_C,,,,,,,,,,,
P09758_and_O60721,0.28862731891281324,0.26116636262213594,0.15007637731966875,23.063305898491095,58.589663461538414,-24048.937660049247,B_C,,,,,,,,,,,
P09758_and_P51582,0.32158309527509876,0.2611193465143902,0.13261770730277983,21.34922600619196,57.82645714285716,-1961.342881333802,B_C,,,,,,,,,,,
P09758_and_Q06033,0.3171085264391667,0.2610668062217294,0.0869850964300524,26.55786163522013,44.171688311688335,-17848.855192611518,B_C,,,,,,,,,,,
P09758_and_Q9H2A7,0.3138529994100448,0.26093451013757873,0.1529120178868373,15.405802047781556,45.843377483443696,-1282.1789310881813,B_C,,,,,,,,,,,
P09758_and_Q8IUB3,0.35411308783903084,0.2609107403671304,0.07280421307923918,15.14164456233422,44.92738317757011,-1259.0999855887503,B_C,,,,,,,,,,,
P09758_and_P35613,0.29787581610863895,0.26088563015293464,0.12274513039210742,19.401162790697665,63.46275167785233,-8825.292555963624,B_C,,,,,,,,,,,
P09758_and_P50150,0.35505605818182107,0.2608379315982172,0.08303837571885431,13.063483146067432,37.030380952380945,-953.8174795930463,B_C,,,,,,,,,,,
P09758_and_Q8NGK6,0.3280802566934638,0.26078145889895765,0.11098227398810893,20.904060913705553,60.27725609756097,-8644.802683778571,B_C,,,,,,,,,,,
P09758_and_P78556,0.34779891631580223,0.26075323408392126,0.08889408996681487,17.100352112676056,52.53714285714285,-1285.9365455457503,B_C,,,,,,,,,,,
P09758_and_Q5GH72,0.3126854049839331,0.2607374116673237,0.12658185426393934,20.44076015727391,58.47796116504854,-1670.2700155137172,B_C,,,,,,,,,,,
P09758_and_Q9NS66,0.3089759356348961,0.2606582178539011,0.1121967181782239,18.842857142857113,40.60717277486913,-2237.632079665589,B_C,,,,,,,,,,,
P09758_and_O75751,0.3405170808442609,0.2606434909701999,0.18195037188877453,21.986634349030446,65.15025773195872,-2896.457629902011,B_C,,,,,,,,,,,
P09758_and_P57771,0.32977864218744346,0.2603104092450033,0.20409861482730654,18.412183908045975,49.526574074074084,-1306.5173393587315,B_C,,,,,,,,,,,
P09758_and_Q9H3U7,0.29169181167508795,0.26025866896306693,0.203232249258696,22.465503432494277,59.74347826086957,-3242.416837659577,B_C,,,,,,,,,,,
P09758_and_P29966,0.298207258276714,0.260253476899799,0.06690833859279346,18.436226851851856,30.589285714285715,-831.068020379389,B_C,,,,,,,,,,,
P09758_and_P0DTE1,0.34257494142260025,0.26024831103570445,0.13054524568117426,17.925287356321846,63.449659863945534,-1634.908606301284,B_C,,,,,,,,,,,
P09758_and_Q9UQ49,0.33477806850516967,0.26024025353124514,0.17876393291102644,17.481652360515028,60.439597315436245,-1809.1215121567452,B_C,,,,,,,,,,,
P09758_and_Q7RTX1,0.3295050217691702,0.26022183203080534,0.04856754101064854,23.252724795640294,53.50603174603175,-5322.752232749631,B_C,,,,,,,,,,,
P09758_and_Q9BQS7,0.3609689668305953,0.26020329456568364,0.25008642985230073,26.00515151515154,68.21639593908627,-16776.23486552781,B_C,,,,,,,,,,,
P09758_and_P29371,0.3077360157154796,0.260190814422587,0.0982597851212667,18.587785388127838,51.28026490066225,-12212.222291909651,B_C,,,,,,,,,,,
P09758_and_P49683,0.3203814401719196,0.2601807682159324,0.18842271789344023,19.8726804123711,58.12774999999996,-6316.968427856511,B_C,,,,,,,,,,,
P09758_and_Q9NWF4,0.32753732583642287,0.2601519703099212,0.1782516713680484,20.91323319027182,52.4972769953052,-6199.503959199069,B_C,,,,,,,,,,,
P09758_and_Q14CN2,0.35739358770203833,0.2601375669857081,0.362205064473414,25.94080291970801,65.90709302325581,-11508.548438278103,B_C,,,,,,,,,,,
P09758_and_O00590,0.3180834000577127,0.26012272609009823,0.21646484290858017,18.050371287128694,65.28626126126125,-2603.802647342407,B_C,,,,,,,,,,,
P09758_and_O60667,0.2984066595329618,0.2598937785809071,0.1732528846818664,19.12199754901962,57.781510416666656,-1332.6659654446557,B_C,,,,,,,,,,,
P09758_and_Q9NRY4,0.2885242454511467,0.25983874835227916,0.19825222337011356,25.009888059701446,65.57331210191086,-18038.092082778167,B_C,,,,,,,,,,,
P09758_and_Q15848,0.3190252037377027,0.2598212560413848,0.14607516020680178,20.09080578512397,52.910913705583724,-1081.0259314211435,B_C,,,,,,,,,,,
P09758_and_P04264,0.27898486662666766,0.25978875657877964,0.08696232120359197,19.846752265861028,51.672817679557994,-1810.1465651267208,B_C,,,,,,,,,,,
P09758_and_P19235,0.28552128268648624,0.2597712122039491,0.21990541801164154,21.127172582619362,61.16561576354681,-9496.886985439183,B_C,,,,,,,,,,,
P09758_and_Q96SA4,0.32729692822015766,0.2596921336041417,0.09437702390527918,20.325818452380936,49.80286516853933,-2507.694905699116,B_C,,,,,,,,,,,
P09758_and_Q695T7,0.34205275546459146,0.25965947963211716,0.18668111366438972,22.936884154460742,63.52311827956986,-2278.4635522581284,B_C,,,,,,,,,,,
P09758_and_Q8WXS5,0.2924932237747272,0.25965628946174457,0.12060891284128777,21.327653301886816,48.69391304347827,-4288.226586117056,B_C,,,,,,,,,,,
P09758_and_Q5HYA8,0.3429894510418806,0.2595282158439338,0.07385653926808652,22.80839328537172,63.35761194029851,-16762.721698010115,B_C,,,,,,,,,,,
P09758_and_O60895,0.32444771254840626,0.25937258856707146,0.08959529967430364,17.930077120822617,56.858906250000004,-5018.46893023472,B_C,,,,,,,,,,,
P09758_and_Q9P0W0,0.3231010739667723,0.25936381866289865,0.09165169794909868,19.56008492569001,59.75194630872484,-4350.629008116004,B_C,,,,,,,,,,,
P09758_and_Q6ZUJ8,0.2755026727164159,0.2593132940527158,0.19847375230021805,23.556510638297876,56.00829090909095,-14111.99103912893,B_C,,,,,,,,,,,
P09758_and_P0DOX7,0.3171837873425793,0.25929673787122226,0.132012356172878,21.46676056338028,61.728514851485144,-10457.17425493802,B_C,,,,,,,,,,,
P09758_and_P47887,0.32619780700062495,0.25928668664744275,0.13783177159687984,17.896203904555318,61.52308823529414,-1739.6028351641485,B_C,,,,,,,,,,,
P09758_and_P58173,0.3235955741070523,0.25923725444859724,0.1156856182264256,22.496075581395374,61.50994708994708,-7291.2165604253105,B_C,,,,,,,,,,,
P09758_and_Q9ULK5,0.3022892735013378,0.25921219189717676,0.048097415682582204,22.941124260355043,42.48345794392523,-1815.0363802863867,B_C,,,,,,,,,,,
P09758_and_Q92876,0.31350879936838316,0.2591903778755555,0.11584070637127855,22.385794542536097,58.44259459459463,-19451.903664322672,B_C,,,,,,,,,,,
P09758_and_Q5GH73,0.30913457256919785,0.2589810909298519,0.11767949924665386,23.476052385406934,53.64069852941176,-2077.2017580393513,B_C,,,,,,,,,,,
P09758_and_Q14624,0.339598775004222,0.25894520298525114,0.1597657951993882,25.382663690476182,47.831650000000025,-10677.545390936784,B_C,,,,,,,,,,,
P09758_and_Q02763,0.2997809018058013,0.2589223524751586,0.325936677677763,26.283054393305456,53.391158798283286,-4182.245645158229,B_C,,,,,,,,,,,
P09758_and_Q8WX39,0.3296154631390013,0.25891148085843496,0.07961481356913025,19.710041407867482,60.62544217687078,-4382.548278379244,B_C,,,,,,,,,,,
P09758_and_Q8NH69,0.3286585737942621,0.258822055342836,0.11120140609731047,18.555134474327616,54.89131782945734,-11930.604194709042,B_C,,,,,,,,,,,
P09758_and_P09683,0.33818523060427635,0.25874068992551064,0.05268396793817165,16.252386934673368,37.06294117647058,-911.7907076984575,B_C,,,,,,,,,,,
P09758_and_Q9BZJ6,0.3092545190503054,0.25869929915632867,0.12634938256924863,20.50795006570301,61.04458333333332,-2462.0751947830095,B_C,,,,,,,,,,,
P09758_and_Q5TCQ9,0.26683079208491384,0.2586661179355563,0.046144954328170104,26.317647058823503,40.1407594936709,-5855.800895484514,B_C,,,,,,,,,,,
P09758_and_Q8N370,0.32890447265429607,0.25857209875858084,0.06607753844312533,22.19961538461537,49.870409356725155,-2270.2933575202733,B_C,,,,,,,,,,,
P09758_and_A0A0B4J1V2,0.3405082098703587,0.2585361362100273,0.08719997917569984,18.290946502057608,60.35985815602833,-1614.1589940984245,B_C,,,,,,,,,,,
P09758_and_I3L3R5,0.30995229884276765,0.2584829829048326,0.09633443861829064,18.09133545310015,49.47576923076925,-3526.6953377399423,B_C,,,,,,,,,,,
P09758_and_Q68BL7,0.2836131331195808,0.25847951093427457,0.22074129226905226,23.332089552238767,61.93748917748917,-2045.0101844880191,B_C,,,,,,,,,,,
P09758_and_O15072,0.277136939762879,0.2583534086559702,0.10553862618649575,24.863564875491516,45.73824074074072,-17664.54803846503,B_C,,,,,,,,,,,
P09758_and_Q8NGL4,0.31965537098504393,0.25828871911011064,0.07240230219363057,21.813961605584648,57.33456249999999,-8850.113847938233,B_C,,,,,,,,,,,
P09758_and_P11362,0.28026888813232553,0.258286878396106,0.264160704903395,23.265562565720288,60.25336244541484,-4074.2802738579703,B_C,,,,,,,,,,,
P09758_and_Q9NPH9,0.32840484019881727,0.2582700916180727,0.12566901409614467,19.703238866396752,59.587536231884044,-14647.661607386408,B_C,,,,,,,,,,,
P09758_and_Q03591,0.3008517707049869,0.25825049979472176,0.1837696075354833,21.993424657534273,62.22525252525251,-2501.3145295723225,B_C,,,,,,,,,,,
P09758_and_P01019,0.3390286830878141,0.25823933029287155,0.12298202111175353,19.847171145686005,62.76414141414143,-2728.923591351918,B_C,,,,,,,,,,,
P09758_and_A0A0C4DH59,0.34137029094283877,0.25821774679405557,0.09684913813232382,19.680964912280704,54.27183006535949,-4890.870888173217,B_C,,,,,,,,,,,
P09758_and_O75110,0.3435765410238003,0.2581614397001573,0.19679345447469518,25.200652985074637,54.35871794871793,-5909.649939574454,B_C,,,,,,,,,,,
P09758_and_O15218,0.3149908141888627,0.25804642550808454,0.1632292694148321,17.737138728323696,58.54160427807484,-3879.0642175505527,B_C,,,,,,,,,,,
P09758_and_Q0D2K0,0.31001951975220376,0.25786793357103505,0.06363268523126853,23.02884250474388,54.53923529411764,-5658.430285894701,B_C,,,,,,,,,,,
P09758_and_Q9NNX1,0.2962204782702981,0.25777567828897324,0.1586280412557111,20.21631376323389,46.07762331838567,-6126.059032178022,B_C,,,,,,,,,,,
P09758_and_P26006,0.3205687479457099,0.2577166861840704,0.46171012310741055,25.882597793380153,67.64273584905663,-17923.464504013737,B_C,,,,,,,,,,,
P09758_and_Q14210,0.33804937881100844,0.2577032673669814,0.14122465730995307,15.325846702317293,48.3145185185185,-1010.9230649096032,B_C,,,,,,,,,,,
P09758_and_P78508,0.29367432901985135,0.25760884521872296,0.13369335310753794,21.016826923076945,64.67345744680848,-2153.2574198461525,B_C,,,,,,,,,,,
P09758_and_Q9BXJ8,0.3182452838901863,0.25757025613822926,0.137842848704812,17.62578558225508,59.32101910828023,-1287.3301916222727,B_C,,,,,,,,,,,
P09758_and_Q8IWU6,0.31241319501048714,0.25754848578206724,0.22348964766936036,23.46569965870309,62.513236994219625,-7101.327437859143,B_C,,,,,,,,,,,
P09758_and_Q96JW4,0.3176747946394029,0.25754335939206213,0.19058229034037996,24.40845213849285,41.92610328638499,-4822.175589375711,B_C,,,,,,,,,,,
P09758_and_Q8N9H9,0.27400795032757386,0.2575151493008089,0.07610008161940335,21.645658914728656,51.59307228915662,-14850.592532957802,B_C,,,,,,,,,,,
P09758_and_P36222,0.33229530113972805,0.25747054892432963,0.1586526031305254,19.668457943925223,53.71307189542484,-18780.55893343793,B_C,,,,,,,,,,,
P09758_and_Q6UWN8,0.34867643265042525,0.2574369893087516,0.07810304570645632,15.36514285714286,45.00999999999999,-9643.18425480227,B_C,,,,,,,,,,,
P09758_and_Q6ZVN8,0.3029876034794492,0.25727798046648404,0.13410488105759716,21.226992031872495,68.85439024390247,-5935.398470026229,B_C,,,,,,,,,,,
P09758_and_P62879,0.32362330232767444,0.25726070705702003,0.18770833100341242,23.16485042735042,65.46587837837839,-15059.458661287303,B_C,,,,,,,,,,,
P09758_and_P55089,0.338218919981071,0.2571107099750503,0.16306244771013653,13.36194503171247,34.717293233082714,-1719.175061891814,B_C,,,,,,,,,,,
P09758_and_Q14680,0.30749243136062593,0.25703177053286114,0.22059446746012393,22.606201044386427,52.83559999999999,-7676.388511437446,B_C,,,,,,,,,,,
P09758_and_P06315,0.33926711930316616,0.2569772856167536,0.1550329945167588,20.282363315696657,49.06734567901235,-11072.822327174332,B_C,,,,,,,,,,,
P09758_and_Q9H2H9,0.32562682235297846,0.25688145975597976,0.12775691247109414,21.5853322528363,49.9663783783784,-5915.24395399993,B_C,,,,,,,,,,,
P09758_and_A0A5B6,0.3404364605908443,0.2568781871057932,0.07039642831403392,18.72604790419163,55.50549999999998,-2512.1262411995885,B_C,,,,,,,,,,,
P09758_and_Q96DN2,0.2685104694110667,0.2568581583055052,0.20136438968618992,23.17090501121917,51.750103092783526,-1506.2526163770235,B_C,,,,,,,,,,,
P09758_and_Q13326,0.3035370671676694,0.25685175257870924,0.05907101342907148,18.762151394422332,47.14135922330096,-11971.374078213072,B_C,,,,,,,,,,,
P09758_and_Q8NGG3,0.3192676791168752,0.25678561191210786,0.10115768293863982,18.83310961968682,54.985639097744354,-9395.864910024633,B_C,,,,,,,,,,,
P09758_and_Q9H5V8,0.30269907068178714,0.2567184896615555,0.18635767443832923,21.982053175775494,64.48236263736266,-7617.399578060552,B_C,,,,,,,,,,,
P09758_and_Q96R45,0.31806313157066385,0.2566735715531864,0.19990950874617824,19.454450625869285,54.08751322751325,-3883.9966247360026,B_C,,,,,,,,,,,
P09758_and_P03986,0.322644283009366,0.2566677359159767,0.09297161690919563,17.736752136752134,66.61130434782609,-2601.352955890394,B_C,,,,,,,,,,,
P09758_and_Q86T26,0.3313184526549823,0.25664428235949577,0.2606986947201998,17.88732394366196,58.209617834394905,-5562.01873649431,B_C,,,,,,,,,,,
P09758_and_Q6DWJ6,0.3039593481089648,0.2565888023020643,0.1603405072195731,21.92505854800934,62.321981132075464,-1320.3378309388063,B_C,,,,,,,,,,,
P09758_and_Q9H972,0.28313114403840883,0.25658043995666713,0.09571049991045597,21.00858585858586,52.374008810572704,-9960.031555212234,B_C,,,,,,,,,,,
P09758_and_Q30KQ8,0.3419070792704379,0.25654022709825375,0.07999781731703894,17.64051863857376,47.153865030674844,-2164.6137826133927,B_C,,,,,,,,,,,
P09758_and_Q5TAT6,0.27493765413857596,0.256536779193859,0.08837878262187926,18.50519262981573,42.965632183908035,-2360.3395260027755,B_C,,,,,,,,,,,
P09758_and_Q99705,0.31391874391711627,0.25648619140395446,0.17617265919132938,17.96389396709321,60.206728395061724,-4238.604792925363,B_C,,,,,,,,,,,
P09758_and_P51681,0.31972655258583443,0.2563892308399045,0.21487326448323188,19.016395348837193,61.26160869565215,-2442.4899071214354,B_C,,,,,,,,,,,
P09758_and_Q14833,0.3115309931545972,0.2563611888373546,0.30173500253880114,26.918409090909133,57.29500000000002,-14191.398459564545,B_C,,,,,,,,,,,
P09758_and_P01567,0.32542242797431,0.2560526163590779,0.20403463570209396,21.11708074534161,66.43555555555555,-2017.406431091626,B_C,,,,,,,,,,,
P09758_and_Q9NQA5,0.32286911296114057,0.2560220668289562,0.11519012688714027,24.265503080082116,50.141313868613146,-4496.033075582645,B_C,,,,,,,,,,,
P09758_and_Q9BXN1,0.31619649208011547,0.25601564917522274,0.1477104501821522,20.519581749049408,67.49384146341461,-1801.7753296397723,B_C,,,,,,,,,,,
P09758_and_P21917,0.3062713506254197,0.25594832392639183,0.12540929730923225,20.80243111831441,54.82709677419352,-4173.825052753041,B_C,,,,,,,,,,,
P09758_and_Q01628,0.3301572413535489,0.2557861698808416,0.08236077236743909,17.267602591792663,36.991777777777784,-2567.5712113252666,B_C,,,,,,,,,,,
P09758_and_P08493,0.34307876682170935,0.25578222511728227,0.07710507465086404,15.582452830188663,44.10023809523811,-3188.9904391944838,B_C,,,,,,,,,,,
P09758_and_Q5UCC4,0.3131534729378072,0.25573994062050065,0.16359113887070828,19.73953722334003,64.93883435582822,-3232.3432656316318,B_C,,,,,,,,,,,
P09758_and_Q9Y239,0.32920686536265303,0.25573410164855537,0.24368651041978448,26.009715242881043,47.47181818181819,-9557.317837667493,B_C,,,,,,,,,,,
P09758_and_Q9NSA0,0.3317679280904502,0.25571252515770215,0.0933262743612254,21.77098662207356,61.405052083333324,-3753.7958861224633,B_C,,,,,,,,,,,
P09758_and_Q9UPX0,0.2780687308250018,0.25570866668827574,0.21922532995622648,25.69869215291751,64.97197080291971,-17824.26493652338,B_C,,,,,,,,,,,
P09758_and_Q6IEZ7,0.32421014898683487,0.2556872658869198,0.1065033974520097,18.80503597122301,54.42317829457364,-11237.72482425972,B_C,,,,,,,,,,,
P09758_and_Q9UI42,0.33014464106433633,0.2556685167093891,0.3663095146625734,22.249139784946216,58.59175925925927,-12207.952277110746,B_C,,,,,,,,,,,
P09758_and_Q9Y5F0,0.29926808844394787,0.25560287565404294,0.19675343368450773,22.377510917030587,53.84604519774011,-4264.640674924423,B_C,,,,,,,,,,,
P09758_and_Q13634,0.281574582043042,0.2555179676959426,0.2854496437918273,25.294049079754604,64.68236842105262,-3528.7067865293666,B_C,,,,,,,,,,,
P09758_and_P18825,0.3044262806007251,0.25546255340190194,0.15670244515734244,21.244288224956065,54.304792899408255,-4115.060878684376,B_C,,,,,,,,,,,
P09758_and_Q9H208,0.32054948820815676,0.2554332630365475,0.10848598959164611,19.956911447084238,56.722556390977424,-4717.613470622272,B_C,,,,,,,,,,,
P09758_and_O43353,0.29902200873040374,0.255430995566505,0.14131330752850033,21.613080495356044,62.76822580645161,-3073.7916647906713,B_C,,,,,,,,,,,
P09758_and_P67809,0.2986253476066871,0.2553793723561962,0.10897890758830346,19.75059808612441,59.382413793103424,-9049.654462702514,B_C,,,,,,,,,,,
P09758_and_O60462,0.30083492642435233,0.255355574360576,0.3983305583109334,24.2374251497006,66.94109677419358,-7032.545218414292,B_C,,,,,,,,,,,
P09758_and_Q92482,0.3215976552739171,0.2553314527754251,0.17458334466420106,17.774647887323926,51.12068027210885,-9564.007551340816,B_C,,,,,,,,,,,
P09758_and_Q8TC26,0.3110425343765798,0.2552373310628385,0.07039154382975484,18.564805825242704,58.15333333333333,-2277.3165979062323,B_C,,,,,,,,,,,
P09758_and_Q13103,0.31918003060893485,0.2552240457763548,0.1670545088924169,20.05728346456692,56.100410256410235,-12880.327945421326,B_C,,,,,,,,,,,
P09758_and_Q8NDZ4,0.33064191317015534,0.25522151278925054,0.1865889599974606,22.383951762523157,69.25447368421051,-12218.871834663052,B_C,,,,,,,,,,,
P09758_and_Q6UXT9,0.32336931566361365,0.2552102391294853,0.12604309291567248,21.701345291479818,64.01354838709679,-9452.356123708441,B_C,,,,,,,,,,,
P09758_and_Q8NGZ3,0.32313093011185684,0.25513918516549244,0.09290358706455881,22.013172541743973,58.86631944444443,-7761.192846497492,B_C,,,,,,,,,,,
P09758_and_O76002,0.3221368702888756,0.25510236058903824,0.1309659194891176,19.786328124999994,67.91741935483871,-2332.5814507166688,B_C,,,,,,,,,,,
P09758_and_O43490,0.31975289416787256,0.25507132714006353,0.056803150541148775,22.643750000000008,48.96075471698114,-4057.3243603319247,B_C,,,,,,,,,,,
P09758_and_Q8TDE3,0.33042534137942525,0.2550573944879849,0.15890906771031785,18.024946921443746,58.2126771653543,-1542.9237463320087,B_C,,,,,,,,,,,
P09758_and_Q16790,0.2934329749185459,0.2550022189890141,0.34802281251243244,20.987343532684257,65.25468571428569,-10897.985451671242,B_C,,,,,,,,,,,
P09758_and_Q10588,0.3119556403888174,0.25488543344174597,0.09367508758381084,19.307100591715976,66.98148437500004,-3427.44172511413,B_C,,,,,,,,,,,
P09758_and_Q96PJ5,0.2968634825180882,0.2548757149404669,0.31410239307178894,24.605093676814988,65.35449579831929,-2788.3231928699815,B_C,,,,,,,,,,,
P09758_and_P0DP58,0.3382299239855573,0.2548531839040601,0.09402576060486768,16.09294605809129,50.77373015873015,-1231.2432221450006,B_C,,,,,,,,,,,
P09758_and_Q5T848,0.28008010849427745,0.25484629178653895,0.1413419474131546,25.511611374407604,17.342113821138216,-3042.2600863277985,B_C,,,,,,,,,,,
P09758_and_A0A087X179,0.2906486946007386,0.2548206234548477,0.20134984288243013,24.013119533527707,56.633516819571845,-1997.9743213165057,B_C,,,,,,,,,,,
P09758_and_P25089,0.3171520949925788,0.25481970556134376,0.2510599120408236,20.77540137614682,66.44427272727273,-3817.704984707838,B_C,,,,,,,,,,,
P09758_and_P08910,0.33732408871989195,0.25476993162719874,0.18703608859231058,22.137789799072632,72.43281767955803,-4888.031669863041,B_C,,,,,,,,,,,
P09758_and_Q03692,0.2726310403125113,0.25473319365547137,0.1815975472818083,21.39269480519481,53.4794155844156,-2917.6136927503685,B_C,,,,,,,,,,,
P09758_and_P05109,0.34398024958211154,0.2547130907301405,0.07834681690220459,18.520873786407765,55.62769230769231,-874.1056418318121,B_C,,,,,,,,,,,
P09758_and_Q92913,0.31408837251701954,0.25464659784043925,0.13228120120800405,18.84401408450704,69.65913043478263,-1138.7364819143133,B_C,,,,,,,,,,,
P09758_and_Q86U90,0.30351683277720287,0.25459135910351355,0.24935542576061362,22.766318681318673,65.82605263157899,-6644.385627498872,B_C,,,,,,,,,,,
P09758_and_Q92692,0.28873867001633907,0.254533688437385,0.4488280509064481,24.82514792899413,56.951272727272745,-1684.5945409313244,B_C,,,,,,,,,,,
P09758_and_Q9UBC2,0.2683125754016721,0.2545312737282478,0.11909801520363675,22.872318339100342,63.39505617977529,-8904.640271495515,B_C,,,,,,,,,,,
P09758_and_P06681,0.3160962625168905,0.2544448584696245,0.1585114469152927,23.595293209876544,58.13038461538462,-10907.51673329257,B_C,,,,,,,,,,,
P09758_and_Q96D42,0.29264982677265594,0.25435437657595794,0.17885974474548086,19.904271708683464,50.11701754385964,-5660.7776304244,B_C,,,,,,,,,,,
P09758_and_Q8NH18,0.3195111794886744,0.25430380389751317,0.08552632184313676,21.91340206185569,58.270697674418635,-7296.089112148121,B_C,,,,,,,,,,,
P09758_and_Q8IVQ6,0.3167782352951079,0.254226515643405,0.12712067583343548,19.974148936170216,59.9918705035971,-5867.528622733835,B_C,,,,,,,,,,,
P09758_and_Q6UW01,0.31937162893484594,0.2541491288228767,0.10483044702504651,19.365028901734075,51.06736842105264,-1254.6746326182147,B_C,,,,,,,,,,,
P09758_and_Q8NGB2,0.3178169648249198,0.2541438988157246,0.11649646752561349,20.49898989898987,62.297112676056344,-8132.962277664911,B_C,,,,,,,,,,,
P09758_and_P35410,0.30883836424237543,0.25407432469325997,0.050265225643609746,20.379465930018394,51.0410067114094,-2178.0641352050807,B_C,,,,,,,,,,,
P09758_and_Q6PJF5,0.3062168332133489,0.2540292610582279,0.22732960464007507,23.201404056162264,65.57159090909089,-18670.784173299748,B_C,,,,,,,,,,,
P09758_and_Q9NPB3,0.3183583777110413,0.2539936663298138,0.09214236566363677,17.96803852889671,56.970000000000006,-5101.696541309517,B_C,,,,,,,,,,,
P09758_and_Q70Z44,0.28470141475670396,0.2539923680363132,0.09850039596829939,22.664656690140905,50.392958333333354,-21992.019259999157,B_C,,,,,,,,,,,
P09758_and_P35125,0.2816746261752666,0.2539898778299621,0.25026292870137995,26.29897324206595,50.24809968847354,-5219.998020293016,B_C,,,,,,,,,,,
P09758_and_Q9HBI1,0.2955843520359955,0.25398909401686626,0.10265824999337418,22.22342931937173,62.87610294117647,-3636.7189181074973,B_C,,,,,,,,,,,
P09758_and_P0C0P6,0.3459222351196132,0.25396124375328083,0.10090307242739441,15.706500802568202,38.71626666666666,-2529.017556439492,B_C,,,,,,,,,,,
P09758_and_P78352,0.28245898251700935,0.25389214009224503,0.3658256328644183,23.68041002277902,63.4051320754717,-12741.495802668425,B_C,,,,,,,,,,,
P09758_and_Q11206,0.3201616340210516,0.25377395081121684,0.22239711559907116,17.47117021276597,63.870536912751646,-1317.4284541046295,B_C,,,,,,,,,,,
P09758_and_Q9NVZ3,0.3064070765206295,0.25372315473552487,0.1171600105744447,19.570509383378006,68.23396694214875,-5689.1637372523455,B_C,,,,,,,,,,,
P09758_and_P22748,0.31170866473698633,0.25371152868588653,0.2813833155044892,18.998985801217,57.581851851851845,-2937.5824402583567,B_C,,,,,,,,,,,
P09758_and_P04808,0.32156800430934995,0.2537068195779081,0.07540687885954953,19.3770642201835,49.40228395061728,-5116.084885608421,B_C,,,,,,,,,,,
P09758_and_Q6P9H4,0.28113756890447933,0.25362598991140445,0.14550488758112112,23.01754890678943,55.67111111111109,-4210.118939320666,B_C,,,,,,,,,,,
P09758_and_Q8TDB8,0.3272924258291316,0.25361330385589087,0.09116244540666978,21.616425120772952,47.02376404494381,-7290.134089000508,B_C,,,,,,,,,,,
P09758_and_Q96B33,0.2960024804541578,0.25359400664184695,0.08388902952252639,21.026004728132374,33.0339534883721,-5237.535897463193,B_C,,,,,,,,,,,
P09758_and_Q9H4A6,0.3088169333366243,0.2535789027527591,0.1674382442679636,20.874657534246545,68.9042780748663,-3480.3324659654436,B_C,,,,,,,,,,,
P09758_and_P20333,0.28161879757697894,0.2534854392148487,0.05172450485977714,21.64637223974761,60.86791666666667,-7726.737021934405,B_C,,,,,,,,,,,
P09758_and_Q9BSF0,0.34191322176915806,0.2534018309023799,0.08149951372126366,13.800232558139536,29.56173913043478,-255.05846193464913,B_C,,,,,,,,,,,
P09758_and_Q3MIW9,0.2763338350617961,0.253372234792837,0.054974231084365735,18.45731707317074,20.837142857142858,-8641.793898470038,B_C,,,,,,,,,,,
P09758_and_Q96RK4,0.30852973118763927,0.2533489563250001,0.1371515078858916,21.77109207708782,58.68503267973855,-6697.00121695364,B_C,,,,,,,,,,,
P09758_and_P48066,0.33427570598959433,0.25327111316965184,0.22766450640110866,22.805304010349325,63.08633507853402,-6214.024438934529,B_C,,,,,,,,,,,
P09758_and_Q7Z601,0.29647395908865093,0.25324029432369655,0.09074550718138241,21.067826086956536,53.445353535353554,-1456.085527983916,B_C,,,,,,,,,,,
P09758_and_Q8N4F4,0.3300370831032037,0.25321494486483775,0.10192292712004572,20.89509259259257,61.380235294117675,-3391.1113661284185,B_C,,,,,,,,,,,
P09758_and_P48546,0.2966277408060805,0.2532107411150774,0.09325560961968211,22.713074484944535,56.381933962264156,-4472.259415615665,B_C,,,,,,,,,,,
P09758_and_Q8NFT8,0.27192835037391444,0.25320818905088177,0.08879994495937095,20.768515950069318,49.15699481865282,-12319.170348979707,B_C,,,,,,,,,,,
P09758_and_Q8NI99,0.2864953546003983,0.2532039433615629,0.11503370685724944,20.06678240740739,55.6823188405797,-10316.939921685112,B_C,,,,,,,,,,,
P09758_and_Q8N0Y3,0.31520239657095195,0.2532004383440748,0.10468577188196988,20.316932624113463,53.72192052980133,-4509.623402535631,B_C,,,,,,,,,,,
P09758_and_Q8NGN8,0.32040258333366023,0.25310930996232817,0.12713269134009986,20.37630522088355,57.137463768115936,-5756.758666438853,B_C,,,,,,,,,,,
P09758_and_P54317,0.33729410219316713,0.2531035020244545,0.09518160274645279,21.052786377708976,64.65465116279071,-3809.0347671534873,B_C,,,,,,,,,,,
P09758_and_Q9Y5I0,0.2967801313575034,0.2530557909698121,0.16356955307454898,22.740985324947612,59.75404580152672,-4767.110269892226,B_C,,,,,,,,,,,
P09758_and_O43240,0.3108732767089623,0.25304764236985894,0.13999114474396057,18.147018739352692,59.479132947976886,-9140.966623195234,B_C,,,,,,,,,,,
P09758_and_A0A0B4J238,0.33837270479456033,0.253010272042117,0.11261576111996126,18.39536199095021,62.11328124999998,-1255.8802753227465,B_C,,,,,,,,,,,
P09758_and_Q6GPH6,0.31250706752927326,0.25295516733382045,0.1126173771552734,22.290755007704202,54.51011173184358,-8409.609703137736,B_C,,,,,,,,,,,
P09758_and_Q6U736,0.3166258538855118,0.25293938544189826,0.1341226300620699,22.32744733581168,56.97004694835683,-1291.4434091125531,B_C,,,,,,,,,,,
P09758_and_Q92832,0.2965756866927964,0.2529108673532568,0.153279673981107,25.895868347338943,45.23898678414097,-8602.499559321288,B_C,,,,,,,,,,,
P09758_and_O94910,0.27370555458610957,0.2529011584956728,0.34041416382795353,25.904699999999963,49.77054054054054,-15131.90849728437,B_C,,,,,,,,,,,
P09758_and_Q92729,0.29227593532949936,0.2528635169007068,0.05285888802913234,26.22336065573772,54.69216216216216,-22902.470306304116,B_C,,,,,,,,,,,
P09758_and_P14416,0.29902435480637285,0.2528001994633836,0.14172742363075952,22.169928825622762,55.16905882352942,-3894.1199623636458,B_C,,,,,,,,,,,
P09758_and_A0A0C4DH24,0.33297209821530716,0.25275600950973837,0.16908085093187558,20.641567460317496,68.47291390728475,-1867.5223557963104,B_C,,,,,,,,,,,
P09758_and_Q7Z444,0.31630608599157223,0.2525487956302691,0.1114084780745039,17.998887240356098,60.278444444444446,-1429.7739289706788,B_C,,,,,,,,,,,
P09758_and_Q86TG1,0.31588288217756655,0.2525291538905791,0.12293350102788024,19.849344978165956,49.35373134328361,-7087.89452823548,B_C,,,,,,,,,,,
P09758_and_Q9NS62,0.27252968162560076,0.2525097898316085,0.08392048921531381,21.810174880763114,51.00637305699479,-17462.59080763751,B_C,,,,,,,,,,,
P09758_and_P0DN80,0.3211634481677178,0.2524895775480711,0.07853467509474579,19.55190217391305,53.27462809917353,-10624.352899062424,B_C,,,,,,,,,,,
P09758_and_P00450,0.36169291198159215,0.2523336343726,0.36479213287379225,26.676432291666696,61.77859154929573,-14007.749044006705,B_C,,,,,,,,,,,
P09758_and_Q92874,0.31429410712307226,0.25231723765618597,0.1495981572140295,21.799136069114493,69.78550335570469,-8532.489404544014,B_C,,,,,,,,,,,
P09758_and_Q92556,0.31413776490728745,0.2522093222164546,0.17547198766771271,22.673027522935794,61.35044303797468,-4468.541386773271,B_C,,,,,,,,,,,
P09758_and_Q8TCB6,0.3207176068774983,0.25203978287301587,0.10396073422590302,20.272365038560405,57.526854838709674,-6327.8978102875135,B_C,,,,,,,,,,,
P09758_and_Q8NH51,0.32178298123131865,0.2520106766992326,0.11050044272271707,21.87191901408452,60.03884146341463,-12317.121936112366,B_C,,,,,,,,,,,
P09758_and_A0A0C4DH26,0.3364121746448244,0.25195120104381813,0.08347810109675098,18.038490099009916,53.11609756097562,-1465.2034845317094,B_C,,,,,,,,,,,
P09758_and_Q9P2W3,0.349280430740322,0.25194096289039664,0.06031041047869208,14.97915360501567,31.555312500000003,-2220.935960997122,B_C,,,,,,,,,,,
P09758_and_P16234,0.2766972279479806,0.25192436827232134,0.10757936414915255,24.374039735099377,59.91178010471204,-2818.0899395907472,B_C,,,,,,,,,,,
P09758_and_P01601,0.3342293359405253,0.2518916853257426,0.11785745376824958,18.18380434782609,63.94716216216218,-1574.907249209506,B_C,,,,,,,,,,,
P09758_and_Q9HCJ2,0.308639940759647,0.2518640781741335,0.145604447876153,25.07788018433177,51.36276315789473,-3329.131480787946,B_C,,,,,,,,,,,
P09758_and_Q6UWE3,0.339994352227166,0.25179826458260735,0.07742917533803793,16.360643015521056,46.729776119402985,-695.8000160199917,B_C,,,,,,,,,,,
P09758_and_Q5VTH2,0.3185015485221494,0.2517497200537505,0.09579397271673443,17.141261398176265,35.3561224489796,-1783.2838416765444,B_C,,,,,,,,,,,
P09758_and_Q9NP85,0.28791153325115515,0.25168531080594325,0.1368982577510534,21.05707803992737,51.892500000000005,-4536.278103094343,B_C,,,,,,,,,,,
P09758_and_P29279,0.2948605866427482,0.25167518258281674,0.24278831184853422,23.60627030539308,44.18488372093026,-2038.9076630271084,B_C,,,,,,,,,,,
P09758_and_Q9UGM1,0.30608113130426395,0.25157871841369905,0.16388760839592925,22.223890063424914,60.34448529411764,-6911.577897907284,B_C,,,,,,,,,,,
P09758_and_Q8NGG2,0.31468880523838977,0.2514586778436486,0.11226264614841289,21.291141141141157,61.74085365853659,-5602.746318837905,B_C,,,,,,,,,,,
P09758_and_Q13296,0.3409439237940779,0.2513230269684811,0.05441345666319128,19.868700787401593,46.2028676470588,-16924.23291891725,B_C,,,,,,,,,,,
P09758_and_Q8NGI8,0.32094218216786397,0.2513182426443506,0.1992201857737437,18.502357320099254,66.87652892561982,-2115.5483552647966,B_C,,,,,,,,,,,
P09758_and_Q9NYM4,0.30423368742738444,0.25130201346399283,0.18937273458529838,20.756196840826263,55.918924731182756,-3971.5686699869657,B_C,,,,,,,,,,,
P09758_and_Q9UNK4,0.32899982063823086,0.25126700810639785,0.06693085003014482,17.5042,61.7269642857143,-3318.7343793192376,B_C,,,,,,,,,,,
P09758_and_Q96PE3,0.3348037255971671,0.25124013807452705,0.36438993944729225,25.432959641255607,58.75772972972974,-5086.351212180222,B_C,,,,,,,,,,,
P09758_and_Q8N7Q2,0.3220350926336259,0.2512231021173142,0.07051310333384754,18.514376218323587,47.148938053097325,-2085.943759477188,B_C,,,,,,,,,,,
P09758_and_Q9NS67,0.30047425095036273,0.25120250756530393,0.13796993794333154,21.208449720670398,49.60054945054946,-1241.0159949137706,B_C,,,,,,,,,,,
P09758_and_Q6IEV9,0.3190889820674763,0.25116903712380817,0.13934780196438873,20.581031128404657,60.05556338028171,-6242.20279358426,B_C,,,,,,,,,,,
P09758_and_Q9UJJ9,0.29881908070787166,0.2511654458237899,0.23064841261681043,18.07555555555553,65.35411764705884,-3622.788996554112,B_C,,,,,,,,,,,
P09758_and_P61952,0.3471767414782094,0.25111809624618814,0.046831461503074996,16.261494252873554,35.72369369369369,-540.0074663231353,B_C,,,,,,,,,,,
P09758_and_A0A0B4J248,0.33676223364315083,0.25105960078420414,0.10502225653953381,18.80055066079293,59.99310077519379,-952.7997872303522,B_C,,,,,,,,,,,
P09758_and_O75829,0.3015322235928178,0.2509650391455367,0.179448695723042,19.81532934131739,51.489209302325584,-1434.9012738229194,B_C,,,,,,,,,,,
P09758_and_O75355,0.32262530983682286,0.2508644378012015,0.3058145479243362,22.024056603773563,62.371349999999985,-4025.820050568103,B_C,,,,,,,,,,,
P09758_and_A0A0B4J235,0.3355484016933711,0.2508432842503161,0.12571728053089953,18.43191681735987,61.75383116883117,-1642.6447288396575,B_C,,,,,,,,,,,
P09758_and_P51810,0.3058450771409349,0.25081241496338014,0.12535327326475115,19.126547842401497,61.29418918918923,-1881.516501549423,B_C,,,,,,,,,,,
P09758_and_P31151,0.33828679422298485,0.25078976247742885,0.058641692035304935,19.717692307692314,44.48919999999999,-972.7382397101096,B_C,,,,,,,,,,,
P09758_and_Q5K4E3,0.3387615970666754,0.2507836024866771,0.1817247867896579,22.0913894324853,45.932460732984296,-4347.5143129966145,B_C,,,,,,,,,,,
P09758_and_O43915,0.2934658509953414,0.2507717509863183,0.184459016854811,17.632372322899496,57.65028735632185,-1235.9492197882319,B_C,,,,,,,,,,,
P09758_and_A6NIE9,0.3036132370831788,0.2506981698817224,0.30048465409983455,22.69918433931485,58.85220512820514,-4166.228847203573,B_C,,,,,,,,,,,
P09758_and_P25092,0.28129480282910707,0.25066048242342714,0.03935503339721452,24.77891566265061,42.98841666666668,-11877.566270999712,B_C,,,,,,,,,,,
P09758_and_Q6ZRU5,0.32859712680982384,0.25054792292938244,0.061172865551502725,18.824260752688144,46.462044198895036,-1249.8272303468184,B_C,,,,,,,,,,,
P09758_and_P25116,0.30610291911057497,0.25045331566515966,0.09947940988032888,22.07376644736843,60.28957055214725,-3329.9333069788718,B_C,,,,,,,,,,,
P09758_and_O43813,0.3371178305014998,0.25036478837723586,0.15885005976246735,19.136894273127766,48.32310344827586,-9329.921993534535,B_C,,,,,,,,,,,
P09758_and_O15130,0.33570863202405654,0.2503472432513387,0.10117726899907249,15.326609442060066,42.508661971830975,-951.1892228640718,B_C,,,,,,,,,,,
P09758_and_Q8WUJ3,0.3456930093068397,0.2503133291097428,0.2757183414417568,27.604022988505776,45.2072072072072,-16604.878462034503,B_C,,,,,,,,,,,
P09758_and_Q15116,0.2963524900625181,0.2503125460477136,0.15370839410820145,20.389881656804718,52.948571428571434,-5303.8600237752435,B_C,,,,,,,,,,,
P09758_and_Q9ULD8,0.27391202022793815,0.250048537157728,0.05812724568470663,25.031070745697885,40.59937106918238,-2483.589766556437,B_C,,,,,,,,,,,
P09758_and_Q8N0W4,0.32087399160747043,0.2500424382566564,0.14417909484098726,21.42276422764228,53.3104761904762,-8565.161150349473,B_C,,,,,,,,,,,
P09758_and_P11836,0.29451169013195644,0.24999299977889416,0.09935113985245332,21.047429305912576,40.71108333333333,-3105.4001185596226,B_C,,,,,,,,,,,
P09758_and_P16284,0.27918020898878626,0.24998143272247525,0.04997103337499674,20.83168498168499,31.823775510204086,-3053.4070813891485,B_C,,,,,,,,,,,
P09758_and_O75387,0.32120168576297237,0.24996581101803592,0.16581944067182347,22.380258519388946,54.10442060085834,-2458.94118113444,B_C,,,,,,,,,,,
P09758_and_A0A1B0GX95,0.3342592495467258,0.24981822408183113,0.0661713019775891,19.837149028077743,58.38709923664122,-1690.7831930778834,B_C,,,,,,,,,,,
P09758_and_A6NKK0,0.3189182469580008,0.2497992626621095,0.0904925146615035,19.743144208037833,56.70647058823528,-11633.523302826161,B_C,,,,,,,,,,,
P09758_and_O94875,0.261237577745664,0.24973503282908985,0.14534540434591564,22.833523908523915,53.90012552301253,-2369.953726223146,B_C,,,,,,,,,,,
P09758_and_Q9NPC1,0.31191486726154727,0.24970805361581086,0.06461853210404887,23.397024673439745,56.480304568527885,-2956.04154286385,B_C,,,,,,,,,,,
P09758_and_Q8N5I2,0.2980746445653841,0.24969593939235804,0.32371061115081795,24.291360691144703,64.5030165289256,-2877.437724193006,B_C,,,,,,,,,,,
P09758_and_Q8NGI7,0.32028219564997507,0.24965339207075177,0.1405342224456355,17.945337995338022,60.6001526717557,-2955.4473307147946,B_C,,,,,,,,,,,
P09758_and_Q53GD3,0.32968283991529723,0.2496362067658377,0.11395580270149808,24.301589403973505,48.728465346534634,-5080.141724274696,B_C,,,,,,,,,,,
P09758_and_Q7RTX9,0.31044244863919074,0.24962392418329754,0.2083185577419826,25.16668757841907,60.87524663677128,-2773.1757863562193,B_C,,,,,,,,,,,
P09758_and_P49146,0.3095400984033905,0.24958746158262562,0.19577980066612394,19.203042121684845,65.76532258064513,-3595.072116835205,B_C,,,,,,,,,,,
P09758_and_P32245,0.29996569826966835,0.24958071051541048,0.08062953918551666,20.9770955165692,53.092138364779885,-4079.8679693292374,B_C,,,,,,,,,,,
P09758_and_P49190,0.2869660927787173,0.24956202710302858,0.08273174739466126,23.068368700265236,49.36555023923442,-15002.972414094118,B_C,,,,,,,,,,,
P09758_and_Q96RD2,0.3197803907467531,0.24954934297024542,0.08775311828584338,21.105545927209715,59.595256410256404,-8318.431740467508,B_C,,,,,,,,,,,
P09758_and_Q8NGL1,0.31765690362166105,0.249524057261919,0.1071972539361559,19.497554347826075,59.258196721311485,-3614.872009368899,B_C,,,,,,,,,,,
P09758_and_Q9BXR6,0.27346731160655613,0.24940498142188514,0.13670679076761055,24.335744985673333,59.773476190476174,-4139.936319132174,B_C,,,,,,,,,,,
P09758_and_P08172,0.29604117600148294,0.2493805808906019,0.1432075092400373,23.201426307448525,57.02758620689655,-5627.1715767064115,B_C,,,,,,,,,,,
P09758_and_Q8N688,0.34655393006720236,0.24937196350201063,0.11043924284187616,17.18721804511279,44.605130434782616,-997.2434109990518,B_C,,,,,,,,,,,
P09758_and_Q9P232,0.2818000795619867,0.24931936547837213,0.3919352897668361,23.541997167138796,60.43821656050954,-15339.29834160801,B_C,,,,,,,,,,,
P09758_and_Q96CG8,0.3082605750494225,0.2492957502623179,0.09917559915203293,19.97826086956524,61.554671532846726,-16051.595874457416,B_C,,,,,,,,,,,
P09758_and_Q9ULD2,0.2563763051646971,0.24925966992449883,0.059953959658662806,22.75243407707908,46.61131147540983,-4901.4207702510175,B_C,,,,,,,,,,,
P09758_and_A0A589,0.3350069456258814,0.24920716304433455,0.15315951087502264,19.829224652087515,56.94654135338347,-2045.1654814181784,B_C,,,,,,,,,,,
P09758_and_Q9Y5P0,0.3180625508020474,0.24912298553850482,0.09382753053026618,19.940350877192973,54.9354961832061,-5816.534895194336,B_C,,,,,,,,,,,
P09758_and_O95727,0.28865390065344115,0.2491043355936502,0.16698334315211982,19.114553990610336,67.82263157894735,-3677.593053882678,B_C,,,,,,,,,,,
P09758_and_Q99569,0.2854681274068318,0.2490844503545498,0.16795087341659687,26.239708737864056,54.93432989690716,-3215.1404811245884,B_C,,,,,,,,,,,
P09758_and_Q8NGM1,0.3182378939558096,0.24905945681112782,0.1293989022314322,20.919546436285113,59.698823529411754,-5643.517306914791,B_C,,,,,,,,,,,
P09758_and_P48995,0.3288184114916832,0.24905827340056216,0.09989631021068665,21.223539232053426,59.759421965317884,-2428.126602127795,B_C,,,,,,,,,,,
P09758_and_Q9HAR2,0.27076301788699647,0.2490462126530507,0.10146966274419532,27.154980842911897,41.31703910614528,-23817.46568726434,B_C,,,,,,,,,,,
P09758_and_P58215,0.32251213285734404,0.2490182855336468,0.24755048947217834,21.897666666666684,50.22578378378377,-2800.125656916049,B_C,,,,,,,,,,,
P09758_and_P34972,0.31031830137248473,0.24893537445131703,0.12997531538489326,20.562289915966392,64.48602649006625,-4403.026637411849,B_C,,,,,,,,,,,
P09758_and_P0DPK3,0.29917933253344203,0.2489346510840605,0.08944967173269043,18.13307155322859,56.79156250000001,-4260.249806224125,B_C,,,,,,,,,,,
P09758_and_Q96P67,0.31193208695034186,0.24881567985258168,0.08019052125958487,20.542857142857162,60.41180555555554,-4229.792472704878,B_C,,,,,,,,,,,
P09758_and_P56817,0.31235759996623885,0.248808696072884,0.2607082073123076,22.14127118644068,56.20242105263159,-7470.554629861546,B_C,,,,,,,,,,,
P09758_and_O15394,0.28002644148924,0.24877137191071216,0.04942623262046242,23.509062500000006,49.698548387096764,-4519.74382928384,B_C,,,,,,,,,,,
P09758_and_Q8NDX9,0.3166471525537534,0.2487315870512391,0.04605148718196421,20.836923076923078,41.75280254777068,-4396.538189539919,B_C,,,,,,,,,,,
P09758_and_P02458,0.2562235316191863,0.24872955078037276,0.11223307115312342,25.137518684603915,54.101651376146755,-6688.6395949900325,B_C,,,,,,,,,,,
P09758_and_O75298,0.2723910236320194,0.2487086799015618,0.05148686779487309,16.84306049822065,26.574123711340203,-2138.8289735990547,B_C,,,,,,,,,,,
P09758_and_O43692,0.30451954870388037,0.24861965278398354,0.24451241322086334,18.886048689138597,66.42738255033558,-4233.210137111408,B_C,,,,,,,,,,,
P09758_and_A0A0A0MS01,0.33214474928399196,0.24861101253107318,0.10054348399127029,19.451543942992874,60.77015267175572,-1982.3029513418442,B_C,,,,,,,,,,,
P09758_and_Q9H344,0.316214439795295,0.2485199758021834,0.08146237089089661,21.10325900514581,53.44164556962025,-5441.667465330109,B_C,,,,,,,,,,,
P09758_and_O43491,0.26134561816208035,0.24846652671894578,0.14613622596466402,23.11865994236313,57.41605000000002,-2338.488840738166,B_C,,,,,,,,,,,
P09758_and_Q00604,0.32882883559926224,0.24843663390805626,0.10901450020751279,16.431972789115676,57.26194029850745,-2493.400706407698,B_C,,,,,,,,,,,
P09758_and_Q92484,0.3315951461216988,0.2483140383296291,0.1346763655685734,18.81141649048629,60.21435582822083,-5754.212390135566,B_C,,,,,,,,,,,
P09758_and_Q8NGS9,0.3142234079953069,0.2482592613606561,0.0694152122319033,21.22481315396113,56.60688524590173,-4701.598716630481,B_C,,,,,,,,,,,
P09758_and_Q13507,0.3168865294008497,0.24824901639173844,0.03282610582602667,25.410504201680684,48.79859375000002,-4589.527901607924,B_C,,,,,,,,,,,
P09758_and_P35225,0.32538989877011804,0.2482349236485826,0.12111569890785472,17.838705583756344,54.74232758620687,-7276.205094477842,B_C,,,,,,,,,,,
P09758_and_Q8NGB6,0.31347424263114165,0.24819124729363196,0.1369811270412694,19.502148760330584,58.67549132947978,-4199.293847193015,B_C,,,,,,,,,,,
P09758_and_Q9Y4F9,0.27424109032211097,0.24818874924614565,0.124962286466068,23.347563352826498,65.98625766871163,-16179.898492131462,B_C,,,,,,,,,,,
P09758_and_P08123,0.25627853129465117,0.24816737863766675,0.15542200122888575,23.210374149659888,63.088633540372705,-11869.336174962635,B_C,,,,,,,,,,,
P09758_and_Q96NR3,0.3379316525631462,0.24815458016250563,0.21556972747350384,23.886119402985045,63.23376470588239,-13354.357707491255,B_C,,,,,,,,,,,
P09758_and_Q8IVW8,0.3197473863399808,0.248112848198792,0.2528141587410153,24.484878331402133,53.56837209302327,-7399.9898094032005,B_C,,,,,,,,,,,
P09758_and_Q6UWN5,0.30571490649145316,0.24810809617041923,0.16495507916123886,20.38891843971629,59.51365853658537,-4432.901317915145,B_C,,,,,,,,,,,
P09758_and_P19883,0.290982597624881,0.24807767532967256,0.11407200237709568,24.015435356200527,55.253950617283955,-4210.238678897436,B_C,,,,,,,,,,,
P09758_and_Q03167,0.27586020215846463,0.24807129198466105,0.2623963817919182,25.528758620689622,56.71349056603775,-6382.574955463409,B_C,,,,,,,,,,,
P09758_and_Q8TAD4,0.283933377043648,0.24805803541896387,0.06529270872004442,22.612943262411356,53.672989690721685,-3343.4346207737835,B_C,,,,,,,,,,,
P09758_and_Q7Z4B0,0.33453753260431207,0.24801524327183944,0.05850402587098742,16.68339100346022,42.84866666666666,-832.4208148021644,B_C,,,,,,,,,,,
P09758_and_Q9HC73,0.28307634758263445,0.24801048389086577,0.19908594664207482,21.57155887230512,57.624417177914125,-1780.761315563921,B_C,,,,,,,,,,,
P09758_and_Q8NA29,0.3145186738829149,0.24798942945137964,0.11661544911542025,22.9308774834437,62.11781065088757,-7350.2726528972535,B_C,,,,,,,,,,,
P09758_and_Q8NH40,0.31523033466012956,0.24797593314522615,0.13103069051930005,21.053211009174333,68.32789855072463,-2399.9434511582117,B_C,,,,,,,,,,,
P09758_and_P53680,0.32685720683985653,0.24795386440040368,0.1875189806638049,20.708364661654127,69.84624203821657,-1125.5197942125633,B_C,,,,,,,,,,,
P09758_and_Q8NGS6,0.30832535998662014,0.2479016451485717,0.059158689074662776,22.670149253731363,46.994904761904756,-6309.101295087673,B_C,,,,,,,,,,,
P09758_and_O95832,0.31551151372035985,0.24783131542601877,0.17030381947585282,18.382101167315156,42.6161581920904,-1116.082563859978,B_C,,,,,,,,,,,
P09758_and_P48052,0.32856285489315196,0.2478239085635055,0.3482065923065911,20.874203431372543,55.702253521126764,-10014.56039133254,B_C,,,,,,,,,,,
P09758_and_O76001,0.31691675963172083,0.2478061722071,0.12755349558642717,19.547066014669927,65.14492187500001,-2127.2807337483464,B_C,,,,,,,,,,,
P09758_and_Q9Y653,0.28004064574242205,0.24773876722503962,0.1145599317761309,23.171374045801524,59.83409090909092,-4649.231457358224,B_C,,,,,,,,,,,
P09758_and_Q9Y5E4,0.29123380709563584,0.24773007771503489,0.15356460743579314,22.366216216216237,62.19725000000001,-6672.658086902869,B_C,,,,,,,,,,,
P09758_and_Q00887,0.28638604974029536,0.24772450645326577,0.28345062823831507,21.27496159754224,70.28840490797545,-2032.557152344366,B_C,,,,,,,,,,,
P09758_and_Q96S79,0.31516430270577556,0.24765691233340453,0.09870438557331197,20.974662162162126,64.46964912280701,-5885.177432372289,B_C,,,,,,,,,,,
P09758_and_P58180,0.31463773102231,0.24763366999608227,0.12108079471549399,19.069315895372235,57.49078571428573,-3623.8321855043546,B_C,,,,,,,,,,,
P09758_and_Q86V40,0.3002613084111321,0.24758447161928832,0.23001399275806897,20.333098591549277,64.58877192982457,-14682.680336712016,B_C,,,,,,,,,,,
P09758_and_P10451,0.29290580319017695,0.247537022927228,0.08363946189550336,16.99924731182795,30.50917355371901,-364.20978736592224,B_C,,,,,,,,,,,
P09758_and_A0A5A2,0.33265593253192105,0.2475303524986021,0.09560724253255708,19.695259593679435,59.3821582733813,-1284.9559831257666,B_C,,,,,,,,,,,
P09758_and_O94898,0.3040083115645569,0.2475226267231262,0.29239758015827755,26.65975820379966,65.8025352112676,-16528.699690444504,B_C,,,,,,,,,,,
P09758_and_Q8TDU9,0.30928663903380627,0.24751910455127712,0.2552393518603618,20.200661057692294,50.10405529953916,-5407.842036029261,B_C,,,,,,,,,,,
P09758_and_P01743,0.33171547945458646,0.24746095581237218,0.16600570214047913,16.46555555555555,66.53920792079207,-1414.8965516477856,B_C,,,,,,,,,,,
P09758_and_P55000,0.33496391365368133,0.24739113129371268,0.09659504409390753,17.738888888888876,37.88335664335664,-1142.5717577264056,B_C,,,,,,,,,,,
P09758_and_P01833,0.30606084122774785,0.24727698147141014,0.19163199509094314,21.17757985257981,57.0010891089109,-6859.178668442032,B_C,,,,,,,,,,,
P09758_and_Q9UN75,0.2910195576540048,0.24721072859545984,0.15275543008330658,24.701628352490474,56.11723270440255,-4207.810094492848,B_C,,,,,,,,,,,
P09758_and_A0A075B6X5,0.33287435612792393,0.24720223312900216,0.10001035489590986,19.41254716981132,56.5995512820513,-1270.8737193061252,B_C,,,,,,,,,,,
P09758_and_Q6JVE6,0.31981641664513105,0.24718205207125055,0.09117367405158953,19.101062499999994,55.87954545454551,-2663.993596318758,B_C,,,,,,,,,,,
P09758_and_Q8NH70,0.309788717423648,0.24716801994474952,0.1357666983134906,20.664389799635696,54.8125170068027,-6063.91884247841,B_C,,,,,,,,,,,
P09758_and_Q6UXB3,0.32959155743313884,0.24710995538045968,0.10867219509959263,16.480128205128228,55.830882352941195,-1315.7881512284384,B_C,,,,,,,,,,,
P09758_and_Q8NGW6,0.3096417030212481,0.24709074318373997,0.10585579559199575,22.13388106416274,59.30022988505749,-7735.639726898788,B_C,,,,,,,,,,,
P09758_and_Q9BY07,0.3068306467826471,0.24704987074063475,0.1704104717823726,24.539930555555593,45.4267375886525,-11899.38417425167,B_C,,,,,,,,,,,
P09758_and_Q9HAB3,0.31764872704994684,0.24701779088391343,0.13089767104981137,21.45527903469082,53.727951219512164,-2645.138961443729,B_C,,,,,,,,,,,
P09758_and_Q96AC1,0.3179587758111589,0.2470160446841288,0.12159095756251756,21.957494279176178,52.906255319148904,-1844.805436841225,B_C,,,,,,,,,,,
P09758_and_Q8NBN3,0.30644709074256427,0.24699483822876434,0.08928395673840082,21.348991935483888,53.19086092715231,-2672.955891577858,B_C,,,,,,,,,,,
P09758_and_P04118,0.33218849515533133,0.24697206253641688,0.10583987704464291,17.925607064017658,46.10025423728812,-1275.0583870868345,B_C,,,,,,,,,,,
P09758_and_Q9NY35,0.3087644537088306,0.2468946895072003,0.13259071137218534,21.365041493775923,60.17450704225354,-9818.496800705645,B_C,,,,,,,,,,,
P09758_and_Q8NGY7,0.30590956283638593,0.2468821675447158,0.06966853774722538,21.95737410071941,58.01577639751556,-6488.125507192059,B_C,,,,,,,,,,,
P09758_and_P04437,0.33050154058242526,0.2468683080806363,0.11557981374970736,18.321731748726666,55.829542483660134,-4145.91878267913,B_C,,,,,,,,,,,
P09758_and_Q8N1N2,0.3118670454450343,0.24681087729517298,0.05925433079261069,16.215925925925934,33.25471074380164,-1000.3230566826242,B_C,,,,,,,,,,,
P09758_and_A0A597,0.33129597096130203,0.24677482428184624,0.14128402799985626,19.113793103448288,60.13929577464788,-2759.126991702035,B_C,,,,,,,,,,,
P09758_and_P54793,0.33865493401088054,0.2467271783139451,0.23133065716367943,22.30484896661368,66.01434065934066,-21794.890202674662,B_C,,,,,,,,,,,
P09758_and_Q9BY79,0.27364656404016563,0.2467035617760136,0.16410043313149952,24.30058139534881,60.33358870967741,-5656.855245958959,B_C,,,,,,,,,,,
P09758_and_Q8NGU2,0.3126737495048423,0.24669535084564148,0.11643385101056034,19.615025041736207,62.784424242424265,-6635.220393040089,B_C,,,,,,,,,,,
P09758_and_Q8NG78,0.3109229909230449,0.24662640137024053,0.11118374147133835,20.07298747763861,58.83052980132448,-6876.005970742914,B_C,,,,,,,,,,,
P09758_and_Q9UHF0,0.3300179811822356,0.24654482084744317,0.08157972139468218,14.81212424849701,43.65476923076922,-2347.832782366233,B_C,,,,,,,,,,,
P09758_and_Q9NS82,0.3211031476104637,0.2465187551414392,0.08719998341661751,21.453779069767457,53.787287234042594,-5906.8219261642535,B_C,,,,,,,,,,,
P09758_and_Q9BRK5,0.30493038229598435,0.2464996201277366,0.22946912366393168,18.300924608819347,65.86291208791211,-1907.9451525286158,B_C,,,,,,,,,,,
P09758_and_Q9Y5Y3,0.3033423555954312,0.24649298965177352,0.1349793736955464,21.772171052631588,60.415102040816336,-2284.40457998883,B_C,,,,,,,,,,,
P09758_and_Q6IF00,0.31454922642013183,0.24646876547092617,0.14496954646098406,19.424698795180735,63.21556521739128,-2233.2028383570564,B_C,,,,,,,,,,,
P09758_and_Q8NBS3,0.30767747757688624,0.2464404480372355,0.15129434546304824,25.25947368421053,58.04746341463417,-4860.766681606367,B_C,,,,,,,,,,,
P09758_and_P35858,0.3321981488856676,0.24634614889267709,0.11769476499730573,25.89652351738241,48.31345549738222,-6126.92187548939,B_C,,,,,,,,,,,
P09758_and_O60779,0.31570116713563584,0.24628111322528912,0.08379824432826377,22.8636890951276,57.14930379746837,-2249.1327271082564,B_C,,,,,,,,,,,
P09758_and_Q9GZK3,0.30830168615369086,0.24625926529896947,0.10908885497068856,20.50505263157894,56.574705882352916,-7466.806953655075,B_C,,,,,,,,,,,
P09758_and_Q9BZM2,0.3210574790550139,0.24623183525431336,0.07665915088544317,18.28702380952383,60.537720588235274,-3476.0841630987607,B_C,,,,,,,,,,,
P09758_and_A0A075B6L2,0.3310122713052157,0.24616727068078614,0.07743509397475899,18.341927083333328,52.70951612903225,-1645.1096445856692,B_C,,,,,,,,,,,
P09758_and_Q8NGU4,0.31627742942648807,0.24615943713262706,0.1074191807062987,20.966554809843384,60.87194244604316,-2765.1707174357016,B_C,,,,,,,,,,,
P09758_and_Q9Y4C2,0.3502787882442663,0.2461383147366356,0.2013459758814115,26.38614678899079,55.967309644670046,-10435.694698515084,B_C,,,,,,,,,,,
P09758_and_P04201,0.3032473463015632,0.2460861014583691,0.12780701768475858,19.22023575638507,47.598840579710156,-1398.7839927773766,B_C,,,,,,,,,,,
P09758_and_P32745,0.2980789285266796,0.2460785207930387,0.18405352429338667,20.59585289514867,52.10786458333334,-1834.3471930622572,B_C,,,,,,,,,,,
P09758_and_Q8N6F1,0.3120522481089912,0.24594831008230914,0.10718509658860358,17.292329545454535,47.875465838509314,-1027.4510748779358,B_C,,,,,,,,,,,
P09758_and_P12724,0.3197737474319826,0.24590513157518357,0.18517976215056264,17.661646586345377,63.61265734265735,-1239.4433359086038,B_C,,,,,,,,,,,
P09758_and_Q49SQ1,0.31277621173071213,0.24588114274575534,0.16401578414659995,21.48091085271318,67.86456375838925,-5376.525385799115,B_C,,,,,,,,,,,
P09758_and_P28566,0.3057967094202303,0.2457923732839195,0.10554849788990248,22.017487266553438,51.56204419889504,-5071.751511518447,B_C,,,,,,,,,,,
P09758_and_Q6TCH4,0.31689471643828404,0.2457730865547652,0.09296279800984306,20.7957391304348,48.580279329608956,-17868.38086407816,B_C,,,,,,,,,,,
P09758_and_Q8WUG5,0.3123390897998617,0.24576799390267146,0.05459162250765287,24.82255244755242,53.908118279569905,-5630.19402885803,B_C,,,,,,,,,,,
P09758_and_P56880,0.3088328757914486,0.24566492572517748,0.07978917294840022,18.91794670846395,51.08634615384613,-1247.428408986103,B_C,,,,,,,,,,,
P09758_and_Q9H1P3,0.3201863872417711,0.24560351626738294,0.10902982143911612,20.40089766606823,58.93228395061729,-2162.8792021406243,B_C,,,,,,,,,,,
P09758_and_P35408,0.29133054934916036,0.24555470949671027,0.0933995790658616,22.354078014184378,55.05926829268294,-4556.790715400697,B_C,,,,,,,,,,,
P09758_and_Q9GZK6,0.3127171955007455,0.24551578593632525,0.10673171396878632,16.280494505494506,59.87278688524591,-2822.038523994547,B_C,,,,,,,,,,,
P09758_and_Q9UBM4,0.2893102012733067,0.24547291900573634,0.1256377528157891,23.31564299424185,57.671923076923065,-21696.75442403432,B_C,,,,,,,,,,,
P09758_and_P01210,0.2982018647599345,0.2454557783442205,0.06332484925111187,18.484519230769244,48.49103703703704,-1381.3855103789756,B_C,,,,,,,,,,,
P09758_and_Q9UQ74,0.2879655902048981,0.2454390757047414,0.158751325203449,25.03837448559671,61.92410256410254,-3938.7893126621343,B_C,,,,,,,,,,,
P09758_and_Q99467,0.3352735990169009,0.24538104775904448,0.27145323823718287,25.40532710280375,54.39589285714289,-14671.543529765033,B_C,,,,,,,,,,,
P09758_and_P0DP06,0.32973661441306745,0.2453348506981234,0.13335802336076458,18.47691570881228,62.27999999999999,-2281.14268019745,B_C,,,,,,,,,,,
P09758_and_O15169,0.26187672342580565,0.24528375711624856,0.05363517352766861,22.817355371900828,58.453194444444456,-7602.694330172715,B_C,,,,,,,,,,,
P09758_and_A0A0B4J272,0.33028382015941415,0.24528282408068497,0.1549905453618746,19.561500000000024,53.88051948051948,-2107.073179727686,B_C,,,,,,,,,,,
P09758_and_P78395,0.3186823772187483,0.24526170904570332,0.15751443966116851,22.316091954022998,64.09013698630136,-2416.978178448153,B_C,,,,,,,,,,,
P09758_and_Q6ZVX9,0.3170033200161695,0.24522379778778797,0.12460142949503226,21.92464358452135,65.03808510638302,-7714.754161196644,B_C,,,,,,,,,,,
P09758_and_P09619,0.2706077776005305,0.24521734937036693,0.11904788197486955,27.497974068071336,47.18830845771143,-9443.371163095137,B_C,,,,,,,,,,,
P09758_and_P56706,0.3075097153668387,0.24516707687821784,0.15136497603150723,23.689636913767018,55.69563157894735,-3348.6545303349235,B_C,,,,,,,,,,,
P09758_and_Q8NGH5,0.31214053975754735,0.245130741478184,0.12129833638125329,20.415548281505753,59.546625766871166,-7334.918297063649,B_C,,,,,,,,,,,
P09758_and_Q9Y5H6,0.2904741188178447,0.24511467622385785,0.14274554552209584,24.58372093023258,58.58045801526718,-20805.610154738115,B_C,,,,,,,,,,,
P09758_and_Q8NH74,0.3134287262082586,0.24511302610051172,0.10151285042645823,18.355592105263153,55.67865671641789,-7714.15446103947,B_C,,,,,,,,,,,
P09758_and_Q8N7R7,0.2916179128847467,0.24509784316917566,0.10951202124292775,21.794344904815205,59.404345794392476,-10676.76197243061,B_C,,,,,,,,,,,
P09758_and_P30989,0.3042567221127882,0.2450658317195996,0.16200279092919723,19.3730263157895,57.290421052631544,-3617.2865816642816,B_C,,,,,,,,,,,
P09758_and_A0A075B6N1,0.33073353977648784,0.24505604651093824,0.07926959336633088,18.04095354523227,58.28555555555555,-2304.9377545039215,B_C,,,,,,,,,,,
P09758_and_Q9BTW9,0.33898734447280876,0.24500879205736764,0.02671931206810567,27.469252873563207,49.209514563106794,-15070.608253961362,B_C,,,,,,,,,,,
P09758_and_P50895,0.2976881758660312,0.244937981859548,0.5568807186571147,25.091962174940907,68.86026143790846,-8185.523100053173,B_C,,,,,,,,,,,
P09758_and_Q9NRR8,0.3416500045208045,0.24492481456256246,0.17059758233023792,13.226683291770554,31.18966386554621,-931.6424559983896,B_C,,,,,,,,,,,
P09758_and_O95858,0.29667335154949437,0.2449225693553704,0.0971708328857801,21.559090909090912,53.6582424242424,-11355.914157088999,B_C,,,,,,,,,,,
P09758_and_O76100,0.3126857291408198,0.24487597710637232,0.13189079752085128,20.34400871459695,67.71276595744682,-2011.49928837366,B_C,,,,,,,,,,,
P09758_and_Q9BZF3,0.28013313166539117,0.24485589166296104,0.15773360889740226,23.643934681181968,64.37225641025638,-15012.266669195747,B_C,,,,,,,,,,,
P09758_and_Q9UQ72,0.2895527989839517,0.24482445033301392,0.24112883094497833,20.12874015748031,67.27857142857144,-6209.250099084324,B_C,,,,,,,,,,,
P09758_and_P49757,0.2687113307553126,0.2448229858132441,0.14563292923343613,20.952545454545447,56.56323699421964,-12999.91293712557,B_C,,,,,,,,,,,
P09758_and_Q9C0B6,0.2659115451467967,0.24474564584247008,0.06751321755073014,23.181956155143304,58.74893617021275,-1393.2828125214219,B_C,,,,,,,,,,,
P09758_and_Q9NSD5,0.33176633445062415,0.2447391476143126,0.25295878616705647,21.479269882659764,65.39229591836732,-3186.777666151933,B_C,,,,,,,,,,,
P09758_and_Q8NH04,0.31006357009359126,0.24469906715590778,0.11548695928520998,20.05844444444443,56.698306451612865,-4742.852860894829,B_C,,,,,,,,,,,
P09758_and_O43511,0.3175070871448974,0.24469582927778527,0.14482522518040658,24.231161007667026,57.87659898477155,-11551.366057859834,B_C,,,,,,,,,,,
P09758_and_O94768,0.3053687534168372,0.24466693980173518,0.1168937578623924,20.152652733118998,63.063080808080805,-2176.807674396609,B_C,,,,,,,,,,,
P09758_and_P04217,0.3151340870735178,0.2445963673014707,0.09912598044958149,24.701147540983612,60.99923469387756,-4121.257025571873,B_C,,,,,,,,,,,
P09758_and_Q04656,0.2917628076210766,0.24457093080901515,0.33905622029110427,25.763483735571846,50.93790476190475,-6363.000769887785,B_C,,,,,,,,,,,
P09758_and_Q9H1E1,0.3207711120712423,0.2445243273060198,0.19803268426835527,19.423319755600797,68.35489510489512,-1680.867564797331,B_C,,,,,,,,,,,
P09758_and_P0DOX5,0.2764178677806011,0.24448592398050856,0.21628725724696732,23.069966996699666,66.29276923076922,-1512.6016862889992,B_C,,,,,,,,,,,
P09758_and_P0C7N5,0.3130334054061625,0.24446112857069133,0.14889024523312408,20.935013623978204,70.08079646017697,-2173.899907326866,B_C,,,,,,,,,,,
P09758_and_Q86VE9,0.31166844026708956,0.24445552215676802,0.06991421662547533,21.497053406998138,61.02608938547483,-6128.594033391886,B_C,,,,,,,,,,,
P09758_and_Q9UQ52,0.276319876394614,0.24437270312515985,0.15511591887770507,26.427835051546406,52.615348837209304,-14537.10619834044,B_C,,,,,,,,,,,
P09758_and_Q9UN73,0.28836142422735717,0.24434901556637134,0.1636749367368157,23.60269709543567,62.62293650793648,-4481.831183472437,B_C,,,,,,,,,,,
P09758_and_A0FGR8,0.26800293237072137,0.2443481284065124,0.2928310068517173,25.052852852852855,64.23872340425525,-2385.8139321236085,B_C,,,,,,,,,,,
P09758_and_Q15195,0.33481603609483856,0.2443011599183164,0.08653796518332446,17.70130057803467,55.626574074074064,-1550.913848633787,B_C,,,,,,,,,,,
P09758_and_A0A1B0GX78,0.3291045999975236,0.24427226371558744,0.10209590891748029,18.96977777777778,60.33333333333333,-1284.1564568128242,B_C,,,,,,,,,,,
P09758_and_Q96KK4,0.3141794682848205,0.2442286820803499,0.189963430106669,19.74804400977995,69.73466101694916,-5059.782528650713,B_C,,,,,,,,,,,
P09758_and_Q969E3,0.31528955322951846,0.24420905749139968,0.14109647824328836,13.007049891540126,27.673149606299212,-1466.8329968174494,B_C,,,,,,,,,,,
P09758_and_Q6IF36,0.31070507107235074,0.24415408764852575,0.09566196377628765,20.202431906614773,64.96296774193546,-3072.1874410474547,B_C,,,,,,,,,,,
P09758_and_P16871,0.2728253893804444,0.24410462778038697,0.38295815682061596,23.139512195121963,72.9709625668449,-4026.5450660411952,B_C,,,,,,,,,,,
P09758_and_Q16478,0.2861088159277342,0.24402297605647666,0.14800039088252634,25.052454545454527,60.2681012658228,-11888.217400996922,B_C,,,,,,,,,,,
P09758_and_A0A075B6T6,0.3294135522978986,0.2440225537815241,0.08173813218722002,18.81722972972974,55.74849624060151,-1558.1171581219824,B_C,,,,,,,,,,,
P09758_and_P51460,0.3273578375974809,0.24397874544893833,0.12109226233003505,15.639686924493569,53.509448275862084,-1079.9907100199543,B_C,,,,,,,,,,,
P09758_and_Q01718,0.29840493475204566,0.24394036756385562,0.07342194321122493,19.821495327102806,60.76275362318842,-2220.9762019550844,B_C,,,,,,,,,,,
P09758_and_Q8NH42,0.3039314092611075,0.24393829059434366,0.12174037994769521,20.93689922480618,51.423370786516834,-5587.016434381285,B_C,,,,,,,,,,,
P09758_and_Q02325,0.33394969530032304,0.24390558422485956,0.05742479924987237,18.124833702882494,49.88572649572649,-1449.8983135218477,B_C,,,,,,,,,,,
P09758_and_Q8N349,0.31392814963185833,0.24390366065624253,0.12669541839248824,18.378100263852257,60.93824000000002,-4058.6149026151215,B_C,,,,,,,,,,,
P09758_and_Q99497,0.30821572611799664,0.24385486762646266,0.1477500321584273,17.798837209302327,46.511142857142865,-13199.03193059882,B_C,,,,,,,,,,,
P09758_and_P26045,0.2704693082282251,0.24380951836443127,0.17339419650325136,25.116169977924933,57.450714285714305,-8141.703365984766,B_C,,,,,,,,,,,
P09758_and_A0A0K0K1B3,0.32953820741877443,0.24375594747448,0.13909854420543852,19.768577075098808,63.41418439716313,-1538.785915739418,B_C,,,,,,,,,,,
P09758_and_Q9HD47,0.31523267463378263,0.24374738382367225,0.1563133597188285,21.03609154929575,64.49,-8431.976084946298,B_C,,,,,,,,,,,
P09758_and_Q8NGW1,0.2993457880443828,0.24372530499271558,0.06078684286754149,21.890500000000007,55.746971428571435,-4456.470366995456,B_C,,,,,,,,,,,
P09758_and_Q8IZD6,0.3175192472510078,0.24371334584949275,0.08901564312741166,21.356259314456036,54.49402010050248,-2845.9192125957597,B_C,,,,,,,,,,,
P09758_and_Q8NH90,0.31118335991313634,0.24370109589328537,0.1314754410619177,20.047820823244574,63.72220472440945,-4018.1302349996035,B_C,,,,,,,,,,,
P09758_and_Q9HCT0,0.31842455135392095,0.2436938041349071,0.09584167584191577,19.039670329670283,55.55706293706293,-1469.8717528270863,B_C,,,,,,,,,,,
P09758_and_P13762,0.2976969231079123,0.2436671365975659,0.08342321531609855,19.637383177570044,52.27475138121548,-2390.5017111828206,B_C,,,,,,,,,,,
P09758_and_Q5R387,0.3226409464393889,0.24361316183034548,0.049757386073883,19.295537757437053,51.02524475524476,-1916.538761551672,B_C,,,,,,,,,,,
P09758_and_O00339,0.2606799548867912,0.24359829362340774,0.21774000906023047,23.16255020080326,49.95207843137255,-3848.066325270651,B_C,,,,,,,,,,,
P09758_and_Q5JQS5,0.3119680970430603,0.24354190982256693,0.1390862986383896,20.66844106463882,58.55171428571428,-5853.771613576518,B_C,,,,,,,,,,,
P09758_and_Q15722,0.30319750271900997,0.2435181724229994,0.15735127982715863,23.199818621523534,55.75079601990049,-4825.351319482176,B_C,,,,,,,,,,,
P09758_and_Q16602,0.2908076103686127,0.24351115508765594,0.09095008716950274,20.355764411027568,62.85948529411764,-2422.561792135173,B_C,,,,,,,,,,,
P09758_and_Q9BXX0,0.25605960578598574,0.24348638674404105,0.13699701460464545,22.811046511627914,55.95930232558138,-1952.7130951052532,B_C,,,,,,,,,,,
P09758_and_Q9H8T0,0.2943676941044313,0.24344632839703667,0.1596234363721657,23.491553133514994,60.2951030927835,-2814.5212848771753,B_C,,,,,,,,,,,
P09758_and_Q9BPV8,0.30085519498274454,0.24342985699594,0.14913292199302314,22.502785714285732,64.8423557692308,-3336.10916305812,B_C,,,,,,,,,,,
P09758_and_P32248,0.2923425539886836,0.243425734151073,0.20220288819792165,21.00590185676393,53.29461928934011,-1656.5373189123047,B_C,,,,,,,,,,,
P09758_and_P37840,0.32502639254065513,0.24342338824236404,0.056622718970381056,15.664659367396624,48.83568750000001,-485.9036556828796,B_C,,,,,,,,,,,
P09758_and_A0A0A6YYC5,0.32834943688774576,0.24341314489428445,0.12650975776163914,19.206559139784964,59.57896825396823,-12925.22424959121,B_C,,,,,,,,,,,
P09758_and_Q5T2D2,0.28956779801581,0.2434073017751889,0.12506537521948,20.961755485893416,58.470126582278496,-5917.891549745067,B_C,,,,,,,,,,,
P09758_and_Q5SY80,0.3385634417955761,0.24334696985761317,0.20429937406353255,24.495887850467284,60.09609929078014,-8284.472637263294,B_C,,,,,,,,,,,
P09758_and_P02747,0.2996007020320133,0.2433355761173211,0.06641184410016787,17.796301369863023,52.5498260869565,-1193.8089456447924,B_C,,,,,,,,,,,
P09758_and_P14384,0.3235759087706088,0.2433117319761695,0.1195792780690551,23.42513416815741,62.998688524590165,-14675.75177881374,B_C,,,,,,,,,,,
P09758_and_P40189,0.29032809468153997,0.24328700019447627,0.12391702810150637,26.123376623376604,57.096718749999994,-14573.724695935656,B_C,,,,,,,,,,,
P09758_and_Q9NP59,0.3133337112893108,0.24326857947514574,0.14071789246173239,23.204710743801616,42.799020618556696,-2780.0910381015033,B_C,,,,,,,,,,,
P09758_and_P15515,0.34563397176526767,0.24323362761337733,0.07700640484771941,15.199264705882367,22.973499999999998,-1606.5106832441115,B_C,,,,,,,,,,,
P09758_and_Q15743,0.2996888538904062,0.24313427795306541,0.14536937775077194,21.684548944337816,59.44651006711408,-4754.964536106426,B_C,,,,,,,,,,,
P09758_and_P15391,0.27348099445669144,0.24310940322837832,0.10652067907289726,21.664461883408066,53.993282051282016,-15033.665609990247,B_C,,,,,,,,,,,
P09758_and_Q9Y6L7,0.2903521698887461,0.2431028768202023,0.20355626846242672,22.861158798283217,60.89692307692307,-13136.691786115864,B_C,,,,,,,,,,,
P09758_and_Q6UX65,0.3003552679473386,0.24308084169804514,0.10701885837826962,21.18444444444445,57.07861842105266,-1394.198782009467,B_C,,,,,,,,,,,
P09758_and_Q96JB6,0.31675714912501773,0.24303139021180953,0.15182740454086693,22.480148423005573,58.8235975609756,-25366.054143354602,B_C,,,,,,,,,,,
P09758_and_P11168,0.3185092017861686,0.24299718084095748,0.1714304807393171,24.27655334114886,56.069515418502164,-7146.960133014356,B_C,,,,,,,,,,,
P09758_and_P22792,0.31577692745591884,0.24295864851105553,0.16666641004206015,25.379490616622,44.64778688524591,-13200.230327708472,B_C,,,,,,,,,,,
P09758_and_Q8NGD0,0.30856032562584046,0.24291748864978674,0.12006464058220526,20.32214983713353,55.61749999999999,-5608.803796092686,B_C,,,,,,,,,,,
P09758_and_Q12959,0.26697449566610093,0.24282718743269968,0.552421420372216,25.27249575551782,64.65923954372631,-14800.769510430051,B_C,,,,,,,,,,,
P09758_and_P12821,0.31110477080386,0.2428092725116551,0.03792237089203184,27.54682926829269,51.17141509433963,-6451.059879096259,B_C,,,,,,,,,,,
P09758_and_Q9UGF7,0.309774140589707,0.24278953213827903,0.11388097422226376,20.170952380952368,53.11486301369866,-11126.251211690756,B_C,,,,,,,,,,,
P09758_and_Q15139,0.2805519317809896,0.2427812872897396,0.17334943366073322,23.40902948402951,56.26666666666672,-4080.886135282686,B_C,,,,,,,,,,,
P09758_and_Q9UJA9,0.3096950607911424,0.24276937573514268,0.2651901912288922,22.00910973084886,55.61731250000001,-13380.583112954275,B_C,,,,,,,,,,,
P09758_and_Q15517,0.27553604589238884,0.24276713713505343,0.07492763321825079,17.275557809330635,48.92668224299065,-1526.4199134817754,B_C,,,,,,,,,,,
P09758_and_A0A0C4DH39,0.32755218840041156,0.24273826319910283,0.08120942640779076,19.156660231660233,53.59813432835821,-1741.231261295905,B_C,,,,,,,,,,,
P09758_and_Q9BXS4,0.2902177148420473,0.24272014397990277,0.11879482667114087,19.299195402298846,54.71753694581281,-1435.0110115371353,B_C,,,,,,,,,,,
P09758_and_Q02509,0.2785744710697453,0.2426901848948971,0.09282705852610537,19.966194690265528,57.55896341463416,-1759.373990460026,B_C,,,,,,,,,,,
P09758_and_Q04756,0.3013102970259684,0.24267630815849325,0.14346599732991488,19.52464285714285,61.11642857142855,-19007.599896276413,B_C,,,,,,,,,,,
P09758_and_Q8TCC7,0.3172048167036616,0.24264431545553933,0.14756874652948945,22.220939490445897,52.89757225433527,-3223.562530494412,B_C,,,,,,,,,,,
P09758_and_Q9Y5H9,0.2882486102970845,0.24248799482404154,0.15252183558149077,23.125345167652892,60.32016000000002,-6452.4529261496045,B_C,,,,,,,,,,,
P09758_and_Q17R60,0.2609427610544332,0.24244144137331675,0.28662811254733983,21.996528497409358,62.70579185520363,-8025.291009803666,B_C,,,,,,,,,,,
P09758_and_Q9Y210,0.3116071536747964,0.24242835713233854,0.027577813034910203,25.28628318584069,46.91694915254239,-3961.906807023932,B_C,,,,,,,,,,,
P09758_and_P42566,0.2566416825787323,0.24240620216999584,0.11331676722571964,23.835024752475295,62.662635658914716,-20927.42187544798,B_C,,,,,,,,,,,
P09758_and_Q6U841,0.30740536818925407,0.24236947261021433,0.06309073873090976,25.3593959731544,57.588559322033895,-17260.19084682448,B_C,,,,,,,,,,,
P09758_and_O14498,0.2943310121763105,0.24233605867896896,0.1873179693884835,21.905164670658653,69.05585858585859,-5253.496589744792,B_C,,,,,,,,,,,
P09758_and_P21815,0.28650967566596647,0.2423111795380103,0.053184432282604555,17.44585152838428,29.973781512605047,-1633.318738998947,B_C,,,,,,,,,,,
P09758_and_O14581,0.31157880609018335,0.24220005259623584,0.19982354737273483,20.371482889733837,67.50514084507043,-3437.7578761365767,B_C,,,,,,,,,,,
P09758_and_P25815,0.3311158500985368,0.24219418149833088,0.07089840615602631,19.35862944162438,47.65660714285716,-4338.2202166200605,B_C,,,,,,,,,,,
P09758_and_Q8N628,0.31061548529680877,0.2421772340815801,0.09894860276329677,19.844387755102044,65.69846774193552,-2034.7977721388584,B_C,,,,,,,,,,,
P09758_and_A0PJK1,0.3337632268923342,0.24216678521310397,0.1369855002075987,24.307417974322377,49.04087179487179,-4856.8817171967785,B_C,,,,,,,,,,,
P09758_and_P02766,0.320454600952121,0.24216056833943223,0.10828825366585124,18.515683962264166,65.34007299270071,-1633.6686570137367,B_C,,,,,,,,,,,
P09758_and_P51654,0.304571454846133,0.24215705709817253,0.38975881757360886,23.099059139784966,49.290882352941196,-16755.32127913853,B_C,,,,,,,,,,,
P09758_and_Q92930,0.31108865664456553,0.2421256110747016,0.10826546345491156,19.290835030549896,62.5854938271605,-1186.6169793141307,B_C,,,,,,,,,,,
P09758_and_Q9H1R2,0.29460040649591623,0.24212045086352546,0.0995194610185524,20.639683544303818,58.597213930348275,-1868.9732636332337,B_C,,,,,,,,,,,
P09758_and_Q86V24,0.301555845756029,0.2420950065599774,0.13141617647490475,19.06603260869565,58.57785714285716,-2683.536739742296,B_C,,,,,,,,,,,
P09758_and_Q6ZN44,0.2830719402275591,0.24207495332230156,0.2515717940703137,25.36681034482756,59.16596059113298,-5997.195310517701,B_C,,,,,,,,,,,
P09758_and_P25311,0.30334938003394807,0.24202021553100272,0.18098789400588838,19.314951456310684,67.60820512820514,-6270.932624696104,B_C,,,,,,,,,,,
P09758_and_Q14002,0.2982331170504994,0.24198553535952722,0.10774804309644169,18.486666666666647,56.161654135338345,-1241.2646585671987,B_C,,,,,,,,,,,
P09758_and_P15086,0.3224304650828773,0.24197771796282574,0.3207143871672745,22.975192604006143,72.60225274725278,-19679.29656460396,B_C,,,,,,,,,,,
P09758_and_Q9Y3Q0,0.34133808965827633,0.24195068947475942,0.06598818758744904,23.418303571428567,67.57180000000001,-15670.613103105017,B_C,,,,,,,,,,,
P09758_and_P17342,0.30864316897001853,0.2419393018201417,0.08317370299087513,19.01449511400652,56.01938596491229,-18878.494237892257,B_C,,,,,,,,,,,
P09758_and_Q8NFF2,0.29794276371819417,0.24192984359144462,0.04937594567179403,22.834223300970898,44.45792207792207,-10232.609791063984,B_C,,,,,,,,,,,
P09758_and_P29275,0.30879758692149745,0.24181173659727234,0.10091668401466976,20.54978070175438,54.86187096774195,-3281.9629835384844,B_C,,,,,,,,,,,
P09758_and_P35443,0.2986501665820924,0.24177669492446524,0.3461844429419029,24.446765119549916,58.127169811320734,-8455.30114781891,B_C,,,,,,,,,,,
P09758_and_O15375,0.31043941339289693,0.2417716994603885,0.11467624518021843,23.431683168316848,57.84897260273973,-7356.7901190425455,B_C,,,,,,,,,,,
P09758_and_O00213,0.26610123278974707,0.2417486004073392,0.3259808773780769,23.11566469093987,56.59308219178089,-2062.287923329801,B_C,,,,,,,,,,,
P09758_and_P59796,0.30519328980100885,0.2417042087907027,0.18591069775664487,22.236268939393955,70.97281249999999,-15188.564699042001,B_C,,,,,,,,,,,
P09758_and_O96009,0.31237162825786563,0.2416179320052214,0.25936612799654607,20.538880126182935,49.90760416666666,-9816.381340465237,B_C,,,,,,,,,,,
P09758_and_P01814,0.3248638359078305,0.2415899131650088,0.08188393391427266,18.68199152542374,62.1385815602837,-1568.2365332166937,B_C,,,,,,,,,,,
P09758_and_P07550,0.2991923491631405,0.24155798511386717,0.19334307540919357,20.85338983050842,51.88241573033711,-5948.649316354386,B_C,,,,,,,,,,,
P09758_and_Q96H15,0.28145253864705433,0.2415450196615812,0.11247316342053738,19.696013667425966,43.863602941176474,-5988.430205338687,B_C,,,,,,,,,,,
P09758_and_P01824,0.3246027340029457,0.24154385734652314,0.08220701669807699,17.595707656612536,60.47295454545455,-2215.4520467297325,B_C,,,,,,,,,,,
P09758_and_Q6IF82,0.3127783573612334,0.2415254086218723,0.13662964581387782,20.9675572519084,59.9208510638298,-4288.591726059501,B_C,,,,,,,,,,,
P09758_and_Q8NH01,0.31104010400765736,0.2413531458809269,0.12370023453763108,19.66477516059956,55.346056338028156,-6763.785352264983,B_C,,,,,,,,,,,
P09758_and_Q9GZQ4,0.3016549306519528,0.24134279408029716,0.1642270644685482,18.788857142857115,65.84314917127074,-3272.9956111778665,B_C,,,,,,,,,,,
P09758_and_Q8NGC1,0.303000233985254,0.24128217627673368,0.1447999323154753,22.556205923836398,60.036263736263756,-6582.8430408355425,B_C,,,,,,,,,,,
P09758_and_P27105,0.28805114457062264,0.2412238382907474,0.08365690487083254,16.005509641873278,41.51185185185185,-1658.8715123006732,B_C,,,,,,,,,,,
P09758_and_Q8TCT7,0.298693038600852,0.24121492781695114,0.13931234404781762,23.1066489361702,51.935049019607824,-10773.704202224477,B_C,,,,,,,,,,,
P09758_and_Q96S37,0.32712016516209036,0.24119750409345805,0.14385302265196218,20.90490909090911,61.595436241610734,-4154.015353666796,B_C,,,,,,,,,,,
P09758_and_A0A0B4J1X5,0.3263246574300279,0.2411563281623424,0.21044837168379066,17.0074412532637,66.06050420168069,-2557.149334202381,B_C,,,,,,,,,,,
P09758_and_Q8NGZ9,0.31239762513306346,0.2410656753830265,0.11204903336369959,19.360643015521063,57.00051851851852,-9382.130855714271,B_C,,,,,,,,,,,
P09758_and_Q9NRI6,0.35326548306543937,0.24103290467472036,0.06312723492220122,13.224883720930235,22.259571428571437,-1756.0723623261083,B_C,,,,,,,,,,,
P09758_and_Q9H252,0.28050775886085344,0.24101544272744946,0.08334748679696272,21.10497512437813,63.47934306569339,-2322.8880512614087,B_C,,,,,,,,,,,
P09758_and_Q96LB8,0.2884574846285588,0.24099192842470257,0.1449605331698208,20.28138528138529,64.94458128078816,-4143.951572918635,B_C,,,,,,,,,,,
P09758_and_A2RUU4,0.3257772352284766,0.24095579207045695,0.1048870165900086,17.060501193317446,50.03650793650797,-2785.966925030575,B_C,,,,,,,,,,,
P09758_and_Q9UN66,0.2887062242251793,0.24085935156181704,0.196616063450217,23.283213773314234,54.252369942196545,-3965.2697685023304,B_C,,,,,,,,,,,
P09758_and_P26038,0.3084653604996393,0.24080380958645567,0.18444486918514014,23.716332665330647,64.83765100671138,-5712.743917514083,B_C,,,,,,,,,,,
P09758_and_P20396,0.2993514083156268,0.2407979983138463,0.08966939609297993,18.64725765306118,49.508209876543184,-1455.0327575339688,B_C,,,,,,,,,,,
P09758_and_Q7Z6J2,0.28234482827037855,0.24079177900177862,0.11973091355278867,20.529347826086944,53.06944700460829,-1971.1394299322565,B_C,,,,,,,,,,,
P09758_and_Q14627,0.30193271044236747,0.24076031613124166,0.05530127746565783,21.98523035230351,58.219481481481495,-9951.574018022062,B_C,,,,,,,,,,,
P09758_and_Q9NZH7,0.3170137972786124,0.24066969823532797,0.11550548032557106,18.741980474198083,50.02244565217391,-1586.6828383308202,B_C,,,,,,,,,,,
P09758_and_Q9UMX0,0.27004998956551196,0.24062236000925066,0.07185171134390977,17.72836257309942,56.02184713375795,-1364.170369342115,B_C,,,,,,,,,,,
P09758_and_Q8NGL2,0.30896327242017074,0.24061132500840582,0.12132111053271169,20.2962962962963,67.14601562499999,-2334.100243174827,B_C,,,,,,,,,,,
P09758_and_O43603,0.3013849053275316,0.24060536135940616,0.16543119364467918,20.682982456140337,66.54248648648648,-2166.729004608769,B_C,,,,,,,,,,,
P09758_and_P17661,0.2710903214937763,0.24059470432531324,0.10507255556313332,20.985374999999987,41.314140625,-2166.2489108389573,B_C,,,,,,,,,,,
P09758_and_P26927,0.2958355720409052,0.24058882206188953,0.18769291328613294,24.05821989528794,55.87273109243696,-12161.087679457434,B_C,,,,,,,,,,,
P09758_and_O75912,0.2963422098187379,0.24057496692616084,0.2573525791782941,24.814130434782573,49.14907103825136,-10688.310228908496,B_C,,,,,,,,,,,
P09758_and_Q8NGP9,0.3097110255652943,0.24056233783153763,0.10393700087013476,22.259937888198742,61.096723163841794,-6387.935347035151,B_C,,,,,,,,,,,
P09758_and_Q13835,0.30152028291312105,0.2405551060516607,0.23780787386342372,26.073064384678094,47.3701488095238,-3219.0255253661708,B_C,,,,,,,,,,,
P09758_and_P30559,0.29892610920632023,0.2405531225448755,0.20619318813872695,19.152016129032283,55.46502369668246,-3225.4013886401262,B_C,,,,,,,,,,,
P09758_and_P01042,0.2653212403545744,0.2404704719925253,0.3006964739343227,22.826005612722167,59.58300847457628,-10218.884846452012,B_C,,,,,,,,,,,
P09758_and_P13866,0.3308821096530393,0.24044311180822797,0.14040907330334818,23.629259694477117,51.941720930232556,-7019.648796371717,B_C,,,,,,,,,,,
P09758_and_Q9ULB1,0.29983153426542253,0.2403949643838954,0.1753654114446151,27.5325484764543,64.40149253731344,-3099.7830848145386,B_C,,,,,,,,,,,
P09758_and_Q7Z2R9,0.33091292833108077,0.24039091763476672,0.09793287067237925,16.66344537815128,36.016802325581395,-1481.1312305366264,B_C,,,,,,,,,,,
P09758_and_O00398,0.3037737360485551,0.24036819558943298,0.07280414135481317,20.329975124378098,54.48823076923078,-1762.7733918027434,B_C,,,,,,,,,,,
P09758_and_Q13467,0.2857244810829578,0.24035501166689663,0.10555741509895031,24.942727272727293,59.472484472049686,-8103.684487012477,B_C,,,,,,,,,,,
P09758_and_Q6UWK7,0.3360288918002312,0.24033993724966185,0.05209647716919297,16.483212560386484,42.08805084745761,-4097.099605053691,B_C,,,,,,,,,,,
P09758_and_P19397,0.2995611095531569,0.24027115345955113,0.07045500465716344,21.358559782608705,62.091315789473676,-9171.397570918942,B_C,,,,,,,,,,,
P09758_and_Q50KZ9,0.30418507318366134,0.24025358210640857,0.1403867897741323,22.48091286307054,54.170193548387104,-2813.9661839961886,B_C,,,,,,,,,,,
P09758_and_A0A075B6H8,0.32616843213767044,0.24020966019370593,0.0887965053503196,19.201675977653615,59.9184027777778,-2410.2083314293495,B_C,,,,,,,,,,,
P09758_and_O75508,0.3077298473070771,0.24019443654703115,0.0992186955972008,17.021689895470377,40.390833333333326,-2193.0154279270037,B_C,,,,,,,,,,,
P09758_and_Q96NT5,0.3171403408054989,0.24015664052932215,0.2797487209761021,22.832621648460748,57.361008403361346,-5744.039610197608,B_C,,,,,,,,,,,
P09758_and_Q9NQ36,0.2841342740441769,0.24014474306368788,0.21317982660036722,25.778239999999986,52.49985507246377,-3812.873989929869,B_C,,,,,,,,,,,
P09758_and_Q96A49,0.2836160469068211,0.2401392448356342,0.1192360317157472,21.07028081123248,52.065989010989,-14414.438950419879,B_C,,,,,,,,,,,
P09758_and_Q5T742,0.3255245974545967,0.24010100934335332,0.05005463130001114,18.80699186991872,40.49467065868264,-3029.745417951235,B_C,,,,,,,,,,,
P09758_and_P14735,0.3377419115243633,0.24010030053068498,0.7267004356742343,26.89563646470254,48.01308980213093,-18048.287091056725,B_C,,,,,,,,,,,
P09758_and_O95221,0.31174896052555645,0.2400830785136359,0.10523839248750756,20.999889867841407,59.520579710144915,-8537.940274234987,B_C,,,,,,,,,,,
P09758_and_A0A0B4J276,0.3273855197636546,0.24007951363495805,0.0678810072143048,19.4420745920746,54.953679999999984,-1232.71766307484,B_C,,,,,,,,,,,
P09758_and_Q96LA5,0.27657773688752324,0.24006353455919505,0.10526144157200844,21.888325652841782,52.13754010695184,-1715.7685458848828,B_C,,,,,,,,,,,
P09758_and_Q99677,0.30123674715607884,0.24005638849103766,0.12268739014443943,21.331926406926396,65.23,-2116.1526786975687,B_C,,,,,,,,,,,
P09758_and_O00755,0.30521457387412365,0.240051082235605,0.17471373791329278,23.715610142630762,60.77698412698412,-6923.538817233291,B_C,,,,,,,,,,,
P09758_and_Q6E0U4,0.27372849197004095,0.2400470958144739,0.05986582620635565,20.04903100775193,50.45792207792207,-1566.2592763316425,B_C,,,,,,,,,,,
P09758_and_Q9HCX4,0.31481805391748935,0.2400207736342499,0.3334249715864849,25.614884696016794,66.58752293577983,-4132.5407247389585,B_C,,,,,,,,,,,
P09758_and_O60669,0.31325674727869374,0.23993633623439106,0.08519338038928204,22.701625000000014,61.677328244274804,-7742.186766128128,B_C,,,,,,,,,,,
P09758_and_P49238,0.3030386112133198,0.23984006448853434,0.13859888355626926,19.175879043600563,58.86758620689654,-4295.5364248574815,B_C,,,,,,,,,,,
P09758_and_Q15761,0.2901645191777873,0.23972537728081322,0.1384312732813202,21.023015873015886,62.700867052023135,-2967.3932379667704,B_C,,,,,,,,,,,
P09758_and_P02461,0.2485753512562835,0.23955814220968003,0.08874161863272578,24.05978520286396,64.7880740740741,-5384.563894658902,B_C,,,,,,,,,,,
P09758_and_Q9GZQ6,0.30072366969274134,0.23955717916205257,0.3955497827807455,19.12406216505896,71.77305882352941,-4517.716177708726,B_C,,,,,,,,,,,
P09758_and_P0DOX4,0.26930282322908194,0.23954237101294618,0.16435983906499507,23.200750267952827,57.047220077220125,-7456.406485582163,B_C,,,,,,,,,,,
P09758_and_Q8NGR5,0.30933829880772823,0.23951056160028342,0.19208434845606662,19.30157728706625,53.505121951219515,-1736.0492386834942,B_C,,,,,,,,,,,
P09758_and_Q8TDT2,0.286395473275064,0.23944050460208532,0.1689348412168526,22.66134122287969,67.18221518987345,-7851.733663863801,B_C,,,,,,,,,,,
P09758_and_P35542,0.3217776645450886,0.23940881150724058,0.08118691369818797,20.979159519725528,51.98196319018403,-3353.6426532298347,B_C,,,,,,,,,,,
P09758_and_P0C623,0.3082484817681613,0.23939451814655244,0.12612145415772608,20.222939866369725,55.072180451127835,-4045.162060668269,B_C,,,,,,,,,,,
P09758_and_Q6PCB6,0.2947254805728952,0.23938869108994992,0.15077779353499401,22.803301886792436,59.12611764705881,-1486.316427705071,B_C,,,,,,,,,,,
P09758_and_Q96R09,0.3089741519445859,0.23936190707545169,0.11804158018989058,21.910964230171093,58.55737704918034,-6626.107238082306,B_C,,,,,,,,,,,
P09758_and_P0DQD5,0.299682000532994,0.23935339658967986,0.42212312645847383,21.037740384615365,68.18919491525422,-4633.752158228078,B_C,,,,,,,,,,,
P09758_and_Q7Z699,0.27788716606557357,0.23933916859445203,0.12617012866453578,20.95684575389948,59.65446236559141,-7664.929968491742,B_C,,,,,,,,,,,
P09758_and_P49223,0.3323094899900646,0.23930206808471396,0.09768309188798628,16.120108695652167,45.915794392523374,-1225.774696492,B_C,,,,,,,,,,,
P09758_and_P46092,0.29647782566883296,0.2393002305083342,0.20720613787454395,22.364982973893316,57.27297674418606,-2629.47648649766,B_C,,,,,,,,,,,
P09758_and_P09603,0.26659697150501394,0.23928357749933554,0.2387277537008199,22.77383720930233,64.55245989304817,-9025.588049570411,B_C,,,,,,,,,,,
P09758_and_O00295,0.27205123737884407,0.2392833765139154,0.1978137891634384,22.971641791044753,60.32170616113741,-9285.022193103418,B_C,,,,,,,,,,,
P09758_and_Q8NBJ9,0.3252459251193336,0.23925797093536083,0.08171084984473224,22.316116504854353,51.518467153284654,-5845.241022617844,B_C,,,,,,,,,,,
P09758_and_A6NHG9,0.3101302079838062,0.23920757283483482,0.10291249182544586,20.08414376321353,54.42281690140841,-10870.318146574877,B_C,,,,,,,,,,,
P09758_and_A6NM03,0.3109567505635482,0.23918584931518552,0.10313278672786451,17.29782051282053,56.77422764227643,-3037.1281108231783,B_C,,,,,,,,,,,
P09758_and_Q8WWF1,0.3166284388652544,0.2391488570022673,0.06718286626547329,15.030536912751653,32.92219047619047,-624.1954470983947,B_C,,,,,,,,,,,
P09758_and_P35611,0.26607447560509534,0.23906734969344134,0.1581566416083999,23.83196319018406,58.09084507042256,-14845.686815277293,B_C,,,,,,,,,,,
P09758_and_Q99470,0.3070104119023739,0.23906057588152754,0.10848980657808872,19.133629441624365,67.21628099173553,-1840.4895085184958,B_C,,,,,,,,,,,
P09758_and_Q96KG7,0.2476154163100112,0.23903800594227353,0.10231824929992482,28.36795212765958,43.847592592592584,-6743.19774530924,B_C,,,,,,,,,,,
P09758_and_A0A075B6L6,0.32495264094191223,0.23901730786712252,0.07464053154476832,19.130312499999995,60.30000000000003,-1613.186609888582,B_C,,,,,,,,,,,
P09758_and_Q9UHI5,0.31172558549447266,0.23900154586518532,0.12071133548871762,24.03321364452424,56.34250000000001,-9833.288517216124,B_C,,,,,,,,,,,
P09758_and_Q9NQC7,0.27448213598457194,0.23897441595790525,0.26745886846448175,25.961741293532363,65.83688461538462,-5287.578417202523,B_C,,,,,,,,,,,
P09758_and_P08709,0.29469964108520036,0.23897147784548112,0.034480858205746936,21.359795918367347,57.298035714285675,-7916.563313386219,B_C,,,,,,,,,,,
P09758_and_O95715,0.3265274239226536,0.2389662868337064,0.12794101053504062,15.86916010498688,42.13573913043478,-1348.388237497552,B_C,,,,,,,,,,,
P09758_and_Q13621,0.3127012334457554,0.23890778163025406,0.09281363660142834,26.93373015873016,55.74172043010752,-1937.6014037152345,B_C,,,,,,,,,,,
P09758_and_O43570,0.28948380088908515,0.23882366655151255,0.3350322335141679,23.698331015299,71.92939890710383,-18660.870674538113,B_C,,,,,,,,,,,
P09758_and_Q9GZN0,0.2940365211409407,0.23869431162071653,0.39723587148465106,21.690158730158743,49.743779527559056,-4359.934095082903,B_C,,,,,,,,,,,
P09758_and_Q8TBE7,0.2879883504570151,0.23869108017172405,0.09493442884734207,22.041454545454563,57.14931937172776,-2638.555025432833,B_C,,,,,,,,,,,
P09758_and_Q9UKQ2,0.2744921540820036,0.23864001485368003,0.28859559222390585,24.047613065326605,45.99776255707764,-6412.6761852737345,B_C,,,,,,,,,,,
P09758_and_Q8IW75,0.3121060895893949,0.23853514198333514,0.1828409736399622,19.61898496240601,61.329935483871,-2141.3022186562043,B_C,,,,,,,,,,,
P09758_and_Q6UXI9,0.2686306999618677,0.23851604326117026,0.10540288532809883,21.420226377952783,50.65495726495726,-2827.866811405016,B_C,,,,,,,,,,,
P09758_and_Q32M45,0.32528584299611774,0.2384365060901442,0.16266938698665243,24.79219269102995,55.74972972972975,-14924.911021492559,B_C,,,,,,,,,,,
P09758_and_Q8NGG7,0.30775023814905966,0.23843191085443324,0.2687007190275969,19.863469119579527,64.47271186440673,-6725.8577060538255,B_C,,,,,,,,,,,
P09758_and_Q8N300,0.33755042469210655,0.2383754369300489,0.058220517218074,15.724331550802129,35.31676470588235,-9438.94244668936,B_C,,,,,,,,,,,
P09758_and_O95136,0.2982731815764443,0.23836993629413458,0.1961384334033119,20.82658914728683,57.762768361581955,-2274.557253313403,B_C,,,,,,,,,,,
P09758_and_P31645,0.31757382784346033,0.23832893142296785,0.2332975858651488,21.552441860465123,62.330095238095254,-2788.4291527337373,B_C,,,,,,,,,,,
P09758_and_Q96NY7,0.2615087297613027,0.2382666037111574,0.06108047945390373,21.21677018633541,53.43449999999999,-18135.88780867697,B_C,,,,,,,,,,,
P09758_and_O75121,0.27451640936780436,0.2381624327576071,0.14834267670581888,19.91574626865672,38.242266666666666,-2441.5433750072007,B_C,,,,,,,,,,,
P09758_and_Q01650,0.3097982559590772,0.23810892220707958,0.08485150598523185,23.58923766816145,50.69936274509804,-6270.480317079758,B_C,,,,,,,,,,,
P09758_and_P53041,0.3087504177338893,0.23806278872944547,0.21073355259258375,22.83473871733966,53.8209523809524,-7157.228538522959,B_C,,,,,,,,,,,
P09758_and_Q14699,0.28479607096895165,0.2380042265584078,0.1351735476326492,19.969840000000005,55.62037433155081,-3866.0859484330795,B_C,,,,,,,,,,,
P09758_and_Q86VL8,0.3156077592098172,0.23796847476715893,0.2620457902584305,23.41227272727273,59.85324503311259,-7282.747126563666,B_C,,,,,,,,,,,
P09758_and_Q68DU8,0.27541772472100734,0.23793304091741996,0.11726389341238067,23.05654261704685,57.01826923076921,-1375.986402952767,B_C,,,,,,,,,,,
P09758_and_P62502,0.3145172631845673,0.2378888342132191,0.09063272326985654,19.95534804753819,57.69500000000002,-973.6254014148112,B_C,,,,,,,,,,,
P09758_and_Q9Y4F1,0.27943040638321326,0.23787648392062294,0.09316153800751252,27.14691780821915,52.905965909090924,-11767.991296174849,B_C,,,,,,,,,,,
P09758_and_P47900,0.29915444203046865,0.23782352903920312,0.10351576373053448,23.075443786982234,60.44973684210527,-3050.5742429138163,B_C,,,,,,,,,,,
P09758_and_Q8TB22,0.3375683504813739,0.2378013872655898,0.262687199153744,26.236426914153096,55.77825396825398,-8515.098985466795,B_C,,,,,,,,,,,
P09758_and_P21980,0.33935374882287583,0.23779620370439566,0.14551684103764198,23.305546995377515,65.79140624999994,-9303.422589253374,B_C,,,,,,,,,,,
P09758_and_P78504,0.2764099261262958,0.23773269606696862,0.17031496328725707,25.514612188365604,52.5470930232558,-4142.925345627424,B_C,,,,,,,,,,,
P09758_and_O00270,0.3004112768663846,0.2376356312548757,0.1027323670864192,20.360284167794322,51.30715025906737,-3839.628692113405,B_C,,,,,,,,,,,
P09758_and_Q5NUL3,0.3027326704094889,0.2375858890457835,0.28841293179251104,19.056338862559222,41.544079601990056,-1817.289315765012,B_C,,,,,,,,,,,
P09758_and_P24046,0.28335348155580303,0.23757377884804762,0.2054056023094213,22.302285714285716,58.717643678160925,-15165.728934167675,B_C,,,,,,,,,,,
P09758_and_Q9NQ40,0.3028051696343812,0.23754712400540856,0.1114291956490058,21.178483920367537,63.06044334975367,-2215.775112842525,B_C,,,,,,,,,,,
P09758_and_O43921,0.30375777605027254,0.23750463024987165,0.1464045647927338,19.811787974683583,57.82362637362639,-1284.2786054762346,B_C,,,,,,,,,,,
P09758_and_P28827,0.27560642707651084,0.2375036564469706,0.16657258454066037,27.660736196319007,50.46691860465116,-4046.4764607809957,B_C,,,,,,,,,,,
P09758_and_O95925,0.3190622372496036,0.23749970007106508,0.08750717710276917,16.420579268292684,50.59949152542373,-1555.124199682159,B_C,,,,,,,,,,,
P09758_and_P19440,0.32957615893856795,0.2374692661892404,0.17753605232787562,22.473897581792304,67.83098360655737,-6331.568543996716,B_C,,,,,,,,,,,
P09758_and_P51677,0.30583157217109486,0.23745210119316706,0.1362161088564212,23.039648437499995,62.523005181347145,-3882.463944434481,B_C,,,,,,,,,,,
P09758_and_P38567,0.3174568402638581,0.23737148633170885,0.14555979525298787,18.4484486873508,66.82281879194632,-4165.323234131244,B_C,,,,,,,,,,,
P09758_and_Q9HC97,0.2986011508791756,0.2373626146730341,0.22276125603735697,22.17152521525217,65.90303921568626,-2557.355751257951,B_C,,,,,,,,,,,
P09758_and_Q15617,0.3079017214414208,0.23736213855689983,0.11636059096949189,18.90457746478872,60.732635658914724,-3457.9385061900944,B_C,,,,,,,,,,,
P09758_and_P61006,0.30580571031249015,0.2372965468114091,0.08798754526437579,19.40794701986754,61.8187634408602,-865.2836016012416,B_C,,,,,,,,,,,
P09758_and_P78524,0.27335740030183464,0.23729276541985544,0.32861033258249495,25.472727272727322,67.82017316017314,-15896.152248333965,B_C,,,,,,,,,,,
P09758_and_Q14118,0.2541489146101074,0.23727710976720612,0.4263041755700762,26.53151595744683,64.32211267605635,-13474.896064361958,B_C,,,,,,,,,,,
P09758_and_Q96BD0,0.313180920345549,0.23725786684025552,0.10083881363879756,23.697317073170723,58.31572222222221,-4731.566489146796,B_C,,,,,,,,,,,
P09758_and_Q8IYL9,0.30393279226348324,0.23724592569258823,0.15474081111846172,19.74219474497681,64.23666666666668,-3342.32226270909,B_C,,,,,,,,,,,
P09758_and_P14672,0.31144212151108763,0.2372142018714744,0.13153877579549092,23.53870967741936,58.45958333333334,-5678.5298667603065,B_C,,,,,,,,,,,
P09758_and_Q8IXS8,0.2736867804152656,0.23720237912194478,0.09011162268563677,21.776525529265246,58.53540284360189,-4221.667889682358,B_C,,,,,,,,,,,
P09758_and_Q8IUA0,0.2999360016083346,0.237196396636195,0.09090619291907973,17.677509293680288,44.552514970059875,-1668.9770208001792,B_C,,,,,,,,,,,
P09758_and_P52569,0.31689922252117075,0.2371056037108312,0.0911483333642474,23.18488773747841,58.77265895953757,-2859.6312446908332,B_C,,,,,,,,,,,
P09758_and_Q99542,0.2702257831062249,0.23702798058795188,0.11245261078427758,22.891534391534403,47.093697916666656,-5542.305319432111,B_C,,,,,,,,,,,
P09758_and_O15520,0.3053490453789696,0.23696614987008952,0.1204866278606042,18.53434065934065,53.07682432432432,-7278.330991394609,B_C,,,,,,,,,,,
P09758_and_Q96D21,0.2968062490799929,0.23695461347480593,0.08885949071274889,21.864930555555535,60.18558510638299,-1779.23357697356,B_C,,,,,,,,,,,
P09758_and_Q8IUB5,0.32842446176378914,0.23691530166630606,0.07275661730903019,15.774263038548728,52.03229629629629,-1288.2083360860438,B_C,,,,,,,,,,,
P09758_and_Q6PP77,0.310639652254451,0.23687869249338545,0.0994593191002207,22.616799204771333,58.65362499999999,-6512.229913559246,B_C,,,,,,,,,,,
P09758_and_P48165,0.2724329982337062,0.23685494463897094,0.05655475146018038,18.837076271186444,56.976704545454545,-10768.40966954578,B_C,,,,,,,,,,,
P09758_and_Q8TDU5,0.30323826401200094,0.2367961788436175,0.07214806495727963,19.9691415313225,52.75812499999999,-2137.3857920573732,B_C,,,,,,,,,,,
P09758_and_P13501,0.32848824849416025,0.23677664071503282,0.13168730778274781,17.87526785714286,50.361589403973525,-1538.8036173911723,B_C,,,,,,,,,,,
P09758_and_Q8IUH2,0.2908059061252092,0.23677582554165288,0.14378957176552865,20.9807082452431,52.96500000000004,-921.6496140536383,B_C,,,,,,,,,,,
P09758_and_Q8NHA4,0.30690534606428965,0.23673573958544059,0.11407747427701107,19.731165919282518,55.76918518518519,-4048.3100296191396,B_C,,,,,,,,,,,
P09758_and_Q63HR2,0.2585824373897918,0.2367274231151909,0.11760807246586714,26.521816770186334,52.625868544600934,-15861.680110784495,B_C,,,,,,,,,,,
P09758_and_Q6ZSZ5,0.2596701056532264,0.23671846739714308,0.5163597261894649,27.937206477732808,66.0872156862745,-6538.623318960526,B_C,,,,,,,,,,,
P09758_and_P00973,0.3022851725449337,0.23671353596602174,0.26317132020356737,24.0361149110807,57.95934272300469,-8955.253893086347,B_C,,,,,,,,,,,
P09758_and_Q8NGB4,0.3058502035246925,0.23667753405755856,0.09008922447466984,20.043132530120463,50.46815384615384,-11540.417607408377,B_C,,,,,,,,,,,
P09758_and_Q2HXU8,0.2905878195061382,0.23665159966803756,0.07956954117460513,18.140697674418586,64.49419642857141,-10330.857958448927,B_C,,,,,,,,,,,
P09758_and_O00253,0.31606221038915017,0.2366333890070116,0.07005949565145796,15.204285714285696,44.32429824561403,-1486.0727227027255,B_C,,,,,,,,,,,
P09758_and_P35052,0.30880894786494745,0.23657499384983635,0.07384265948506223,22.261377870563667,56.98780645161287,-5145.408444992782,B_C,,,,,,,,,,,
P09758_and_Q9NRA2,0.31243375287452063,0.23648429504974014,0.09246144277844467,21.42777777777777,60.32408839779006,-6925.002654767312,B_C,,,,,,,,,,,
P09758_and_Q13258,0.3046360668509951,0.23646983671580754,0.20897360810577237,21.246362339514974,57.148225806451634,-4582.814695546789,B_C,,,,,,,,,,,
P09758_and_P34947,0.31407661815702903,0.23646937736347964,0.17558346276841064,22.33992576882287,63.910909090909065,-2437.3262785354545,B_C,,,,,,,,,,,
P09758_and_Q9UBY5,0.2996959204061569,0.23641997106141027,0.1156131379807721,21.01776429809358,60.78404907975459,-2087.0320130838118,B_C,,,,,,,,,,,
P09758_and_Q9Y5H0,0.2754931709297776,0.23639734527044215,0.056902057195775235,27.4188888888889,58.692612612612606,-6773.031923346061,B_C,,,,,,,,,,,
P09758_and_A0A539,0.32373329912170673,0.23638903726629026,0.08693018223207255,20.176004728132384,57.45193548387097,-2120.976549675468,B_C,,,,,,,,,,,
P09758_and_P12830,0.2697546432352537,0.23635941262215027,0.13692054576146956,27.14279935275084,51.296857142857135,-6516.929691798112,B_C,,,,,,,,,,,
P09758_and_Q9UP52,0.3189259853744364,0.23632742079043356,0.2761523267929131,25.020000000000003,56.43916666666663,-21510.136713910546,B_C,,,,,,,,,,,
P09758_and_Q8TE54,0.306415694596191,0.23627556619152895,0.2769579710643495,24.077714285714258,63.083131868131886,-5173.678111518815,B_C,,,,,,,,,,,
P09758_and_Q9NPA2,0.2715941638992576,0.2362736174741483,0.1377192349717212,22.46229007633586,51.708701298701286,-5518.614742042331,B_C,,,,,,,,,,,
P09758_and_Q8NHW4,0.32846886081038085,0.23626781232192517,0.1690658162592629,16.695993589743573,47.31965517241382,-2090.0565321835693,B_C,,,,,,,,,,,
P09758_and_Q9H295,0.28540410852122994,0.23619859424338527,0.05961779428075398,20.720848708487054,46.61890243902439,-3183.6575228152915,B_C,,,,,,,,,,,
P09758_and_Q5VSP4,0.3130805617718755,0.2361973639845747,0.09850695670019818,20.24020190023751,55.055729729729734,-1061.5420632376263,B_C,,,,,,,,,,,
P09758_and_O14966,0.30574915713623463,0.23615669869007722,0.08287184442373785,19.7512295081967,61.16302631578948,-4223.7093744458025,B_C,,,,,,,,,,,
P09758_and_P10124,0.3113844869954847,0.23615658047948618,0.07895404234101372,16.130747126436788,34.95927631578949,-3244.2490418875554,B_C,,,,,,,,,,,
P09758_and_P29376,0.2692071991147671,0.23614999038086315,0.27730466904704554,24.960781250000075,57.997185430463595,-2569.703507816106,B_C,,,,,,,,,,,
P09758_and_A0A0K0K1G8,0.32291418178669923,0.23614835776277854,0.07584469551883416,18.910538116591926,57.27114503816792,-3274.5151489247837,B_C,,,,,,,,,,,
P09758_and_Q9BZJ8,0.28510890541341577,0.23612780579645407,0.10170738718862833,21.99762996941899,55.95225130890053,-7832.119514494685,B_C,,,,,,,,,,,
P09758_and_Q66K79,0.29972430399569405,0.23612245621950037,0.17680369145608127,21.467592592592577,58.00740740740741,-3417.8544989333686,B_C,,,,,,,,,,,
P09758_and_Q9NSA2,0.2577629289127626,0.2361104232914955,0.15601359788423935,26.256700000000016,62.46487012987013,-2188.3214354476113,B_C,,,,,,,,,,,
P09758_and_P05981,0.3133601829181003,0.23606346853086907,0.21575170278793798,21.36044891640869,59.54095505617975,-9876.066101362681,B_C,,,,,,,,,,,
P09758_and_O43897,0.28871031662040925,0.23600763628329105,0.30525907032077226,24.077654109589055,64.84455621301775,-3273.062605702962,B_C,,,,,,,,,,,
P09758_and_Q9BTV4,0.30139662066955614,0.23598801451835127,0.1077307937295955,21.439096916299523,64.48406015037595,-17908.644523778654,B_C,,,,,,,,,,,
P09758_and_Q8WWR8,0.30858767444566754,0.23594816848285122,0.25952460101109,22.24523424878837,66.35766081871344,-3551.875961738736,B_C,,,,,,,,,,,
P09758_and_A0A0B4J1U6,0.322609080821446,0.23589081171334006,0.0554386659353622,19.91677852348995,56.838992248062006,-1405.8783412406483,B_C,,,,,,,,,,,
P09758_and_A0A1B0GX68,0.32195397737178294,0.23584158535129734,0.04450253006078421,19.50732484076432,57.328016528925616,-3819.7584660156363,B_C,,,,,,,,,,,
P09758_and_Q12791,0.29660587759376467,0.2357880995784174,0.13281024564808744,26.538821490467928,53.829653465346574,-12235.237857065631,B_C,,,,,,,,,,,
P09758_and_Q15582,0.3165326996064342,0.23577704150480686,0.16611151076153838,23.332758620689656,63.18306748466259,-3779.7216320975617,B_C,,,,,,,,,,,
P09758_and_Q5VZK9,0.29695623793149273,0.23576640042336836,0.04373952799756957,26.611830357142846,51.95380530973453,-4512.262210880908,B_C,,,,,,,,,,,
P09758_and_Q8NGF4,0.30210373242694033,0.2357626610130181,0.11716804759415128,21.10037313432833,58.62890322580646,-3838.0564190322557,B_C,,,,,,,,,,,
P09758_and_P41595,0.28469124473756235,0.23571912468692297,0.07511783402754871,23.453983228511536,56.33324324324323,-5814.178642052565,B_C,,,,,,,,,,,
P09758_and_P24855,0.3016618097835361,0.23569594613424782,0.2340839626472437,21.962928571428574,66.09839572192516,-22165.867626984287,B_C,,,,,,,,,,,
P09758_and_Q8N3R9,0.28631978379181233,0.23568214349927366,0.2159035627619302,21.843031123139376,57.655792079207956,-5116.3046221436425,B_C,,,,,,,,,,,
P09758_and_Q9H112,0.3171559987167315,0.23565757407894306,0.17270185344272013,18.490139751552817,55.66558441558441,-1666.8593186698517,B_C,,,,,,,,,,,
P09758_and_Q99527,0.29071227311106046,0.2355999497962269,0.15277473417985662,20.482512733446516,53.47596491228069,-2309.1813659082018,B_C,,,,,,,,,,,
P09758_and_P51148,0.3040850700673996,0.23559263514781828,0.13259102749374427,19.911638591117917,58.63602339181288,-1369.7498020279936,B_C,,,,,,,,,,,
P09758_and_Q7Z5J1,0.2914452245652511,0.23556549101118085,0.13954470400645316,20.683797468354435,56.57846153846155,-2494.4237990704514,B_C,,,,,,,,,,,
P09758_and_Q8NGX3,0.3061853823414782,0.23553646514143756,0.10413151161009426,20.758236434108525,57.55321917808222,-4634.88424787071,B_C,,,,,,,,,,,
P09758_and_Q8NGY0,0.30393960784531937,0.23553268977001887,0.0654407331367607,23.56521335807052,58.91718750000001,-5741.720803117896,B_C,,,,,,,,,,,
P09758_and_Q8NH00,0.30048935805580573,0.2355056888058514,0.09391376798564412,19.933492822966503,53.70295081967214,-5197.344225879333,B_C,,,,,,,,,,,
P09758_and_Q6MZT1,0.2942372312796465,0.23549838561456285,0.17704320588145198,18.77540849673202,45.922857142857154,-1746.176757055508,B_C,,,,,,,,,,,
P09758_and_Q14644,0.3124494524162834,0.2354460764701565,0.1350184117712171,23.690074211502782,58.276845637583854,-7738.859220758459,B_C,,,,,,,,,,,
P09758_and_O43555,0.31966531882663923,0.23541830025505234,0.11295009532922307,13.808020050125315,24.5255905511811,-1480.0929951486814,B_C,,,,,,,,,,,
P09758_and_Q12852,0.2586020600639387,0.23538539617785253,0.27761693334689697,23.979526627218963,66.29789473684211,-5389.855181918916,B_C,,,,,,,,,,,
P09758_and_Q9HCC8,0.322883461992028,0.2353815305416028,0.22674229353868985,22.395535714285725,62.604411764705894,-5814.452219025368,B_C,,,,,,,,,,,
P09758_and_O94812,0.30590140400330296,0.23534660557117076,0.26863413211784604,25.414050822122586,67.18630952380953,-3608.721546957415,B_C,,,,,,,,,,,
P09758_and_Q9UIG8,0.3114543166596405,0.23533999185901408,0.11361275850441081,23.444614361702143,52.37934272300469,-3250.276091046915,B_C,,,,,,,,,,,
P09758_and_Q9Y2C5,0.3097690882614004,0.23530676656565408,0.14655636000717334,22.9791958041958,66.12189944134079,-4087.891188797461,B_C,,,,,,,,,,,
P09758_and_P47888,0.30492809870421256,0.2352955878407061,0.20012163333905422,20.75578703703703,60.0452,-2802.973969620166,B_C,,,,,,,,,,,
P09758_and_Q8NGL3,0.30683053181918085,0.23529276545262248,0.15333322358820065,20.829247572815543,65.76077519379845,-3350.483938717388,B_C,,,,,,,,,,,
P09758_and_B9EJG8,0.29846537728077516,0.23525688072258677,0.12310328352601843,21.393932038834933,68.33571428571432,-7266.172390967435,B_C,,,,,,,,,,,
P09758_and_O60500,0.25707645169480076,0.23525125177890333,0.0549474231615336,26.516011235955013,57.39065573770492,-3324.092563966693,B_C,,,,,,,,,,,
P09758_and_Q8NG75,0.3041661797223273,0.23519910137993194,0.12293337093635026,19.67706237424548,52.91331034482759,-5667.112314713967,B_C,,,,,,,,,,,
P09758_and_Q03431,0.27042753011649856,0.2351626637146709,0.1008409032394978,23.312516297262043,55.433155339805815,-6854.22374243263,B_C,,,,,,,,,,,
P09758_and_P78310,0.2772951135892423,0.23510476290952675,0.32925403983812557,23.666008462623424,63.514573991031384,-5190.988577027176,B_C,,,,,,,,,,,
P09758_and_P25067,0.25606890529360926,0.23507150532030324,0.13661966443250495,20.91538461538464,49.638400000000004,-5910.792717619515,B_C,,,,,,,,,,,
P09758_and_O95388,0.2813417589534778,0.23504246755366515,0.19648639541577925,20.319963866305333,55.23171673819748,-1365.020317412549,B_C,,,,,,,,,,,
P09758_and_P51153,0.3044801758912596,0.23499341928182996,0.09626950969979821,18.798651252408487,63.38890909090914,-2369.6064434990585,B_C,,,,,,,,,,,
P09758_and_Q01518,0.2721448093138459,0.23495963611443688,0.11745650713638035,19.930438184663522,61.780555555555566,-1580.5748932735223,B_C,,,,,,,,,,,
P09758_and_O95342,0.3160109936589309,0.23493859675636786,0.10278486748063165,26.02292490118578,53.159831460674134,-9668.865411364566,B_C,,,,,,,,,,,
P09758_and_P41439,0.2971480653182318,0.23493581826847046,0.1320719232900912,19.419921875000007,57.208079470198655,-13308.444894653949,B_C,,,,,,,,,,,
P09758_and_Q9BZW8,0.27883326644321216,0.2349314583490897,0.1066737330644514,21.642424242424212,60.123135135135136,-10367.491729679236,B_C,,,,,,,,,,,
P09758_and_P25090,0.3022185900749923,0.23488711060069078,0.23505101573952156,21.308333333333337,61.78157205240172,-2688.354589950027,B_C,,,,,,,,,,,
P09758_and_Q9HBW9,0.2655361349393559,0.23486010525029438,0.21118453068415663,23.75567226890757,61.584400000000045,-2493.2093188904746,B_C,,,,,,,,,,,
P09758_and_P01008,0.30430645269500045,0.2347538828634963,0.17746603629783034,21.7525714285714,62.94687116564415,-1882.559603790025,B_C,,,,,,,,,,,
P09758_and_P22732,0.3224954842801694,0.2347207380544323,0.29545788176321364,25.443641975308662,53.83872340425532,-11306.705113059856,B_C,,,,,,,,,,,
P09758_and_Q8NGC5,0.30172235310971013,0.2346819810955339,0.157848863517535,21.810574712643668,65.64142857142862,-4680.192239811433,B_C,,,,,,,,,,,
P09758_and_Q6UXD5,0.2669350683301906,0.2346346731833957,0.13846010760448282,26.236784140969178,43.3629012345679,-12833.867240092397,B_C,,,,,,,,,,,
P09758_and_Q8NH09,0.2908748525122581,0.2346315071973674,0.08125868681434852,21.765789473684197,59.33842424242427,-7250.334839264015,B_C,,,,,,,,,,,
P09758_and_P53794,0.3172140987150429,0.23461542614060016,0.2187533286428895,23.33607784431136,68.40418478260868,-8286.493047991391,B_C,,,,,,,,,,,
P09758_and_P21145,0.3099342404179096,0.23456333692971662,0.059120256572540955,19.184482758620707,43.21032608695653,-11289.989140552967,B_C,,,,,,,,,,,
P09758_and_O43895,0.3274077182831975,0.23455817984492733,0.43771086142721854,25.3829181494662,46.74567441860462,-9012.109165064654,B_C,,,,,,,,,,,
P09758_and_Q8NGX1,0.30441094999880197,0.23454855994367052,0.09203690106457384,19.893072289156617,63.33009174311929,-2264.995755817874,B_C,,,,,,,,,,,
P09758_and_P11150,0.31252728056667534,0.2345324179603813,0.12599071501847137,21.05104031209362,57.459154929577515,-3750.268547997056,B_C,,,,,,,,,,,
P09758_and_P20231,0.2952060441348049,0.2344772808845826,0.1843351351877487,21.42412523020255,53.997633136094684,-12315.08356451958,B_C,,,,,,,,,,,
P09758_and_P16233,0.3209253124234106,0.234413582732041,0.07551584734037434,22.2904434250765,61.81605714285716,-20781.24140774645,B_C,,,,,,,,,,,
P09758_and_Q9NPG4,0.2576275664659169,0.23440031237676118,0.030160918860433178,23.76776315789475,45.59567901234568,-4372.085474021049,B_C,,,,,,,,,,,
P09758_and_P59540,0.3001288910431796,0.23439345327612737,0.0744261873085375,19.582976190476177,49.42848920863312,-4452.561435995507,B_C,,,,,,,,,,,
P09758_and_P27930,0.27570121412868087,0.23438883743114913,0.09446255771715065,24.622427983539094,62.7519191919192,-4819.9865990858225,B_C,,,,,,,,,,,
P09758_and_Q8NCG7,0.3033704066161703,0.23438017453894436,0.16245301790752853,23.430446549391053,61.156523809523776,-2888.652479378012,B_C,,,,,,,,,,,
P09758_and_P29017,0.28422825291854514,0.23437921837108694,0.15585384436902408,20.856425702811258,64.32446808510637,-2277.086679171703,B_C,,,,,,,,,,,
P09758_and_P07237,0.29134335558655755,0.23421582864073615,0.18713290025824786,23.545739014647175,59.72602620087335,-5075.369193077066,B_C,,,,,,,,,,,
P09758_and_P35462,0.28742644353718566,0.23413665841080447,0.17514284012937903,23.34890300230945,57.705915492957786,-5637.44499075079,B_C,,,,,,,,,,,
P09758_and_Q8NH56,0.30245310419282445,0.23407716164923684,0.1589779738181631,21.982411674347144,56.27258823529416,-4181.513073319943,B_C,,,,,,,,,,,
P09758_and_P01570,0.3057283110083465,0.2340658748861754,0.19190721530763435,21.772148288973423,67.41814285714285,-1681.765824695618,B_C,,,,,,,,,,,
P09758_and_Q8NH02,0.3035467017001115,0.23403663400578284,0.1242536379331703,19.092786069651744,59.79322834645667,-3537.0977104125504,B_C,,,,,,,,,,,
P09758_and_Q9H293,0.3052627522195759,0.23403600797675675,0.05680669833091963,20.36032608695652,60.43870229007634,-2430.372892651517,B_C,,,,,,,,,,,
P09758_and_P46059,0.3214707853625246,0.23399975936997833,0.22897350735186456,24.041492329149282,53.81982222222222,-3738.3434713565225,B_C,,,,,,,,,,,
P09758_and_Q8NG99,0.30421468676212504,0.23399479920603145,0.16589337680189326,19.609056122448976,67.43588709677417,-1642.8228226197184,B_C,,,,,,,,,,,
P09758_and_Q68BL8,0.26129442769883,0.23396176014714365,0.1465341772252319,24.39177664974623,54.0199233716475,-2341.433725322233,B_C,,,,,,,,,,,
P09758_and_O75368,0.320023707037546,0.23392362210873666,0.10692542609687207,19.775235109717862,60.112560000000016,-948.2898697005803,B_C,,,,,,,,,,,
P09758_and_A0A0A0MS02,0.3192848110420321,0.23392220740555408,0.07579526576738312,18.02875894988068,59.163587786259555,-1288.8886386340448,B_C,,,,,,,,,,,
P09758_and_Q9NR80,0.27010187887944703,0.23388924316551413,0.14214299530376717,24.298504672897206,60.27556650246311,-3066.79938819573,B_C,,,,,,,,,,,
P09758_and_P80511,0.32578301347522876,0.23387156724007419,0.07377742825883854,20.084848484848482,45.80465517241379,-973.6241077164059,B_C,,,,,,,,,,,
P09758_and_P18089,0.2861333124922771,0.233856655707947,0.21195202811792557,22.34329159212882,52.74184523809525,-8495.065028238729,B_C,,,,,,,,,,,
P09758_and_Q8N130,0.29528518612485777,0.233842092646891,0.0639478366042291,24.025118483412324,49.21685279187818,-5910.490634655034,B_C,,,,,,,,,,,
P09758_and_A0A0K0K1G6,0.32051879669618755,0.23380993533331743,0.06991296950077534,19.33952941176468,57.826136363636344,-1590.1620057227874,B_C,,,,,,,,,,,
P09758_and_P32239,0.2858140904746969,0.23379865065475985,0.1675017754999677,24.08325554259045,59.74451923076923,-1664.9645809767871,B_C,,,,,,,,,,,
P09758_and_Q8IVE3,0.2879098014712389,0.23370038548803895,0.3109288068396075,26.864343707713147,58.30529126213591,-11899.6239678661,B_C,,,,,,,,,,,
P09758_and_Q92536,0.309978384387136,0.23366722932284809,0.1834792297738058,23.207671081677756,56.65141509433962,-3015.883350232615,B_C,,,,,,,,,,,
P09758_and_P16442,0.2984659211125331,0.233656736141443,0.19813861956232967,19.251623931623964,61.188106508875755,-16692.8533855959,B_C,,,,,,,,,,,
P09758_and_O00522,0.2865707117866805,0.23363425404453533,0.1610366124812414,26.310084626234136,52.71076530612249,-3815.1638641199625,B_C,,,,,,,,,,,
P09758_and_Q9Y5Y0,0.29953865100441457,0.23362270456307466,0.1998575803630984,24.452787258248005,48.16742738589212,-3546.3278363688332,B_C,,,,,,,,,,,
P09758_and_Q8NGM8,0.3053914481575205,0.23361884849706127,0.164681735414535,19.924164810690414,66.72165467625898,-1917.2811098428983,B_C,,,,,,,,,,,
P09758_and_A1A4Y4,0.30716576164774895,0.23361248797501197,0.0910275557202224,20.860403120936294,51.998465346534665,-1851.2657241290253,B_C,,,,,,,,,,,
P09758_and_Q5J5C9,0.33057904769950175,0.23359555199021506,0.07605303745970071,16.05689655172414,44.95990740740741,-784.7971007665617,B_C,,,,,,,,,,,
P09758_and_P0DP74,0.329334969613437,0.23359416153484464,0.07234506624882059,17.71264775413711,36.95958677685951,-9524.522752432262,B_C,,,,,,,,,,,
P09758_and_P0DP73,0.329334969613437,0.23359416153484464,0.07234506624882059,17.71264775413711,36.95958677685951,-9524.522752432262,B_C,,,,,,,,,,,
P09758_and_A0A0K0K1A5,0.320143692246475,0.23359014019935284,0.0814412376701856,20.71982248520711,54.593970588235315,-2862.6361130569326,B_C,,,,,,,,,,,
P09758_and_Q9UHI7,0.3147261019940619,0.23356055536477197,0.08435980205311593,21.734414225941414,57.30751724137932,-13343.974762631493,B_C,,,,,,,,,,,
P09758_and_Q14451,0.2799417781234765,0.2335318484880318,0.2851701409768457,24.18227311280746,51.50908424908428,-2264.3193144228553,B_C,,,,,,,,,,,
P09758_and_Q9UBD6,0.32087403309761287,0.23351457116243887,0.11319338633797162,22.867944785276073,59.12120000000001,-3005.941911481752,B_C,,,,,,,,,,,
P09758_and_Q86VR8,0.2962191493731629,0.2334094675343941,0.24318340958791845,21.595383615084515,66.50206730769227,-3769.528280684188,B_C,,,,,,,,,,,
P09758_and_Q9BY10,0.2974083581269582,0.2333755356676266,0.17883147786248454,22.50649509803919,61.69040000000002,-1698.889621572725,B_C,,,,,,,,,,,
P09758_and_Q99603,0.3182368570863523,0.23336051405616895,0.1098259033640952,18.894380952380946,62.01471014492754,-2275.37165980164,B_C,,,,,,,,,,,
P09758_and_Q9NPB9,0.29345257411640635,0.23333657117400738,0.07990021869389924,18.558098591549292,64.78517482517485,-1464.736835673744,B_C,,,,,,,,,,,
P09758_and_Q15113,0.27223088356201663,0.23331992312204825,0.09564158387049754,21.41159135559922,60.64062857142857,-8513.182790907676,B_C,,,,,,,,,,,
P09758_and_O43193,0.2911822326522794,0.23331179021247372,0.14667186930901932,21.215831295843543,51.585560344827584,-6422.668274879756,B_C,,,,,,,,,,,
P09758_and_Q8NEB7,0.2674625051232777,0.23329042101600006,0.11960156857765603,21.98068669527895,45.17958549222796,-2950.4933006757747,B_C,,,,,,,,,,,
P09758_and_P30153,0.31767256536291816,0.23326841545582394,0.1050137165950932,25.991744186046503,47.035679012345675,-4820.044440974403,B_C,,,,,,,,,,,
P09758_and_Q08AE8,0.25522855656958404,0.2332496091389048,0.06758243469297547,22.946656760772672,51.87275862068966,-11974.697546525465,B_C,,,,,,,,,,,
P09758_and_Q96R28,0.302311792641773,0.23321885019802094,0.09757801459434884,20.417464114832555,53.770073529411775,-13096.13046416867,B_C,,,,,,,,,,,
P09758_and_Q86UN2,0.28726304248824586,0.2331833061217488,0.18526136889200204,22.995368171021408,58.56154362416105,-5124.299286346888,B_C,,,,,,,,,,,
P09758_and_Q8NH49,0.3036295287896599,0.23315298712563212,0.10058669750600235,20.22645089285715,54.42740458015267,-11410.702031994053,B_C,,,,,,,,,,,
P09758_and_Q8IVT5,0.2565416246084166,0.23313890324506206,0.20951534834739927,22.87165924276177,47.28285714285716,-1633.6744865845612,B_C,,,,,,,,,,,
P09758_and_Q2M3G0,0.3076176835965406,0.23313584880744406,0.1690034813533899,25.569447852760785,53.089605911330054,-13552.335431329846,B_C,,,,,,,,,,,
P09758_and_Q08380,0.30123801515920723,0.23313405802434645,0.1362447473398883,24.667548500881814,65.28815789473686,-3493.593671388035,B_C,,,,,,,,,,,
P09758_and_Q6ZSS7,0.2843680935321464,0.2331120597044523,0.145205064101406,24.213473520249195,46.62932203389831,-3256.422167386838,B_C,,,,,,,,,,,
P09758_and_P20138,0.2766407225953245,0.23310990583862096,0.09029655207812524,20.460793357933586,52.773757961783424,-17344.943608541605,B_C,,,,,,,,,,,
P09758_and_P58181,0.30406272801850803,0.23310108361727094,0.10092979351007958,19.264522821576787,56.68683823529414,-7955.6833533842,B_C,,,,,,,,,,,
P09758_and_Q99712,0.2726080073260708,0.2330915505092696,0.04062470137201571,18.919499999999985,39.239620253164546,-7757.255269581382,B_C,,,,,,,,,,,
P09758_and_Q96HD9,0.30459173218641467,0.23306836182437674,0.3755288041398172,23.371933962264137,58.349267015706815,-12251.420618183325,B_C,,,,,,,,,,,
P09758_and_O95471,0.3020955265637662,0.23296644378638232,0.16186581839721179,18.795120226308327,42.49398843930634,-1062.8592056391444,B_C,,,,,,,,,,,
P09758_and_Q8NGI3,0.30039308503590073,0.23288509630289972,0.10298429986466713,21.43580246913582,58.02176056338027,-6603.614451862613,B_C,,,,,,,,,,,
P09758_and_P50391,0.29361848801508794,0.23286316407686566,0.3139891235789302,22.11474103585656,68.76662447257382,-6753.019143983863,B_C,,,,,,,,,,,
P09758_and_Q02818,0.2731273316841949,0.2328129373396934,0.09304232263690325,21.962656903765723,49.605448717948725,-3957.5607939994825,B_C,,,,,,,,,,,
P09758_and_Q9NRE1,0.29449457817271635,0.23281232991801837,0.11285304700965737,20.068,53.287058823529435,-6926.112408566323,B_C,,,,,,,,,,,
P09758_and_P46379,0.24732390378555916,0.23281067260353333,0.12320102685094143,24.028540955631417,44.016756756756735,-2053.968781335221,B_C,,,,,,,,,,,
P09758_and_P0DN82,0.3020850043629737,0.2328103214949227,0.11441760621659265,21.706991525423728,57.59874125874126,-8737.03979123114,B_C,,,,,,,,,,,
P09758_and_Q9H3M0,0.2625306410202205,0.23280438782850144,0.12408085575218925,24.800624999999982,58.664835680751196,-2991.062344021655,B_C,,,,,,,,,,,
P09758_and_P14222,0.3154988501909003,0.2327268895028471,0.30000570367421947,22.915344311377243,46.55117647058825,-4637.756883930285,B_C,,,,,,,,,,,
P09758_and_P46020,0.3262944514619561,0.23271657014829414,0.16850949755072941,25.833967391304355,56.60224719101125,-15479.948901161888,B_C,,,,,,,,,,,
P09758_and_P22223,0.2700719515519561,0.23271379591860045,0.105396909642072,26.632352941176492,62.40585185185186,-13000.7398823031,B_C,,,,,,,,,,,
P09758_and_Q8NGY6,0.2949968242494787,0.23269076614393364,0.0786540873412086,22.551120000000004,55.197541899441354,-6778.554710959997,B_C,,,,,,,,,,,
P09758_and_Q6ZRP7,0.3008553803621747,0.23267037642842445,0.11273473256455165,25.07452830188678,55.55043750000002,-7559.52558242961,B_C,,,,,,,,,,,
P09758_and_P01286,0.3230082313284095,0.23264716839402264,0.07484390659447294,14.506829896907206,34.764112149532714,-1429.9706866088527,B_C,,,,,,,,,,,
P09758_and_A0A5B0,0.3200216169468197,0.232641965584117,0.07857386019367714,20.34648760330575,61.217375886524835,-2448.276011506313,B_C,,,,,,,,,,,
P09758_and_P0DP07,0.3190706881831071,0.23264191619721974,0.088879230906029,17.27351973684212,66.91623853211009,-1887.2071136715117,B_C,,,,,,,,,,,
P09758_and_P01825,0.3193257821099771,0.23262093377959764,0.1324823665328147,17.545443037974675,63.736451612903224,-1747.7725620688325,B_C,,,,,,,,,,,
P09758_and_K9M1U5,0.3063155632657249,0.23261104400047186,0.11262642166743445,19.885757575757562,57.20703448275861,-2427.326011783418,B_C,,,,,,,,,,,
P09758_and_Q9BXJ5,0.2878333994576513,0.23258513959328458,0.074191381900978,17.346270396270413,52.48895999999998,-2074.6807097244546,B_C,,,,,,,,,,,
P09758_and_Q9NSB8,0.2773229728230032,0.23256384150779585,0.14511587835632037,19.357945736434115,65.6967938931298,-16186.439302619527,B_C,,,,,,,,,,,
P09758_and_P23634,0.3019738861949472,0.23255881810404191,0.22564369395399908,25.82717520858171,53.300749999999965,-6463.6328337095765,B_C,,,,,,,,,,,
P09758_and_Q06187,0.2842268832780751,0.23253569973355986,0.1789277771238251,22.29074567243675,65.6025806451613,-4474.071588963379,B_C,,,,,,,,,,,
P09758_and_Q13574,0.28725380267420736,0.23253326970266414,0.4144587331391241,24.390445586975172,60.54732851985564,-3012.178110054074,B_C,,,,,,,,,,,
P09758_and_Q7Z4H4,0.3106325956791961,0.23245581764271186,0.07033686145754635,13.782692307692315,31.660338983050845,-884.1021741616205,B_C,,,,,,,,,,,
P09758_and_Q9UM01,0.30929164988931235,0.23243854560462776,0.07039819703709443,22.965895522388067,54.383423913043494,-5979.521065814566,B_C,,,,,,,,,,,
P09758_and_Q8NGE5,0.3031475092430463,0.23239126611284938,0.14167283661163035,21.496927374301677,59.72073825503354,-8057.377152639914,B_C,,,,,,,,,,,
P09758_and_A0A0K0K1A3,0.3191620778803503,0.2323839691051331,0.06314522262417752,19.849032258064522,56.104680851063854,-1444.942208120483,B_C,,,,,,,,,,,
P09758_and_Q6N075,0.31683582119372455,0.23236587985172757,0.07951908278486569,21.93992146596858,61.12014925373133,-4758.203267470485,B_C,,,,,,,,,,,
P09758_and_Q9P0L9,0.28613470234121635,0.232317186432025,0.1047839479475243,25.198907766990317,64.18629629629629,-15179.576727121475,B_C,,,,,,,,,,,
P09758_and_O15547,0.2787702688466209,0.23228376769395342,0.2972067605000521,24.37448680351903,63.246931818181814,-2323.9566610861984,B_C,,,,,,,,,,,
P09758_and_Q8NH50,0.30167162705851747,0.23223747167881384,0.10233478120215359,23.204595015576306,61.007704918032786,-7325.961096805469,B_C,,,,,,,,,,,
P09758_and_P63128,0.24616412446431807,0.23221908622957044,0.0911407875581982,25.369843342036557,47.32716738197428,-3049.9493216521805,B_C,,,,,,,,,,,
P09758_and_Q08J23,0.3124388144263416,0.23220858433579286,0.14962155951901343,23.64051546391754,62.349337016574594,-3355.308170303497,B_C,,,,,,,,,,,
P09758_and_Q9NYV7,0.2971696918065072,0.23218085754087048,0.0986607872812948,22.322100656455124,56.7040909090909,-3836.279619515636,B_C,,,,,,,,,,,
P09758_and_Q8N565,0.29993873655317976,0.23211397295690517,0.06472986706547001,18.99789915966387,59.03859756097562,-1659.1928364506275,B_C,,,,,,,,,,,
P09758_and_P21728,0.28809060973800854,0.2321022052464609,0.15512909670676067,22.367382550335538,61.12306306306308,-3691.8409904008313,B_C,,,,,,,,,,,
P09758_and_Q96RC9,0.30295969644548143,0.23206426100170083,0.15916439866484228,20.942281879194656,61.47049295774645,-3223.943270298379,B_C,,,,,,,,,,,
P09758_and_P0DMU2,0.303566340558433,0.2320278631129265,0.129325878494478,20.315460526315825,56.67119402985075,-12202.551710883028,B_C,,,,,,,,,,,
P09758_and_Q8NGH8,0.30325944828825663,0.23201528992770043,0.1218865380028188,22.368260869565237,62.91538461538461,-3778.5631863728736,B_C,,,,,,,,,,,
P09758_and_P46093,0.2952020034731594,0.23197828589814334,0.10867557025172864,21.10712669683259,60.14605839416058,-5777.310744877419,B_C,,,,,,,,,,,
P09758_and_Q86YT6,0.26243122223718557,0.2319332183876076,0.3578044705372654,26.866206482593054,47.580127118644064,-4388.082006560002,B_C,,,,,,,,,,,
P09758_and_Q96R27,0.30296275842108056,0.23189000033349166,0.10077147721057217,19.70712589073634,52.23804687499999,-10286.470975924613,B_C,,,,,,,,,,,
P09758_and_P60763,0.3029652460055781,0.23188346638688703,0.06480538194927511,20.339598540145982,56.73939189189187,-9177.807475936861,B_C,,,,,,,,,,,
P09758_and_Q8NGP0,0.30430050062434827,0.2318795959882431,0.1550029459733658,19.551541425818876,55.819517241379316,-4083.8588678123847,B_C,,,,,,,,,,,
P09758_and_Q7Z5L0,0.30133842757975005,0.23187790066700092,0.06302645297908598,21.573962655601655,58.28891891891891,-11862.818002962014,B_C,,,,,,,,,,,
P09758_and_Q15464,0.2657063466040268,0.23185556197745688,0.2192056426439199,21.456534090909052,61.068029556650224,-2774.150691331961,B_C,,,,,,,,,,,
P09758_and_P49862,0.2946455631261786,0.23183384625127304,0.22605903598114574,19.510658307210033,58.88398936170209,-8663.034078526474,B_C,,,,,,,,,,,
P09758_and_Q9H461,0.2763297796960996,0.23182394949445473,0.21102092578689816,22.94233378561734,56.16495283018868,-3368.2041450385277,B_C,,,,,,,,,,,
P09758_and_O14905,0.2884783878955004,0.23177374450817098,0.10231851186228702,19.931600660066014,55.943823529411766,-1280.493257819624,B_C,,,,,,,,,,,
P09758_and_Q8TF66,0.30502027221286865,0.23176563977861503,0.5242356057300493,25.834217877094957,50.858636363636336,-4588.923282072789,B_C,,,,,,,,,,,
P09758_and_Q15818,0.271027637522705,0.23175417826207367,0.16746008550423752,20.510689045936374,68.09236842105261,-14407.865961300173,B_C,,,,,,,,,,,
P09758_and_Q8IWV2,0.26324661402030053,0.23174990574465615,0.1164977301838655,24.60238764044945,49.923615384615395,-12683.091921193833,B_C,,,,,,,,,,,
P09758_and_Q9H8L6,0.24798881299778258,0.2316189443058402,0.05915134045216171,23.652935943060484,51.1009356725146,-2686.8370238303687,B_C,,,,,,,,,,,
P09758_and_P13725,0.29309386034125845,0.23160063828939964,0.11448269620539947,21.36247288503253,64.49836879432623,-11670.491089362758,B_C,,,,,,,,,,,
P09758_and_Q8NFZ3,0.3042891084483259,0.23154997911812614,0.11882740468941456,23.707399577167013,53.65042944785279,-12480.309620230177,B_C,,,,,,,,,,,
P09758_and_Q8NHU3,0.28370110661370634,0.23152343993974228,0.09521227538583499,20.357042253521108,47.03381578947367,-8163.64599619171,B_C,,,,,,,,,,,
P09758_and_O60733,0.31453893865937566,0.23149904667878363,0.2425781636993629,21.428947368421035,62.41819354838706,-1949.1353136797516,B_C,,,,,,,,,,,
P09758_and_Q8NGE3,0.3025549204975135,0.23149575604574366,0.18342951006229102,19.86610169491524,61.00567567567569,-3981.8114629830043,B_C,,,,,,,,,,,
P09758_and_P00488,0.33238293442628286,0.23141890192492698,0.19487738363111595,23.761254612546157,70.85022727272725,-7338.448836670521,B_C,,,,,,,,,,,
P09758_and_A0A0B4J1U7,0.3155643380412334,0.2313972601768291,0.15996862315156904,20.262525252525233,67.80444444444443,-1851.7817639836685,B_C,,,,,,,,,,,
P09758_and_Q8NH03,0.30160553419427893,0.23139690540759264,0.11272252603703437,20.349999999999977,62.41210084033611,-2567.5625531662613,B_C,,,,,,,,,,,
P09758_and_Q9UHC3,0.2943911842281627,0.23136126783855115,0.24136168920255247,25.558306962025327,61.9057225433526,-4380.788729752884,B_C,,,,,,,,,,,
P09758_and_Q9UN72,0.27502944435416177,0.23126382349748772,0.158876339662348,23.891170825335884,64.53764285714288,-4985.975146863802,B_C,,,,,,,,,,,
P09758_and_Q8N3F8,0.2606726056354873,0.23117554307013152,0.23137101613499578,24.126694411414977,55.034417475728176,-3805.8644122856276,B_C,,,,,,,,,,,
P09758_and_A0A0C4DH55,0.3173453445199199,0.23115286182141054,0.12734801663805168,21.303298611111117,54.92095238095238,-2002.4731766763202,B_C,,,,,,,,,,,
P09758_and_Q9UM21,0.292867769104649,0.23113256226293077,0.12231789103567489,21.690388007054654,55.00311111111113,-5513.5264882364,B_C,,,,,,,,,,,
P09758_and_Q8NHB1,0.30089391733251236,0.23111611171144272,0.14937853829864012,20.1508064516129,66.1325954198473,-1901.6650208255792,B_C,,,,,,,,,,,
P09758_and_P22888,0.30079634653048354,0.23107924440604816,0.13495344709120383,24.626373626373635,53.64711111111112,-3840.6933912307027,B_C,,,,,,,,,,,
P09758_and_Q9NY64,0.3071580812773026,0.23104275548800282,0.16885622492881522,23.725564409030557,50.7710810810811,-6830.557563786713,B_C,,,,,,,,,,,
P09758_and_Q8NGG6,0.30286526528689073,0.23100607081196084,0.10894410216052827,20.60600414078674,58.20085714285716,-13705.959983660217,B_C,,,,,,,,,,,
P09758_and_Q7RTZ1,0.26714233266564247,0.23097774561692724,0.3794915769788677,24.005219552609738,60.73421052631582,-10106.613704410163,B_C,,,,,,,,,,,
P09758_and_O60412,0.3022924201464279,0.2309248748953441,0.21354358075027677,19.4419282511211,65.61316176470585,-2314.9273432093096,B_C,,,,,,,,,,,
P09758_and_Q96P44,0.26695430471741866,0.23092008008621825,0.2934272615450518,23.327001356852108,69.91721893491126,-12214.638748424026,B_C,,,,,,,,,,,
P09758_and_Q8N135,0.3072073765881846,0.23089283619707213,0.15740340033486824,21.033367556468175,58.793533333333336,-16847.427998144885,B_C,,,,,,,,,,,
P09758_and_P61020,0.2992185998198623,0.23088666760956517,0.233738860717429,20.18907435508347,65.1198773006135,-2040.4890793990721,B_C,,,,,,,,,,,
P09758_and_Q9Y6C2,0.24763542461209614,0.23088143987311097,0.18825678705650972,23.01234999999994,56.79153256704981,-2290.6410905834928,B_C,,,,,,,,,,,
P09758_and_Q16820,0.3137635593019762,0.23081819507894857,0.2876189382027472,25.070426065162916,69.5395918367347,-8817.534795429829,B_C,,,,,,,,,,,
P09758_and_A0A0A6YYG3,0.3181281039177858,0.2307194468517703,0.06992795416191228,19.326932084309153,60.497519999999994,-1564.9562917057665,B_C,,,,,,,,,,,
P09758_and_Q9UNW8,0.2899280230552675,0.23068495144918497,0.2156360582593302,18.25640176600439,68.23865079365076,-4255.080699824856,B_C,,,,,,,,,,,
P09758_and_Q14314,0.27296568520049536,0.2306643384265565,0.12418243083750276,19.79826302729527,67.72736434108529,-3064.782650791302,B_C,,,,,,,,,,,
P09758_and_Q13873,0.25592814347047976,0.2306409937146462,0.18745942679835384,25.274631936579897,61.51681818181819,-17144.324145639046,B_C,,,,,,,,,,,
P09758_and_Q8WXS8,0.25554381851799496,0.23059202477367485,0.11759370821560744,25.01390339425592,45.69210526315788,-18173.40800990112,B_C,,,,,,,,,,,
P09758_and_Q6PXP3,0.3106279438472941,0.23056396774979315,0.28502661576336835,25.27135167464116,57.158655913978485,-5417.779107731543,B_C,,,,,,,,,,,
P09758_and_A0A3B3IS91,0.28419138519702775,0.23054330407523366,0.0540466343408266,16.359552238805957,35.9921818181818,-1512.1668959099625,B_C,,,,,,,,,,,
P09758_and_Q9BZW2,0.3061407067512736,0.23053697099159856,0.13450049230998745,22.55643642072216,63.19926940639271,-3181.4959948029446,B_C,,,,,,,,,,,
P09758_and_Q9BWV1,0.26020871166009873,0.23052870577413315,0.1259495388623727,25.374682395644296,50.034791666666656,-16272.948458678504,B_C,,,,,,,,,,,
P09758_and_P43119,0.2921739640460994,0.23042185801924753,0.09626516842777795,20.560633946830258,62.14092857142858,-5478.221148560177,B_C,,,,,,,,,,,
P09758_and_Q9UP38,0.28302033177554065,0.2304031510534173,0.08330242644053673,24.805306122448975,51.126060606060626,-4353.41708718022,B_C,,,,,,,,,,,
P09758_and_Q8NGL6,0.29960029750259326,0.23034398376974236,0.15743797378948113,22.077881040892205,59.356056338028154,-5410.251326270159,B_C,,,,,,,,,,,
P09758_and_P0C7T3,0.3007158037974515,0.230331167359111,0.09581759921557083,20.616701461377897,57.22557971014494,-14899.572263780683,B_C,,,,,,,,,,,
P09758_and_Q9UHW9,0.2980472359941692,0.23028585061463722,0.13562744974598887,26.357351225204205,51.89466367713004,-5518.357865510148,B_C,,,,,,,,,,,
P09758_and_Q8IYP2,0.2939755298315756,0.23018150247018412,0.08762379136530372,20.96530249110323,60.02893750000002,-3346.313564065807,B_C,,,,,,,,,,,
P09758_and_Q8NGC3,0.301901818898495,0.2301517700563484,0.13992045583606588,20.904529307282413,59.59467948717947,-8942.064875238219,B_C,,,,,,,,,,,
P09758_and_P62330,0.30329648053298663,0.2301266533004867,0.19405548303453113,20.73604452054794,65.28438709677421,-7449.616983254127,B_C,,,,,,,,,,,
P09758_and_Q14956,0.28624235598393155,0.23009438980043811,0.12817260775157324,21.301058201058215,57.19936170212766,-5117.1992070641,B_C,,,,,,,,,,,
P09758_and_Q9BXE9,0.28761007273548983,0.23004894486391836,0.11364526898904383,21.93943298969073,55.40028901734105,-2807.725322091776,B_C,,,,,,,,,,,
P09758_and_A0A0K0K1C4,0.31699833795808097,0.23004860193656423,0.12042814938268856,19.842948717948698,54.12263513513511,-1359.2927451907226,B_C,,,,,,,,,,,
P09758_and_Q86WK9,0.3017223138868199,0.23001234229447626,0.14282888190838947,21.343568840579742,54.63305882352944,-3716.529907642265,B_C,,,,,,,,,,,
P09758_and_Q99884,0.3140738877924155,0.23000857827918442,0.1637486847505899,23.11144024514807,59.162436974789905,-3819.4265145860463,B_C,,,,,,,,,,,
P09758_and_Q9Y6H8,0.2677130865215024,0.2300023757910084,0.22838231238810594,25.490013679890566,43.30236263736265,-3396.7811916489572,B_C,,,,,,,,,,,
P09758_and_Q8NGV6,0.3001581804594933,0.2299183529198232,0.1263914688281401,21.10611814345991,59.311086956521756,-10858.930954354038,B_C,,,,,,,,,,,
P09758_and_P47211,0.2941989888489869,0.22975333508739879,0.15143115493843076,20.84339743589744,61.68953367875648,-2317.7499078484934,B_C,,,,,,,,,,,
P09758_and_P06703,0.32221099052877045,0.22974020571275283,0.06806102229810078,19.532228116710883,53.80061403508773,-1125.94057743972,B_C,,,,,,,,,,,
P09758_and_Q8N4S9,0.2593956095399636,0.22965885283280515,0.217124368839662,25.51222857142857,56.9230198019802,-3530.40512120528,B_C,,,,,,,,,,,
P09758_and_Q9NT22,0.24941956267399218,0.22963030713495572,0.20079684901921624,25.009967453213992,52.9890909090909,-6686.718920596584,B_C,,,,,,,,,,,
P09758_and_Q86VZ1,0.295030249697004,0.22960508187246864,0.19804453512032508,22.39302059496566,63.46526785714283,-6098.518568685822,B_C,,,,,,,,,,,
P09758_and_P10092,0.31587553350112374,0.2295627465041537,0.13603913684183622,16.759785202863952,40.195421686747,-1029.7438114942197,B_C,,,,,,,,,,,
P09758_and_Q13443,0.2674185890671482,0.22956189902835455,0.2376775087904038,23.173252118644026,49.93510460251042,-5252.774604341204,B_C,,,,,,,,,,,
P09758_and_P61077,0.30941383096049224,0.22954596846139694,0.09454741182307455,18.57043795620438,62.64250000000002,-1505.7515606190366,B_C,,,,,,,,,,,
P09758_and_Q8NGZ4,0.3031365103817565,0.2295287111381108,0.1843746919387322,21.27661943319836,67.58999999999996,-2350.0987978180824,B_C,,,,,,,,,,,
P09758_and_Q9GZM6,0.2964944151094817,0.22948519818520802,0.10924671715969488,20.10308370044055,60.75418439716311,-2577.6365634280037,B_C,,,,,,,,,,,
P09758_and_O00626,0.3221065533295603,0.22940528950660272,0.10263342208340723,14.238221709006945,45.609256198347126,-2327.5763882044535,B_C,,,,,,,,,,,
P09758_and_Q5TZ20,0.30152092822978693,0.22938979518305747,0.15031870398780658,20.288386308068446,65.7789682539683,-2585.842660174306,B_C,,,,,,,,,,,
P09758_and_A6NFX1,0.3008145779943891,0.2293529131868003,0.21746298825991497,24.003942857142825,62.86013215859031,-6244.9947129210295,B_C,,,,,,,,,,,
P09758_and_Q9H4A4,0.32521243422914103,0.22932812434769823,0.20311043119540728,21.450518518518507,54.11345971563981,-16200.639020184062,B_C,,,,,,,,,,,
P09758_and_P01733,0.31643491493574283,0.22931703203995696,0.06780166524306984,20.98473193473191,57.69038461538463,-1914.6860378665815,B_C,,,,,,,,,,,
P09758_and_P01033,0.2987402923005873,0.2293163734030974,0.29179495127536764,21.688020833333326,70.52999999999999,-1244.7297406960834,B_C,,,,,,,,,,,
P09758_and_O95047,0.29459193037638404,0.2292824523250741,0.19279675000309884,21.18896672504377,57.80273885350316,-3219.265205738671,B_C,,,,,,,,,,,
P09758_and_A8MV23,0.29740180544055134,0.22927126182340196,0.08967833642571904,23.383933333333346,53.74000000000004,-2637.812967442849,B_C,,,,,,,,,,,
P09758_and_O95256,0.2602705705532642,0.22926869260484534,0.15247185829332047,21.90882882882882,56.11767295597486,-9596.951870554982,B_C,,,,,,,,,,,
P09758_and_Q5MY95,0.30574904021346505,0.229217778731869,0.1109671507403241,22.887074303405573,62.095759162303686,-3281.0914230668864,B_C,,,,,,,,,,,
P09758_and_P0DOX2,0.26443372662859715,0.2292131144881595,0.23763750211812654,24.478617886178863,61.918308457711476,-3782.12605963444,B_C,,,,,,,,,,,
P09758_and_Q8NH80,0.2985223063841075,0.2291892628062993,0.147074416803869,22.47461273666092,59.227607361963194,-6110.1915694099425,B_C,,,,,,,,,,,
P09758_and_P30518,0.28902450702798416,0.22917719325628744,0.20332320832349243,20.017833981841715,54.14217821782178,-3232.1971128006744,B_C,,,,,,,,,,,
P09758_and_Q9Y2T5,0.2882119036580705,0.2291610577021282,0.1194066483560022,22.88862229102166,55.737094972067034,-2410.8588807077326,B_C,,,,,,,,,,,
P09758_and_O14494,0.29069519212905026,0.22912095320959242,0.1574076004792203,21.14975570032575,63.763473053892234,-13539.797382259296,B_C,,,,,,,,,,,
P09758_and_P08588,0.279836004150288,0.22910727920108315,0.1653834319878877,21.98488063660478,58.46789743589744,-3435.5073436935,B_C,,,,,,,,,,,
P09758_and_Q96LL3,0.31134190315357757,0.2290774681362815,0.08519224512549767,15.860761904761912,34.88979310344826,-1074.3117769602286,B_C,,,,,,,,,,,
P09758_and_Q7Z602,0.29137699556439856,0.2290722337128578,0.05292142932412777,22.508776595744685,56.650787401574796,-4850.68586737631,B_C,,,,,,,,,,,
P09758_and_Q9H207,0.29974004422612827,0.22906045677839026,0.1337121113575483,21.56520947176685,59.39695945945946,-7044.959864554056,B_C,,,,,,,,,,,
P09758_and_Q96N96,0.2712664299153487,0.22903575308658763,0.18965379955500308,23.096778042959407,52.99604878048783,-3220.311635861439,B_C,,,,,,,,,,,
P09758_and_P0C626,0.29754215157009434,0.2290234498346948,0.13533993166973327,21.438921568627446,59.1976056338028,-6656.197928467778,B_C,,,,,,,,,,,
P09758_and_Q96P20,0.29197715794941614,0.2290026967832109,0.054426288253027116,25.869341216216245,39.06970588235293,-9316.801443240336,B_C,,,,,,,,,,,
P09758_and_Q13508,0.2789505458276458,0.22899952514916183,0.08721368055932352,19.67444444444443,65.58685185185188,-9592.46353943052,B_C,,,,,,,,,,,
P09758_and_O15335,0.30487188068821364,0.2289902986866288,0.05539878803198113,22.086475409836076,48.19660194174758,-6801.327097141518,B_C,,,,,,,,,,,
P09758_and_Q6UXU4,0.27867772895863846,0.22897919248467097,0.13097767269504848,17.67842639593908,55.149691358024704,-1161.0786512192608,B_C,,,,,,,,,,,
P09758_and_Q8TDF5,0.26059835358150546,0.22894858141377777,0.11289514630068816,22.41974248927042,52.537654320987656,-4998.8233126599225,B_C,,,,,,,,,,,
P09758_and_Q9BZJ7,0.28375567815659736,0.22890636095635253,0.2607057868593575,20.680459183673516,49.13965517241378,-1626.4684021095018,B_C,,,,,,,,,,,
P09758_and_P17677,0.2862950094865026,0.2287885716333061,0.05759515238755181,14.418127490039831,43.61036144578312,-2111.9853402741046,B_C,,,,,,,,,,,
P09758_and_Q9NX77,0.26377281153539406,0.22878413829338703,0.060781904392910494,22.554105263157894,45.6722,-16831.44480069007,B_C,,,,,,,,,,,
P09758_and_P05186,0.31825667427622173,0.22878343803471016,0.45391685331746345,23.703687943262384,62.7438421052632,-2493.383750287537,B_C,,,,,,,,,,,
P09758_and_O94804,0.2866660510869646,0.22876953098361022,0.18497236000284398,25.547344110854528,60.18417322834648,-4992.275921163469,B_C,,,,,,,,,,,
P09758_and_Q5VST6,0.2888675785714725,0.2287432359089916,0.13170721735358765,22.46940433212999,60.03142045454545,-2915.2513183525825,B_C,,,,,,,,,,,
P09758_and_Q8NFZ4,0.30066437965349896,0.22873645905804835,0.1664339562227408,24.110122699386512,54.46874251497009,-12968.432584922448,B_C,,,,,,,,,,,
P09758_and_Q9BXU9,0.289456880024648,0.22867993300519496,0.18484538438771433,20.798827667057463,48.66653333333331,-1195.1309195096037,B_C,,,,,,,,,,,
P09758_and_P49407,0.2988854653207087,0.2286639393124937,0.10187100438652713,20.4891891891892,59.291437125748494,-2147.5156955620914,B_C,,,,,,,,,,,
P09758_and_Q8WUU8,0.28555589842149093,0.2286467372137307,0.08287477478826313,19.434191176470577,36.32441176470588,-1204.0678015902067,B_C,,,,,,,,,,,
P09758_and_Q13336,0.3089729362615161,0.22863625728114023,0.17278922858403092,20.81102088167052,48.508255033557035,-3276.1246865773264,B_C,,,,,,,,,,,
P09758_and_Q15147,0.3082476551010096,0.22861718223259436,0.09475861752352556,25.29136622390891,65.60666666666668,-15689.79018500313,B_C,,,,,,,,,,,
P09758_and_P60852,0.256487020277039,0.2285960537078996,0.22909723982508218,24.832389580973956,49.94651785714286,-2060.925879976232,B_C,,,,,,,,,,,
P09758_and_Q8N0Y5,0.29805440835805874,0.22855989976555446,0.10805294733487705,20.063209876543223,60.41251968503936,-2409.58545872624,B_C,,,,,,,,,,,
P09758_and_P22749,0.31034860346517684,0.22849809903488663,0.21244432700728424,17.40828625235403,51.384178082191795,-1929.2716774985283,B_C,,,,,,,,,,,
P09758_and_Q9Y5S1,0.30508466510840915,0.2284842072142869,0.2077813486251644,24.659343794579147,61.8922777777778,-4123.470031641832,B_C,,,,,,,,,,,
P09758_and_P04435,0.315695462271958,0.22845556274013495,0.07933893752833467,21.212681912681873,57.09611940298508,-1349.829943487628,B_C,,,,,,,,,,,
P09758_and_Q9Y240,0.2758691029967428,0.22845044487827063,0.15222602891835257,21.799392712550592,65.24202797202797,-15427.064189233686,B_C,,,,,,,,,,,
P09758_and_Q9H209,0.3001266485086014,0.22842458445378766,0.2126114272060411,22.55886075949367,60.69376543209875,-7780.048965734151,B_C,,,,,,,,,,,
P09758_and_Q8IZA0,0.2453253195499971,0.22840359271334068,0.09074743551531236,25.516455696202524,55.092551020408166,-12285.045282394876,B_C,,,,,,,,,,,
P09758_and_Q14641,0.3115187033933138,0.22838770743933634,0.0952872003618503,16.969378698224816,44.356712328767145,-1834.7612392555602,B_C,,,,,,,,,,,
P09758_and_P58335,0.2648927320136463,0.22834537913402478,0.1360986558191215,21.63441558441561,64.94290780141844,-10822.17717112787,B_C,,,,,,,,,,,
P09758_and_Q9Y5H5,0.2736597388967335,0.22829173702667288,0.14594573242679354,24.153846153846143,62.07148148148149,-4038.806665393524,B_C,,,,,,,,,,,
P09758_and_Q9UFP1,0.28208345494949894,0.22829019836160908,0.15350708690962034,21.036979166666644,64.45329032258064,-12169.13165662465,B_C,,,,,,,,,,,
P09758_and_P0CG37,0.2893614541203324,0.2282543139920853,0.05249016868956968,18.8624688279302,55.33606557377047,-4675.0316759676925,B_C,,,,,,,,,,,
P09758_and_Q6PEW0,0.27240280744939405,0.22824362922861374,0.1654051746632461,21.965952380952384,60.47410628019324,-4838.606351031885,B_C,,,,,,,,,,,
P09758_and_Q14050,0.24859163618530536,0.2282117838849253,0.05416908628249939,24.088286334056413,38.506121212121194,-12440.453023496084,B_C,,,,,,,,,,,
P09758_and_Q9UGF5,0.29650148141572313,0.22820424317633758,0.1497522383716641,21.49849823321556,62.48447368421052,-9407.964473631842,B_C,,,,,,,,,,,
P09758_and_Q8NGV5,0.2935865330027797,0.2281715068273292,0.15796704879305432,21.22849576271186,54.39264285714287,-4175.7306384713975,B_C,,,,,,,,,,,
P09758_and_Q9BY76,0.26723122644244796,0.2281694749218128,0.2081179495659999,23.937738853503188,56.218539325842684,-24971.549416224363,B_C,,,,,,,,,,,
P09758_and_P30954,0.2967780127830481,0.22815670081125192,0.09573073495154574,18.876052631578947,61.42182539682539,-3095.6642662791664,B_C,,,,,,,,,,,
P09758_and_P12272,0.29761646431271593,0.22807613320690373,0.038317835013670046,15.965879828326191,40.25720588235295,-3761.2598178219287,B_C,,,,,,,,,,,
P09758_and_P29475,0.289299391383043,0.22807062422357643,0.2987974432992258,26.408379120879147,50.59551330798482,-6223.218432549871,B_C,,,,,,,,,,,
P09758_and_P78369,0.29523588515023813,0.2280027857113688,0.16958824663175456,19.397178329571116,39.24249999999999,-1197.9560986661636,B_C,,,,,,,,,,,
P09758_and_Q96DA2,0.29722202687877675,0.22799489733527767,0.1229973177809187,18.53786828422874,51.317161290322595,-1765.757313070719,B_C,,,,,,,,,,,
P09758_and_Q96PD5,0.3068298250369734,0.2279254536563255,0.21621131624451592,23.31032258064516,72.34830508474577,-7616.336389848375,B_C,,,,,,,,,,,
P09758_and_Q6ZT62,0.25298706638011803,0.22792342562631274,0.07693165595302565,21.79326113116724,54.42495412844035,-2389.70141855166,B_C,,,,,,,,,,,
P09758_and_P07360,0.2963872991495524,0.22792069642312496,0.2528175703322005,18.67887228260872,68.00942408376967,-1257.9693226940285,B_C,,,,,,,,,,,
P09758_and_Q8NGY9,0.2997814753240389,0.22791627150672145,0.11932019959827149,17.484382871536514,61.1775806451613,-3270.898889505471,B_C,,,,,,,,,,,
P09758_and_P22459,0.2533278282512061,0.22791572322810896,0.10028910088252586,23.27756232686981,52.39216666666666,-12034.054301864076,B_C,,,,,,,,,,,
P09758_and_Q16627,0.3208183077041143,0.2278864861331108,0.12788077382637947,15.922624434389142,43.596406250000015,-817.391587062024,B_C,,,,,,,,,,,
P09758_and_Q8NGT7,0.3000086981081019,0.22787297131596296,0.0995808787220675,20.268199999999986,58.77428571428571,-11740.662970993984,B_C,,,,,,,,,,,
P09758_and_A0A1B0GX49,0.3153779817958072,0.2278585173643324,0.08069898642602612,19.504746835443015,56.594565217391306,-1204.2365941065514,B_C,,,,,,,,,,,
P09758_and_Q8NGJ1,0.2969298465268049,0.22785168638916092,0.12464332444853932,19.19132231404957,55.82589928057549,-3442.7111646323515,B_C,,,,,,,,,,,
P09758_and_Q96HE7,0.29135745827349285,0.2278318004713578,0.1201378495862113,22.16718027734976,47.24117346938778,-5151.057535210285,B_C,,,,,,,,,,,
P09758_and_Q8NG80,0.3001379268253229,0.22782171787075883,0.12533183064990258,17.00702479338844,57.1833613445378,-3323.594812114936,B_C,,,,,,,,,,,
P09758_and_P14784,0.2563806570114593,0.2278201503046525,0.17417516322997995,20.712875816993485,58.31919811320759,-4597.543062060606,B_C,,,,,,,,,,,
P09758_and_P16473,0.28959869517688386,0.22781290491544892,0.05029626416690414,22.724853801169605,55.3233125,-4843.067894725373,B_C,,,,,,,,,,,
P09758_and_Q9H4E5,0.29492099521422777,0.22778201398080322,0.061745670598170196,19.183108108108083,55.780387096774184,-3723.902312534965,B_C,,,,,,,,,,,
P09758_and_A0A087WSZ9,0.31616115472453565,0.22777310733512368,0.09242061300608477,19.392484342379944,61.36625899280574,-1552.043494138574,B_C,,,,,,,,,,,
P09758_and_Q7RTT9,0.29399326419655514,0.22776761289608738,0.08535892089407396,23.871271585557285,58.523893805309726,-2003.8638080324672,B_C,,,,,,,,,,,
P09758_and_Q92520,0.2932730815368944,0.2277675015907421,0.3726764851903037,20.265754560530684,66.82720930232551,-14158.017732211636,B_C,,,,,,,,,,,
P09758_and_Q9BYF1,0.3155043872393266,0.22776539935262627,0.2939278201855683,22.971723044397443,52.07419354838707,-18512.853025319506,B_C,,,,,,,,,,,
P09758_and_P01036,0.30930101228365525,0.22775444286376417,0.278732193557276,20.189420485175226,59.93375000000002,-9803.60396926095,B_C,,,,,,,,,,,
P09758_and_Q15198,0.27275598778057214,0.2277541850271218,0.09001321541540164,20.7591617933723,60.22006451612902,-1770.808471920751,B_C,,,,,,,,,,,
P09758_and_Q9GZK7,0.29494291088652524,0.22773546325025834,0.10885201152085813,20.555105348460287,59.918888888888894,-6901.381026648738,B_C,,,,,,,,,,,
P09758_and_A0A0C4DH29,0.314240985511899,0.22770925908608147,0.1801090148806636,19.37448036951503,64.31820312499998,-2679.155826100995,B_C,,,,,,,,,,,
P09758_and_Q14973,0.2936099066905708,0.22770092022558328,0.14808259053371267,21.498076923076912,63.80814207650275,-2577.5373849326143,B_C,,,,,,,,,,,
P09758_and_P56750,0.29395006919812783,0.22763588070584967,0.10044566920131756,20.057466340269283,46.59052356020941,-4288.185199420979,B_C,,,,,,,,,,,
P09758_and_Q5BLP8,0.3217846705008408,0.22761163242510316,0.05678444060614064,15.275538793103468,38.79016129032259,-3013.315345615705,B_C,,,,,,,,,,,
P09758_and_Q9UI40,0.2773913250143018,0.22761086337552272,0.06106091747258939,24.286684782608678,43.30943181818183,-6013.058755366641,B_C,,,,,,,,,,,
P09758_and_Q30154,0.2839239425052701,0.22760004047588353,0.09308246646757452,19.76124401913875,59.066733333333346,-1018.3486095473613,B_C,,,,,,,,,,,
P09758_and_Q08499,0.2769320004335153,0.22759802776762925,0.14118466977007535,23.354883011190196,52.8229387755102,-5002.602390112479,B_C,,,,,,,,,,,
P09758_and_P01258,0.3099427804829048,0.2275717935222819,0.10646946193209514,14.458039215686268,39.031857142857135,-1049.3140525934396,B_C,,,,,,,,,,,
P09758_and_Q9Y5I2,0.2753748033445296,0.2275577251136837,0.20001390806719335,24.1359090909091,65.36507692307694,-4884.999005530415,B_C,,,,,,,,,,,
P09758_and_Q9Y6T7,0.29638486521641666,0.22755012978753333,0.26303542212166625,24.712232779097327,54.09099547511315,-10751.366183234535,B_C,,,,,,,,,,,
P09758_and_O15403,0.29862166840590537,0.22752070510142952,0.09112596494602494,24.26041095890412,66.91048387096772,-10705.676158488008,B_C,,,,,,,,,,,
P09758_and_Q9UMR7,0.2905069111576881,0.22746534542495145,0.12216481398906623,20.593439716312027,58.95901408450702,-3333.8358288560635,B_C,,,,,,,,,,,
P09758_and_Q8NCK7,0.3042937374856397,0.22743502141170988,0.16634224107106388,23.198613518197572,58.561045751634,-2935.0543075918763,B_C,,,,,,,,,,,
P09758_and_Q99645,0.27300742057737115,0.22742194882728517,0.14956529891637602,21.13246753246755,47.004393939393935,-8345.707497613395,B_C,,,,,,,,,,,
P09758_and_Q92619,0.2528443174778811,0.22738194446694746,0.09662859377040246,26.076660516605166,52.08489130434783,-16312.378053638276,B_C,,,,,,,,,,,
P09758_and_P10145,0.3191651858543023,0.2273789225951302,0.17973227812867162,16.843683083511767,65.77177777777784,-2645.5480328629005,B_C,,,,,,,,,,,
P09758_and_O00144,0.2802986881068663,0.22737435953555873,0.0672954055771522,23.238724035608303,55.34861788617887,-3090.8960706002654,B_C,,,,,,,,,,,
P09758_and_O43653,0.31488457672285874,0.2273079394571949,0.18018986325997374,19.448151571164537,52.638120805369134,-1230.6345942004682,B_C,,,,,,,,,,,
P09758_and_P41143,0.2865280856702763,0.22727215271127563,0.14577026204522756,23.013432835820865,63.50987096774194,-3103.5882001880154,B_C,,,,,,,,,,,
P09758_and_Q8NFP4,0.2818942397052791,0.22726687427534953,0.34415940273267537,25.346310432570007,68.52039325842694,-6400.481859195701,B_C,,,,,,,,,,,
P09758_and_Q9Y267,0.30328058951023246,0.22726456225203678,0.13570973010539988,22.825858585858594,63.6418620689655,-5235.290185052762,B_C,,,,,,,,,,,
P09758_and_O00230,0.31905853038075566,0.22723810102932557,0.1167154489915041,15.718127147766312,37.86169934640523,-1051.5742379605654,B_C,,,,,,,,,,,
P09758_and_Q13822,0.32975471051823446,0.22718825547553467,0.14266721621853987,23.39646365422398,50.937584269662864,-7107.420522803721,B_C,,,,,,,,,,,
P09758_and_Q8NEX5,0.3212356819417608,0.2271738628067907,0.07677604689616584,17.200516795865656,43.56504587155961,-1748.9973902359852,B_C,,,,,,,,,,,
P09758_and_Q6P1S2,0.2847004808568838,0.22712348349558126,0.10515347776459467,20.95783132530119,58.51837837837835,-2965.510410095736,B_C,,,,,,,,,,,
P09758_and_O14625,0.3170148040572579,0.22712048029766152,0.09766451383452718,20.56114583333335,48.80192857142858,-17437.510552900265,B_C,,,,,,,,,,,
P09758_and_Q8N145,0.2947468015337168,0.2271116073301956,0.0791243480528576,22.199379652605487,61.07007092198581,-12555.806236415014,B_C,,,,,,,,,,,
P09758_and_P42680,0.2835996723107365,0.22710738222010135,0.10181606193301306,22.660437956204376,57.738410256410255,-4936.384356871303,B_C,,,,,,,,,,,
P09758_and_Q9UPI3,0.29807240588483364,0.22710565783129055,0.0729924603734986,23.542082111436933,69.06793650793652,-6475.646054126239,B_C,,,,,,,,,,,
P09758_and_A6NL26,0.29998118346174607,0.22710211613171008,0.17316013678069955,21.207917570498932,68.84985074626864,-3794.4500607929535,B_C,,,,,,,,,,,
P09758_and_Q86UG4,0.3047203762333079,0.22708806695041656,0.2672667095469871,23.1721518987342,62.22215568862275,-20736.28635409909,B_C,,,,,,,,,,,
P09758_and_P14555,0.3084953752815043,0.22708301570552164,0.05902464156798451,17.818450184501838,64.83539999999999,-1800.1035673557687,B_C,,,,,,,,,,,
P09758_and_O14907,0.3122738564025096,0.22707698071767382,0.08720536244969757,21.13677777777778,57.47493150684933,-1253.1085047995168,B_C,,,,,,,,,,,
P09758_and_Q9Y5G4,0.2599981433703451,0.22705782474334824,0.06923248247039006,27.161252446183934,60.74758389261742,-9973.113953313454,B_C,,,,,,,,,,,
P09758_and_O95990,0.30693296796219877,0.22704245855176364,0.0821116817648447,14.752811244979938,42.7709756097561,-1335.0459019091522,B_C,,,,,,,,,,,
P09758_and_Q8NGJ7,0.29881788342412685,0.22703050238276454,0.06343592243845353,17.621159874608185,54.76722222222223,-2449.219229765839,B_C,,,,,,,,,,,
P09758_and_Q9NQS3,0.26408186064370737,0.2270291996427387,0.3004873489398173,22.640159901599027,67.60326633165829,-1041.2168933889807,B_C,,,,,,,,,,,
P09758_and_P25021,0.2921783167257325,0.22702410392629319,0.15172459609666822,21.14782608695656,58.23329411764711,-3320.065201038288,B_C,,,,,,,,,,,
P09758_and_Q5VY80,0.2910171364153519,0.22701196907664545,0.14225564035766974,20.069244604316523,58.89561728395063,-1594.792497969307,B_C,,,,,,,,,,,
P09758_and_Q9UBH6,0.2872724607856342,0.22696353566308217,0.11963813503506615,23.20778251599146,54.03422077922077,-18877.370168133522,B_C,,,,,,,,,,,
P09758_and_Q16557,0.26407767580396385,0.22694304112871938,0.30493824124252594,22.1525710419486,66.40374999999997,-7849.089352826675,B_C,,,,,,,,,,,
P09758_and_Q9H255,0.29820502437847785,0.2269046959045269,0.10533102354179,21.172941176470566,60.59790697674415,-3848.3129113445325,B_C,,,,,,,,,,,
P09758_and_Q8NG85,0.30050078235617994,0.2268586528786583,0.11557654924228397,20.139490445859874,55.1778947368421,-5952.481191695223,B_C,,,,,,,,,,,
P09758_and_Q8TDI8,0.2965815376279866,0.22684473164906946,0.03965983811757899,23.807065217391305,48.14846153846154,-8683.517516580034,B_C,,,,,,,,,,,
P09758_and_A0A075B6Q5,0.31341752168523596,0.22683614594675888,0.20417643650890013,18.165913978494626,68.85161290322584,-4227.209145895599,B_C,,,,,,,,,,,
P09758_and_P22607,0.25713731095352677,0.226830395710551,0.16356508887885352,23.71286549707604,48.19048780487805,-15973.654943535896,B_C,,,,,,,,,,,
P09758_and_Q9BQL6,0.2993594075365841,0.22681497012462026,0.10427769470793813,21.724827586206896,57.78058252427185,-1405.9863095304272,B_C,,,,,,,,,,,
P09758_and_A0A0B4J268,0.3157115310662635,0.22677289316520444,0.09396230282614519,19.802332089552223,58.206322580645136,-1642.043576595781,B_C,,,,,,,,,,,
P09758_and_Q9BXS9,0.30219840927600117,0.2267507933469447,0.04734859451078517,23.394878048780487,47.702499999999986,-4657.431641582578,B_C,,,,,,,,,,,
P09758_and_Q8NC24,0.27901303327512067,0.2267100627352548,0.08118234845136285,17.405045871559608,49.606223776223786,-984.8161820786336,B_C,,,,,,,,,,,
P09758_and_O15552,0.2928413266583944,0.2266988068006611,0.1335091735484439,22.716898148148154,62.71612676056335,-2764.4550237945514,B_C,,,,,,,,,,,
P09758_and_Q8N387,0.2705146865871876,0.22669081632335522,0.09317850543217135,16.66774847870181,20.516220472440946,-1545.4279581660376,B_C,,,,,,,,,,,
P09758_and_Q8NGQ1,0.29716227206746065,0.22668915204991444,0.16165732035301722,22.088688212927742,64.04888111888113,-7097.425456755366,B_C,,,,,,,,,,,
P09758_and_P30939,0.2873983480039026,0.22667476663112884,0.15655604268525605,23.06761168384882,57.16778378378373,-5519.9423439221055,B_C,,,,,,,,,,,
P09758_and_Q13410,0.25631192304521666,0.22666918875997374,0.1710395919884497,24.965641025641002,60.48649038461539,-27221.213285561535,B_C,,,,,,,,,,,
P09758_and_Q8N7P3,0.2935738531127974,0.22666518092818472,0.08794868416985838,20.094182027649765,52.23950000000001,-2121.229206882459,B_C,,,,,,,,,,,
P09758_and_P47883,0.28889541094128507,0.22659379200877294,0.0816520724902307,22.417537826684985,56.91999999999998,-2238.8822407632842,B_C,,,,,,,,,,,
P09758_and_P04839,0.31384501959898337,0.22648387407391357,0.09531018017107093,23.076871880199633,51.43578651685393,-17419.54934979399,B_C,,,,,,,,,,,
P09758_and_P25024,0.290164634284949,0.2264813066879594,0.17286283276267006,19.693125734430055,63.35014851485146,-1696.8839158568044,B_C,,,,,,,,,,,
P09758_and_Q8NH87,0.2986146481593519,0.22645989305838612,0.11635468378843053,20.574999999999985,54.70824817518247,-11700.143312468657,B_C,,,,,,,,,,,
P09758_and_Q8NHC5,0.29809460997402204,0.22645542090746834,0.09839678203135731,20.537842465753442,60.56658385093172,-6907.735242287093,B_C,,,,,,,,,,,
P09758_and_A0A577,0.31483757525130285,0.22641389501304693,0.11012577772749751,18.617989417989413,56.271043478260864,-1724.0087649155364,B_C,,,,,,,,,,,
P09758_and_Q9H7T0,0.3233249968833947,0.22638716295410033,0.12751272264253743,24.888091068301204,54.84793296089385,-3402.0021613563094,B_C,,,,,,,,,,,
P09758_and_O75056,0.2624788185518865,0.22637632971978483,0.155995265327765,17.462124463519306,24.850796460176984,-1374.5707423627464,B_C,,,,,,,,,,,
P09758_and_Q8NGC2,0.2965042032616543,0.22635864023888863,0.12630150125033904,21.061359404096812,58.72763888888888,-7185.356349454476,B_C,,,,,,,,,,,
P09758_and_P26951,0.2819651726268131,0.22635335657553907,0.33262777850805947,23.72340093603748,62.1417857142857,-3725.717809910426,B_C,,,,,,,,,,,
P09758_and_Q8N8Q9,0.2875232184756036,0.2263288519464261,0.16926827933013278,22.62317262830482,52.9065168539326,-2634.603531020075,B_C,,,,,,,,,,,
P09758_and_O14804,0.2993233821876974,0.22630061250349037,0.07851974795000201,21.537449799196793,58.321133333333336,-14333.62963474829,B_C,,,,,,,,,,,
P09758_and_P0C7T2,0.28668902501633564,0.22624690007506293,0.08228831171071808,21.099560117302058,55.22364640883978,-3624.001749571318,B_C,,,,,,,,,,,
P09758_and_P34096,0.30615444878944464,0.22621145883468058,0.18213676781970278,20.94152700186217,70.60572327044025,-2536.2950464667038,B_C,,,,,,,,,,,
P09758_and_Q9NS98,0.30856426235532813,0.22614844617152852,0.19780974854899985,23.40018281535647,65.61404761904762,-25793.73253359995,B_C,,,,,,,,,,,
P09758_and_Q8N3J6,0.27220664303985426,0.22614033456220256,0.4297930007754387,23.541207349081386,63.64315789473683,-2058.9212819528398,B_C,,,,,,,,,,,
P09758_and_Q96DR5,0.2893573350448092,0.2260832815792832,0.10484493664790025,21.397097625329867,55.906368421052626,-18246.10184380616,B_C,,,,,,,,,,,
P09758_and_Q8NGN7,0.29816449329749645,0.2260824444822894,0.15681214549066413,19.914203233256355,67.32603053435112,-1653.6581827692253,B_C,,,,,,,,,,,
P09758_and_P56746,0.2938933509932289,0.22603953842781532,0.12472581968700512,19.661833550065026,43.50204301075267,-1115.701580023304,B_C,,,,,,,,,,,
P09758_and_Q6UXZ4,0.2599555528082259,0.22598502615817276,0.20594397887974286,25.5619266055046,60.84679558011049,-10943.13526398128,B_C,,,,,,,,,,,
P09758_and_Q8NGX2,0.29701126656447957,0.2259812351044836,0.15651254379162022,20.612888888888882,54.583037037037066,-4219.717380586482,B_C,,,,,,,,,,,
P09758_and_Q9UPC5,0.2826932171207228,0.2259706913612755,0.0832371536535205,22.888137472283848,60.633443708609256,-5083.2558950631455,B_C,,,,,,,,,,,
P09758_and_O60330,0.26892913748166347,0.22597038234243672,0.022820286135916537,26.007200000000005,53.664193548387075,-4825.6910621683055,B_C,,,,,,,,,,,
P09758_and_Q9H8M5,0.2569253186484227,0.2259550028419521,0.341182845337,24.882499999999997,72.288375,-2420.572101310392,B_C,,,,,,,,,,,
P09758_and_Q6UXQ4,0.31205581178375474,0.22591201425370144,0.05959432692514016,16.72477611940295,44.89965517241381,-3309.46729146139,B_C,,,,,,,,,,,
P09758_and_Q9HC58,0.2825182995503436,0.2259082794098361,0.06080616093818998,25.24340836012861,48.04457711442788,-8310.690968840407,B_C,,,,,,,,,,,
P09758_and_P47898,0.28531929578353205,0.22590557169459982,0.10392785275329203,23.658719851576972,58.78638709677418,-2567.668187247914,B_C,,,,,,,,,,,
P09758_and_Q6IF63,0.2969277346134118,0.22587968582398074,0.11457182698095394,21.432541322314023,56.33479166666669,-8203.573836696412,B_C,,,,,,,,,,,
P09758_and_A0A1B0GXF2,0.31322825565762946,0.225873491148381,0.09038655190475893,20.16624685138541,55.94504065040651,-1500.6788178314491,B_C,,,,,,,,,,,
P09758_and_P06702,0.31327698731137854,0.22581681862061184,0.05736716105770043,19.315641711229965,55.45875968992247,-1593.184996692452,B_C,,,,,,,,,,,
P09758_and_P01768,0.31308979122531155,0.2257945291887073,0.14206661502268816,16.927741935483876,67.83553398058254,-2223.618294533133,B_C,,,,,,,,,,,
P09758_and_P0DP03,0.31308979122531155,0.2257945291887073,0.14206661502268816,16.927741935483876,67.83553398058254,-2223.618294533133,B_C,,,,,,,,,,,
P09758_and_Q8IUX7,0.28428063239652834,0.22579017112382926,0.39172808937986764,26.016907391673794,68.4412915129151,-12690.702589699184,B_C,,,,,,,,,,,
P09758_and_A6NFQ2,0.32833510498130214,0.22578797236135867,0.28771827982496345,26.791055456171744,57.249193548387076,-8738.132742209877,B_C,,,,,,,,,,,
P09758_and_P28223,0.27524197251262345,0.22576156702304162,0.18214223585221062,22.19224343675415,62.566116071428574,-1904.4923219850298,B_C,,,,,,,,,,,
P09758_and_Q6UDR6,0.31827346691252434,0.22566234295545215,0.05798385729040095,14.673758865248235,37.71264462809917,-733.519651158007,B_C,,,,,,,,,,,
P09758_and_A6BM72,0.2396385235913795,0.22561730095026658,0.0496459452803477,25.57711370262392,50.6964,-13851.625013791534,B_C,,,,,,,,,,,
P09758_and_P01906,0.28962958018401763,0.2255886162750549,0.08668153482995927,20.4935344827586,62.959647887323996,-1983.2204601694757,B_C,,,,,,,,,,,
P09758_and_Q8IZF2,0.27347961981189073,0.2255686362813932,0.07370811799946399,27.69272727272729,46.33570370370371,-14763.449942123696,B_C,,,,,,,,,,,
P09758_and_Q7Z304,0.30591521695878565,0.22554800048642565,0.12226699334144636,24.822816399286978,57.42580808080807,-5370.645539046023,B_C,,,,,,,,,,,
P09758_and_P30531,0.3114229008924041,0.22553435730168933,0.14422512920302413,23.896074380165274,43.615243243243235,-5918.2781334755855,B_C,,,,,,,,,,,
P09758_and_Q8WTT0,0.29335993149630235,0.22552934855875525,0.12445328316374975,20.142452830188674,53.58671641791044,-17843.98539845162,B_C,,,,,,,,,,,
P09758_and_P36021,0.2875817316490939,0.22551306991138886,0.07408626706220038,23.075868372943376,37.049148936170205,-4230.849320318529,B_C,,,,,,,,,,,
P09758_and_A0FGR9,0.272098181902216,0.2254936712432697,0.10512598362967841,25.856678921568644,44.64583333333333,-17114.682709832712,B_C,,,,,,,,,,,
P09758_and_A6NCI4,0.25555492767404897,0.22544473168402349,0.06351353231946344,26.497105263157874,45.65522580645162,-5816.017896991158,B_C,,,,,,,,,,,
P09758_and_O71037,0.2816498268532917,0.22543219199636738,0.1879891171085513,24.82903014416774,63.02985645933014,-3543.309791536498,B_C,,,,,,,,,,,
P09758_and_A6NMU1,0.28966251253059094,0.22535491676753366,0.11580385936933703,21.19244031830238,60.19194594594596,-1980.5143978787855,B_C,,,,,,,,,,,
P09758_and_Q9H228,0.28769563274705395,0.22532398069510462,0.12953908844248532,22.707709750566853,61.059296875000015,-17255.571888037564,B_C,,,,,,,,,,,
P09758_and_Q9UKY3,0.2860524737867933,0.22531122048914617,0.0955555987293057,20.83019911504425,54.987069767441824,-2224.0791934781555,B_C,,,,,,,,,,,
P09758_and_Q2VPA4,0.25106187641304967,0.2252776160625211,0.07111178152684852,22.768367346938767,61.65648648648645,-3498.92426250929,B_C,,,,,,,,,,,
P09758_and_Q8NGL0,0.2956600097349576,0.22523248101607737,0.10918600832896136,18.887878787878783,60.24877049180325,-2398.3380471071346,B_C,,,,,,,,,,,
P09758_and_P01772,0.31008563992428634,0.22518409096719283,0.13967632871878674,19.02033096926713,68.46888,-2249.661773140838,B_C,,,,,,,,,,,
P09758_and_Q8TDS7,0.2927695407722253,0.22517162157936982,0.06323055821151977,21.934277620396617,53.34759398496239,-4005.121466399272,B_C,,,,,,,,,,,
P09758_and_P25106,0.2898641651822335,0.22511648650184551,0.1405200232337622,20.038768115942013,61.076142857142855,-1306.313281043991,B_C,,,,,,,,,,,
P09758_and_Q9HB40,0.30798392426038146,0.2251122661985775,0.08771442232860298,22.356102003642974,63.9626219512195,-3684.481103539924,B_C,,,,,,,,,,,
P09758_and_Q9H7B7,0.31257748069460056,0.2250726710454065,0.0681197756959961,16.933834048640925,42.40777777777779,-905.6195832632693,B_C,,,,,,,,,,,
P09758_and_Q6UX27,0.2870376247788648,0.22502546359989117,0.06332763895915532,19.865294117647043,52.81151260504204,-16064.944328997128,B_C,,,,,,,,,,,
P09758_and_P16870,0.30674931923484916,0.2250095138295643,0.24830987661533765,23.002269043760098,63.656724137931036,-8303.667072563478,B_C,,,,,,,,,,,
P09758_and_Q8NGA2,0.2967560009169605,0.22499473905785722,0.16881299314880027,22.043173076923075,67.11097402597404,-1946.9274591554445,B_C,,,,,,,,,,,
P09758_and_Q5VTL7,0.27040637779939225,0.2249904984457485,0.07108155975734885,22.763661971830984,60.31606837606838,-6291.225345779319,B_C,,,,,,,,,,,
P09758_and_P22455,0.2541865586362422,0.2249592220500251,0.10352280104003926,23.025759577278656,60.54220588235294,-7002.994435724002,B_C,,,,,,,,,,,
P09758_and_Q6IF99,0.2954370804319395,0.22491167445751592,0.13320141236333932,21.84298245614032,63.222907801418444,-2230.08355954714,B_C,,,,,,,,,,,
P09758_and_P14780,0.27967851244211994,0.22488395015613463,0.39018269156586244,25.79623655913979,42.63664179104476,-6544.183564224662,B_C,,,,,,,,,,,
P09758_and_Q9BXC0,0.2873768463034879,0.22484571071216106,0.09637594726893575,21.04532019704434,54.299942528735635,-6156.8549611708195,B_C,,,,,,,,,,,
P09758_and_P08473,0.32330116551528487,0.22484101600519057,0.4176760886112497,22.96510067114095,52.65008583690986,-19647.574855352315,B_C,,,,,,,,,,,
P09758_and_A0A1B0GX56,0.31217853631736225,0.22484060277745932,0.07553110571760545,20.64900497512438,61.434754098360656,-1272.1118048665644,B_C,,,,,,,,,,,
P09758_and_Q8NHW6,0.31949842420241215,0.22482374010781284,0.060315028778511,16.597835990888377,44.63026086956521,-5354.590733360583,B_C,,,,,,,,,,,
P09758_and_P47890,0.29626645685095154,0.22482103811451531,0.13394364969169406,19.873617511520724,61.37453237410073,-2882.920886365665,B_C,,,,,,,,,,,
P09758_and_Q5W0Z9,0.2896744908216289,0.22479686332380705,0.2115018017070016,22.979583975346664,58.67831460674155,-6069.813611531742,B_C,,,,,,,,,,,
P09758_and_Q8IY33,0.2541341198313593,0.2247925159701143,0.2034603918489495,23.75562659846546,62.05121495327098,-9070.03597740399,B_C,,,,,,,,,,,
P09758_and_Q96S59,0.26583064149710983,0.22477254078327874,0.2714301391430668,24.174085850556395,66.04471204188485,-2432.474050054858,B_C,,,,,,,,,,,
P09758_and_Q8NGN2,0.2892357974948897,0.22473088314511513,0.13786900364905388,22.536500000000018,61.35443750000003,-4223.275510515646,B_C,,,,,,,,,,,
P09758_and_Q6W5P4,0.2828456898711938,0.22472654919045038,0.17410838256902864,19.478417818740382,53.16063157894738,-4506.178744726688,B_C,,,,,,,,,,,
P09758_and_P61586,0.29636389809629526,0.22467204348173359,0.17243383728349165,20.058724202626642,68.01692810457511,-2311.061066384078,B_C,,,,,,,,,,,
P09758_and_O94778,0.287854313638748,0.22466407405928918,0.1711400457276949,21.47467866323908,71.01793103448273,-4036.7659090700463,B_C,,,,,,,,,,,
P09758_and_A0A0K0K1D8,0.31241811718562484,0.22454951374798848,0.10137833999662893,18.681435643564377,60.10573643410853,-1650.230956301103,B_C,,,,,,,,,,,
P09758_and_Q13790,0.2809975743357022,0.2244549719490783,0.07056305087101414,20.575636766334448,51.40408866995072,-1849.625398812459,B_C,,,,,,,,,,,
P09758_and_P25025,0.28676414423906144,0.22445233273466342,0.22123913443393298,19.85918949771685,64.67289855072468,-4663.594120674912,B_C,,,,,,,,,,,
P09758_and_Q9P1Q5,0.2983463124071921,0.2244479225918035,0.12607507778416382,21.8247959183674,62.007222222222204,-5335.8829965416335,B_C,,,,,,,,,,,
P09758_and_O75575,0.3061175432478023,0.2244457645894886,0.07665071691022794,18.259537572254366,55.76255319148934,-923.5625805473501,B_C,,,,,,,,,,,
P09758_and_P35523,0.27897167668748163,0.2244415997527167,0.12967297613331383,26.556635802469152,62.78368983957221,-3570.271675901804,B_C,,,,,,,,,,,
P09758_and_P48960,0.2690365009517049,0.22443029728203695,0.24433472862902794,25.20154929577461,35.30358695652173,-2982.2228307150945,B_C,,,,,,,,,,,
P09758_and_Q96I34,0.26438543339782317,0.22440622878227284,0.2977764435391593,20.198594377510066,69.09564516129036,-4296.409328262904,B_C,,,,,,,,,,,
P09758_and_Q8NGE2,0.2947684673281363,0.2243769201810215,0.16943695491040592,22.41228070175442,62.28434285714282,-6089.471771495177,B_C,,,,,,,,,,,
P09758_and_Q8NGA6,0.2933532261211304,0.2243643433606331,0.11195861403903534,21.522222222222226,56.40062500000001,-6732.789951565666,B_C,,,,,,,,,,,
P09758_and_O76099,0.2976562987082897,0.2243072981104657,0.22430539413706918,20.12134955752211,64.8031386861314,-1814.9524600871866,B_C,,,,,,,,,,,
P09758_and_Q9BQP9,0.28498993645200166,0.2242696676461654,0.10542652375522822,18.88241758241761,64.08257142857143,-5195.196537036939,B_C,,,,,,,,,,,
P09758_and_P54315,0.31048318840293576,0.22424419577861457,0.0697650512853609,21.036138613861407,60.16289156626503,-2957.0660346545255,B_C,,,,,,,,,,,
P09758_and_Q8NGY3,0.28985505725792576,0.22421688402309115,0.1170001836922721,19.216238317757007,59.88818181818183,-2247.595119822884,B_C,,,,,,,,,,,
P09758_and_Q14246,0.25331941963343313,0.2242141757670869,0.04119930410909528,24.875201072386055,48.0417415730337,-7137.068694704136,B_C,,,,,,,,,,,
P09758_and_P81277,0.31871452347658147,0.2241627703360472,0.11298588795308227,12.925433526011563,31.149583333333325,-874.8433409939307,B_C,,,,,,,,,,,
P09758_and_O14827,0.29331610532029123,0.22413381867168328,0.25701834753546193,26.51025641025642,60.39633986928104,-2271.1413666510743,B_C,,,,,,,,,,,
P09758_and_P06312,0.3102766866701756,0.2241242077355041,0.1185974418754173,18.982399999999995,59.1429365079365,-1763.9916050524262,B_C,,,,,,,,,,,
P09758_and_A3KFT3,0.29516447993576217,0.2241207926233446,0.09904557445443576,18.562396694214883,57.80999999999999,-2110.84542705476,B_C,,,,,,,,,,,
P09758_and_Q8NH83,0.2943216662657282,0.224108949414761,0.1068121176196866,21.126435643564353,54.33174496644296,-14940.642022671593,B_C,,,,,,,,,,,
P09758_and_P07711,0.299649388343847,0.22410605907017217,0.09601848046143208,21.38611738148983,66.10524390243903,-9490.36558207982,B_C,,,,,,,,,,,
P09758_and_Q9UIX4,0.2560067548933261,0.22409144481641718,0.15295490412432375,25.07330383480832,58.784075829383916,-2744.8663898711857,B_C,,,,,,,,,,,
P09758_and_P53985,0.29652885533015383,0.2240702258933473,0.08291649846916609,24.12083333333334,66.14849206349207,-16693.978192445808,B_C,,,,,,,,,,,
P09758_and_Q8NH89,0.29474675832829067,0.2240698061672928,0.10479196336845983,20.91065088757397,56.11383177570094,-2413.535650629808,B_C,,,,,,,,,,,
P09758_and_Q6UWP2,0.29377381667371694,0.2240416863242013,0.2648370168026306,21.233456659619407,65.45000000000002,-5152.519417880501,B_C,,,,,,,,,,,
P09758_and_P0DTL4,0.3087702296820701,0.22401186174417476,0.11010494865337732,18.40361904761905,55.890074626865676,-837.0920688133947,B_C,,,,,,,,,,,
P09758_and_B2RN74,0.2926127310123451,0.2239740317777336,0.14446013127942922,20.841108986615684,55.74185430463578,-6839.317275596187,B_C,,,,,,,,,,,
P09758_and_P22362,0.31674524026266493,0.22397351953351466,0.14023315836077818,18.08969555035128,48.32457364341085,-908.969960524998,B_C,,,,,,,,,,,
P09758_and_Q99679,0.2868105728322639,0.22396147148081022,0.09805478877560841,20.778586065573748,55.282830188679256,-4411.274188153524,B_C,,,,,,,,,,,
P09758_and_Q9NZ94,0.29581231465061153,0.22391587374730293,0.12655582380665725,25.786541471048515,60.444928229665045,-12028.847585458538,B_C,,,,,,,,,,,
P09758_and_A0A0B4J241,0.3115529603403083,0.22388804881564095,0.09482674145680008,21.165754716981166,54.57706293706294,-1625.675399264208,B_C,,,,,,,,,,,
P09758_and_O60235,0.3021190236128596,0.2238597906735257,0.37257786899179723,21.106370370370367,61.28153005464481,-4069.6241224535997,B_C,,,,,,,,,,,
P09758_and_Q9BY21,0.2835451364460286,0.22384858046386616,0.11393803605532567,21.560833333333324,55.10973544973543,-2357.145558245462,B_C,,,,,,,,,,,
P09758_and_Q9NR71,0.3212345074686902,0.22382010791990287,0.33999423242928606,24.724135723431473,61.804554455445555,-14067.734336072957,B_C,,,,,,,,,,,
P09758_and_Q7RTS5,0.2895586240888146,0.2238037237326589,0.13569854144072171,23.601500000000023,61.85022727272728,-2988.508923896303,B_C,,,,,,,,,,,
P09758_and_P03971,0.25405283469471557,0.2237457900608407,0.13762499534578143,23.255440000000018,59.04410526315789,-4235.66604703926,B_C,,,,,,,,,,,
P09758_and_Q15661,0.2860995928014707,0.22369993818618372,0.17042168090724732,19.822630560928445,51.63481927710845,-5378.871263870087,B_C,,,,,,,,,,,
P09758_and_P19961,0.3195576320845408,0.22366729191533855,0.3651201509332732,24.040369393139812,58.06775510204083,-10618.580862090494,B_C,,,,,,,,,,,
P09758_and_Q6UW88,0.2992874306839156,0.22364963941696134,0.06105730706406179,17.285728744939263,47.236879999999985,-11004.035542884654,B_C,,,,,,,,,,,
P09758_and_Q6P4Q7,0.25549937398455425,0.22364521139871651,0.25540059993898795,24.43438113948919,65.9757142857143,-3068.0373924904015,B_C,,,,,,,,,,,
P09758_and_Q8NGF3,0.2951708686120146,0.22364472906375088,0.08193281334097395,20.79835025380709,59.5202380952381,-5844.588994976697,B_C,,,,,,,,,,,
P09758_and_P43007,0.288194592575454,0.22364329107165307,0.09631064071760334,24.2580121703854,47.90063953488373,-5082.427611360771,B_C,,,,,,,,,,,
P09758_and_Q9Y5G7,0.2674412238177266,0.22364313154510884,0.1253571383802728,23.6202341137124,57.17783783783788,-1670.1191406423422,B_C,,,,,,,,,,,
P09758_and_Q9UN71,0.260145865744472,0.22363074255145388,0.019028927488886925,25.23962264150944,42.95388888888888,-11647.120861018995,B_C,,,,,,,,,,,
P09758_and_P37173,0.2715020869003433,0.22360221181485096,0.1019437550994902,21.77811355311356,59.91087209302328,-8517.52386750944,B_C,,,,,,,,,,,
P09758_and_P49913,0.3008675828750148,0.22359742378486833,0.10611255097127892,18.93965517241379,51.922024539877306,-1945.8586172630276,B_C,,,,,,,,,,,
P09758_and_Q06495,0.2827133778891858,0.22357066112960802,0.049326521191200026,23.73785714285714,48.889055118110235,-7631.0140445893885,B_C,,,,,,,,,,,
P09758_and_P15509,0.27842204710665697,0.22356839125615247,0.062230687666350995,23.544395280235992,61.44171875000001,-13315.349756651745,B_C,,,,,,,,,,,
P09758_and_Q9NPG8,0.29121366455555087,0.22355602025805305,0.08777585323709529,23.108859470468467,55.626230769230766,-12021.784027998356,B_C,,,,,,,,,,,
P09758_and_P31785,0.2682011981952556,0.22351111572896784,0.06933858375298127,18.943227665706054,67.83368852459016,-2230.8568894656946,B_C,,,,,,,,,,,
P09758_and_O00241,0.2736582391782067,0.22348928982392066,0.22776990561819715,21.673750000000016,49.520769230769226,-17834.205705662927,B_C,,,,,,,,,,,
P09758_and_Q92959,0.3121298935223288,0.22346535696678313,0.1098373342579909,23.684861591695498,53.79505494505493,-5808.234087570077,B_C,,,,,,,,,,,
P09758_and_P18084,0.27666505276503206,0.2234470133369276,0.22768360639786658,25.10673374613008,60.43596385542171,-6645.287077471577,B_C,,,,,,,,,,,
P09758_and_Q9NP72,0.29368118714041885,0.2234292657557664,0.11514787481563242,21.704671968190862,64.52571428571429,-5293.56749691475,B_C,,,,,,,,,,,
P09758_and_P57773,0.2556325474289974,0.2234206791997235,0.08798188360078422,23.672233820459255,47.679933333333324,-4703.974631381294,B_C,,,,,,,,,,,
P09758_and_O75309,0.266744891959494,0.22339519082358777,0.1562574107184832,26.27967391304347,67.41743243243243,-10912.666187477324,B_C,,,,,,,,,,,
P09758_and_A1L1A6,0.2903125927108219,0.22334146000025,0.11717067111061631,20.201098901098888,60.19830357142855,-8129.957299914086,B_C,,,,,,,,,,,
P09758_and_Q99616,0.3153552121590242,0.22332391079745276,0.1192909587611338,17.008311688311714,46.124152542372876,-1130.2470063834205,B_C,,,,,,,,,,,
P09758_and_Q15620,0.29610415268415813,0.22322698185942552,0.11504654502637308,20.64156378600819,54.800839160839175,-9035.121327056222,B_C,,,,,,,,,,,
P09758_and_P80108,0.32708407929993877,0.22321345301706727,0.1267849362295478,24.104146039603943,58.37041450777205,-13794.616699020999,B_C,,,,,,,,,,,
P09758_and_Q6AI14,0.27698494282851027,0.22314330706254193,0.06065604248619688,25.765102040816327,59.65632075471698,-3680.737889562606,B_C,,,,,,,,,,,
P09758_and_O94985,0.27958772708328855,0.22311238913588177,0.30863375260016607,26.97277716794736,65.72171945701358,-6641.013746880009,B_C,,,,,,,,,,,
P09758_and_Q8NGZ0,0.2935625448524066,0.223105135364775,0.10754392666735814,20.894455445544562,59.13753521126761,-6897.451189355665,B_C,,,,,,,,,,,
P09758_and_A0A1B0GVH4,0.2917161760181113,0.22309234642510284,0.08043913351280622,21.756837016574558,53.48582914572864,-5809.141184449749,B_C,,,,,,,,,,,
P09758_and_Q92583,0.31710072696075253,0.22307398865360806,0.07848715501515224,16.232920110192836,40.424615384615386,-7501.19845268902,B_C,,,,,,,,,,,
P09758_and_P63146,0.30393283521072767,0.22303692745047984,0.22766453925342456,20.052644230769225,55.54025210084033,-1216.0129287880686,B_C,,,,,,,,,,,
P09758_and_Q9HAS3,0.29310913557122226,0.22299877066587895,0.16150062986773406,24.18477443609023,62.21727272727269,-4041.3096706375763,B_C,,,,,,,,,,,
P09758_and_A6NF89,0.2946646018894129,0.2229912945490182,0.12561473177571544,21.85415019762843,60.11946666666667,-5496.769826806152,B_C,,,,,,,,,,,
P09758_and_Q9C0H2,0.29257171424525436,0.22296808701191026,0.4855989312962644,25.53435628742516,60.32289156626505,-3900.8564268926507,B_C,,,,,,,,,,,
P09758_and_O15551,0.2919233111326596,0.22292769770394638,0.18459748944467325,17.850247831474608,46.617912087912096,-1244.930114313036,B_C,,,,,,,,,,,
P09758_and_A0A1B0GX31,0.3106372099448549,0.22291926797970504,0.07440151264867864,20.923950617283946,59.30966666666667,-4272.931418242042,B_C,,,,,,,,,,,
P09758_and_Q8NGK9,0.28636107650825504,0.2228961924241445,0.14355321695152812,21.19685582822085,61.88230769230769,-2407.3672020237645,B_C,,,,,,,,,,,
P09758_and_Q8NGJ6,0.2943077722648811,0.22286303731044688,0.09611174968812387,21.482696897374698,58.29303030303032,-5974.467175979248,B_C,,,,,,,,,,,
P09758_and_O75348,0.31196820283918586,0.22285862340897347,0.05948144681896131,16.06679316888045,43.968731343283594,-400.6940711133557,B_C,,,,,,,,,,,
P09758_and_P02741,0.29113843379743,0.2228425078859322,0.12155341419343689,22.280705394190882,65.87405797101447,-8897.420319976649,B_C,,,,,,,,,,,
P09758_and_Q9H205,0.29574175270770897,0.22283470966225055,0.13104813562328993,20.162124248496987,56.965958904109605,-3519.026954787205,B_C,,,,,,,,,,,
P09758_and_Q9Y3N9,0.2950701585614769,0.22278044864598384,0.10990951503787884,20.284871244635216,60.15078125000001,-9920.082724566348,B_C,,,,,,,,,,,
P09758_and_Q9Y6X5,0.30086662487298044,0.22277576579461092,0.3362635000400921,22.93810720268008,58.977724550898216,-2609.5078638922223,B_C,,,,,,,,,,,
P09758_and_P30556,0.2919206675677651,0.22276671863794947,0.18597295305908434,19.781092964824097,61.602476635514,-5365.399547886415,B_C,,,,,,,,,,,
P09758_and_P09237,0.2849307466463733,0.22270171686675147,0.07369096218750361,20.29900990099009,60.567908496731995,-7006.944951368959,B_C,,,,,,,,,,,
P09758_and_Q13183,0.3003672566359323,0.22263896103891812,0.08830233913714937,23.605348837209295,43.74302197802196,-3717.23477636024,B_C,,,,,,,,,,,
P09758_and_Q9GZV5,0.26284525763657046,0.22262504677922726,0.09638631965747181,18.94267515923568,40.14561538461538,-5978.946146695023,B_C,,,,,,,,,,,
P09758_and_P01222,0.3039908528715407,0.22259244664365607,0.10517650088513705,18.65722222222222,54.78055555555556,-15962.67900860427,B_C,,,,,,,,,,,
P09758_and_Q8N4L2,0.2811511903579207,0.22258572979503494,0.1255694707420023,18.40425724637677,56.60849315068496,-15223.469036483733,B_C,,,,,,,,,,,
P09758_and_Q9NS93,0.29969985899806767,0.22257310421540333,0.0954981004831007,19.446466809421874,40.65237037037038,-2186.6078943437797,B_C,,,,,,,,,,,
P09758_and_Q8NGT1,0.2925159970892827,0.22255944009093043,0.11251224744890288,22.010578842315375,57.75064285714287,-7694.9094404920725,B_C,,,,,,,,,,,
P09758_and_Q1W4C9,0.31627500835328093,0.22255545051659764,0.05993822417634481,16.91075085324232,49.499181818181825,-1712.7978667431291,B_C,,,,,,,,,,,
P09758_and_Q8WXF3,0.3060490698744338,0.2225467469124151,0.17834079731384547,18.428254437869835,41.85659090909091,-1226.5612999022997,B_C,,,,,,,,,,,
P09758_and_P05155,0.28155190154082255,0.2224653389876111,0.20092378457323737,21.698310810810824,66.51394904458598,-1373.4806544262137,B_C,,,,,,,,,,,
P09758_and_Q9Y6L6,0.30691787405257204,0.2224515390702983,0.18728137918334273,25.596882352941147,62.611161616161645,-8921.256028507474,B_C,,,,,,,,,,,
P09758_and_P62070,0.29304331547672047,0.22244385004267975,0.113085878253987,20.838807531380752,65.1527741935484,-1407.8950636928862,B_C,,,,,,,,,,,
P09758_and_Q9NQ84,0.26556332901470575,0.22243195777282646,0.07660119729068489,21.010813008130118,45.78349397590361,-2822.2950507792666,B_C,,,,,,,,,,,
P09758_and_Q8NGI6,0.29025204208579064,0.22239252809860263,0.10792931070685134,20.1466135458167,56.175428571428576,-4264.323857753624,B_C,,,,,,,,,,,
P09758_and_Q96P88,0.2800546841739219,0.2223889264338654,0.17585844031668474,19.362105926860043,55.73068571428573,-2358.070778669069,B_C,,,,,,,,,,,
P09758_and_Q9H1C0,0.2849182658529501,0.22237424623646362,0.11665282497026365,23.570529801324486,64.80651515151513,-4573.765656137078,B_C,,,,,,,,,,,
P09758_and_P0DP57,0.3151828372498201,0.22235493939573928,0.11811696343235151,18.33655378486054,53.42496000000003,-1522.3381445149598,B_C,,,,,,,,,,,
P09758_and_P46091,0.28816798896691,0.22233680980284798,0.18861086652497003,20.943475533249707,60.11717488789239,-2525.8098765303585,B_C,,,,,,,,,,,
P09758_and_P11465,0.2701582106857385,0.22230522411790182,0.2369152549233351,20.689893617021255,65.56356687898088,-9821.643129528611,B_C,,,,,,,,,,,
P09758_and_Q9Y2J0,0.2539615086580761,0.22225684209040852,0.18792717092279812,23.05677540777912,59.06160377358491,-4358.513144192999,B_C,,,,,,,,,,,
P09758_and_P43116,0.28758824313933967,0.22224754992456996,0.08158649908245641,20.502857142857167,50.053291139240514,-2546.470195670018,B_C,,,,,,,,,,,
P09758_and_P07900,0.2869719192925282,0.22222143566962146,0.204285531784292,24.25611559139788,54.69560386473432,-17215.755952751424,B_C,,,,,,,,,,,
P09758_and_Q5FYB1,0.30739344415286035,0.2221769069742591,0.2105735303539254,24.056286266924577,61.26299465240639,-19379.96796291626,B_C,,,,,,,,,,,
P09758_and_A0A411D538,0.3210144968187636,0.2221710540167334,0.06884500981551381,17.124735729386906,34.24112149532711,-1910.9594660235307,B_C,,,,,,,,,,,
P09758_and_Q9Y2E8,0.29262680341616654,0.22215564830474518,0.04538938087381307,24.18119158878504,54.34638709677419,-6259.9236180774415,B_C,,,,,,,,,,,
P09758_and_Q9GZN8,0.2977095882962923,0.22210676142547206,0.08957325167450661,18.062882653061227,56.6341935483871,-2555.690974395992,B_C,,,,,,,,,,,
P09758_and_Q8NGQ3,0.2940214274319657,0.22208820057197437,0.1206397385976931,20.418103448275883,56.11657718120802,-16373.62276731593,B_C,,,,,,,,,,,
P09758_and_P11487,0.28901500869319147,0.22207372248116453,0.1820030302706713,20.293867924528275,58.76771739130433,-1202.8853905550895,B_C,,,,,,,,,,,
P09758_and_P16444,0.3035023938355606,0.22204945148425387,0.37350289144966065,23.632110912343464,47.746758620689675,-2413.9100205869963,B_C,,,,,,,,,,,
P09758_and_Q8NGS5,0.2922175166169687,0.22204670921995434,0.17226260792124132,21.919284064665113,67.57499999999993,-3187.98665569481,B_C,,,,,,,,,,,
P09758_and_P06307,0.31178610813641494,0.2220257176784071,0.06755845571133723,14.672987288135596,40.73219696969696,-506.7722199047712,B_C,,,,,,,,,,,
P09758_and_Q5T442,0.2601581377218419,0.2220017891888547,0.09187407894575325,20.37414772727274,55.073893805309744,-10395.779022962019,B_C,,,,,,,,,,,
P09758_and_Q9NZQ8,0.29821936958932793,0.22196754013164388,0.12167258635549295,27.44758064516131,58.12371681415929,-2873.0658616647543,B_C,,,,,,,,,,,
P09758_and_Q8IWA5,0.2994834402075143,0.2219617939915294,0.06914159418739603,25.90940476190475,55.11404109589041,-3088.528762928463,B_C,,,,,,,,,,,
P09758_and_P14151,0.2673460204068173,0.22195731568186552,0.06214965441086581,20.02480620155039,59.657260273972575,-14364.44234051233,B_C,,,,,,,,,,,
P09758_and_Q9UHM6,0.2743773359457894,0.22193800380700174,0.15863200932250243,23.900210378681624,62.85702564102567,-5003.500064786363,B_C,,,,,,,,,,,
P09758_and_Q9UNQ0,0.3051692431305327,0.22192788369539443,0.12008501123889709,22.98940397350994,62.87376712328767,-13755.232605499761,B_C,,,,,,,,,,,
P09758_and_Q93070,0.27488184240788244,0.22191885044198284,0.18118898207001766,20.341068139963156,67.75251655629137,-3348.3186279991614,B_C,,,,,,,,,,,
P09758_and_Q9Y5G9,0.26576668675830817,0.221904556948997,0.058747522625568205,24.813888888888897,52.207946428571425,-2289.783218624363,B_C,,,,,,,,,,,
P09758_and_P49767,0.2617122925163358,0.22190007368229359,0.09425114077049504,20.74798994974876,60.128641304347816,-1718.4754823529656,B_C,,,,,,,,,,,
P09758_and_P13945,0.2801131787559658,0.22188892334766283,0.16539692906018105,21.617655571635307,64.63448275862069,-2468.0079421132477,B_C,,,,,,,,,,,
P09758_and_Q8WWY7,0.3074747399742914,0.22185816662993602,0.086950959640501,18.79475065616799,47.18981981981983,-1050.6809798837821,B_C,,,,,,,,,,,
P09758_and_O43291,0.2838718771454717,0.22185152326567026,0.1548244369079806,17.245630252100835,60.28051094890514,-2027.0399457466901,B_C,,,,,,,,,,,
P09758_and_Q15700,0.24937545709631395,0.22184807950517343,0.4026252956609205,24.666955941255,64.25455399061032,-12440.219331276603,B_C,,,,,,,,,,,
P09758_and_O43749,0.29444566617786827,0.22179233489204542,0.1504073919544195,19.583549783549774,58.85567164179104,-3439.17383842033,B_C,,,,,,,,,,,
P09758_and_Q6UXM1,0.27997848006998094,0.22177751337395363,0.022998311337941266,26.670270270270283,52.37944444444444,-11746.446088288143,B_C,,,,,,,,,,,
P09758_and_Q969N4,0.299743870644274,0.2217737400153934,0.17002948952719427,21.852100840336117,62.54043010752689,-12220.206216934277,B_C,,,,,,,,,,,
P09758_and_Q969M2,0.25305077027367023,0.22177251601718911,0.09175774184222933,21.38948717948717,58.59752293577983,-4494.037191505784,B_C,,,,,,,,,,,
P09758_and_Q8NH19,0.2956593011340652,0.22173802679892474,0.19558233530250876,22.044903846153808,66.24399999999999,-2226.42547993362,B_C,,,,,,,,,,,
P09758_and_Q86X52,0.2801953159775959,0.22171384365635594,0.1446683075243727,23.600772626931565,67.74374100719423,-9353.686846330367,B_C,,,,,,,,,,,
P09758_and_Q96JP9,0.2536811264039355,0.22169334380444164,0.09514130292496298,23.895794392523356,57.319516129032245,-5860.566613867408,B_C,,,,,,,,,,,
P09758_and_Q96HU8,0.2940045507980904,0.22167249764114455,0.2252166846910162,20.867089843749998,65.69381944444443,-1665.9602306627069,B_C,,,,,,,,,,,
P09758_and_P29320,0.2506772112444107,0.22167230438628732,0.3539068496689745,24.12921052631582,65.32591623036649,-3457.0623443664426,B_C,,,,,,,,,,,
P09758_and_P04746,0.3176152160022035,0.2215651565953194,0.3581835832647563,24.274096385542144,58.34380487804874,-5548.777246547151,B_C,,,,,,,,,,,
P09758_and_Q9Y5L3,0.301548816784836,0.22154426712009959,0.09536101460056788,22.365167364016717,60.27668831168829,-19972.83902368488,B_C,,,,,,,,,,,
P09758_and_P02765,0.2738498098592532,0.221533104708318,0.06642350963604027,21.650321888412012,61.206415094339576,-6045.228928728564,B_C,,,,,,,,,,,
P09758_and_Q8NHC7,0.2922290417008498,0.22153107358391083,0.1023678410391209,19.485046728971966,59.33928571428574,-4320.135656636876,B_C,,,,,,,,,,,
P09758_and_P39877,0.3045129953594977,0.2215303174072994,0.09262012326418007,20.634693877551044,57.10909909909908,-1583.4278973578978,B_C,,,,,,,,,,,
P09758_and_P63000,0.29384678483514587,0.22151750138738363,0.13213823580250295,21.165132743362843,62.43781065088757,-1469.745657300971,B_C,,,,,,,,,,,
P09758_and_Q8NHC8,0.29550418217224833,0.2214867459640966,0.1028575654298832,21.264754098360683,60.26317829457366,-2433.1506230535538,B_C,,,,,,,,,,,
P09758_and_Q9H221,0.30806309947431143,0.22145753677401944,0.08906514409190322,21.739793577981654,56.994960000000006,-9842.165283397248,B_C,,,,,,,,,,,
P09758_and_P09923,0.314726148407116,0.22143964459527127,0.3310145199057885,24.887304347826074,53.54005000000001,-8273.962228146152,B_C,,,,,,,,,,,
P09758_and_A0PK11,0.2844507849590341,0.22142896124380498,0.11948596612543398,18.068170103092786,51.56173913043479,-1682.39908404979,B_C,,,,,,,,,,,
P09758_and_Q9Y5E2,0.2548325337238083,0.2214060219576412,0.027969560503691746,24.19958333333335,55.770425531914874,-1527.5947392421513,B_C,,,,,,,,,,,
P09758_and_Q8NGR2,0.28629721761686083,0.2213533937601464,0.08290063344375961,23.897331240188393,60.29846153846156,-6765.259064363588,B_C,,,,,,,,,,,
P09758_and_Q8WUD1,0.2898853211949894,0.22128947021243023,0.06833650626650788,18.775870069605578,61.20814814814815,-2110.4192408290223,B_C,,,,,,,,,,,
P09758_and_Q6JVE9,0.29764972317025146,0.22128696644744672,0.08364182952157415,20.13764822134387,57.58453333333336,-3218.924784756299,B_C,,,,,,,,,,,
P09758_and_Q9H0C2,0.2861721304422562,0.2212766559945662,0.120820726071819,21.504580645161322,38.05291304347828,-4785.398001819691,B_C,,,,,,,,,,,
P09758_and_P20916,0.26897679342654146,0.22126675985101674,0.21460075418397076,23.644409448818916,65.7106741573034,-2622.6018955723557,B_C,,,,,,,,,,,
P09758_and_A0A0B4J2E0,0.30988444723456576,0.22126590717765446,0.1189558898607331,20.182983682983686,62.527795275590556,-1902.1146578285739,B_C,,,,,,,,,,,
P09758_and_Q9UHA7,0.3009470616455694,0.2212625293840631,0.07810953248151561,22.465392781316336,54.59850340136053,-3082.4174829652256,B_C,,,,,,,,,,,
P09758_and_Q8TF71,0.29158585948389837,0.22121336929088795,0.17088028007193573,23.192999999999994,49.86531400966184,-4865.888244743682,B_C,,,,,,,,,,,
P09758_and_Q96GR2,0.30666088221281096,0.2211816258519147,0.18625005918128276,23.706518518518514,60.57238636363632,-2368.4842971542967,B_C,,,,,,,,,,,
P09758_and_Q02156,0.27118532582369326,0.22117838983643737,0.16000871674662254,24.05283630470018,65.71960199004975,-2194.8395822987513,B_C,,,,,,,,,,,
P09758_and_Q00535,0.2914539162348213,0.2210967846486131,0.064635359278746,20.179862306368328,56.210434782608715,-6924.656280755031,B_C,,,,,,,,,,,
P09758_and_A2IDD5,0.2622220042559703,0.22109282658775647,0.22941738038074377,21.698618219037908,44.26821428571429,-2569.392314518438,B_C,,,,,,,,,,,
P09758_and_Q8NGP6,0.2939090395799958,0.22107173288250886,0.13434673631844743,21.483707865168572,53.53330985915494,-9356.843393735799,B_C,,,,,,,,,,,
P09758_and_Q8NGS8,0.2838608199890623,0.22103872341564487,0.14903550426529713,21.84575471698116,59.725999999999985,-3547.910515639209,B_C,,,,,,,,,,,
P09758_and_O00391,0.2901667484259833,0.221015532221746,0.18274884797669472,24.809902200489045,56.743478260869566,-19098.748138815485,B_C,,,,,,,,,,,
P09758_and_O75356,0.29647738864353823,0.22098095308578913,0.4671091528941759,24.3139761646804,58.882631578947354,-2379.305334539896,B_C,,,,,,,,,,,
P09758_and_Q9P1P5,0.2927658852566378,0.22095783408441114,0.15319019905825307,22.897425474254735,58.42596938775508,-5452.590904575034,B_C,,,,,,,,,,,
P09758_and_Q8NGS0,0.2939546971451,0.2209265690448146,0.20025053378372917,23.192975206611543,64.77130434782609,-6608.982756095657,B_C,,,,,,,,,,,
P09758_and_Q9BQI4,0.28128015675403734,0.22092606372721127,0.04985974264087145,20.399730458221033,52.4684745762712,-1422.7316092173933,B_C,,,,,,,,,,,
P09758_and_Q7L0Q8,0.2825775330431624,0.22092216361410755,0.12034794166502112,20.922156862745084,65.90552147239262,-1255.3099535800725,B_C,,,,,,,,,,,
P09758_and_P01037,0.3043385772202567,0.22089959737592524,0.1094041853912262,19.033933161953744,65.12570247933884,-3027.5629452455682,B_C,,,,,,,,,,,
P09758_and_Q9UNW1,0.30564619907652646,0.22085267220364152,0.13086509373088387,24.82388663967611,64.4374576271186,-12064.891720847674,B_C,,,,,,,,,,,
P09758_and_Q8TB96,0.31046977881008014,0.22082934747010252,0.23391678717946568,24.474397590361445,66.91084112149538,-15947.979013466287,B_C,,,,,,,,,,,
P09758_and_Q96RP3,0.30855748629153573,0.22081461920443884,0.14617015053054438,14.958333333333327,31.720393700787398,-1165.746757544911,B_C,,,,,,,,,,,
P09758_and_O95500,0.28758850966676297,0.22081386385863133,0.10708136566258947,19.008390646492437,48.62363636363636,-1061.1436923250803,B_C,,,,,,,,,,,
P09758_and_Q8NG76,0.29472301318483846,0.22080795697338026,0.10930830212748141,21.319378698224853,62.29247933884299,-2119.4169046421794,B_C,,,,,,,,,,,
P09758_and_Q9BX95,0.2901122425426534,0.22079971551966185,0.10719225956238702,22.649378881987595,43.955297297297285,-6062.899785313918,B_C,,,,,,,,,,,
P09758_and_O60391,0.25327587252796263,0.22076770211731267,0.23611584461699914,25.712704174228705,47.69253246753249,-5169.07752641126,B_C,,,,,,,,,,,
P09758_and_Q01113,0.2549484890039979,0.22076268093671578,0.12976579753944145,23.799792817679563,59.25681564245809,-17165.579413823456,B_C,,,,,,,,,,,
P09758_and_O75787,0.28110271112367546,0.22075141268463,0.04911628792305482,20.56713362068966,57.41137931034486,-13066.85306993151,B_C,,,,,,,,,,,
P09758_and_Q9Y6M7,0.28313626700466576,0.22074588026802505,0.06755961644450618,26.37695652173915,49.52658823529412,-2184.23763278313,B_C,,,,,,,,,,,
P09758_and_Q16610,0.2552593651789863,0.2207449242203382,0.05563868354781917,23.239560439560417,53.106796116504874,-2225.3220121903105,B_C,,,,,,,,,,,
P09758_and_P28907,0.2836732481084949,0.22069973780969235,0.07557033645650445,21.361627906976743,64.87146496815288,-7999.430773566553,B_C,,,,,,,,,,,
P09758_and_P0C629,0.29066174592255295,0.2206514729698773,0.1376872937706602,21.943567251461978,57.05825174825175,-4146.389807481721,B_C,,,,,,,,,,,
P09758_and_P01303,0.31366187043810345,0.22063869333146632,0.05958744668825075,15.042121212121208,44.08800000000001,-1800.3031635467094,B_C,,,,,,,,,,,
P09758_and_Q96B67,0.27563627468236523,0.2205801252487188,0.15612213454537086,22.302810650887587,61.077382198952904,-5727.699657029119,B_C,,,,,,,,,,,
P09758_and_Q16661,0.31031468933274853,0.22056308070756267,0.1636283042098247,16.146380090497725,40.73797297297298,-3347.7669830095747,B_C,,,,,,,,,,,
P09758_and_Q5W188,0.30225522046804176,0.22053582037306163,0.0953588365884142,17.182360742705583,62.86915254237293,-2554.476265816195,B_C,,,,,,,,,,,
P09758_and_Q8NGP4,0.29368120144083454,0.22053425295530799,0.12764326001085174,21.39146090534977,53.53007142857143,-12060.710699463865,B_C,,,,,,,,,,,
P09758_and_P32121,0.28953905577623607,0.22052886044738784,0.10430549917493345,20.990619136960614,59.565976331360936,-1343.5811497759823,B_C,,,,,,,,,,,
P09758_and_Q9NRQ2,0.27557662960857987,0.2205181129548346,0.10593532595726632,19.307667210440464,62.71785714285709,-1083.6600989414164,B_C,,,,,,,,,,,
P09758_and_P48067,0.29637733144092815,0.22050068238161408,0.08810195365346736,25.236152570480968,58.26683937823835,-7498.031553041149,B_C,,,,,,,,,,,
P09758_and_Q96KX0,0.30109328544206904,0.22047703834143817,0.09066832190029306,20.285540540540545,54.92563025210086,-17638.575470088123,B_C,,,,,,,,,,,
P09758_and_Q9UHE8,0.282405570943866,0.2204615082803303,0.09445940231484408,21.096404494382014,55.81026666666667,-4566.648910293171,B_C,,,,,,,,,,,
P09758_and_Q8WZ84,0.2932471393980759,0.22044406028236485,0.12060246263123453,21.265120967741954,56.0797202797203,-11546.45495941111,B_C,,,,,,,,,,,
P09758_and_Q86Y78,0.2964338048158036,0.2204066777135273,0.13841615705247418,17.280268595041306,55.15940789473684,-1157.7227981266037,B_C,,,,,,,,,,,
P09758_and_Q9H2K8,0.27075789057119226,0.2203635657417748,0.45872329130937295,27.051313025210074,62.569921875000034,-3009.169057892126,B_C,,,,,,,,,,,
P09758_and_Q8WWT9,0.3029868865195753,0.22034891856126043,0.09973039226197337,24.00394524959745,44.72097435897436,-4599.606644046813,B_C,,,,,,,,,,,
P09758_and_Q99988,0.27339914288799605,0.22032069041436625,0.11685715062800395,19.972344559585487,52.97504761904762,-13152.287016880362,B_C,,,,,,,,,,,
P09758_and_A0A075B6N4,0.3089698220450272,0.22029839107762306,0.08798091722767057,21.03605371900826,52.032213740458026,-2911.1288828582037,B_C,,,,,,,,,,,
P09758_and_D3W0D1,0.2859342283046313,0.2202733438373199,0.09020253651929715,20.9180371352785,57.697815126050415,-16719.044939945692,B_C,,,,,,,,,,,
P09758_and_P36382,0.2672134664209498,0.22026733890970032,0.058331458439695574,20.45290697674419,49.419823008849555,-4877.453647132244,B_C,,,,,,,,,,,
P09758_and_P58182,0.29084616225045984,0.22026628477271654,0.10720103165479287,21.62363465160078,58.22019607843138,-6124.194918279177,B_C,,,,,,,,,,,
P09758_and_P55085,0.2838404947985658,0.22023235431795424,0.1481221633451902,22.8498322147651,53.865113636363645,-4442.740183331205,B_C,,,,,,,,,,,
P09758_and_O95497,0.30985746279870163,0.22015155625633287,0.38164528092320366,24.084140625000018,59.65133333333333,-7471.698190148289,B_C,,,,,,,,,,,
P09758_and_Q8NG81,0.2909893430796376,0.22010913439289015,0.11100523151600657,19.34544334975368,56.65039062499998,-3040.238256822458,B_C,,,,,,,,,,,
P09758_and_P43681,0.26556540258824457,0.2199990323565877,0.3542902417242754,25.342508865248266,56.746041666666684,-17654.764991869983,B_C,,,,,,,,,,,
P09758_and_O43150,0.24572523895179266,0.21999626864182628,0.3545553224966051,27.680120000000013,59.991955128205134,-13986.15106749977,B_C,,,,,,,,,,,
P09758_and_P60880,0.2887053235064645,0.2199840071792787,0.03484908688319555,19.77304878048782,53.28233082706765,-13055.458884820879,B_C,,,,,,,,,,,
P09758_and_Q8NH06,0.28781354687716343,0.21997063750295268,0.1238802652914787,20.5246575342466,61.425073529411776,-2936.249906126732,B_C,,,,,,,,,,,
P09758_and_O15068,0.24625680414868362,0.21991240178219368,0.10450081399315059,25.851018099547474,50.88662251655631,-3971.079724377654,B_C,,,,,,,,,,,
P09758_and_Q9UHX3,0.24624548644436556,0.2199065648531495,0.19908458382764543,24.194963503649618,63.3089502762431,-21854.50582789181,B_C,,,,,,,,,,,
P09758_and_Q5EBL8,0.30192061053788166,0.21985982958253522,0.08837409214972318,18.07008771929823,43.77506172839509,-1184.389265541196,B_C,,,,,,,,,,,
P09758_and_Q7Z4W2,0.3007027724911016,0.21982625530604544,0.10917015085952482,22.06764044943816,56.007407407407406,-5831.878675077048,B_C,,,,,,,,,,,
P09758_and_Q8N2X6,0.30826197230367897,0.219810048499925,0.13318869349484805,14.637871287128712,35.062517006802736,-2219.724500908489,B_C,,,,,,,,,,,
P09758_and_Q8NGP2,0.29099131152185936,0.21980563240861764,0.11741709917771177,21.869191919191938,63.91468965517241,-2503.64606222685,B_C,,,,,,,,,,,
P09758_and_Q8NH63,0.29058293515461314,0.21978666016606696,0.07526940182789611,23.08383742911154,55.65759493670887,-16389.563153782343,B_C,,,,,,,,,,,
P09758_and_Q30KR1,0.31595734186571056,0.2197725198824709,0.1077454547326074,16.368070953436803,44.42426470588235,-895.5760317396894,B_C,,,,,,,,,,,
P09758_and_P0DY27,0.31595734186571056,0.2197725198824709,0.1077454547326074,16.368070953436803,44.42426470588235,-895.5760317396894,B_C,,,,,,,,,,,
P09758_and_P23469,0.2969562531765929,0.21975095866623712,0.15936152779307586,25.920842572062092,62.52848837209299,-4407.957752448683,B_C,,,,,,,,,,,
P09758_and_Q96A99,0.25904342229861704,0.2197099753056175,0.1526088119879525,22.10627530364373,66.7857594936709,-8355.306131467223,B_C,,,,,,,,,,,
P09758_and_O00337,0.2965331618668977,0.21968427524887335,0.13513919317883916,25.873107569721135,47.81095238095238,-5314.033122295298,B_C,,,,,,,,,,,
P09758_and_Q15109,0.2627283434235414,0.21965588898744018,0.12591093795712993,18.412062256809328,53.02924657534246,-1078.974967362934,B_C,,,,,,,,,,,
P09758_and_P13236,0.3134458963136696,0.21954399798432553,0.16352226227915315,18.99032258064514,55.56468749999999,-1430.3536639031022,B_C,,,,,,,,,,,
P09758_and_Q9H1Z8,0.3021521754365457,0.2195272660993118,0.10492908827795698,18.009025974025995,44.79882681564246,-437.1717951861792,B_C,,,,,,,,,,,
P09758_and_O75388,0.28650800789742087,0.2194882976403582,0.15749552930009553,22.924829351535816,61.25410714285716,-4547.077059880565,B_C,,,,,,,,,,,
P09758_and_P59190,0.28983013520598566,0.21948333791704583,0.09302148234389082,20.801313320825514,57.94834319526626,-1047.7458610097426,B_C,,,,,,,,,,,
P09758_and_Q96SL4,0.29321736869592796,0.21947848572551806,0.12096945782089877,18.880569948186544,65.20394957983193,-9456.02406261238,B_C,,,,,,,,,,,
P09758_and_Q496F6,0.28628373183177386,0.2194664875978375,0.09483999143378227,19.434279918864114,54.24020408163264,-6143.39359938577,B_C,,,,,,,,,,,
P09758_and_Q8N146,0.29096324648566674,0.21943817557182627,0.09451543854247925,23.383951612903232,60.84226744186045,-8001.931080560433,B_C,,,,,,,,,,,
P09758_and_A6NM45,0.28705122294206953,0.2194345917622298,0.08936602334982746,20.35240963855422,53.24327683615819,-2605.015875890669,B_C,,,,,,,,,,,
P09758_and_P13497,0.27382609366220134,0.21940889388880164,0.2618330223765967,24.64928756476687,57.44166666666666,-7834.5412192981485,B_C,,,,,,,,,,,
P09758_and_Q8NH05,0.2892911310080123,0.21940222850326335,0.16489840368228656,21.311608623548917,59.010602409638544,-4280.271523645973,B_C,,,,,,,,,,,
P09758_and_P00747,0.3002571944286726,0.21939493168101953,0.3932652867118062,25.53169291338581,54.208733624454155,-6889.35811095731,B_C,,,,,,,,,,,
P09758_and_Q9Y5E5,0.2656632912015778,0.2193513905480982,0.22204777337710344,24.558922558922564,65.02371428571432,-3354.8341374383344,B_C,,,,,,,,,,,
P09758_and_O14525,0.26793132529529806,0.2193384200486447,0.11536272491949841,25.56309111880046,49.41896694214876,-7355.2400463675585,B_C,,,,,,,,,,,
P09758_and_Q9NRU3,0.24229629773884376,0.2192968621521246,0.12679928172987062,25.728063725490163,61.159594594594616,-2454.400933069621,B_C,,,,,,,,,,,
P09758_and_P28336,0.28242635580613246,0.21927981173877056,0.40866641947451865,23.752987861811373,48.58348837209304,-2319.9995564461206,B_C,,,,,,,,,,,
P09758_and_Q8NGX5,0.2902173676779197,0.21927542514935897,0.1664569782329318,22.000899999999998,67.55311258278145,-1965.5812232447017,B_C,,,,,,,,,,,
P09758_and_P30968,0.2834989677859096,0.21921819081066626,0.1635908067724617,20.449882903981273,61.627767857142885,-2419.4098126574963,B_C,,,,,,,,,,,
P09758_and_Q5JZY3,0.245845969079514,0.21920430839619895,0.2689350726750076,24.3147714604236,62.2476439790576,-14384.8731110702,B_C,,,,,,,,,,,
P09758_and_P56748,0.28601346667133404,0.21918294539735772,0.06350715313904988,18.506921487603304,46.52546099290779,-1395.6490211766086,B_C,,,,,,,,,,,
P09758_and_P01588,0.2914907081233038,0.2191623108917353,0.14061906167881305,20.746168958742636,65.61701388888892,-20262.35539032582,B_C,,,,,,,,,,,
P09758_and_Q9BX93,0.2920703893330073,0.2191564474429019,0.068067705124205,19.160364464692492,55.3406766917293,-14319.51419568899,B_C,,,,,,,,,,,
P09758_and_Q8NGN0,0.2882248401834008,0.21915469684265118,0.16601740657091588,20.811925795053025,57.58080246913577,-3590.663075458858,B_C,,,,,,,,,,,
P09758_and_P01137,0.2657337109638889,0.21915161512629458,0.13737801817536055,18.889687500000015,55.664123711340196,-1587.9105089141449,B_C,,,,,,,,,,,
P09758_and_Q9P0K1,0.2767353011879573,0.21914771282462175,0.4483265324267053,25.919882468168485,59.51235074626865,-2752.43527326249,B_C,,,,,,,,,,,
P09758_and_Q9Y6Y9,0.2986600127964939,0.21909465436851305,0.12136151101405318,20.1926229508197,63.15237179487178,-2471.530391736324,B_C,,,,,,,,,,,
P09758_and_Q9UPY5,0.2972061107464048,0.21907140316699922,0.1403835834002205,24.3015170670038,52.68013761467894,-3884.308921128239,B_C,,,,,,,,,,,
P09758_and_Q9H210,0.2928275959645177,0.21901933953124056,0.14400241586105728,22.543457943925226,59.55952054794522,-4884.958665882096,B_C,,,,,,,,,,,
P09758_and_Q8NHC6,0.29120002787947175,0.21901418823586727,0.1241956851735202,20.62504990019959,61.839785714285696,-8087.1096511837195,B_C,,,,,,,,,,,
P09758_and_Q13510,0.29892001802670237,0.219001198779493,0.10001246347271026,22.105135135135125,64.80698529411767,-1447.8012651057006,B_C,,,,,,,,,,,
P09758_and_Q8N608,0.318130382325319,0.2189933850431776,0.193187192396591,24.886744186046503,71.36116666666669,-17292.891813720453,B_C,,,,,,,,,,,
P09758_and_P14923,0.287369258028059,0.21895141430037302,0.11255155792438884,25.6999300699301,60.95278606965177,-2739.618282757977,B_C,,,,,,,,,,,
P09758_and_Q6IWH7,0.3055701168499435,0.21893836466854333,0.10663315618615037,25.92376873661672,60.07189024390243,-6490.923091376622,B_C,,,,,,,,,,,
P09758_and_P59922,0.2895420997929676,0.21891574392474272,0.17591691531539508,22.293711656441726,62.826666666666625,-6160.31528468809,B_C,,,,,,,,,,,
P09758_and_A0A0B4J266,0.30776550147820136,0.21887450709847417,0.1748625960716248,19.145873320537447,63.66671532846719,-1239.6213727500703,B_C,,,,,,,,,,,
P09758_and_P56856,0.2834238191843095,0.21884504185286607,0.0829890995553333,16.90408759124088,42.35938271604938,-1205.115541370833,B_C,,,,,,,,,,,
P09758_and_Q8NGI1,0.2909685616481446,0.21884292285127127,0.10609792411498105,21.070382882882885,55.95102941176472,-12205.941123771237,B_C,,,,,,,,,,,
P09758_and_Q8NHV5,0.2935212243177304,0.218840740831057,0.07817459249356365,21.40983606557379,49.92255319148934,-9661.38434894549,B_C,,,,,,,,,,,
P09758_and_Q8NGQ4,0.291435089389168,0.2188374860304222,0.13128972180250925,20.79213780918725,62.01385093167704,-3879.8109960191628,B_C,,,,,,,,,,,
P09758_and_O60844,0.2964952793842488,0.21882959400404228,0.12755577225142187,21.122920892494918,64.70780821917809,-1444.3334032826067,B_C,,,,,,,,,,,
P09758_and_P78536,0.2675921430536574,0.2187850750413859,0.1914780679833434,24.580985915492935,55.195641025641024,-4507.846489541345,B_C,,,,,,,,,,,
P09758_and_Q8NGP3,0.29193483806204645,0.21874819178333688,0.18982084124867232,21.172033898305056,61.88585034013604,-3305.172384336149,B_C,,,,,,,,,,,
P09758_and_P09919,0.2900863182191615,0.21868595933681304,0.1335037883345707,16.386298076923087,57.36141666666669,-2245.0239973245693,B_C,,,,,,,,,,,
P09758_and_A6NC62,0.3158366601676247,0.21868304907393815,0.11670024382595708,15.684497816593877,24.569008264462816,-945.4509480087781,B_C,,,,,,,,,,,
P09758_and_Q8NGZ2,0.2851886885691283,0.21868082258208899,0.11517319086326676,21.8647810218978,59.26940397350991,-7543.939108447563,B_C,,,,,,,,,,,
P09758_and_Q9HCQ7,0.2852243382855493,0.21866607617065645,0.06286449476730317,19.406191588785042,30.000381679389307,-1166.4909850316617,B_C,,,,,,,,,,,
P09758_and_Q9BV57,0.2938344175533373,0.21866399731160352,0.15186909125576292,22.444395604395613,66.07770370370375,-11451.212145117035,B_C,,,,,,,,,,,
P09758_and_P49841,0.29668187481442837,0.21861716770556716,0.12552837513809953,21.929094412331384,62.89225274725276,-3676.747237312216,B_C,,,,,,,,,,,
P09758_and_Q15063,0.2898250951995882,0.2185889162155233,0.11454931217468944,25.580676328502392,65.02074324324326,-15709.689246998061,B_C,,,,,,,,,,,
P09758_and_P17302,0.2568462794665529,0.21858167322973282,0.11266141226725263,22.21161504424776,46.280854700854704,-11081.158860815323,B_C,,,,,,,,,,,
P09758_and_Q99680,0.26976743178273266,0.21857078279418565,0.16910841757186623,22.285100742311784,59.84420560747663,-1764.16971598483,B_C,,,,,,,,,,,
P09758_and_Q9UN74,0.2650401611538242,0.21856107339583375,0.17380171797364946,24.882773109243733,67.59074380165288,-3225.5163054029254,B_C,,,,,,,,,,,
P09758_and_Q6UXH0,0.29161831917668257,0.21855086452079941,0.042258949205463386,15.984192037470718,49.829682539682544,-3232.5470174756247,B_C,,,,,,,,,,,
P09758_and_Q6UXG2,0.2878707832937446,0.21854190058846015,0.2851337823680001,25.737326120556414,48.267630331753544,-19722.151875070173,B_C,,,,,,,,,,,
P09758_and_P10720,0.3106417880571126,0.21854098665647492,0.07169973626204983,17.689468085106398,43.003,-958.3304375469088,B_C,,,,,,,,,,,
P09758_and_P30953,0.2916855619888034,0.21852414549438648,0.1118053243381717,22.25467128027681,59.09104046242783,-7192.930023155139,B_C,,,,,,,,,,,
P09758_and_Q9ULV1,0.2706785495941405,0.21850475517812776,0.09625907896450579,23.081690140845062,57.66701388888888,-3719.9597448043187,B_C,,,,,,,,,,,
P09758_and_P01116,0.2926646909434373,0.21845730497434937,0.10974601732014615,21.440339892665452,61.999999999999986,-1430.4670362938562,B_C,,,,,,,,,,,
P09758_and_P43353,0.30803844985928663,0.2184393999168834,0.18845450470895606,23.387585421412343,65.61237037037034,-2552.2171271940656,B_C,,,,,,,,,,,
P09758_and_F5H094,0.3040301429232154,0.2184381674766906,0.23517770734402782,26.149339430894276,61.58258064516127,-8723.996070145771,B_C,,,,,,,,,,,
P09758_and_Q8NGY2,0.29032238695772267,0.21842233787701848,0.20792995327175895,21.835513245033116,54.802727272727275,-5040.405169375765,B_C,,,,,,,,,,,
P09758_and_Q9UKZ9,0.2649822157938704,0.21830357862657468,0.05300410290056637,20.889308176100617,60.73829787234045,-2012.4050960044488,B_C,,,,,,,,,,,
P09758_and_P16519,0.3004996439389561,0.21828902058264352,0.2213258035940632,23.37949479940561,64.48174999999998,-8801.855974432605,B_C,,,,,,,,,,,
P09758_and_P56749,0.2773844207253836,0.21827214135238718,0.1026110905647785,21.446095238095204,47.79945578231292,-7024.793735328069,B_C,,,,,,,,,,,
P09758_and_Q11201,0.28726056971956027,0.21826589187748513,0.17128077673489459,19.786227045075123,63.188048780487826,-1234.7688840472113,B_C,,,,,,,,,,,
P09758_and_Q9NS75,0.28028477362951154,0.21820269109582507,0.1364245849393355,23.322434210526325,58.45680203045685,-2513.379798254964,B_C,,,,,,,,,,,
P09758_and_P36955,0.2980682956364463,0.21817662728250886,0.10222591672725508,22.14938900203665,61.24947019867546,-4612.892668458859,B_C,,,,,,,,,,,
P09758_and_P10301,0.28625135125980894,0.2181759173753601,0.0729686421973117,20.36902552204175,56.737697841726636,-5318.592469175489,B_C,,,,,,,,,,,
P09758_and_Q9BY15,0.2518748773341826,0.21817230264106988,0.12485535220965757,23.3955105633803,61.795548780487835,-7748.434815286218,B_C,,,,,,,,,,,
P09758_and_Q8NGG8,0.29038157345617355,0.21808324705290497,0.16784699648422485,23.033882783882742,60.3870945945946,-8497.154714136232,B_C,,,,,,,,,,,
P09758_and_Q9BRT3,0.3069414668380307,0.2180790428692426,0.18943765669272383,18.530511811023597,50.77426356589147,-1330.6725446891112,B_C,,,,,,,,,,,
P09758_and_Q13093,0.29816551405540614,0.21806963084648068,0.14709258372235848,22.44883138564275,55.21452736318408,-4716.749292588511,B_C,,,,,,,,,,,
P09758_and_Q13606,0.2901333428262179,0.21804186451541285,0.14147610590623969,21.724552845528432,59.41697530864197,-7155.697042926204,B_C,,,,,,,,,,,
P09758_and_Q7Z5H5,0.27513906221435797,0.21800117533041102,0.108779495938692,20.43464673913038,57.17487046632127,-14465.321370836107,B_C,,,,,,,,,,,
P09758_and_P48023,0.27612487502453326,0.21799579171726452,0.046913257537578745,21.349568965517225,57.72627659574468,-5526.490603240054,B_C,,,,,,,,,,,
P09758_and_Q86W26,0.2873031438713112,0.21798339893823393,0.2681162525877826,25.662252964426877,52.34243243243243,-11841.132359049809,B_C,,,,,,,,,,,
P09758_and_Q9BZL6,0.2608836972359877,0.2179521334780401,0.07041688704990273,25.006178861788598,51.72788043478261,-4602.006909846321,B_C,,,,,,,,,,,
P09758_and_Q8IZJ1,0.2587360610482474,0.2179355889831427,0.28582305283264303,25.423101265822766,61.233898305084736,-15673.710407247097,B_C,,,,,,,,,,,
P09758_and_Q8NGM9,0.289956822458324,0.21786330098669576,0.12627219142019103,22.659652509652503,61.625761589403986,-7679.440545673295,B_C,,,,,,,,,,,
P09758_and_A6NH00,0.29125161849715986,0.21780922659545598,0.1174408476336152,19.369565217391287,59.33070866141732,-2902.3000897349484,B_C,,,,,,,,,,,
P09758_and_Q96FL8,0.30196024782943776,0.21776828099846465,0.1933910467632063,22.741753653444693,53.60167832167835,-4379.50909032075,B_C,,,,,,,,,,,
P09758_and_O00219,0.30917039221829024,0.21775380731433316,0.16034621929314485,24.16051805337516,67.67420212765958,-5809.890133529777,B_C,,,,,,,,,,,
P09758_and_Q9NZD1,0.2737972690763608,0.21774020486744883,0.07305716564576943,23.235532994923858,52.71140939597317,-4866.427653795433,B_C,,,,,,,,,,,
P09758_and_Q9H3S3,0.2865569880182104,0.21766725773496043,0.2283026601648416,20.174003189792632,68.02736842105263,-18735.703659363404,B_C,,,,,,,,,,,
P09758_and_P04003,0.2434872825266628,0.21765687429940583,0.028251379912062835,24.944285714285705,60.03913043478261,-7424.955581302238,B_C,,,,,,,,,,,
P09758_and_Q8NDX2,0.2876417288337185,0.21760255725357136,0.19869586228561326,23.56934959349591,49.682681564245804,-3285.5161509933323,B_C,,,,,,,,,,,
P09758_and_P42892,0.30845175333418695,0.21759165913164571,0.6954879494150658,26.757551020408144,54.336884272997,-4109.62547417922,B_C,,,,,,,,,,,
P09758_and_Q8TCG2,0.27816133276125266,0.2175723894020957,0.09520908284612521,22.24660347551342,61.71933701657459,-7157.223462666992,B_C,,,,,,,,,,,
P09758_and_Q8TAF8,0.2838026214895589,0.2175674540834317,0.10771047570164549,18.20121951219514,48.583492063492066,-2037.5871436807033,B_C,,,,,,,,,,,
P09758_and_A0A1B0GX51,0.3050603528247827,0.21741119394536867,0.09631956177200725,20.97875000000003,65.9391666666667,-1448.9820856519946,B_C,,,,,,,,,,,
P09758_and_A6NM76,0.28655125276368965,0.21741029487106217,0.13944265453762889,22.33573596358117,59.30284916201119,-5300.02288540035,B_C,,,,,,,,,,,
P09758_and_Q15612,0.2889980620412029,0.21738790731841717,0.15181931764287296,21.603797468354404,60.021104294478484,-2744.3456017748276,B_C,,,,,,,,,,,
P09758_and_Q8NGS4,0.28973339020325073,0.21732745850483698,0.12888898461365347,21.07224489795918,59.37692307692308,-7206.625141914538,B_C,,,,,,,,,,,
P09758_and_Q13255,0.2674190992035278,0.21729006322967062,0.10656965275766671,26.701892430278875,60.88888268156428,-4976.776529744242,B_C,,,,,,,,,,,
P09758_and_P48145,0.28583840020048634,0.21724228794381328,0.2644029161281574,22.107995365005802,58.37706730769231,-4076.7461311921734,B_C,,,,,,,,,,,
P09758_and_Q7Z698,0.2593785130176136,0.21722009690023153,0.34753176013771364,23.257114818449487,60.36884000000001,-1425.4340104620933,B_C,,,,,,,,,,,
P09758_and_Q8NGY5,0.29317830906490155,0.21721813811855853,0.15063676821328847,21.948715203426158,65.85950704225353,-2706.6476736837126,B_C,,,,,,,,,,,
P09758_and_P31997,0.2713358382043141,0.21720385592636543,0.1499152618354312,23.51234309623434,63.8588484848485,-4973.919165426653,B_C,,,,,,,,,,,
P09758_and_Q16625,0.24807395973034466,0.21717823133679248,0.10101394442023119,24.470483193277328,51.23381502890175,-5490.353319622522,B_C,,,,,,,,,,,
P09758_and_Q9Y217,0.3018068251514357,0.2171663387380698,0.13659211376045632,23.77995391705068,66.21187500000002,-2956.063415787398,B_C,,,,,,,,,,,
P09758_and_P01111,0.29138335771621704,0.2170780810693522,0.10946234425468072,21.509753787878758,60.650187500000015,-1507.8080469126944,B_C,,,,,,,,,,,
P09758_and_B1AKI9,0.2578629614225484,0.21706221314894167,0.21825046987160351,22.204417177914113,54.886868686868674,-15110.440322597544,B_C,,,,,,,,,,,
P09758_and_Q765I0,0.30276671454477844,0.21700913070637176,0.07259533274943895,15.079491525423737,26.680198019801978,-672.8043900743178,B_C,,,,,,,,,,,
P09758_and_P01298,0.30979214402238064,0.21699776160106393,0.10475941120847963,17.463456090651547,39.72854368932039,-2457.780815409862,B_C,,,,,,,,,,,
P09758_and_Q8NH81,0.2878812722655217,0.2169497810937709,0.16602249106155934,22.70095155709342,61.25433962264151,-4669.533901610422,B_C,,,,,,,,,,,
P09758_and_Q13231,0.29308028288844573,0.21694429425188677,0.24701767292327798,19.734464285714296,55.59210000000004,-2661.1843952220106,B_C,,,,,,,,,,,
P09758_and_Q8TDV2,0.27002031168204355,0.21694424381025443,0.07727029979575062,23.364260249554345,59.4430939226519,-2712.0024128068535,B_C,,,,,,,,,,,
P09758_and_P01225,0.3022300960022187,0.2169393501256804,0.08399395624650015,17.945582706766917,50.49073529411764,-1784.8676818616823,B_C,,,,,,,,,,,
P09758_and_Q8TCW7,0.2644541810820147,0.21686511876448894,0.155998059721228,20.187916666666663,54.53657276995303,-1123.108193680062,B_C,,,,,,,,,,,
P09758_and_Q96LB9,0.2682774941276582,0.21686040561132294,0.09976849278695743,21.210251798561135,60.465027322404396,-3744.4547727802055,B_C,,,,,,,,,,,
P09758_and_Q8IWY4,0.2757617896008704,0.21683694391328018,0.24074228327151553,25.481004366812208,51.94789772727278,-10173.263945200933,B_C,,,,,,,,,,,
P09758_and_A0A075B6R2,0.3052867029666315,0.2167997629411338,0.13185842873188486,18.445121951219516,62.57803278688527,-1413.90396294194,B_C,,,,,,,,,,,
P09758_and_O95006,0.28706197365711417,0.21679914618659094,0.10583180185876045,23.617826825127338,62.89420454545455,-7137.812504388597,B_C,,,,,,,,,,,
P09758_and_Q9UBY0,0.268314106338005,0.2167841986695676,0.037010096445069224,25.292974238875868,40.43718390804595,-3005.3305275741805,B_C,,,,,,,,,,,
P09758_and_P40933,0.29587561638955034,0.2167807162410058,0.10995068086350607,20.403510638297846,49.483507462686575,-17389.406915251137,B_C,,,,,,,,,,,
P09758_and_Q30KP9,0.3160893490493756,0.21675468417238464,0.05103850309972248,18.582103825136613,50.23210526315788,-1195.846074549072,B_C,,,,,,,,,,,
P09758_and_Q7Z2D5,0.2449465120718518,0.21675432340359366,0.08846478245302548,23.98030634573307,50.16785714285716,-5965.025924788581,B_C,,,,,,,,,,,
P09758_and_P41597,0.2759537850639965,0.21673561869096314,0.0917870814480165,24.53261802575109,59.582283950617274,-3295.8858172059518,B_C,,,,,,,,,,,
P09758_and_Q8NGF6,0.2897912363303178,0.21673351471309654,0.12604928144740926,21.68735955056177,64.01013333333334,-7506.122715874658,B_C,,,,,,,,,,,
P09758_and_Q9Y258,0.3106525542591343,0.2167230751927482,0.12305262242314231,17.6234335839599,49.446016949152536,-1508.295208853561,B_C,,,,,,,,,,,
P09758_and_P78348,0.2858520031003676,0.21671523501402934,0.12323279454281826,23.63148893360162,62.082125,-15207.20051497573,B_C,,,,,,,,,,,
P09758_and_P26842,0.27354278053654835,0.2166871657627835,0.11364037485487295,20.4683098591549,52.99583850931677,-7638.4986325063755,B_C,,,,,,,,,,,
P09758_and_P0DY26,0.313461562082068,0.21665272285448528,0.13476719922176747,17.345096153846168,38.49863636363636,-1252.751721742915,B_C,,,,,,,,,,,
P09758_and_O95841,0.2519154764275869,0.21662371274291903,0.4640645223210829,25.26670822942642,67.1920454545455,-2304.154173261778,B_C,,,,,,,,,,,
P09758_and_P51151,0.28714504171407285,0.2166105544096079,0.10948139940040262,21.265204678362565,61.113401360544216,-17694.75286264228,B_C,,,,,,,,,,,
P09758_and_Q8NGQ6,0.2913240135672054,0.21660643046028658,0.144627291469943,19.96387711864407,54.64460431654676,-5614.04119601608,B_C,,,,,,,,,,,
P09758_and_P48065,0.30470428286091455,0.21649396773155616,0.2569865068689292,25.701600985221667,67.9225490196078,-6017.782523100129,B_C,,,,,,,,,,,
P09758_and_Q9NZP5,0.2904715415336644,0.21648600630550605,0.09278726353128243,23.055068728522315,62.45940828402367,-12588.085969885633,B_C,,,,,,,,,,,
P09758_and_Q9H7M9,0.268658768959798,0.21636761937379345,0.07981498317801579,21.83793969849246,59.15430379746835,-16624.317616260665,B_C,,,,,,,,,,,
P09758_and_O76000,0.29009442918506023,0.21635620186975438,0.14144232113041202,21.92089041095889,68.20175182481752,-2807.7912994086364,B_C,,,,,,,,,,,
P09758_and_Q8NH94,0.28307069102601423,0.21632478947089245,0.22280698636246643,22.075828460039,56.45799999999999,-7476.005805609795,B_C,,,,,,,,,,,
P09758_and_P11464,0.2566534722664688,0.21625777254991901,0.2663777864594589,18.992616033755308,67.27063492063492,-1330.8770539967318,B_C,,,,,,,,,,,
P09758_and_Q96DX4,0.28825126979642746,0.21620505296264128,0.2691927504864359,23.8497678018576,48.86742718446603,-8465.328166104735,B_C,,,,,,,,,,,
P09758_and_Q9Y5F2,0.2567863710877786,0.21617265546483672,0.30017983346447064,24.46696859903379,65.72145161290321,-2357.8242593561117,B_C,,,,,,,,,,,
P09758_and_P57739,0.28228933221818614,0.2161512115633321,0.10505301773083658,19.044285714285717,46.94393750000002,-3561.9982990117464,B_C,,,,,,,,,,,
P09758_and_P62079,0.27532884443252514,0.21614464794160204,0.15147196311835393,21.39364326375712,57.08463768115941,-11788.333587490695,B_C,,,,,,,,,,,
P09758_and_Q96RD0,0.2875313141015948,0.21612445396370952,0.10797502064535038,20.377395577395568,57.45761904761905,-2819.1497646300136,B_C,,,,,,,,,,,
P09758_and_Q8NGK2,0.28835052582755316,0.21609589435610682,0.09885089088131598,21.655470459518575,59.21977611940296,-4510.54696438674,B_C,,,,,,,,,,,
P09758_and_P10643,0.2755157070623383,0.21605396414085548,0.21453298698790138,24.700059241706104,61.7523880597015,-6621.293252782216,B_C,,,,,,,,,,,
P09758_and_Q15256,0.2561784582059909,0.21602386379524516,0.10246491854887453,22.73743961352655,66.77304054054053,-20684.21684053049,B_C,,,,,,,,,,,
P09758_and_Q9H346,0.28875795100254403,0.21599492862430358,0.09715619186401472,21.08997797356828,58.085984848484834,-4942.427483953729,B_C,,,,,,,,,,,
P09758_and_Q7Z6M3,0.26104751914917523,0.21599262780690442,0.52425692875912,24.365907241659855,64.32475982532752,-1758.8742603128467,B_C,,,,,,,,,,,
P09758_and_Q9NYX4,0.2824237946800328,0.21599215418431125,0.12351922320234028,17.09046391752578,43.36370370370371,-1070.8276886036874,B_C,,,,,,,,,,,
P09758_and_Q9Y5E6,0.2715089131777974,0.2159890231078582,0.14619071660984323,24.471669218989312,64.90549707602342,-3414.0387785977873,B_C,,,,,,,,,,,
P09758_and_Q8NFJ9,0.2772248922010344,0.215962666468699,0.12547079057150384,23.880606617647082,63.46584337349397,-18812.905490763642,B_C,,,,,,,,,,,
P09758_and_Q9GZU1,0.2856771472432525,0.215941003845529,0.0565472394901997,22.139510489510517,64.39894230769231,-13408.296714256514,B_C,,,,,,,,,,,
P09758_and_O95278,0.29517623887826344,0.21591477516352509,0.18643981072360047,22.225176056338015,55.08883720930232,-15716.463676723914,B_C,,,,,,,,,,,
P09758_and_Q15615,0.2840535215463177,0.21590904830535004,0.12421530893751964,21.513934426229483,58.11768707482994,-4267.296406611461,B_C,,,,,,,,,,,
P09758_and_O00155,0.28170569975319903,0.21590542885535596,0.1479474574018001,21.35903693931398,57.80687500000003,-13570.365437590513,B_C,,,,,,,,,,,
P09758_and_P58062,0.31218332126670734,0.21588797483463845,0.07882535315019341,18.277953890489904,47.86865546218487,-1770.5929064083311,B_C,,,,,,,,,,,
P09758_and_Q5GH70,0.2881876240244037,0.21585970109720015,0.11100312465415996,22.345081967213137,60.21257894736842,-5104.574514471087,B_C,,,,,,,,,,,
P09758_and_P05187,0.3073791701313058,0.21585919184400787,0.6514524041277877,25.849747729566072,54.532747747747784,-6125.886018836379,B_C,,,,,,,,,,,
P09758_and_Q8TDQ0,0.27132479497360595,0.21582793837083686,0.12211328751514122,20.047619047619094,48.46420731707316,-2023.6784783877847,B_C,,,,,,,,,,,
P09758_and_O15173,0.2829788885458359,0.2157849847822894,0.12648359027555175,19.58387850467289,60.74266187050361,-1855.0327014533905,B_C,,,,,,,,,,,
P09758_and_Q8NEU8,0.2573122554401406,0.2157340699179052,0.03560347863517081,25.381543624161047,50.29201680672268,-10313.470850642574,B_C,,,,,,,,,,,
P09758_and_Q4U2R8,0.2902166271156681,0.21572283888867969,0.057415737632240574,24.764154786150723,43.83883116883118,-3462.505925938898,B_C,,,,,,,,,,,
P09758_and_Q9NZK7,0.29839268694987114,0.2157098827075832,0.12031709962790083,21.031718061674024,62.61732394366196,-4863.642301685872,B_C,,,,,,,,,,,
P09758_and_A0A2R8YED5,0.289152548391927,0.21569973331637238,0.14209343890751555,22.675,58.78465753424657,-6379.252332895837,B_C,,,,,,,,,,,
P09758_and_Q14332,0.2740451702963568,0.21567824506082245,0.16803164950513,23.580637813211844,49.13008771929825,-2583.87526089287,B_C,,,,,,,,,,,
P09758_and_Q99674,0.266095629159469,0.21567777864846857,0.08097380996677159,19.475045372050815,44.853546099290774,-8699.899081269295,B_C,,,,,,,,,,,
P09758_and_P08034,0.27269847004894276,0.21566190873154178,0.1611136511219257,19.14668458781361,55.0231543624161,-1679.4089214399382,B_C,,,,,,,,,,,
P09758_and_P0C617,0.28662324326501687,0.2156420390845838,0.14427404755049367,20.94775967413443,57.316344827586235,-8354.902020874566,B_C,,,,,,,,,,,
P09758_and_Q8NFT2,0.2714012643899024,0.2156369035916516,0.12652719324369976,22.83907480314959,64.2122,-2527.0890436636596,B_C,,,,,,,,,,,
P09758_and_Q96R72,0.2763775330059227,0.21560558020920217,0.12426236917955975,22.485691056910564,54.92661016949148,-4352.468504899319,B_C,,,,,,,,,,,
P09758_and_Q86VI4,0.2703469371309777,0.21559114723287998,0.08569085032895768,16.041277890466525,41.71416666666668,-3510.3521266661137,B_C,,,,,,,,,,,
P09758_and_Q8NG83,0.2887456749727092,0.21558663010809462,0.13173945063687942,21.17853053435113,57.03532467532467,-3890.126711803862,B_C,,,,,,,,,,,
P09758_and_P01112,0.2898974293420864,0.21553951615026973,0.11110295994044339,21.50344168260039,58.71032894736844,-2177.040676790756,B_C,,,,,,,,,,,
P09758_and_P62955,0.2709620986536928,0.215536342925083,0.12111521100044924,17.889819587628867,40.85241666666666,-2214.300768081803,B_C,,,,,,,,,,,
P09758_and_Q08648,0.3064940808386737,0.21552259245799466,0.08811328981669883,15.40371972318342,26.639763779527552,-667.6376559085393,B_C,,,,,,,,,,,
P09758_and_Q8TBJ4,0.2645245994111868,0.21550191820841758,0.08354875372837937,23.590204081632624,46.306715328467156,-2510.5061812745844,B_C,,,,,,,,,,,
P09758_and_Q9BSN7,0.282625599786016,0.21540312428491867,0.08192913722715942,19.352850162866435,42.42587878787879,-2227.6191371279165,B_C,,,,,,,,,,,
P09758_and_P01780,0.3008890159283245,0.21540157934683504,0.13743597232465438,20.461121673003785,64.65307142857144,-1886.1697852665056,B_C,,,,,,,,,,,
P09758_and_Q8N3I7,0.27947121139605546,0.21537820185837858,0.19334008654038398,20.98568935427574,67.58878378378381,-5155.105459430562,B_C,,,,,,,,,,,
P09758_and_A0A0A0MS04,0.3045171277571468,0.2153743272621727,0.08847227811426667,21.11500000000002,52.61481751824818,-4227.717036313582,B_C,,,,,,,,,,,
P09758_and_Q9H1J5,0.27792258537846776,0.21535598221418098,0.2209397406662289,21.192279942279967,64.42615853658533,-5187.186436438725,B_C,,,,,,,,,,,
P09758_and_Q86YW5,0.26766100738116305,0.21533247923751828,0.08637587360549376,18.01992084432717,56.77672000000001,-12072.171831406047,B_C,,,,,,,,,,,
P09758_and_Q8NG95,0.28930231378372795,0.21531971612257228,0.20113262488471795,22.811083333333343,60.596602564102575,-9977.775592626276,B_C,,,,,,,,,,,
P09758_and_Q8NGR4,0.2881940526526253,0.21531068358543343,0.14511167971653294,21.498434622467762,55.63122580645164,-8462.995813489066,B_C,,,,,,,,,,,
P09758_and_Q13607,0.2879702274108098,0.21526228263106195,0.1337152326434946,22.073995271867627,66.31519083969467,-2309.8593526151153,B_C,,,,,,,,,,,
P09758_and_Q96PH1,0.29152478152980255,0.21525439865499885,0.10354913041951232,24.449201596806393,47.58790419161675,-3600.840999999269,B_C,,,,,,,,,,,
P09758_and_Q86Y38,0.2965461688897014,0.21525254790674453,0.27831004981928714,26.150000000000038,60.73093220338981,-3579.94099107739,B_C,,,,,,,,,,,
P09758_and_A0A0A6YYK7,0.3038404816168333,0.21525142963019264,0.055110038496885144,19.612585812356965,57.03895522388059,-2559.7530069569875,B_C,,,,,,,,,,,
P09758_and_Q96DB9,0.28633032994942254,0.21524211123558984,0.06223836501428312,16.92125435540069,24.76597701149425,-1504.639239404054,B_C,,,,,,,,,,,
P09758_and_Q92496,0.24271318919687426,0.21520414166486423,0.133966481740867,25.75095693779902,62.303441558441556,-1281.5954693520416,B_C,,,,,,,,,,,
P09758_and_Q8NGD3,0.28373762271094344,0.21518317747353982,0.16955120025360398,22.017102803738343,57.19142857142856,-3673.104386762449,B_C,,,,,,,,,,,
P09758_and_Q7RTS6,0.26946933581759186,0.21518234619303536,0.0820384629230184,23.812081128747824,53.420418848167536,-2573.263958500668,B_C,,,,,,,,,,,
P09758_and_O43300,0.274938187205242,0.215178152898122,0.2277718244088772,26.22272727272729,68.68439999999997,-6020.207921237001,B_C,,,,,,,,,,,
P09758_and_A6NIJ9,0.2879683438542631,0.2151582612599342,0.15178271831982762,21.3665217391304,55.7081168831169,-8109.806293943666,B_C,,,,,,,,,,,
P09758_and_P51164,0.27260154822512767,0.21513901517850392,0.19989104491663748,22.345291095890392,66.66873333333334,-9398.108903736884,B_C,,,,,,,,,,,
P09758_and_Q9Y5F1,0.2687889830833099,0.21510706835069746,0.21160070787537621,24.504993160054703,64.93375,-4547.777960670298,B_C,,,,,,,,,,,
P09758_and_P35346,0.2770908683084309,0.21510653920926176,0.20606144279790747,24.471625344352628,64.37515981735156,-5080.579722409784,B_C,,,,,,,,,,,
P09758_and_P35326,0.31684776824359073,0.21509831002512947,0.07372240737987053,18.6367700729927,34.78773049645389,-2858.4830110725125,B_C,,,,,,,,,,,
P09758_and_Q8NFU4,0.31409360895769833,0.2150897992631365,0.07271251657227909,15.601515151515153,35.439921874999996,-903.4899525507826,B_C,,,,,,,,,,,
P09758_and_Q8IUK8,0.2832363525775967,0.21504700666688167,0.12100982110554155,18.884036144578335,61.32907692307689,-2370.486712130307,B_C,,,,,,,,,,,
P09758_and_Q8NGI4,0.28747632325651057,0.2150359622326404,0.1748683780866807,20.36185840707963,55.75316455696201,-4353.004866735236,B_C,,,,,,,,,,,
P09758_and_Q01844,0.2402251793130312,0.21501856789087231,0.20783478571171513,24.463527851458856,61.96604166666666,-7196.166769851057,B_C,,,,,,,,,,,
P09758_and_Q9BQR3,0.2795981904529615,0.21497848403123584,0.2648284412505143,20.163391304347797,62.67305389221557,-3236.7975570596686,B_C,,,,,,,,,,,
P09758_and_P59861,0.31667806301028445,0.21496860956629196,0.06880957611718934,15.380033557046989,39.48113402061854,-959.5855212670144,B_C,,,,,,,,,,,
P09758_and_Q6MZW2,0.30087356408404486,0.21496529467738795,0.4501429734731889,26.841043814433046,48.276347031963454,-7523.845024794678,B_C,,,,,,,,,,,
P09758_and_Q9HCI5,0.23772178704989333,0.2149587196601821,0.30501852297333976,26.37926666666665,55.835187499999996,-5125.000827407697,B_C,,,,,,,,,,,
P09758_and_Q16348,0.30614076620022446,0.21492285277548862,0.29964275019192654,25.501775804661488,57.82344000000001,-6403.962710598664,B_C,,,,,,,,,,,
P09758_and_Q8IVI9,0.26213066962600984,0.2148446972665659,0.07497975971989518,21.807973421926906,63.37588235294116,-2856.8402173730137,B_C,,,,,,,,,,,
P09758_and_Q4KMQ2,0.31077338795960363,0.21483209433910277,0.028333584838765725,23.71545454545454,61.463452380952376,-1813.653401898392,B_C,,,,,,,,,,,
P09758_and_P32247,0.2729577112488588,0.21479903034480413,0.3074470527145142,24.071513353115723,66.89173160173159,-2041.7294261723587,B_C,,,,,,,,,,,
P09758_and_Q9H223,0.28539300183622357,0.2147915723136269,0.23237266397116,24.516170500676616,61.50199029126215,-7676.384862639758,B_C,,,,,,,,,,,
P09758_and_O95371,0.28444358159396205,0.21474787441808638,0.13307973939736092,18.6836956521739,55.899375,-3329.058969975451,B_C,,,,,,,,,,,
P09758_and_P03979,0.3028595471622443,0.2147348230301695,0.07974313286025957,20.67118279569893,52.12791666666667,-1505.0509192108834,B_C,,,,,,,,,,,
P09758_and_P57735,0.2859633663203003,0.21470341968605738,0.1788399607657225,21.90238095238097,61.14388571428569,-1529.7033302056657,B_C,,,,,,,,,,,
P09758_and_O43868,0.2913158460491543,0.21468129530885105,0.10536636197021156,25.485143442622988,49.80563636363637,-8693.110957907218,B_C,,,,,,,,,,,
P09758_and_Q99969,0.2937296501230478,0.21466677977409276,0.12284795836209714,18.84027272727271,50.8131690140845,-1217.6743919696728,B_C,,,,,,,,,,,
P09758_and_Q9NSA1,0.28608921844421115,0.2146645468071275,0.1623117249096444,19.474670571010236,63.16333333333329,-2972.34770006127,B_C,,,,,,,,,,,
P09758_and_O95918,0.28572563715550464,0.21465688420255014,0.09754237169972702,19.770895522388045,62.144687499999975,-2787.2872297184517,B_C,,,,,,,,,,,
P09758_and_P46663,0.2827980833140399,0.21462547018642664,0.20858993070290513,19.74743589743588,54.558314606741575,-3101.7991243640427,B_C,,,,,,,,,,,
P09758_and_Q99706,0.2635193189803152,0.2146242931999487,0.38273530660147215,21.85906976744188,56.111317073170746,-1492.4467572625126,B_C,,,,,,,,,,,
P09758_and_Q00536,0.26967995040376214,0.21461752380670873,0.06701456243455875,22.072547584187436,55.18386740331488,-3572.288201054672,B_C,,,,,,,,,,,
P09758_and_P25705,0.2923815771875891,0.21454803152046012,0.10965482995071203,24.55503731343283,60.329689440993775,-7800.7661338068265,B_C,,,,,,,,,,,
P09758_and_P47893,0.28472181247187917,0.21454700102705265,0.17536264027716755,21.693238731218724,57.09845238095237,-5776.336222812332,B_C,,,,,,,,,,,
P09758_and_P55056,0.30191544778084534,0.21448394076632493,0.07516394442326972,16.217224409448832,43.54771653543307,-1719.7054221923481,B_C,,,,,,,,,,,
P09758_and_Q8NGT0,0.2839720095582774,0.21446301679073299,0.14703565480500475,22.002596153846156,56.02038216560511,-6007.390655921823,B_C,,,,,,,,,,,
P09758_and_O15294,0.30826909185937773,0.21445682127245494,0.48184227609867325,26.678537735849037,49.53649350649351,-7414.897739543388,B_C,,,,,,,,,,,
P09758_and_O00421,0.2729901838764868,0.21442844636714864,0.14452283291395335,23.245687772925805,59.47771300448431,-2552.57984170113,B_C,,,,,,,,,,,
P09758_and_Q8N148,0.28580811402204787,0.2144044465749564,0.15606218160637977,22.091124780316363,63.37141935483874,-3665.4724066431736,B_C,,,,,,,,,,,
P09758_and_Q9BSG0,0.28966464522890584,0.2144015147137608,0.1054761631403409,20.82223476297968,64.46265625000002,-1784.0425587120144,B_C,,,,,,,,,,,
P09758_and_O76076,0.2753555763521294,0.21437922332532777,0.08055697702439558,19.31623134328359,56.50907407407407,-4677.299264392399,B_C,,,,,,,,,,,
P09758_and_Q8NGT9,0.2890790614245974,0.21435511790312997,0.19430885136103676,21.693934426229514,56.96638554216865,-3361.9824130188576,B_C,,,,,,,,,,,
P09758_and_Q13214,0.30512592111825854,0.21430084601141902,0.24871391674855825,25.160057887120104,65.41988571428575,-7088.393834991803,B_C,,,,,,,,,,,
P09758_and_Q96R54,0.2871785701998544,0.21427388890954052,0.12509112601359304,20.92664543524414,58.124347826086954,-5595.613140301194,B_C,,,,,,,,,,,
P09758_and_O14894,0.28522992940872594,0.21424538607042318,0.06905137326305034,21.304904306220102,50.62605042016805,-12291.118158166671,B_C,,,,,,,,,,,
P09758_and_Q9H4D0,0.26677084075993984,0.21423150099430782,0.3672656594306257,26.491676234213532,69.68621359223307,-7118.139096907762,B_C,,,,,,,,,,,
P09758_and_O95971,0.29079770529832666,0.21422286248143185,0.13211684362060885,20.522015404364584,57.62147540983608,-1644.6539817057128,B_C,,,,,,,,,,,
P09758_and_Q30KP8,0.31427554146742864,0.21419594983379348,0.0867071243788176,15.297831050228313,39.56112,-356.51890762539006,B_C,,,,,,,,,,,
P09758_and_Q9Y5G6,0.2618069935377211,0.21419333686729214,0.08670924850993439,25.72076612903224,60.44259259259257,-21503.954613133243,B_C,,,,,,,,,,,
P09758_and_Q96RI8,0.2918539252062825,0.2141924786986037,0.2434766733010267,22.668963165075038,61.342474226804164,-4797.864224452713,B_C,,,,,,,,,,,
P09758_and_Q15057,0.24433935077894586,0.2141593600867424,0.12658977556014597,23.267594936708836,64.15926829268292,-7564.92847106007,B_C,,,,,,,,,,,
P09758_and_P0DN78,0.2800727117206151,0.21415518854271756,0.19668708626794273,21.838191244239635,65.89479262672815,-2039.535802739446,B_C,,,,,,,,,,,
P09758_and_P04001,0.2800727117206151,0.21415518854271756,0.19668708626794273,21.838191244239635,65.89479262672815,-2039.535802739446,B_C,,,,,,,,,,,
P09758_and_P0DN77,0.2800727117206151,0.21415518854271756,0.19668708626794273,21.838191244239635,65.89479262672815,-2039.535802739446,B_C,,,,,,,,,,,
P09758_and_Q99828,0.28559601147144503,0.214147925911796,0.10764699684466952,21.070842572062077,66.68894736842105,-3649.8570541062145,B_C,,,,,,,,,,,
P09758_and_O00175,0.3031358948220004,0.21411294926569133,0.07170214832617793,17.321538461538466,51.44024,-1834.11487600104,B_C,,,,,,,,,,,
P09758_and_P0DP02,0.30026585769923597,0.21409225970724927,0.11038035548980434,18.403322784810108,67.25030303030302,-2429.112495084112,B_C,,,,,,,,,,,
P09758_and_Q86XM0,0.3029680535969898,0.21408959501310743,0.22324719015205613,23.684567901234576,59.464610389610364,-2946.2463506061504,B_C,,,,,,,,,,,
P09758_and_Q969F8,0.27483642788825136,0.21403310714447957,0.14133877565201305,22.062538461538463,53.84432432432434,-4290.78906014655,B_C,,,,,,,,,,,
P09758_and_P56747,0.28372677748989794,0.21400813569442667,0.13540254110604788,19.22770432692307,41.368791208791215,-1641.5162236756769,B_C,,,,,,,,,,,
P09758_and_Q8WU66,0.26619548687540956,0.21392118449271444,0.09221096935612293,23.934814814814793,63.3051875,-5660.646087789388,B_C,,,,,,,,,,,
P09758_and_Q96R48,0.28629867190499725,0.21389989557023814,0.17454425237215687,20.91441005802708,66.52613793103447,-1806.3980680630402,B_C,,,,,,,,,,,
P09758_and_Q902F9,0.27034152128850447,0.21387470377527845,0.12239697779415346,25.588461538461516,58.63366834170853,-16686.199184699064,B_C,,,,,,,,,,,
P09758_and_P0DTU3,0.267333558276504,0.21386032863108384,0.09610819703481509,22.704962779156332,54.39755725190838,-1435.0288414064496,B_C,,,,,,,,,,,
P09758_and_P22303,0.30689371311138963,0.21379133015609836,0.1967402646758141,22.840020576131693,62.51191358024692,-18590.169027956275,B_C,,,,,,,,,,,
P09758_and_P02675,0.269564930069243,0.2137824078755353,0.1025674104002186,23.632136279926314,51.64209677419353,-6656.909223754793,B_C,,,,,,,,,,,
P09758_and_Q8IUX8,0.2470063667921158,0.21372158322823226,0.39729574799111406,22.839666872301063,58.42097014925373,-4440.418962668486,B_C,,,,,,,,,,,
P09758_and_P01767,0.30249531901681026,0.21371610435131522,0.07972067919116914,19.330518018018008,54.95110294117648,-2408.559518812304,B_C,,,,,,,,,,,
P09758_and_O95460,0.2475462367046829,0.2136907672964153,0.08391820291143096,23.280427046263345,49.525445544554465,-1326.5665895821367,B_C,,,,,,,,,,,
P09758_and_O60575,0.31088382189653074,0.21368307054676977,0.06414757265313306,18.293684210526287,47.67191304347826,-1794.576165909144,B_C,,,,,,,,,,,
P09758_and_P43629,0.2531453946542237,0.2136456231170018,0.09677026309845761,24.429386712095354,60.07495049504952,-6579.588829622773,B_C,,,,,,,,,,,
P09758_and_Q14507,0.29528891413960573,0.213643186033241,0.13113096868114676,20.398239436619733,62.02778523489935,-15235.371514058726,B_C,,,,,,,,,,,
P09758_and_Q7Z7B8,0.3092067526299805,0.21363621931829618,0.0696670689026156,19.046153846153867,46.088432835820896,-6578.663669471454,B_C,,,,,,,,,,,
P09758_and_P05090,0.28781689584915393,0.21362557939094196,0.1333393697255649,20.82202970297033,67.0026119402985,-2697.4996932342688,B_C,,,,,,,,,,,
P09758_and_A4D1S5,0.28376896770158616,0.2136176170399554,0.11528594668950531,23.10139751552794,61.3821195652174,-1886.3231915878728,B_C,,,,,,,,,,,
P09758_and_Q08431,0.257740935093442,0.21359788652609532,0.17124725302461086,22.262845528455294,60.1391111111111,-2798.980257298742,B_C,,,,,,,,,,,
P09758_and_A6NDL8,0.2869354273170769,0.21359499314719743,0.14164489161788668,21.19605009633914,54.33450331125825,-6455.149077153624,B_C,,,,,,,,,,,
P09758_and_Q12851,0.26190676756916087,0.2135515513954076,0.1811769099795753,26.04356014580808,52.184501992031876,-2893.6044987650166,B_C,,,,,,,,,,,
P09758_and_P47881,0.2851015753461812,0.21354743236595886,0.16560855706011143,22.432478632478627,61.6395597484277,-6101.474129340069,B_C,,,,,,,,,,,
P09758_and_O00212,0.28454684325271634,0.21353835632806,0.14544810876167377,22.128142076502723,64.69044303797466,-3412.7623322621425,B_C,,,,,,,,,,,
P09758_and_P08195,0.29097764108257007,0.21349399605085329,0.20316370959459248,24.478888888888882,58.62631578947367,-18961.154195548366,B_C,,,,,,,,,,,
P09758_and_P19022,0.25089008084983605,0.2134754408906027,0.18331206257744306,25.958970588235292,55.09813084112151,-2443.0610956268865,B_C,,,,,,,,,,,
P09758_and_P54764,0.24618747430226803,0.21341845350260558,0.21399765690872957,25.41722488038276,64.20145454545452,-5320.852887610042,B_C,,,,,,,,,,,
P09758_and_Q9ULK0,0.2554558741347685,0.2134059839345266,0.08557117170491661,25.918548387096802,51.79,-15611.524796920294,B_C,,,,,,,,,,,
P09758_and_O75830,0.29049310717204585,0.21340249751344728,0.2234055787238402,20.454088586030625,61.51919254658389,-5774.351617834569,B_C,,,,,,,,,,,
P09758_and_P12110,0.23130605074321028,0.21337586135734507,0.3759551736720439,25.36961702127653,50.32850980392157,-15712.470627916351,B_C,,,,,,,,,,,
P09758_and_P13591,0.25096918698572757,0.21335573499582583,0.14586885908404845,23.544457013574647,56.161492537313414,-6904.726432209205,B_C,,,,,,,,,,,
P09758_and_Q8NGI2,0.28764254221833496,0.2133190369507985,0.0908561514637584,18.663586956521755,62.08224137931034,-2304.2065664761258,B_C,,,,,,,,,,,
P09758_and_O14735,0.28110337679093356,0.21328313623806566,0.10586948068393504,19.32505030181089,59.9178947368421,-1408.0976043976952,B_C,,,,,,,,,,,
P09758_and_P60022,0.31622888108800945,0.21327229093034383,0.06094239718194433,15.964634146341474,39.08711340206187,-1253.0526547478087,B_C,,,,,,,,,,,
P09758_and_Q9NPD5,0.2962719756645592,0.21325168907984182,0.37581001177175477,25.032892249527418,63.41545064377683,-3109.491405176924,B_C,,,,,,,,,,,
P09758_and_O15204,0.27851496379687574,0.21325121161178773,0.17603590484760823,23.087710843373493,53.330693069306946,-2734.8299745424765,B_C,,,,,,,,,,,
P09758_and_P31391,0.27083013000481326,0.213231747420619,0.12806025300373808,23.703254437869845,61.58328947368421,-1881.651325818848,B_C,,,,,,,,,,,
P09758_and_P46019,0.306949341403445,0.2132307575749355,0.428968204535759,26.065860215053753,60.84416666666669,-8654.613690364007,B_C,,,,,,,,,,,
P09758_and_P07948,0.28052542405853764,0.21317666792202256,0.2044806117415435,21.532956058588574,62.281047619047605,-2212.4002896972434,B_C,,,,,,,,,,,
P09758_and_Q7RTY1,0.2817287348806477,0.21315461768840555,0.1733864120067952,23.623388203017825,64.72054545454539,-2700.0761506235085,B_C,,,,,,,,,,,
P09758_and_O60404,0.2865374504751292,0.2130631134729361,0.14208718357010328,22.50626262626262,65.46625850340133,-3122.4164480723234,B_C,,,,,,,,,,,
P09758_and_Q495M9,0.25270404885969555,0.21304050213248923,0.16336424339535113,22.690772779700175,58.372947368421094,-14910.107327208527,B_C,,,,,,,,,,,
P09758_and_Q86VW2,0.26164217052048355,0.21302470158407294,0.17299961821018003,25.316049382716045,54.179240506329116,-3297.4919101221603,B_C,,,,,,,,,,,
P09758_and_Q9Y639,0.25881045258994917,0.21297130504545408,0.13270840607895903,23.55065913370997,64.92006172839505,-11635.234106552078,B_C,,,,,,,,,,,
P09758_and_Q7RTP0,0.2744122208448858,0.21295074177347673,0.054139293710559366,22.8466560509554,55.764590163934415,-11794.939301417644,B_C,,,,,,,,,,,
P09758_and_Q53RD9,0.25278469555551014,0.2129405225511218,0.11517036808445547,22.723233215547726,61.938157894736854,-8792.405138352664,B_C,,,,,,,,,,,
P09758_and_P51157,0.28236750027607826,0.2128777646645661,0.14430504487260645,20.83575418994411,58.50012345679011,-1288.7397792468703,B_C,,,,,,,,,,,
P09758_and_Q9NRR6,0.2696723086252574,0.2128772504181355,0.16001340197181582,22.483392857142892,63.62625850340131,-1884.6296304008793,B_C,,,,,,,,,,,
P09758_and_Q14508,0.30037274156646465,0.21286557913513293,0.09161423323525215,18.648062953995172,45.147499999999994,-1569.4812822682943,B_C,,,,,,,,,,,
P09758_and_P12273,0.2913662287065515,0.21285441165472443,0.10244856726466393,19.45283505154639,66.14353383458644,-1821.0936514634454,B_C,,,,,,,,,,,
P09758_and_O76093,0.2835545295221355,0.21284861177761488,0.11246993019038794,20.78603395061729,52.66711956521742,-10787.830417744797,B_C,,,,,,,,,,,
P09758_and_Q9BSJ8,0.25165088116137,0.2128241408169976,0.2202890030596155,25.385502471169662,48.92370165745859,-4966.740475142187,B_C,,,,,,,,,,,
P09758_and_Q16674,0.2979512203828716,0.21280342429844362,0.10712454238391068,20.7864008179959,66.57060810810808,-2003.6934144877396,B_C,,,,,,,,,,,
P09758_and_Q8WXH2,0.2553415711035797,0.21277819422807945,0.4123651323899459,23.29365274365272,66.45248000000002,-11125.426404776146,B_C,,,,,,,,,,,
P09758_and_Q14511,0.23684883799626083,0.2127371503615352,0.12336043753633817,23.824969915764143,60.74245762711864,-9893.454082113545,B_C,,,,,,,,,,,
P09758_and_H3BV60,0.27181493859909606,0.21273225355756603,0.12348495722901406,17.868823529411763,55.73492307692308,-1683.113550958903,B_C,,,,,,,,,,,
P09758_and_Q8N129,0.2791826509960247,0.21273045856849554,0.07475286063134753,18.520046082949317,49.45984496124033,-2435.6263026811407,B_C,,,,,,,,,,,
P09758_and_P26715,0.276234975283833,0.21272238424211523,0.1539283680659398,21.77684210526318,56.81977272727274,-8425.00977091312,B_C,,,,,,,,,,,
P09758_and_Q9BXC1,0.2775506040203909,0.21271484960214562,0.06368522263872482,23.488841201716724,52.77970588235294,-2837.2120841647256,B_C,,,,,,,,,,,
P09758_and_O43315,0.28370653710351285,0.21270301808015818,0.15061215856409982,21.077061855670085,55.108248175182496,-13222.657573254022,B_C,,,,,,,,,,,
P09758_and_Q8NH64,0.28257998108251625,0.21269984824866894,0.11982663430889991,22.986172344689386,62.07681818181819,-4374.917996764096,B_C,,,,,,,,,,,
P09758_and_O60431,0.27988097631101744,0.2126466710214951,0.1948822638941885,24.010818713450302,67.25587412587414,-3158.0157625184215,B_C,,,,,,,,,,,
P09758_and_Q969K3,0.2605762828562983,0.21263933231977805,0.15053932032186054,20.826037117903905,58.71774468085105,-1185.1333190124788,B_C,,,,,,,,,,,
P09758_and_Q7Z5A4,0.27338512971039935,0.21263662897875804,0.15194062902103947,21.767994310099585,62.959794871794855,-1509.265776092513,B_C,,,,,,,,,,,
P09758_and_Q9NZV8,0.2398997219204374,0.21263062577558295,0.09390128138794743,25.29891304347828,65.0320779220779,-2021.1519076642762,B_C,,,,,,,,,,,
P09758_and_P07306,0.26991020357326684,0.21262112403212247,0.08618649774963605,19.58188010899184,51.01190082644629,-14247.572116855961,B_C,,,,,,,,,,,
P09758_and_O14807,0.2842102985579038,0.212593180099311,0.05763968104564324,20.92854889589907,53.82717741935485,-1627.1155233359952,B_C,,,,,,,,,,,
P09758_and_Q9NR22,0.2811412109000462,0.21257934261160075,0.23140662493340947,22.51151315789476,71.91723529411767,-14628.802305231744,B_C,,,,,,,,,,,
P09758_and_Q96P69,0.2732538091330934,0.2125012562674736,0.06713741754877238,20.99662162162162,55.56531914893617,-1843.620763133893,B_C,,,,,,,,,,,
P09758_and_P49768,0.26267391528341844,0.21249622123720882,0.056836863809041946,23.708994334277605,49.04180995475111,-6446.487464398617,B_C,,,,,,,,,,,
P09758_and_Q8NGE1,0.2859646931403639,0.21244108384639943,0.13891480843733076,21.844926199262016,57.859054054054035,-8522.035339096816,B_C,,,,,,,,,,,
P09758_and_P18206,0.29261754521324623,0.2124184855444686,0.11525177871536794,25.620544554455417,61.696086956521725,-9917.842019767322,B_C,,,,,,,,,,,
P09758_and_Q8NGQ5,0.277754879835554,0.21240387165122562,0.16720558062258103,22.778417818740426,62.206568047337264,-4928.045657692858,B_C,,,,,,,,,,,
P09758_and_O95407,0.262226838415866,0.21238614960408198,0.05697581779306396,21.907988165680493,57.155564516129026,-15291.772834601223,B_C,,,,,,,,,,,
P09758_and_O76082,0.29790910604802434,0.2123496219910858,0.08796569657191462,23.706179775280905,61.891076923076945,-3250.0537457489445,B_C,,,,,,,,,,,
P09758_and_P41146,0.2767298191684474,0.21231432411444273,0.17406739938364668,22.45851979345954,56.944358974359,-17818.884017614095,B_C,,,,,,,,,,,
P09758_and_Q13241,0.28731178417105324,0.21228273038986836,0.07229518901470651,21.893640350877174,58.96204545454548,-14454.74325609072,B_C,,,,,,,,,,,
P09758_and_A0A0B4J234,0.30250465317207953,0.21227977549358426,0.11161083499570595,20.20750750750754,55.605471698113234,-1431.3952621182848,B_C,,,,,,,,,,,
P09758_and_A0A087WW87,0.2948589430859564,0.21227471744195794,0.22154397652414493,22.423550087873455,69.6685207100592,-3668.8878982075703,B_C,,,,,,,,,,,
P09758_and_P01614,0.2948589430859564,0.21227471744195794,0.22154397652414493,22.423550087873455,69.6685207100592,-3668.8878982075703,B_C,,,,,,,,,,,
P09758_and_P28335,0.26762992663721996,0.2122492710223098,0.10316424455359495,23.057129963898948,52.30581249999999,-2404.106075462734,B_C,,,,,,,,,,,
P09758_and_Q9H6D8,0.27324642898612156,0.21220728294488822,0.10791305614918986,21.092795698924707,64.84237410071944,-9602.796661809194,B_C,,,,,,,,,,,
P09758_and_O95057,0.2847830495746527,0.2122032230593936,0.12922326097883105,22.56268115942027,64.61357575757577,-1492.161579924798,B_C,,,,,,,,,,,
P09758_and_P41440,0.2774270631822458,0.21219814976482598,0.08362542244314122,24.13959227467811,56.00350574712641,-3802.3585699808827,B_C,,,,,,,,,,,
P09758_and_P16619,0.307191516153393,0.2121965763161255,0.16249741842287077,18.75908360128617,55.4551700680272,-1920.4203629979252,B_C,,,,,,,,,,,
P09758_and_Q8NHB8,0.2831604206413488,0.21218052478552873,0.1056117839006849,19.69809264305178,57.0978151260504,-2651.4893178343546,B_C,,,,,,,,,,,
P09758_and_Q8NGE8,0.28710376186964676,0.21216144228640224,0.16022688328029414,19.129235537190098,58.4259124087591,-4807.324214547533,B_C,,,,,,,,,,,
P09758_and_P0C604,0.2797056698369391,0.21214828672414038,0.14809549759167234,23.257687253613682,63.252534562212006,-2446.328241257213,B_C,,,,,,,,,,,
P09758_and_Q8WVQ1,0.2825478174651617,0.21212777106978498,0.18084721100415507,23.157524752475283,68.87181818181821,-18372.8516017645,B_C,,,,,,,,,,,
P09758_and_Q6UXB8,0.2501281814808194,0.21210830961249866,0.17578737224519697,22.689049586776843,62.675228426395954,-9902.468821062517,B_C,,,,,,,,,,,
P09758_and_Q15043,0.25272971422775437,0.21207200158133144,0.0959265247625773,23.52328482328479,61.693831168831174,-3078.1921434681826,B_C,,,,,,,,,,,
P09758_and_Q8WWQ2,0.29870413599891255,0.212057223985614,0.10212134374999357,23.706661786237216,56.461910112359526,-8530.762824357455,B_C,,,,,,,,,,,
P09758_and_Q5JRS4,0.2737761242685141,0.21205365074123667,0.06942028662495191,21.802790178571467,55.75118881118883,-3734.9960617187403,B_C,,,,,,,,,,,
P09758_and_A0A075B6N3,0.3014894396726159,0.2120131205421065,0.06753430604351882,19.3266004415011,55.481343283582085,-1430.3318418559575,B_C,,,,,,,,,,,
P09758_and_P18433,0.28317979318292585,0.21199870931872256,0.20739959018098109,24.757155797101486,54.13984293193716,-5722.252018095223,B_C,,,,,,,,,,,
P09758_and_Q8N1E2,0.2859824248572582,0.21195932561111175,0.13924646366343083,21.58298755186722,60.83560283687942,-1652.1672674409622,B_C,,,,,,,,,,,
P09758_and_P02778,0.3063824876158651,0.21195306756024473,0.2962058059415078,17.70383502170766,57.98918749999999,-1186.9230429032955,B_C,,,,,,,,,,,
P09758_and_P36896,0.26523028458583325,0.21192778649095673,0.0954799607811309,20.49729965156797,61.24316129032255,-14758.620614232455,B_C,,,,,,,,,,,
P09758_and_Q32P28,0.2764674975951172,0.211884289250367,0.15637839892891534,26.31757641921397,54.188539325842726,-2420.103172178462,B_C,,,,,,,,,,,
P09758_and_Q8NEC5,0.23153999854087898,0.21186633551420095,0.02870752813358337,25.934154929577463,56.064920634920625,-5600.129782408534,B_C,,,,,,,,,,,
P09758_and_P56851,0.29398364122429754,0.21184496970381797,0.13771172646905588,19.822824302134674,63.009463087248335,-11187.813701274667,B_C,,,,,,,,,,,
P09758_and_Q9ULP9,0.2626218234214518,0.2118353227128088,0.34271054653635186,24.492347288949876,51.503097643097625,-5701.774999256828,B_C,,,,,,,,,,,
P09758_and_P47992,0.30239938436324054,0.21181444563727808,0.08892467171003458,17.249007936507933,42.958939393939396,-1273.42651543576,B_C,,,,,,,,,,,
P09758_and_Q8NGA0,0.2867572026548688,0.21179925003586897,0.17812136181710023,21.098555956678705,61.49130718954252,-4205.571239812289,B_C,,,,,,,,,,,
P09758_and_P83859,0.2961513162518034,0.2117960856120592,0.06560024928267491,17.784136546184754,38.6910569105691,-2489.2391231147085,B_C,,,,,,,,,,,
P09758_and_Q969L2,0.2877088338034873,0.21179179268193754,0.1368537957084071,16.702119700748117,36.55290598290597,-1238.0537291343517,B_C,,,,,,,,,,,
P09758_and_Q8N323,0.300161268484524,0.21174113085060248,0.331625510763592,26.72992277992278,52.126554054054075,-18471.596185893126,B_C,,,,,,,,,,,
P09758_and_P05156,0.3006140770676388,0.21168265770267225,0.22052787328872459,22.079155313351496,57.58257731958764,-18548.842876101036,B_C,,,,,,,,,,,
P09758_and_P36383,0.2546949456973959,0.2116822435044679,0.0755358238697404,21.016745843230407,51.907520000000005,-4237.311084998594,B_C,,,,,,,,,,,
P09758_and_P19875,0.30377116864166986,0.21168112613580264,0.08960111674113831,18.045058139534877,53.191374045801545,-2143.834369914863,B_C,,,,,,,,,,,
P09758_and_Q9NP90,0.2841316984947705,0.21166883415383717,0.10158966483525463,20.186852589641454,63.32580645161289,-1473.9795761967196,B_C,,,,,,,,,,,
P09758_and_P43630,0.25036153017335333,0.21166022376415447,0.2640360933467798,22.514614427860725,62.769734042553225,-1620.9581449097295,B_C,,,,,,,,,,,
P09758_and_P0C7L1,0.3067016396095933,0.21163851389227023,0.06094716643777645,17.192905405405423,57.16173469387756,-1053.2688588383048,B_C,,,,,,,,,,,
P09758_and_Q14831,0.2716822659221372,0.21162493465996923,0.16788962380358385,27.06831999999998,59.07540697674419,-6107.028436867747,B_C,,,,,,,,,,,
P09758_and_P02775,0.2965621603261803,0.21161071895219086,0.07576776887963774,15.978878281622924,46.93049586776859,-1276.496179841099,B_C,,,,,,,,,,,
P09758_and_P61550,0.25183747306985893,0.21160933368496784,0.08855766463704469,25.981293706293698,47.934890829694346,-23744.570720461863,B_C,,,,,,,,,,,
P09758_and_P0DN81,0.2821964577343288,0.2115543304046092,0.14375226396569704,21.16340425531913,64.09255033557041,-2885.7037954683874,B_C,,,,,,,,,,,
P09758_and_P21709,0.24350689808178919,0.2115107221864198,0.21964978641537897,24.746896955503583,57.09690909090907,-11003.078024363858,B_C,,,,,,,,,,,
P09758_and_Q01814,0.2817400100259414,0.21149429738149456,0.06729290814083312,27.33121693121692,43.711379310344824,-3502.9330078165403,B_C,,,,,,,,,,,
P09758_and_Q9NY56,0.28949160769156435,0.21148514498753362,0.0985689435733483,20.158723958333344,66.971679389313,-2086.4626348148463,B_C,,,,,,,,,,,
P09758_and_P19876,0.30359693133128135,0.21148044711491745,0.10024960777950345,16.47561247216038,59.08625000000003,-1007.8513653009924,B_C,,,,,,,,,,,
P09758_and_Q8NG11,0.2707201971922763,0.21147229714846627,0.07821017401713493,21.488653846153838,60.80474025974027,-9166.846309976765,B_C,,,,,,,,,,,
P09758_and_P51679,0.2764336389164068,0.21144911285478374,0.23670989080574215,24.133049738219892,61.75561855670102,-4749.265547094652,B_C,,,,,,,,,,,
P09758_and_Q9NZP2,0.2830959053559746,0.21144866446802807,0.1285744877914497,22.175631768953068,58.39309210526312,-6176.317634659366,B_C,,,,,,,,,,,
P09758_and_O15146,0.24028261446900318,0.21141657328522256,0.07073234450325037,24.424468085106398,59.312840909090895,-3358.7311055506943,B_C,,,,,,,,,,,
P09758_and_Q8NG77,0.2842288650438149,0.2113621630170026,0.1113560755015111,21.725000000000005,64.50641666666665,-2253.7819629637347,B_C,,,,,,,,,,,
P09758_and_Q8NGA5,0.28209823711524407,0.21134739867009983,0.12946756661739486,22.50483870967743,59.39100671140935,-7925.860472538526,B_C,,,,,,,,,,,
P09758_and_P42263,0.2557483198118144,0.21132079871540738,0.10780219596693712,25.431318681318672,51.55688622754489,-20457.02988330101,B_C,,,,,,,,,,,
P09758_and_P55808,0.28087738248727,0.21130824674030185,0.03213346653257887,20.57301587301587,29.467961165048532,-2705.805497821017,B_C,,,,,,,,,,,
P09758_and_P49802,0.24878301613574338,0.2112953486136252,0.18462456624355045,23.243606870229005,63.30041176470591,-2708.4284976324234,B_C,,,,,,,,,,,
P09758_and_P01178,0.2978630410243094,0.2112477814982216,0.07648075234126893,20.102959830866787,56.43257575757577,-15124.647945260302,B_C,,,,,,,,,,,
P09758_and_P59044,0.29478276095108924,0.21124250891577798,0.1756593576320637,27.74480840543883,50.67312252964427,-7929.543583013816,B_C,,,,,,,,,,,
P09758_and_P60508,0.2698822800559958,0.2112351011760198,0.12264637181528645,22.55238784370477,55.04109452736321,-3628.9234631169347,B_C,,,,,,,,,,,
P09758_and_O43739,0.2582994624345206,0.21121174543845184,0.39372475231545406,23.825111358574624,67.739400921659,-8935.51310420216,B_C,,,,,,,,,,,
P09758_and_P47972,0.2544335129624289,0.21117314455119135,0.17889560457524592,20.438160676532792,72.36347517730496,-3829.782434985326,B_C,,,,,,,,,,,
P09758_and_O00408,0.2507687318270744,0.21115418276348763,0.1635550324838011,25.19766566265063,56.40618556701029,-4109.670002540439,B_C,,,,,,,,,,,
P09758_and_Q9Y4A9,0.2835094891482576,0.21112829355813284,0.16951172684903928,22.08873949579833,61.58143749999998,-3647.7053750011655,B_C,,,,,,,,,,,
P09758_and_Q02297,0.2390436247816436,0.21111478550529786,0.12263158542433701,22.310966340933714,57.541568627450985,-3354.2917265021388,B_C,,,,,,,,,,,
P09758_and_Q9BRQ8,0.29584865918249453,0.21098007884399558,0.2470371910662621,21.81043478260868,74.75333333333333,-2509.951543152661,B_C,,,,,,,,,,,
P09758_and_Q99578,0.2817551517027419,0.21097632321471005,0.09540742220540784,23.05307017543859,59.42600000000001,-1992.0796632182273,B_C,,,,,,,,,,,
P09758_and_Q8NGF1,0.2830054254843315,0.21094481204536875,0.10317552817425314,21.489019607843126,56.35744966442951,-6624.1296932034065,B_C,,,,,,,,,,,
P09758_and_Q8NGS7,0.28089233250670553,0.2108858695709463,0.18331740965398363,22.620673952641145,61.846688741721856,-2804.981575195716,B_C,,,,,,,,,,,
P09758_and_Q99678,0.27123128629607024,0.21088254513990967,0.134402250505258,22.6862099644128,59.95155279503105,-5651.027469316817,B_C,,,,,,,,,,,
P09758_and_P61812,0.25604571618526356,0.2108773278708469,0.1697234511981049,21.24906862745098,58.14311627906978,-3079.0650435369644,B_C,,,,,,,,,,,
P09758_and_Q86SI9,0.2958501879685499,0.21084762225579481,0.08831909985564157,16.396187050359703,30.903533333333332,-1426.5594244337517,B_C,,,,,,,,,,,
P09758_and_Q6ZSM3,0.28075474407039935,0.21083687638554538,0.22982338909880565,24.92738791423002,61.54595588235294,-7943.752614803187,B_C,,,,,,,,,,,
P09758_and_Q9H0C3,0.28009091960796967,0.21082278661661324,0.09095210081720602,23.141893732970033,59.619715639810394,-15336.371101631075,B_C,,,,,,,,,,,
P09758_and_P62491,0.2818606717282267,0.2108021986711172,0.1713083870321815,22.771669793621022,68.12370370370371,-1940.8967997115517,B_C,,,,,,,,,,,
P09758_and_Q8NGI0,0.2837215167370488,0.21080033444219864,0.1256941725901756,22.547195357833694,60.429662162162174,-4952.8650715592075,B_C,,,,,,,,,,,
P09758_and_P49903,0.29162750630285617,0.21077013976262426,0.25738872346413355,21.731053351573156,53.8988725490196,-1812.426485394122,B_C,,,,,,,,,,,
P09758_and_Q9H813,0.2614624474316271,0.21076211852163074,0.08617806521607765,19.139717223650386,64.58132231404959,-20301.575673188603,B_C,,,,,,,,,,,
P09758_and_Q92597,0.2725832801143707,0.21073732235250803,0.189167854630086,23.264319620253165,69.55497354497355,-7251.427558104875,B_C,,,,,,,,,,,
P09758_and_P43657,0.27798048057195845,0.21066196811767757,0.13668521148235377,22.537329434697888,65.5875159235669,-2997.89962517721,B_C,,,,,,,,,,,
P09758_and_Q9UGF6,0.28209767606597025,0.21058470622778652,0.11230681582263018,19.13766578249334,58.58426229508194,-2282.4537179083263,B_C,,,,,,,,,,,
P09758_and_Q9H3S1,0.2988476306079874,0.21057720989221307,0.1977378269008676,26.39240282685511,60.24524064171119,-7955.702111057202,B_C,,,,,,,,,,,
P09758_and_O95222,0.27996708788235164,0.2105657779376528,0.10498766902630378,19.977078384798133,61.762403100775195,-2174.2840771206797,B_C,,,,,,,,,,,
P09758_and_Q8NH76,0.2804030864243614,0.21055715926824903,0.08654430896736318,19.668317972350234,57.325954198473276,-3486.6543045763224,B_C,,,,,,,,,,,
P09758_and_P55210,0.269586406731348,0.21053097293118805,0.10105854243531837,21.601638176638147,57.10137142857144,-3868.474305602169,B_C,,,,,,,,,,,
P09758_and_P0C7N1,0.2856827153870951,0.21051212020811577,0.1364041778231459,21.405672268907548,55.21057553956835,-4441.555998342795,B_C,,,,,,,,,,,
P09758_and_Q8TCY5,0.28474520011562876,0.2104649446038685,0.07938545113629328,14.524468085106387,25.88093220338983,-2578.600408919974,B_C,,,,,,,,,,,
P09758_and_O75715,0.2794709130610599,0.2104223160087515,0.1316251802808808,22.028524229074904,66.37942028985509,-3738.990784835247,B_C,,,,,,,,,,,
P09758_and_Q9H339,0.28481342219345834,0.2104060187129964,0.09445822834856038,21.217596566523643,51.44671232876713,-6130.225222458708,B_C,,,,,,,,,,,
P09758_and_Q5KSL6,0.2718986618053707,0.21040318106323963,0.37904154983687804,27.614449917898213,46.11732240437159,-4639.796324649586,B_C,,,,,,,,,,,
P09758_and_Q96L33,0.2754189198673312,0.21038802459702216,0.06589699346597476,21.406935817805365,58.22541666666666,-14686.49807926432,B_C,,,,,,,,,,,
P09758_and_P03956,0.29290423011575106,0.21037903292037408,0.374941285125017,24.167734225621412,61.61310483870969,-7427.168783903918,B_C,,,,,,,,,,,
P09758_and_P63027,0.3015362816836009,0.2103526297582679,0.060048761572064055,16.01555555555555,41.84393700787402,-991.1125165590711,B_C,,,,,,,,,,,
P09758_and_Q9BZD2,0.287670264209502,0.2103080199045318,0.1086650344999251,24.463561076604595,61.234601226993874,-4406.2896181076,B_C,,,,,,,,,,,
P09758_and_Q9BUF7,0.2960327653995416,0.21030272993222288,0.09209185618432257,15.31357827476038,25.938048780487794,-1789.2921315904996,B_C,,,,,,,,,,,
P09758_and_P19801,0.3164013973388534,0.2102919482511183,0.3111346574026594,27.726400000000023,55.36245192307692,-9381.110917648733,B_C,,,,,,,,,,,
P09758_and_Q96RJ0,0.2866616878252183,0.21028827902043043,0.3630876146974282,23.360366492146603,63.59631111111114,-4402.309495855036,B_C,,,,,,,,,,,
P09758_and_Q6PCB0,0.25151640134960557,0.21023790795830177,0.08222810766458927,21.494896030245705,57.87391304347822,-9428.810959115512,B_C,,,,,,,,,,,
P09758_and_Q9UBU3,0.30142846984117944,0.2102177762525363,0.06278665778932521,15.422097053726178,43.21862595419848,-1037.2804426653092,B_C,,,,,,,,,,,
P09758_and_Q9NZA1,0.2556786975411224,0.21017163958033702,0.26382405836252926,23.211727688787246,66.7043961352657,-6177.482049980277,B_C,,,,,,,,,,,
P09758_and_Q14289,0.24295368276610327,0.21014033653677094,0.1329470780379026,26.410462670872803,47.841374999999985,-6090.193973675261,B_C,,,,,,,,,,,
P09758_and_G3V0H7,0.294881947453577,0.21013195974085255,0.22206161440440417,25.390398009950236,60.3238914027149,-5341.436289716812,B_C,,,,,,,,,,,
P09758_and_Q5T4T1,0.29469437788759567,0.21011728622459463,0.1257041618689589,22.176569037656908,50.37263999999999,-6140.528287137918,B_C,,,,,,,,,,,
P09758_and_Q9NY91,0.3055415829914764,0.21009961460741083,0.11508165641812149,22.84932821497121,58.76129032258064,-9668.46277934952,B_C,,,,,,,,,,,
P09758_and_A8K855,0.2690655931018862,0.21007888450852194,0.2343278850394704,25.635298295454525,54.495288888888886,-7720.7218353093085,B_C,,,,,,,,,,,
P09758_and_Q9H310,0.30232267752470443,0.21007805557134523,0.19071662202142842,24.686829836829833,61.27925373134326,-4531.624065903274,B_C,,,,,,,,,,,
P09758_and_Q8NDV2,0.28055701846911646,0.21005957221306087,0.15212300632546089,18.99275618374553,54.4096103896104,-1270.2352769409981,B_C,,,,,,,,,,,
P09758_and_O60403,0.2831601566121109,0.20996301740522683,0.19565021242235703,22.512748643761302,64.349,-2286.4685139730936,B_C,,,,,,,,,,,
P09758_and_Q9H2C5,0.2849699532418581,0.2099327008726085,0.08071635655608612,19.13462603878116,56.30356521739128,-2582.5698573067725,B_C,,,,,,,,,,,
P09758_and_P15531,0.29191711958690686,0.20993189105461274,0.0917598654232238,21.766927083333325,65.1584745762712,-1549.0972462291345,B_C,,,,,,,,,,,
P09758_and_P09681,0.29324787384761875,0.2099309402223026,0.10136539813684045,15.126640926640945,37.46814285714287,-619.9843215972032,B_C,,,,,,,,,,,
P09758_and_P21452,0.27436925359363185,0.2098907288379694,0.14472074525851894,20.784520884520852,55.21995283018868,-2552.5893870688196,B_C,,,,,,,,,,,
P09758_and_Q14703,0.29970040901816825,0.2098727096989244,0.12973375548979213,25.099153737658646,45.52488479262673,-6380.718418239756,B_C,,,,,,,,,,,
P09758_and_O14558,0.29073010036540187,0.20985199276908958,0.10157047377723638,20.079106280193276,54.25266666666667,-902.1699787490652,B_C,,,,,,,,,,,
P09758_and_Q05193,0.2466997619073804,0.20984064252020718,0.3020265720299307,27.794637462235652,61.41121951219507,-10053.817818715625,B_C,,,,,,,,,,,
P09758_and_Q17RY6,0.2900630515665008,0.20983957466385394,0.10691303124388331,18.575937499999984,56.64670157068061,-1415.406064334191,B_C,,,,,,,,,,,
P09758_and_Q9UKL2,0.2836658480111132,0.20979357305669072,0.11102123881680097,22.039848812095055,58.72226277372262,-5127.760964935321,B_C,,,,,,,,,,,
P09758_and_Q9H4F8,0.2521078224041797,0.20976992049760546,0.17140538584639772,22.11834254143647,59.52748837209301,-2681.2867672201755,B_C,,,,,,,,,,,
P09758_and_Q9BV40,0.3046861525752705,0.2097471148310961,0.06521638303816067,17.03618012422359,33.771681415929194,-1940.4779505933484,B_C,,,,,,,,,,,
P09758_and_Q6UXT6,0.28392708135618605,0.20973751023166887,0.18547137384164045,21.57880324543609,58.81076923076921,-3555.8999588586557,B_C,,,,,,,,,,,
P09758_and_Q6Q788,0.2617477659170919,0.20973697354952459,0.055046226752659924,20.133464566929117,49.551645569620284,-5496.623375294563,B_C,,,,,,,,,,,
P09758_and_Q15669,0.28319861996749734,0.20967927425782143,0.11154264514249188,18.06706586826346,59.259867549668876,-2392.851177315439,B_C,,,,,,,,,,,
P09758_and_P61570,0.27077061026954025,0.2096732993856127,0.2120411699355166,25.184059633027555,64.83587155963302,-9040.251091655597,B_C,,,,,,,,,,,
P09758_and_Q8ND23,0.2726894256901115,0.20966266202946449,0.0,28.375000000000007,70.22631578947369,-5338.611517888312,B_C,,,,,,,,,,,
P09758_and_P10696,0.30200370000022514,0.209659555648081,0.5734708193333182,26.41872586872595,50.05655000000001,-3685.939390752282,B_C,,,,,,,,,,,
P09758_and_Q96R30,0.28193323637698936,0.2096587891095168,0.1433056028786133,21.36992840095463,64.89311475409838,-3046.069338779477,B_C,,,,,,,,,,,
P09758_and_Q8NHB7,0.2834938624235924,0.20947508885611832,0.18651900621253548,21.79334415584411,59.80036585365855,-3994.283389020289,B_C,,,,,,,,,,,
P09758_and_O75084,0.2680706683959184,0.2094466543762099,0.09107158733387126,24.365545243619454,50.09335526315789,-6579.008760873663,B_C,,,,,,,,,,,
P09758_and_P05451,0.2877911639007871,0.20943118240095882,0.1024894784831851,23.023843058350113,58.498194444444444,-14355.65740277462,B_C,,,,,,,,,,,
P09758_and_A0A096LNP1,0.31233273640994696,0.20937329932184984,0.07095742793560604,15.973611111111113,39.019702970297026,-1089.070742447284,B_C,,,,,,,,,,,
P09758_and_P36952,0.29644079828139436,0.20931836021520486,0.2206961882548889,20.515377855887486,68.87812080536912,-1812.8321367845676,B_C,,,,,,,,,,,
P09758_and_Q05996,0.23580283354300777,0.20925801691145962,0.18408333045674308,24.77133569739953,51.215707964601755,-1865.331754092229,B_C,,,,,,,,,,,
P09758_and_Q9P1W3,0.29094721086421704,0.20925755085961767,0.11262525108104918,25.20912052117265,56.744970414201205,-5577.830035914949,B_C,,,,,,,,,,,
P09758_and_Q16586,0.25572977715729567,0.20924665940261994,0.0870659973414369,20.901696832579212,66.69202453987732,-973.1775250847832,B_C,,,,,,,,,,,
P09758_and_O95754,0.2946986475016865,0.20920738378717552,0.1865971483878198,24.273396998635725,60.7753811659193,-32411.331645647966,B_C,,,,,,,,,,,
P09758_and_Q9NZP0,0.28397424593733483,0.20919331429704138,0.1571267040017227,22.34458259325042,58.598618421052606,-8715.24334783349,B_C,,,,,,,,,,,
P09758_and_Q96RD1,0.28309413421549845,0.2091504782353943,0.1811258212250887,22.716119402985086,60.913641618497046,-4208.022329878298,B_C,,,,,,,,,,,
P09758_and_P16389,0.24392074563578225,0.20907755561771954,0.12632895092326954,23.26469135802467,53.63775193798449,-14312.590940635457,B_C,,,,,,,,,,,
P09758_and_B4DJY2,0.3017138377502521,0.2090364092547027,0.04694849748310891,14.131200000000005,34.93987654320987,-1470.6293719797695,B_C,,,,,,,,,,,
P09758_and_P10767,0.2812875290774732,0.2090117049374642,0.0830087524900044,20.44806201550386,55.72000000000001,-2671.656541597311,B_C,,,,,,,,,,,
P09758_and_P20020,0.2794603216350507,0.20899938887284064,0.09723891313125979,27.31956989247316,50.290121951219525,-4083.5259639440355,B_C,,,,,,,,,,,
P09758_and_Q9NP91,0.3021713732712938,0.208985978158236,0.22342512016057836,24.43684210526317,54.97602409638556,-4234.582253980595,B_C,,,,,,,,,,,
P09758_and_Q969H8,0.28549482244984264,0.20897590236424005,0.11799407509068052,19.180340909090916,56.825615384615396,-12254.411226470385,B_C,,,,,,,,,,,
P09758_and_Q8NH10,0.2832113550541298,0.20896211884553922,0.11101187024602129,21.09252873563218,58.78992424242425,-3884.9391087878876,B_C,,,,,,,,,,,
P09758_and_Q6ISU1,0.27086810121938915,0.20893224400016253,0.10349094059146136,17.220209339774534,53.13104294478528,-1437.0218487014245,B_C,,,,,,,,,,,
P09758_and_O94956,0.29369306064614464,0.20892861724980116,0.14616679028008905,25.800497159090888,53.34925287356321,-6316.300301347158,B_C,,,,,,,,,,,
P09758_and_Q09470,0.24471262289351609,0.208894870806354,0.21827178071149575,22.599159663865557,56.88786666666665,-12914.885564511844,B_C,,,,,,,,,,,
P09758_and_Q8NGV7,0.283319585921326,0.2088667932332903,0.1097379784604275,22.189207650273218,59.91566371681415,-3246.545541490502,B_C,,,,,,,,,,,
P09758_and_Q96D53,0.2719543989782462,0.2088658947773898,0.10593894750373911,23.052380952380993,40.85223175965667,-4141.821319045601,B_C,,,,,,,,,,,
P09758_and_A6NCV1,0.28133282446871183,0.20879333925102272,0.13091547548982488,22.155135135135126,58.32238410596027,-6316.91444040827,B_C,,,,,,,,,,,
P09758_and_Q14055,0.23494712672200854,0.20877608379648893,0.051095490642177194,23.04885361552025,37.018851351351344,-8633.896721357341,B_C,,,,,,,,,,,
P09758_and_O95970,0.27991743968858207,0.2087586628669635,0.18670622001683143,23.64775474956822,65.19472727272726,-14788.909471331384,B_C,,,,,,,,,,,
P09758_and_Q8TAV4,0.2607439416236465,0.20866493360169272,0.06830813732520051,17.69752186588922,41.9660576923077,-2187.706083264764,B_C,,,,,,,,,,,
P09758_and_Q15622,0.28012968517071857,0.20866167700699076,0.17583565518919467,23.085359999999973,61.493878787878785,-3935.845908592989,B_C,,,,,,,,,,,
P09758_and_Q9Y4X3,0.30033481373409,0.20864970158652238,0.08844691548488606,18.359318637274576,44.09592592592593,-647.0966390912072,B_C,,,,,,,,,,,
P09758_and_P03952,0.26278761962619523,0.20864028807248702,0.5832302225581197,22.913220973782753,64.11393700787403,-12138.42953230817,B_C,,,,,,,,,,,
P09758_and_Q8IWZ6,0.2997834737275662,0.20861819055171735,0.12443551571632283,24.251562499999977,54.728281250000016,-6443.757352966868,B_C,,,,,,,,,,,
P09758_and_Q9Y5G5,0.255444515955805,0.2085810076781833,0.1057036813503969,24.66361344537816,60.807635135135165,-27506.293780136253,B_C,,,,,,,,,,,
P09758_and_Q96P68,0.27698951564478236,0.20857206235489711,0.12991926094664683,23.36573498964803,64.0867567567568,-3006.853649215019,B_C,,,,,,,,,,,
P09758_and_P34810,0.259839626513322,0.2085323779188851,0.1835367363119222,20.336292834890987,59.67634146341462,-2565.0851298092084,B_C,,,,,,,,,,,
P09758_and_P48645,0.28583598194004967,0.20852836229628485,0.09594873938389037,18.497806451612927,43.659418604651165,-742.0795391778374,B_C,,,,,,,,,,,
P09758_and_Q9Y342,0.28105600633504757,0.20851537749652344,0.07419354585498805,19.385375494071134,54.22147727272728,-1773.9799302897118,B_C,,,,,,,,,,,
P09758_and_Q8NH92,0.2800150271809659,0.20846140455935894,0.12975160030326394,22.398423005565853,57.885384615384616,-8858.197591580756,B_C,,,,,,,,,,,
P09758_and_P48730,0.2693501971221537,0.20844728787220013,0.18029778151870912,23.32452830188679,63.50516483516483,-6826.355623117892,B_C,,,,,,,,,,,
P09758_and_P05452,0.28168241061099153,0.20843384362241735,0.07822005176005063,19.364037122969833,59.474523809523824,-2359.588893127434,B_C,,,,,,,,,,,
P09758_and_Q99584,0.30228264785311354,0.2083918531877883,0.07097774720325219,21.26476683937822,54.918849557522115,-1382.4192335271637,B_C,,,,,,,,,,,
P09758_and_Q9UGN4,0.2623338997681374,0.20838876833839717,0.15599705955770854,22.31382352941175,40.205263157894755,-23675.944291325464,B_C,,,,,,,,,,,
P09758_and_P30542,0.2826163151208902,0.208376984764501,0.2417773033217401,22.10812395309886,65.12675675675675,-14495.558235868048,B_C,,,,,,,,,,,
P09758_and_O95183,0.29970008525020986,0.20832487723824739,0.06751160794666619,17.24029126213593,41.97823529411764,-1988.5754056931155,B_C,,,,,,,,,,,
P09758_and_Q9NPY3,0.24542257748868906,0.20831759654707724,0.185144751240618,25.44849137931036,62.166966292134816,-17008.21447437634,B_C,,,,,,,,,,,
P09758_and_P46094,0.2722679793242153,0.20831178332169475,0.1811964711994769,21.909152086137276,66.40316062176167,-2982.724985826663,B_C,,,,,,,,,,,
P09758_and_P62166,0.2834568766110295,0.208254927150532,0.1684088777128684,22.08197158081703,62.612770270270275,-1908.7133209741096,B_C,,,,,,,,,,,
P09758_and_Q7Z553,0.26866749994208844,0.20825321460805132,0.36467089517937745,26.401181102362244,65.68149425287358,-3352.052501029346,B_C,,,,,,,,,,,
P09758_and_Q8NGN5,0.28255256245269567,0.2082342817814754,0.11511526962476504,18.85227272727273,59.678709677419356,-2345.778325509951,B_C,,,,,,,,,,,
P09758_and_Q9UBS5,0.2643280554878879,0.2082207229264961,0.0842058738414059,24.810526315789463,65.06693430656934,-4537.412299676442,B_C,,,,,,,,,,,
P09758_and_P02743,0.2783060930175212,0.20820716249704055,0.12328115135830806,23.18894523326572,65.78262773722629,-3643.6759839869756,B_C,,,,,,,,,,,
P09758_and_Q9BSA4,0.27775779343255863,0.20815157405793616,0.07898518098263421,25.68531855955682,55.58992700729927,-10001.137106832019,B_C,,,,,,,,,,,
P09758_and_P20851,0.268012153795654,0.2081444687276307,0.12852540513516283,22.431115879828322,54.20511627906977,-9670.022104686144,B_C,,,,,,,,,,,
P09758_and_Q9H343,0.281642267383847,0.20814044742696702,0.1023250027889044,22.313427947598264,59.25388059701492,-7265.82577711244,B_C,,,,,,,,,,,
P09758_and_O15529,0.2747116775740413,0.20813875737692078,0.1132298867797457,23.498729792147802,64.81735294117647,-2039.1715504778388,B_C,,,,,,,,,,,
P09758_and_Q9NQN1,0.2804159186060799,0.208087191067417,0.13963519010321643,22.608538899430748,56.9667132867133,-13282.315985954232,B_C,,,,,,,,,,,
P09758_and_P0DOX8,0.2749014824268995,0.20804082673526011,0.13259512429630024,20.295289855072472,57.82650406504064,-1657.2201704281056,B_C,,,,,,,,,,,
P09758_and_Q8N475,0.2948092805755623,0.20796104573797553,0.4886314947317373,27.021794871794828,42.53587301587301,-6038.093885959739,B_C,,,,,,,,,,,
P09758_and_P80075,0.30184913866977725,0.2079428554575329,0.13446561735723972,18.122131147540976,52.33848484848486,-1114.8046319202983,B_C,,,,,,,,,,,
P09758_and_P20339,0.27939921936876616,0.20793483997919235,0.12466536032221963,21.127378964941546,56.0362420382166,-997.6838087528395,B_C,,,,,,,,,,,
P09758_and_P40123,0.2475331174250552,0.207846605120438,0.2687533723471452,21.06190773067332,60.502694300518165,-4075.9009184542556,B_C,,,,,,,,,,,
P09758_and_Q7Z5H4,0.25767293970324584,0.20784114054016767,0.1144024057879924,23.242474674384955,55.66497435897434,-6916.959081242269,B_C,,,,,,,,,,,
P09758_and_O75131,0.28196920367939127,0.2078125423277421,0.18161990303954942,22.807382550335568,65.40224719101126,-2277.1291670114997,B_C,,,,,,,,,,,
P09758_and_Q9Y5Y4,0.27282282597598334,0.20779867835947033,0.11690228616852705,24.750681818181818,53.76779411764705,-13128.46069974923,B_C,,,,,,,,,,,
P09758_and_A0A0B4J1V6,0.29403200201916624,0.20777497085235316,0.21814766980848063,20.710878661087882,67.44810606060608,-877.226203481965,B_C,,,,,,,,,,,
P09758_and_Q9NS86,0.29691385926017755,0.20776569151473204,0.08105245357517642,21.503409090909063,51.52335714285715,-9947.886344860919,B_C,,,,,,,,,,,
P09758_and_P01242,0.27839386299481367,0.20775482254990907,0.16266289696414787,21.707454819277128,57.865029940119776,-823.3181793290614,B_C,,,,,,,,,,,
P09758_and_Q96G30,0.2736242304610654,0.20770597994811896,0.06519598705568017,17.034888888888908,24.040806451612898,-1777.7623803973438,B_C,,,,,,,,,,,
P09758_and_P08620,0.28113065594139025,0.20767680896360247,0.12456962124622657,19.440056285178223,57.91214814814815,-4967.268592563973,B_C,,,,,,,,,,,
P09758_and_P0DTU4,0.26602126916159036,0.2076572275546676,0.20359955668297056,21.740219378427746,68.1911042944785,-1304.0484530202716,B_C,,,,,,,,,,,
P09758_and_P60985,0.30359118025000675,0.20763752238627892,0.07295122193988579,17.47813211845101,32.91376000000001,-3420.291598582826,B_C,,,,,,,,,,,
P09758_and_P48048,0.25261325155850034,0.20760726330024803,0.16553509663462593,21.791541609822634,56.62982248520713,-11986.445486342796,B_C,,,,,,,,,,,
P09758_and_Q1HG43,0.26637887890147516,0.20759807922791346,0.12447836869282927,22.560016155088874,64.04774193548384,-5211.772654566324,B_C,,,,,,,,,,,
P09758_and_Q9UF02,0.26503564692643133,0.20757215180829047,0.07022941919229282,20.87067901234565,33.954329268292675,-1554.8955857439996,B_C,,,,,,,,,,,
P09758_and_Q15077,0.27776655050676624,0.20755338613909538,0.08488170402895194,22.368426966292162,62.1741134751773,-4717.258678390074,B_C,,,,,,,,,,,
P09758_and_Q86WA9,0.28695661072811784,0.20749698620534415,0.2702630407376189,25.582395498392305,66.44497354497352,-5438.768113394885,B_C,,,,,,,,,,,
P09758_and_O15162,0.267277859728651,0.20748170012389155,0.13690648419668813,21.48663853727145,51.582871794871764,-1702.2561216069807,B_C,,,,,,,,,,,
P09758_and_Q92953,0.23407831618490585,0.20747415281956993,0.05135455666640375,23.474587912087927,45.561370967741944,-1969.6801562460823,B_C,,,,,,,,,,,
P09758_and_P08238,0.274912469028699,0.20746425466316196,0.2304605218146968,24.798954489544887,61.51027777777781,-14273.847527693408,B_C,,,,,,,,,,,
P09758_and_Q96PS8,0.27762115113823205,0.20745539345933417,0.2600847574348631,20.5547884187083,52.174105960264896,-14944.694245472474,B_C,,,,,,,,,,,
P09758_and_Q8NGT5,0.2776558726565186,0.20744415939579963,0.17613185776810633,22.194123711340218,61.917132867132864,-5148.317278423725,B_C,,,,,,,,,,,
P09758_and_O14817,0.2731150756917783,0.20744338198749876,0.15096867507830788,21.17808695652178,52.061756756756736,-5844.714398487065,B_C,,,,,,,,,,,
P09758_and_P28039,0.30132217313389964,0.20740640484041814,0.1966703063532718,24.07388591800357,67.15567251461987,-12268.767476461468,B_C,,,,,,,,,,,
P09758_and_C9JDP6,0.27502212013927246,0.20738782798936437,0.09840290981569173,21.404402985074615,49.921602564102564,-6402.076150724491,B_C,,,,,,,,,,,
P09758_and_Q8N109,0.2567092747904616,0.20736772584223204,0.09942489538687307,21.733722871452446,60.692732919254674,-2624.935134813568,B_C,,,,,,,,,,,
P09758_and_P84095,0.2817213844502966,0.2073645564321479,0.10077882613104876,21.903668763102708,58.78541095890411,-1241.4307118720233,B_C,,,,,,,,,,,
P09758_and_Q8TAL6,0.27912313537023437,0.20735787154379928,0.0981333823567583,18.776488833746917,48.24091370558372,-1561.8740700021299,B_C,,,,,,,,,,,
P09758_and_Q8WZA6,0.2735824381960253,0.20735746909659022,0.11314066593905645,23.269645732689213,58.61395480225987,-7052.215274169226,B_C,,,,,,,,,,,
P09758_and_P01160,0.2876383652094121,0.20734669273303713,0.16801634686567551,14.322268041237104,21.037459016393452,-907.9243993541968,B_C,,,,,,,,,,,
P09758_and_P43235,0.2851110679894773,0.2073139018318969,0.40960051917381696,23.32146739130436,68.4649152542373,-3983.0214458603955,B_C,,,,,,,,,,,
P09758_and_O15427,0.28654602620053793,0.20727334299881256,0.0809949539933856,25.06367521367521,63.71912698412698,-7507.312640726146,B_C,,,,,,,,,,,
P09758_and_Q96RD6,0.24739100722621118,0.20722201976450072,0.495323794022149,25.225299760191838,66.3202994011976,-2593.6480674166305,B_C,,,,,,,,,,,
P09758_and_Q8NGG4,0.280049847440457,0.20721376425081567,0.11839640431874107,23.788817891373803,63.32188235294118,-7322.944959646717,B_C,,,,,,,,,,,
P09758_and_E2RYF7,0.2736831919083835,0.20720069841268468,0.09854317373364195,20.808530571992062,47.815272727272735,-4621.883546624647,B_C,,,,,,,,,,,
P09758_and_Q9P1Z3,0.250249616121227,0.20713744419843153,0.19038876567617286,26.64543103448274,68.07167597765358,-3777.705906201243,B_C,,,,,,,,,,,
P09758_and_P29460,0.2755533575678756,0.20711445450067806,0.3469953165179168,24.57598639455779,68.80338624338623,-2143.013182850828,B_C,,,,,,,,,,,
P09758_and_Q92581,0.2740243359845095,0.20709165524336978,0.10768837669740632,24.210000000000004,60.22583756345175,-3028.496636189443,B_C,,,,,,,,,,,
P09758_and_P09871,0.26478952814592494,0.20708858079733775,0.24106383497105352,24.00855614973264,56.85370558375633,-16127.421908318727,B_C,,,,,,,,,,,
P09758_and_Q6UWQ5,0.2896974003816204,0.20704179958023095,0.1204748850319769,22.406235011990415,62.680992366412205,-2089.56282735981,B_C,,,,,,,,,,,
P09758_and_P29622,0.27908941206272714,0.20704119837939358,0.1100666879066556,23.357367387033406,62.35769696969695,-5085.303724509842,B_C,,,,,,,,,,,
P09758_and_Q15599,0.26032327135860345,0.2069301607244156,0.14937097153881912,23.60494223363286,60.928651162790686,-18701.45248664778,B_C,,,,,,,,,,,
P09758_and_Q15391,0.2765156015076639,0.2069220923164401,0.10705248935944701,23.52511627906977,59.67715639810427,-2239.7278937805377,B_C,,,,,,,,,,,
P09758_and_P30872,0.26480761242565787,0.20690103129761056,0.15196880002209254,24.3354961832061,59.53581280788175,-1643.2833929884919,B_C,,,,,,,,,,,
P09758_and_Q8NEB5,0.2671291991572383,0.2068324319394123,0.1206609223368013,21.127786885245907,62.30156626506028,-5756.329871269566,B_C,,,,,,,,,,,
P09758_and_O14713,0.27895713803668165,0.20677819662624847,0.0988730720543447,20.133054393305432,61.89454545454546,-2869.324420046437,B_C,,,,,,,,,,,
P09758_and_Q9NQZ6,0.2716856129924136,0.20674770252486233,0.035194773031300655,20.033730158730176,52.358666666666664,-3041.053128362232,B_C,,,,,,,,,,,
P09758_and_O14843,0.2745890036663825,0.20669772433064681,0.17812847124257347,24.125274725274714,64.27356643356642,-3731.336672379087,B_C,,,,,,,,,,,
P09758_and_Q8NGD2,0.2818940020849455,0.20666689980662806,0.08957875252024547,22.032477876106196,59.2034640522876,-8880.411386606658,B_C,,,,,,,,,,,
P09758_and_P55083,0.27186801883799533,0.20656568404280531,0.12847046249497607,20.488017429193892,67.82625000000002,-1582.1250425659537,B_C,,,,,,,,,,,
P09758_and_Q8NGU1,0.278072345626694,0.20653973927549496,0.14907894322926846,22.102542372881327,61.58830303030308,-4791.355865004415,B_C,,,,,,,,,,,
P09758_and_P80188,0.28017122823206797,0.20652983637631245,0.21131224870464055,21.734315424610042,70.17359281437125,-10051.483616487174,B_C,,,,,,,,,,,
P09758_and_P23435,0.28076072528375307,0.20651906227752082,0.10917313905491004,20.257910750507087,65.97065359477125,-1260.5261857882988,B_C,,,,,,,,,,,
P09758_and_Q8N127,0.28077452428797683,0.20649160227596675,0.2007425530840417,23.00030120481929,63.48583333333332,-3218.134259698442,B_C,,,,,,,,,,,
P09758_and_Q96PD4,0.28531127669126627,0.20647746972628145,0.06604417887098246,19.664225352112677,62.882583333333315,-8648.619160965403,B_C,,,,,,,,,,,
P09758_and_Q8NCF0,0.2502262659856536,0.20644633056544587,0.12077924256122693,22.52198443579769,54.75426540284357,-12314.4868183184,B_C,,,,,,,,,,,
P09758_and_P10147,0.30300780744818506,0.206443294171966,0.09192428916715638,18.042603550295848,43.80094202898549,-3986.226203792734,B_C,,,,,,,,,,,
P09758_and_Q8IYS5,0.26518570803625174,0.2064422809045076,0.08873071623184396,20.818782608695624,62.10138554216871,-5046.990034420111,B_C,,,,,,,,,,,
P09758_and_P10600,0.25337614040266176,0.2064344930649683,0.062480859680575415,20.781280788177348,54.65494444444443,-2912.23014807026,B_C,,,,,,,,,,,
P09758_and_Q7L1S5,0.2607534846716688,0.2063892784955938,0.2943598520553098,24.763154613466337,65.69364077669901,-20926.107254581962,B_C,,,,,,,,,,,
P09758_and_Q8N8D7,0.27513894405581674,0.20635437087315212,0.0650230065138428,20.939467312348654,54.809323308270706,-5370.29697867555,B_C,,,,,,,,,,,
P09758_and_Q9BYG4,0.2556670620984907,0.2063322002886243,0.11633703906517583,23.13157068062827,50.41445945945947,-16314.967706238154,B_C,,,,,,,,,,,
P09758_and_Q9NZC3,0.28289830844522185,0.20631848362824448,0.26428388687776033,23.283033033033043,66.96046511627907,-16905.936091461735,B_C,,,,,,,,,,,
P09758_and_Q8WWL2,0.23743760886784895,0.2063182648188129,0.16701299474906794,23.77132152588556,54.44879581151831,-3910.0733108107815,B_C,,,,,,,,,,,
P09758_and_Q8NGE9,0.2768216597272286,0.20630758158751727,0.12816480912561368,21.950634057971023,61.068387096774174,-4091.6162417968094,B_C,,,,,,,,,,,
P09758_and_O76050,0.24082466019098614,0.2062723956798818,0.3966557083827372,24.053303509979372,52.43677685950411,-5662.0982238232245,B_C,,,,,,,,,,,
P09758_and_Q9Y5S8,0.29469827897974865,0.20618865364751682,0.1129794860856658,23.27934397163125,51.70397590361449,-6049.391853471635,B_C,,,,,,,,,,,
P09758_and_P21462,0.27261600188081114,0.20616219495342902,0.20257745819303383,24.982195676905594,55.52600961538462,-1779.9037424346752,B_C,,,,,,,,,,,
P09758_and_Q2I0M5,0.2714844476534976,0.2061355687714912,0.10832396226614412,19.403958333333318,59.81940789473686,-6290.911422864387,B_C,,,,,,,,,,,
P09758_and_A6NET4,0.2761392723624405,0.20613132933104633,0.1213273016554651,21.945009242144167,50.43269736842105,-7312.134097528796,B_C,,,,,,,,,,,
P09758_and_P0CAP1,0.2464007319881521,0.20612747488733682,0.07227677840665986,21.084878048780467,56.37885416666668,-7039.6939904013925,B_C,,,,,,,,,,,
P09758_and_Q9UN67,0.258851754173662,0.20606689232381784,0.02412949248299282,24.19126213592231,52.24817073170731,-1559.7364756322277,B_C,,,,,,,,,,,
P09758_and_P0DTE8,0.304045733892948,0.20600424393661518,0.41616030370570867,25.814356435643575,58.54643192488263,-5460.210712674973,B_C,,,,,,,,,,,
P09758_and_P0DTE7,0.304045733892948,0.20600424393661518,0.41616030370570867,25.814356435643575,58.54643192488263,-5460.210712674973,B_C,,,,,,,,,,,
P09758_and_P0DUB6,0.304045733892948,0.20600424393661518,0.41616030370570867,25.814356435643575,58.54643192488263,-5460.210712674973,B_C,,,,,,,,,,,
P09758_and_Q9H4M9,0.27491766148077224,0.20589733104923463,0.23097113700634755,24.06997187060477,62.90174863387979,-7310.301644413063,B_C,,,,,,,,,,,
P09758_and_P59537,0.27537095535732453,0.20588956186618954,0.15098859643811313,22.053726169844055,58.292416107382536,-4165.607730078839,B_C,,,,,,,,,,,
P09758_and_Q8NH48,0.27994928370645816,0.20581613176783958,0.18773533211629018,23.34539823008852,54.376540880503136,-14545.677520423911,B_C,,,,,,,,,,,
P09758_and_Q8NGK4,0.28071874581735307,0.20576664744497258,0.08395039760279435,21.520370370370394,55.71167832167833,-10968.484759633577,B_C,,,,,,,,,,,
P09758_and_P08134,0.2804221492876097,0.20576651235024485,0.21996193800836902,21.576992753623166,71.55511494252873,-1512.3148669292682,B_C,,,,,,,,,,,
P09758_and_Q92847,0.2698345506544271,0.20575541710672834,0.16002260208996555,23.295118025751034,56.41295833333334,-6536.2213521313915,B_C,,,,,,,,,,,
P09758_and_O75951,0.28796782046993885,0.2057520615905445,0.11418169218904647,22.353856041131092,49.38671875000002,-9628.486684662603,B_C,,,,,,,,,,,
P09758_and_Q8TD07,0.2691982242415111,0.2057149284954503,0.11863964512611573,21.65089887640449,62.88054421768709,-14529.814080524025,B_C,,,,,,,,,,,
P09758_and_P59025,0.26963701669077605,0.2056966856519757,0.12249047135909948,18.761567877629037,58.39285714285714,-8977.851548451396,B_C,,,,,,,,,,,
P09758_and_Q9H7Y0,0.2831039018915835,0.20566085590001454,0.11919436557010081,23.973973880597022,54.33132978723407,-8792.645189982315,B_C,,,,,,,,,,,
P09758_and_P17706,0.2669256209207513,0.20563642995263776,0.24599168799817805,22.318633540372662,61.92040268456373,-5216.011159863746,B_C,,,,,,,,,,,
P09758_and_P47872,0.25843630598425676,0.20561566857933597,0.11995972226717606,24.172178477690256,47.84076923076923,-4603.598346133083,B_C,,,,,,,,,,,
P09758_and_Q04759,0.25960099894004507,0.20554639719679352,0.12568916652967363,24.506188118811895,52.138134715025906,-6671.673660057919,B_C,,,,,,,,,,,
P09758_and_Q9BZP6,0.2842042998338703,0.20554358634509276,0.2829925399764687,23.84501607717041,47.04434065934067,-13349.742117689757,B_C,,,,,,,,,,,
P09758_and_Q8N1S5,0.25748166878200135,0.20553114669950678,0.09696755202606269,23.526966292134805,39.45366863905325,-4534.633628153912,B_C,,,,,,,,,,,
P09758_and_Q8WU39,0.2812245590235729,0.20550620058084978,0.09073050721904641,20.499352750809116,53.043245033112576,-3939.4854145002623,B_C,,,,,,,,,,,
P09758_and_Q8NGK0,0.28066104485100773,0.20550484930448043,0.15910645277870175,22.791159135559923,62.507777777777804,-2819.6962161530582,B_C,,,,,,,,,,,
P09758_and_Q7Z5Y6,0.26968450534672506,0.20548710127043265,0.2474211990853399,23.35158428390369,57.59185000000003,-8781.418963553582,B_C,,,,,,,,,,,
P09758_and_Q5QGZ9,0.2618472658785501,0.2054074783576444,0.21863428563521706,22.487499999999994,71.73669724770642,-2452.052122947049,B_C,,,,,,,,,,,
P09758_and_A0A0A0MS15,0.2923205796966508,0.20529669390223604,0.14107741383327213,20.701113360323912,66.65588235294112,-1961.831059766296,B_C,,,,,,,,,,,
P09758_and_Q6P988,0.2788201085360395,0.20527639725889898,0.10797450333015098,22.306480000000004,61.891684210526314,-2983.6728746921217,B_C,,,,,,,,,,,
P09758_and_Q8N292,0.28237787819691207,0.20523239151618355,0.08605798683177253,18.502094717668488,25.11202797202797,-4260.823148655207,B_C,,,,,,,,,,,
P09758_and_P55073,0.27176125532908746,0.20519247818511685,0.23644020042215264,23.184820143884895,61.816875,-4732.777366766624,B_C,,,,,,,,,,,
P09758_and_P15328,0.26802219472004374,0.20519005923896794,0.07279563746449262,22.25061728395064,60.286338028168984,-17729.774493856028,B_C,,,,,,,,,,,
P09758_and_Q8N126,0.2588816727279032,0.205175054792093,0.31070476813266434,24.008272058823547,71.81350364963502,-2157.3885340228003,B_C,,,,,,,,,,,
P09758_and_Q8NGJ8,0.27693308169598874,0.20516699641836714,0.13507819468074075,22.585689045936377,56.980754716981124,-2739.9840498346043,B_C,,,,,,,,,,,
P09758_and_Q8NG98,0.2787786431990021,0.20515876403753314,0.15442198294458154,23.210399334442585,62.35780645161293,-8539.825142169295,B_C,,,,,,,,,,,
P09758_and_O43745,0.28028196431337243,0.20511304536662167,0.20818497132704755,20.636385255648086,57.04880952380953,-1838.5780823397781,B_C,,,,,,,,,,,
P09758_and_Q14D04,0.2442569983865608,0.20510189093182873,0.3028596163786846,27.00052770448546,59.7850204081633,-2746.750809647565,B_C,,,,,,,,,,,
P09758_and_P02818,0.30054355572323566,0.2050841576400951,0.0820085642786312,17.73256513026054,37.558962962962966,-4930.523239880795,B_C,,,,,,,,,,,
P09758_and_O14842,0.27346975163750037,0.20506327171854338,0.05940790447470003,20.81214057507987,58.50203539823007,-1860.458588041919,B_C,,,,,,,,,,,
P09758_and_P59665,0.3024713546704769,0.2050348773301287,0.07550567313605806,16.27834331337326,43.79236220472442,-1597.0156017506615,B_C,,,,,,,,,,,
P09758_and_Q6IF42,0.2789668191279292,0.20502843983365687,0.19736987366782757,22.772558922558957,58.23641975308644,-5388.247883849549,B_C,,,,,,,,,,,
P09758_and_P0DMR2,0.3019165643463631,0.20502528585296084,0.05580179450099754,21.17667364016737,45.97939849624059,-1029.8929453185374,B_C,,,,,,,,,,,
P09758_and_Q5GH77,0.27614877598349535,0.20502482146519868,0.04684716634661959,23.997039473684204,61.61504504504502,-15386.829200954988,B_C,,,,,,,,,,,
P09758_and_Q7RTY0,0.28548731602734745,0.20502376044844492,0.07873357953672515,24.349836065573783,66.03641025641026,-12452.586726122883,B_C,,,,,,,,,,,
P09758_and_Q6PJW8,0.2318689751962696,0.20495960385943934,0.2632385740627868,25.183987783595114,47.97876494023907,-14246.628853259324,B_C,,,,,,,,,,,
P09758_and_Q7Z3T1,0.2710546384310477,0.20495496361981816,0.1668024994338831,22.792449355432765,64.92839743589744,-2949.3557276027623,B_C,,,,,,,,,,,
P09758_and_Q86V35,0.2763217317077741,0.20495339398900148,0.09927628363889132,22.55306905370844,52.648195876288604,-1039.2034673579838,B_C,,,,,,,,,,,
P09758_and_Q96S21,0.26638993495461105,0.20493655128742394,0.04890278105805595,21.421448087431703,61.25100775193796,-16415.40831099024,B_C,,,,,,,,,,,
P09758_and_P35212,0.2551887231787976,0.2049126618969876,0.07775041928516103,20.790327868852447,59.79895238095238,-10960.321885576976,B_C,,,,,,,,,,,
P09758_and_Q8NGE0,0.2757021842653241,0.20489258065954924,0.1503431224301975,22.91869158878506,55.540057471264376,-5885.463042009082,B_C,,,,,,,,,,,
P09758_and_Q05397,0.2577866308284874,0.2048805391994279,0.3322437497581412,26.15801354401807,53.12835390946504,-2945.2955175145107,B_C,,,,,,,,,,,
P09758_and_Q99519,0.2859560325453966,0.20487261419420183,0.2395697713749799,22.596735074626867,55.95999999999997,-15786.201490121623,B_C,,,,,,,,,,,
P09758_and_Q8TAG5,0.27018782548074516,0.20486389207879127,0.0714478197502325,17.858746355685135,60.218145161290316,-4100.72387539624,B_C,,,,,,,,,,,
P09758_and_P20337,0.27411699955185864,0.20480856523003177,0.11580026157864971,21.011778846153874,58.40579545454546,-1763.073742646364,B_C,,,,,,,,,,,
P09758_and_Q8NGK5,0.2792057725160447,0.2047785867764209,0.2184922867951605,23.652312138728337,57.83125683060108,-14237.63004482389,B_C,,,,,,,,,,,
P09758_and_P55082,0.2513572695817424,0.20470743385189383,0.06440137685895374,20.31038135593223,42.06879999999998,-1655.756809567014,B_C,,,,,,,,,,,
P09758_and_Q9H1B5,0.2968280527486442,0.20458557326723398,0.0974480371111801,26.28939114391146,61.35392156862743,-16907.460630018333,B_C,,,,,,,,,,,
P09758_and_P27918,0.26102495492737,0.20454691641049103,0.43599050386485905,26.15583126550871,65.46333333333334,-9379.559299519024,B_C,,,,,,,,,,,
P09758_and_Q8NGU9,0.2578757500136093,0.2044984007231869,0.14243115992224875,24.805387205387206,62.498670886075956,-3433.0772814829234,B_C,,,,,,,,,,,
P09758_and_Q8NAU1,0.2642419218820542,0.20449538516077576,0.06693328018949829,19.06569444444444,59.84306451612904,-1104.779952539473,B_C,,,,,,,,,,,
P09758_and_P05814,0.26876907389167043,0.20449521427810463,0.0655626324179373,17.068951612903206,24.705963302752288,-2149.5696443824654,B_C,,,,,,,,,,,
P09758_and_P07332,0.24342145354142372,0.20441428937635714,0.08013661465292969,24.919017857142826,55.29658163265304,-4241.498478929124,B_C,,,,,,,,,,,
P09758_and_Q9Y5P1,0.27762119123827644,0.2043795200703391,0.10943978825391017,22.358823529411744,58.421691176470596,-7095.941583714494,B_C,,,,,,,,,,,
P09758_and_A8MYU2,0.27070120654419577,0.20436519551799015,0.21402869468169503,27.336738703339854,57.83033057851237,-13793.749547994208,B_C,,,,,,,,,,,
P09758_and_P32881,0.2799706777649301,0.20427251968772603,0.08431858823336379,19.700182481751828,45.80884057971013,-10916.832221984647,B_C,,,,,,,,,,,
P09758_and_Q6IFN5,0.2744434901182032,0.20421707677402273,0.12749050700012907,23.31347248576848,64.89078787878788,-4583.951454907107,B_C,,,,,,,,,,,
P09758_and_P0DPK4,0.2571215189017238,0.20415138100922806,0.18945681227646477,22.9737572254335,58.41284946236556,-5582.629177667098,B_C,,,,,,,,,,,
P09758_and_Q8NG97,0.27720715330114265,0.20414856459963454,0.19514448892950131,20.070481927710844,65.57404411764708,-8067.039829048506,B_C,,,,,,,,,,,
P09758_and_Q8WTU2,0.23868410005074958,0.20411174671442173,0.12874652969468664,22.961733800350288,52.98708542713569,-10376.681305493103,B_C,,,,,,,,,,,
P09758_and_Q8NGY1,0.27783436565989195,0.20407912356617017,0.21295214724483444,22.682508833922252,64.18352941176471,-4683.134779462574,B_C,,,,,,,,,,,
P09758_and_Q8NGG0,0.27964863515284105,0.20406843715035217,0.1700916730292189,22.19281716417909,53.96670886075948,-4673.471231698997,B_C,,,,,,,,,,,
P09758_and_P54756,0.233664986663066,0.20406763831592448,0.12122073722640715,26.269718309859144,61.69169082125604,-5704.230029939223,B_C,,,,,,,,,,,
P09758_and_Q9Y5E9,0.24025089820119816,0.20403576728575856,0.07623790022889418,23.38030303030302,40.495982905982906,-1379.151296449073,B_C,,,,,,,,,,,
P09758_and_A1A4S6,0.2653652115541159,0.203971111778237,0.09089971676759172,24.78869426751592,50.696160714285725,-8336.657430792184,B_C,,,,,,,,,,,
P09758_and_P49788,0.2606476068499852,0.2038812100384491,0.14589309177637413,23.865213946117258,65.97875675675678,-11548.052092107193,B_C,,,,,,,,,,,
P09758_and_Q9P1P4,0.2750354626828675,0.20387225513155321,0.06641700144010648,23.036655112651637,53.26228758169937,-4618.759405375109,B_C,,,,,,,,,,,
P09758_and_P21802,0.23943173681039054,0.20384688656556033,0.1466307693848317,24.93171641791042,57.709900000000005,-1679.7914235794033,B_C,,,,,,,,,,,
P09758_and_Q06432,0.271828270097277,0.20383485690988995,0.10916355677115269,22.50063694267514,50.291888888888884,-2024.8466408503282,B_C,,,,,,,,,,,
P09758_and_O00222,0.2680780608661068,0.2038337201278542,0.17203554592592207,26.953479853479827,58.07138297872339,-4046.90568135626,B_C,,,,,,,,,,,
P09758_and_Q9H4G1,0.2870253016372975,0.20381204899103705,0.12481143828059287,20.96340425531916,60.48538461538465,-2409.2697167793012,B_C,,,,,,,,,,,
P09758_and_P21281,0.2758411082075627,0.20380759646955196,0.11987964368541913,23.244852941176497,46.32946666666667,-2996.5063855379467,B_C,,,,,,,,,,,
P09758_and_Q86YT5,0.28712383622058546,0.20375929237272827,0.13722203308138592,24.084259259259273,41.51370967741935,-3055.7830783253644,B_C,,,,,,,,,,,
P09758_and_Q8NGN1,0.26686358189373144,0.20368083829981376,0.09625615587502478,22.787816764132526,47.31756756756753,-6962.8557327543185,B_C,,,,,,,,,,,
P09758_and_Q9NUN5,0.27929540330232666,0.2036578750095617,0.11738731480161173,25.139808481532175,53.75492227979271,-4503.981636117395,B_C,,,,,,,,,,,
P09758_and_Q8WXI8,0.2754601857438952,0.20364328173103285,0.21247629336225762,22.051647446457995,62.693354430379756,-1681.935803659675,B_C,,,,,,,,,,,
P09758_and_P06729,0.2517549346241632,0.20359130196894443,0.06312867655348958,23.49839142091152,61.57603174603173,-14647.999240672638,B_C,,,,,,,,,,,
P09758_and_Q6UWT4,0.30322154866731404,0.20357841948897346,0.04462155839393182,15.635509554140134,38.245217391304344,-1895.0735241731181,B_C,,,,,,,,,,,
P09758_and_P05113,0.28912047631671833,0.20353440049239618,0.07846075960677988,20.857126696832573,47.14766666666667,-13403.182023184456,B_C,,,,,,,,,,,
P09758_and_Q9BRK3,0.24410529591347568,0.20352915138867916,0.06670553516285782,22.956509695290848,61.92078740157481,-3316.1964131122877,B_C,,,,,,,,,,,
P09758_and_Q6UX82,0.27183315998598273,0.2035146312002783,0.0797195764417894,21.78864864864864,56.86425806451617,-10736.62888278586,B_C,,,,,,,,,,,
P09758_and_Q9HC23,0.2915421406850594,0.20350228889545635,0.17951841248367842,19.115255591054332,44.82053333333333,-5674.306015930179,B_C,,,,,,,,,,,
P09758_and_P05111,0.2533850413735533,0.20347514756765636,0.06607561706233624,22.450866551126524,46.312777777777754,-7642.540146394173,B_C,,,,,,,,,,,
P09758_and_P13232,0.2817381538592736,0.20346290776987686,0.09033522283914065,20.30203125000002,52.95437908496729,-1290.061757669955,B_C,,,,,,,,,,,
P09758_and_Q8TAT2,0.26283703081721066,0.2034562885859478,0.11344635223558225,19.83762376237626,60.19415730337075,-1503.5937661613534,B_C,,,,,,,,,,,
P09758_and_Q8NGG5,0.279465974993899,0.2034356241002364,0.19540560151890957,21.644806763285,64.61654676258996,-2605.326773534532,B_C,,,,,,,,,,,
P09758_and_O95484,0.27327975953661043,0.20342746891070912,0.11896491771473483,19.258035714285743,49.502482758620665,-1140.0309018904418,B_C,,,,,,,,,,,
P09758_and_P29323,0.23330230211145228,0.2034056071230178,0.5679293953790744,26.105865102639328,70.26911016949157,-7868.994197523345,B_C,,,,,,,,,,,
P09758_and_Q8NGS2,0.27813181267341186,0.203395299905701,0.18918802320024397,21.600414937759336,64.20404109589045,-2151.34988288029,B_C,,,,,,,,,,,
P09758_and_Q4KMP7,0.24725122927714016,0.2033442035235427,0.19168711970600394,24.30266836086405,67.28261467889908,-12220.5189856145,B_C,,,,,,,,,,,
P09758_and_Q86TV6,0.2888705057322576,0.20333559095279968,0.291251364411773,26.319123505976084,60.1236809815951,-2827.540002117418,B_C,,,,,,,,,,,
P09758_and_O43852,0.26037183489632365,0.2033208175630551,0.12604530803159858,23.85346740638001,44.262977777777785,-7034.233344448565,B_C,,,,,,,,,,,
P09758_and_O00168,0.3005036795560345,0.20327796149085114,0.042824239039372325,17.052362204724417,26.02513888888889,-1358.9967654219322,B_C,,,,,,,,,,,
P09758_and_Q99972,0.24994597339380514,0.2032131290341833,0.20001722438446684,24.476306306306327,65.4375151515151,-9382.32170689799,B_C,,,,,,,,,,,
P09758_and_Q9UGI6,0.24501565561761224,0.20320539007405786,0.050078665625590865,27.443644067796644,55.23784946236558,-5476.544196374198,B_C,,,,,,,,,,,
P09758_and_Q99445,0.2847200400023379,0.20319287774717879,0.17943937846685495,19.153635116598075,53.505116279069775,-1302.1887138510956,B_C,,,,,,,,,,,
P09758_and_Q8WZ94,0.2779453221404584,0.2031603950564696,0.13574506609234793,20.465753424657517,63.29044776119402,-3872.5819653746657,B_C,,,,,,,,,,,
P09758_and_Q8NHA6,0.2793669340539071,0.20314818899259385,0.18227733783674527,22.63611670020121,68.24924137931039,-3058.3477003637877,B_C,,,,,,,,,,,
P09758_and_Q05586,0.2502350269246943,0.20314796880991165,0.12449926810854939,26.23530612244901,61.994294478527685,-12228.869037114135,B_C,,,,,,,,,,,
P09758_and_A4D2G3,0.278135452394873,0.20306850019624417,0.14812650173164874,22.186249999999998,66.04192592592597,-3034.5799336970535,B_C,,,,,,,,,,,
P09758_and_P51671,0.29813223035593117,0.20306028665551953,0.16277806650076618,19.498202959830888,51.747686567164166,-1310.8813927154301,B_C,,,,,,,,,,,
P09758_and_Q5GJ75,0.2637460162163354,0.20293273929168942,0.12169591922201091,16.499617346938773,63.56974789915965,-2761.333352017046,B_C,,,,,,,,,,,
P09758_and_Q92819,0.2988196180772676,0.20291729703208033,0.10661623343021155,24.692708333333314,65.29446540880508,-14187.796232181921,B_C,,,,,,,,,,,
P09758_and_Q16620,0.23564712217689399,0.20288426878855154,0.1968591982997377,24.62187500000001,57.08606060606064,-3437.1955226484333,B_C,,,,,,,,,,,
P09758_and_Q9Y2T6,0.2753588558247765,0.20287712154873022,0.12271839403304971,23.146245733788454,55.47034482758622,-2009.0317904369026,B_C,,,,,,,,,,,
P09758_and_P80098,0.29753371396211153,0.2028694368618692,0.10690417308856302,17.643094629156018,46.83118181818181,-1820.8549668621692,B_C,,,,,,,,,,,
P09758_and_A0A0A0MT36,0.29359799965641586,0.20285678071461555,0.1257253029971591,20.910869565217375,61.75856115107913,-1274.9510485706828,B_C,,,,,,,,,,,
P09758_and_P17936,0.26013606683205176,0.20284636380955287,0.11722842622845703,19.899181818181805,55.34222222222224,-4216.578051791562,B_C,,,,,,,,,,,
P09758_and_Q9NPF8,0.2876736670165682,0.20284219223548536,0.3445705380068843,23.708819018404938,73.24628048780491,-2013.541928501446,B_C,,,,,,,,,,,
P09758_and_Q8NGA1,0.2783245739526884,0.20281150007944287,0.16465777608828577,22.603244274809114,64.93308724832215,-5011.224193430812,B_C,,,,,,,,,,,
P09758_and_P31644,0.25983576129135677,0.20277811913791927,0.1507105702175192,23.317172897196265,53.01000000000001,-3071.2177735959376,B_C,,,,,,,,,,,
P09758_and_Q16609,0.28963572150745265,0.20276998035541122,0.05286476723163183,19.376951672862447,59.29909090909093,-3027.099327447625,B_C,,,,,,,,,,,
P09758_and_Q96T54,0.2563328777153763,0.20274455093471874,0.0703732164715334,21.483899821109123,55.61578231292516,-3505.8925213107377,B_C,,,,,,,,,,,
P09758_and_P49662,0.2517708075156777,0.20271478628583253,0.24159823093404764,22.9794662309368,51.41578703703703,-6252.071860160097,B_C,,,,,,,,,,,
P09758_and_A8MUN3,0.29188894210931504,0.20271065141034428,0.06037531300461911,16.28273056057864,36.67370370370371,-1169.5244305728665,B_C,,,,,,,,,,,
P09758_and_Q8NGS1,0.2767505779927406,0.20262691047307096,0.2092111149305479,23.053124999999998,67.97830188679251,-3839.803304387443,B_C,,,,,,,,,,,
P09758_and_Q8N743,0.24687183492001064,0.20259861662287135,0.3602097466642538,25.17724014336916,48.5651898734177,-2302.2976910950083,B_C,,,,,,,,,,,
P09758_and_Q8WXQ8,0.2857101977899512,0.20259332840951355,0.3654356393492012,23.452618757612644,55.472200956937755,-7981.253551505338,B_C,,,,,,,,,,,
P09758_and_P59901,0.24421924313311966,0.20258328047395044,0.09380956073712986,23.40651408450705,55.08210810810812,-24171.58836556259,B_C,,,,,,,,,,,
P09758_and_A6NMS3,0.27456566135304167,0.20253413674476173,0.13895262477690978,22.318093385214027,54.70233333333332,-4710.200130362734,B_C,,,,,,,,,,,
P09758_and_Q9ULC3,0.2707153794244595,0.20248274460272173,0.1064127256352591,22.189644970414196,60.50131147540988,-1145.0396314446589,B_C,,,,,,,,,,,
P09758_and_P02768,0.2978600433208839,0.2024670117002417,0.24495020579653348,26.196866840731083,69.76270642201833,-8471.869746922623,B_C,,,,,,,,,,,
P09758_and_Q99574,0.281616165460739,0.20245702942437543,0.12946201011338448,23.645184304399553,58.224517766497456,-23532.795075880556,B_C,,,,,,,,,,,
P09758_and_P11597,0.28298001560950853,0.2024207474815482,0.11628764028292557,22.16570561456749,59.68872093023252,-19703.681789879753,B_C,,,,,,,,,,,
P09758_and_Q9BT92,0.23986689863911614,0.20240384264363448,0.11074388816352275,25.02536363636366,57.062543352601125,-2113.271663321283,B_C,,,,,,,,,,,
P09758_and_A6NC86,0.2752283930449115,0.20237781500876142,0.2704615824343696,21.53567796610168,71.09439189189192,-1926.1876313489895,B_C,,,,,,,,,,,
P09758_and_Q15124,0.3035650001908241,0.20233349008571092,0.42743220384192804,24.530612244897963,73.01434999999998,-6558.156605813257,B_C,,,,,,,,,,,
P09758_and_Q9HB15,0.24897150457236084,0.20222730735522887,0.10539168480398893,22.883276450511953,59.294022988505716,-2660.791068479837,B_C,,,,,,,,,,,
P09758_and_P55259,0.23809900504119913,0.20215298495972456,0.31030601395982566,26.0641955835962,59.51255319148935,-4127.4863660318515,B_C,,,,,,,,,,,
P09758_and_Q02643,0.2562117640057332,0.20214966563594072,0.07427314820543271,24.19067796610169,46.34331632653062,-7023.158026625277,B_C,,,,,,,,,,,
P09758_and_Q8NGR3,0.2756242805423971,0.20214083183102222,0.14344998634898323,22.597681607418874,61.789888888888854,-4592.4713441637805,B_C,,,,,,,,,,,
P09758_and_O60687,0.24385243919426747,0.20212337046407144,0.09163424303064129,22.64963144963147,65.75717741935482,-13372.955250584451,B_C,,,,,,,,,,,
P09758_and_Q9UHD0,0.27851509214247977,0.2021164192919645,0.1971785727554157,22.67434094903341,64.80335616438359,-6237.266571071712,B_C,,,,,,,,,,,
P09758_and_P04629,0.23862167255069214,0.20208016824243927,0.2786245753435919,24.75565312843032,60.492837837837804,-2327.7764370934565,B_C,,,,,,,,,,,
P09758_and_P17612,0.2864756893828994,0.20197266430955235,0.33864022058923954,21.539235569422782,64.8091005291005,-2366.0903723982474,B_C,,,,,,,,,,,
P09758_and_Q9Y3P8,0.2751062714896364,0.20197183031134902,0.07872958928702187,16.676426630434772,35.250653594771244,-1996.6314390741827,B_C,,,,,,,,,,,
P09758_and_A6NN92,0.2719906020313224,0.20195480068024124,0.09179258817440324,21.101969981238277,56.87105263157895,-10921.171301379873,B_C,,,,,,,,,,,
P09758_and_Q9BXJ0,0.2667828355713199,0.20194412893252012,0.15769116299862235,20.151165501165494,65.95905511811027,-1996.9369422889156,B_C,,,,,,,,,,,
P09758_and_P80303,0.24798190530881678,0.20194385827816286,0.2587611409982608,22.41255999999999,62.047987804878055,-2190.6729066549997,B_C,,,,,,,,,,,
P09758_and_Q2WGJ8,0.27033703579030033,0.2019422699393414,0.09017595892378241,21.35359550561803,61.366474820143914,-2657.689154375223,B_C,,,,,,,,,,,
P09758_and_Q9NZ42,0.2957051691784308,0.2019316795829036,0.05896402869286939,18.57439759036143,39.479499999999994,-3640.2417199348283,B_C,,,,,,,,,,,
P09758_and_Q8WWI5,0.2860658521507782,0.20192468333776017,0.10160117581405224,24.780947775628594,62.1333125,-7090.060468149095,B_C,,,,,,,,,,,
P09758_and_P02511,0.28040123717576876,0.2018319242225845,0.19035522864234458,19.908645161290313,58.629059405940566,-1196.895681048365,B_C,,,,,,,,,,,
P09758_and_Q9H1M4,0.29773111697258625,0.20182290400287103,0.05295648535539753,19.476369863013694,52.313984962406,-560.7154392110588,B_C,,,,,,,,,,,
P09758_and_P10321,0.25933634142739687,0.20181820156260374,0.14312621083959326,22.99894859813087,58.146942675159245,-7134.162480428818,B_C,,,,,,,,,,,
P09758_and_P49286,0.27009812104115627,0.20178853920898743,0.14221874327690684,22.32007504690431,58.35171428571428,-2589.5302818929367,B_C,,,,,,,,,,,
P09758_and_Q8N158,0.2726983098651201,0.20175502304255746,0.14734679714074173,22.782408759124085,62.08608938547483,-5389.575367424291,B_C,,,,,,,,,,,
P09758_and_Q9H0U3,0.2527389369985849,0.20174781253288643,0.11752004930583264,22.956884875846495,60.36358620689657,-14543.032574516528,B_C,,,,,,,,,,,
P09758_and_Q8WUJ1,0.2580774324997814,0.20169025160039672,0.09693883024098025,22.782800000000023,70.29301886792449,-3806.2686447325823,B_C,,,,,,,,,,,
P09758_and_Q14952,0.25985511885035584,0.20160805024595407,0.15545739050617052,22.261016949152523,65.05735294117648,-16188.033855182635,B_C,,,,,,,,,,,
P09758_and_Q8WZ92,0.26776476198346527,0.20160628451843798,0.5303247222628351,23.913914193358835,51.8826960784314,-3710.9263804461734,B_C,,,,,,,,,,,
P09758_and_P15144,0.30722740830827644,0.20160373990482294,0.3125673699235238,25.949349240780915,49.69511904761905,-8424.776463957094,B_C,,,,,,,,,,,
P09758_and_O60939,0.2695384389188162,0.20159787846096516,0.1349511221222007,22.338924731182804,68.97371428571427,-2199.855524621959,B_C,,,,,,,,,,,
P09758_and_Q8NGN4,0.27682906384488387,0.20159725174095783,0.1499494239030246,21.508089668616005,57.202361111111095,-4145.762332529336,B_C,,,,,,,,,,,
P09758_and_Q16760,0.25994708121879273,0.20157693355703085,0.32507353564130154,27.47440257352938,62.52178294573643,-4959.119422808821,B_C,,,,,,,,,,,
P09758_and_Q07699,0.27204012185134185,0.20156897147004216,0.1268390046749128,19.195981087470436,58.343953488372094,-9223.257174690489,B_C,,,,,,,,,,,
P09758_and_Q03405,0.2611062379730198,0.20156572396028985,0.16743143176596242,21.221708463949863,59.00252577319588,-5412.87157104291,B_C,,,,,,,,,,,
P09758_and_O95876,0.2832281152159012,0.20154995121931488,0.5178530693618041,25.45430286857912,62.7800772200772,-4567.559006630992,B_C,,,,,,,,,,,
P09758_and_Q2M3R5,0.2625276428587022,0.20154469195060826,0.1683845303889518,25.02251407129456,62.750132450331115,-4242.261388251921,B_C,,,,,,,,,,,
P09758_and_Q8N7C0,0.25831546761511814,0.2015002422674514,0.06940596942353171,22.112683823529423,60.10290909090908,-5855.588343039197,B_C,,,,,,,,,,,
P09758_and_O43424,0.24512835679496103,0.2014323820188654,0.5675721391756657,26.83281710914457,68.00288702928873,-14866.157513698607,B_C,,,,,,,,,,,
P09758_and_Q9NYW5,0.2682663967681692,0.20139222495166811,0.0814447757309636,21.902611940298506,58.555069444444456,-6401.478914384643,B_C,,,,,,,,,,,
P09758_and_Q9GZU5,0.27427887220541947,0.20135541397626797,0.2067186263762079,23.977969018932903,71.27580645161287,-6949.09437650353,B_C,,,,,,,,,,,
P09758_and_Q8NH53,0.2764980531801782,0.201343213380157,0.09933417460797796,19.705025773195874,61.21146341463419,-2566.331883297027,B_C,,,,,,,,,,,
P09758_and_Q2MJR0,0.2489092324076143,0.20132358942210277,0.23448148847421543,22.61934137291275,56.45097826086959,-1877.4664729220021,B_C,,,,,,,,,,,
P09758_and_Q9BXP2,0.27443611697183595,0.20120702412730335,0.0332646765248642,24.914932885906012,42.94795698924732,-2497.6288584734793,B_C,,,,,,,,,,,
P09758_and_P34995,0.2622039481656701,0.20120620606557088,0.17789382929571507,23.892585034013596,51.736827956989266,-10071.35449671366,B_C,,,,,,,,,,,
P09758_and_O60383,0.2526334330719723,0.20119277423097373,0.09784086394778983,22.38961748633883,63.3144171779141,-5454.368532364254,B_C,,,,,,,,,,,
P09758_and_O00624,0.2795220703801122,0.2011884651816771,0.2166075444591461,24.711691884456673,47.49077720207253,-4429.104157686164,B_C,,,,,,,,,,,
P09758_and_O75762,0.2698548277128811,0.2011712498040567,0.020504981687267793,28.2702479338843,41.00725806451614,-10273.093309580749,B_C,,,,,,,,,,,
P09758_and_A6NNL5,0.2834714915718881,0.20114049261969902,0.10500423735721667,21.853763440860217,54.59563909774435,-9232.860687028335,B_C,,,,,,,,,,,
P09758_and_Q8TB73,0.23865310353355318,0.20111745309715745,0.2811321788231112,24.374080459770123,52.3174152542373,-15831.601685568865,B_C,,,,,,,,,,,
P09758_and_Q5T6X5,0.28108733489697324,0.20111366273444956,0.12065058879699593,26.80681003584226,51.49829787234043,-5765.011762590279,B_C,,,,,,,,,,,
P09758_and_Q8NGZ6,0.27239340828099795,0.20111072978936356,0.23706604036244652,22.680031201248074,59.07236994219655,-2815.9297187250195,B_C,,,,,,,,,,,
P09758_and_O60711,0.24509938425175615,0.20110257059245834,0.2105953862257231,24.30891238670697,52.68197916666668,-3276.705504950207,B_C,,,,,,,,,,,
P09758_and_Q8NGS3,0.27431480770904126,0.20108508170642764,0.20131110194766533,23.23232421874998,66.20563758389261,-3921.3918326163557,B_C,,,,,,,,,,,
P09758_and_Q96BQ1,0.27182977167887945,0.20103248186243763,0.24226853059361025,22.265010141987805,65.45262820512824,-1766.3766014294029,B_C,,,,,,,,,,,
P09758_and_P0C628,0.27530224121319413,0.20102465524458923,0.11546657969684293,22.35498575498576,61.60092592592592,-3824.599469526084,B_C,,,,,,,,,,,
P09758_and_P09544,0.27518449994398586,0.20098534802426257,0.10295368845477566,22.411568123393323,59.20851063829787,-5697.575740055553,B_C,,,,,,,,,,,
P09758_and_Q8NEG4,0.24737616192832232,0.2009721097245049,0.12080307264306826,23.086265223274687,59.35553191489357,-2850.2902717173565,B_C,,,,,,,,,,,
P09758_and_Q69384,0.26358282297875046,0.20094754002298235,0.11183554001156813,25.869532428355964,62.55702020202023,-18100.52864449429,B_C,,,,,,,,,,,
P09758_and_P0C7N8,0.27825071274949853,0.2009391310213285,0.15975572606723734,22.249713193116627,56.44716216216218,-11362.020911300777,B_C,,,,,,,,,,,
P09758_and_Q15375,0.2330190431644683,0.20093631743574536,0.40264745941583324,26.942743953294432,56.26737827715352,-3312.298232909363,B_C,,,,,,,,,,,
P09758_and_O75594,0.2760014486427288,0.20093598639593702,0.1474272667398933,22.226685393258414,71.09023076923079,-1786.4695660345353,B_C,,,,,,,,,,,
P09758_and_Q13325,0.2883703990534967,0.200935443047578,0.256399267895208,24.188969521045,55.14741293532337,-16274.24009038556,B_C,,,,,,,,,,,
P09758_and_P15313,0.27434572175962846,0.20092076813412552,0.10165319404897687,23.58074127906974,52.877941176470564,-2470.1113850683278,B_C,,,,,,,,,,,
P09758_and_Q9UKR3,0.2655863353527841,0.2009023664991335,0.20269035410659683,20.34881386861318,57.80115606936413,-6186.449492448808,B_C,,,,,,,,,,,
P09758_and_Q9Y4J8,0.24140638249017757,0.20088168923804298,0.2595481318767998,23.509821428571463,54.23106918238994,-13097.636213548594,B_C,,,,,,,,,,,
P09758_and_Q96ES6,0.2867125655725869,0.20080796667436196,0.22052487870569779,22.757779456193347,49.92515463917527,-4527.318096513198,B_C,,,,,,,,,,,
P09758_and_A6NLE4,0.2810121302050116,0.2007668936118542,0.07190590152635815,19.122934232715,46.29804054054054,-5733.822498899284,B_C,,,,,,,,,,,
P09758_and_O15554,0.2563070931182646,0.20076296021051887,0.025959042607772872,22.483333333333338,58.122714285714295,-3560.6509356613287,B_C,,,,,,,,,,,
P09758_and_Q14BN4,0.2242429453728509,0.20075669817778338,0.0876624292007627,24.488709677419354,61.182285714285705,-14424.878405664753,B_C,,,,,,,,,,,
P09758_and_Q8NGK3,0.2756400271581628,0.20074893160845,0.1562069482745739,23.11788617886178,61.316402439024365,-6454.671585410966,B_C,,,,,,,,,,,
P09758_and_Q8NGN3,0.27532123028129873,0.20073474768580982,0.18590716945033237,22.37155797101449,58.89879194630874,-3547.6237368781485,B_C,,,,,,,,,,,
P09758_and_O75800,0.2783953262198745,0.2007249286918207,0.13876948652111115,23.831539424280315,60.885747663551385,-5359.092588967057,B_C,,,,,,,,,,,
P09758_and_Q902F8,0.2555788379137641,0.20071269312604922,0.1309395897912099,25.825949367088597,61.15654205607474,-4133.091923149568,B_C,,,,,,,,,,,
P09758_and_Q9UQF0,0.24205332568685028,0.20069157544675606,0.3137676460257811,26.073181484202795,51.58705882352937,-2104.930241395439,B_C,,,,,,,,,,,
P09758_and_Q9P0K9,0.2623225126770644,0.20067459911861063,0.11170732104823303,19.94671457905542,61.967465753424655,-14035.550402227804,B_C,,,,,,,,,,,
P09758_and_Q9P2U8,0.27285903309540355,0.20061092432380276,0.15433783138188922,24.259704968944085,50.222067039106136,-2142.8544424699567,B_C,,,,,,,,,,,
P09758_and_Q9BQ51,0.2603388906226023,0.20055520007960076,0.22409724311873347,22.326660839160848,54.1738064516129,-17718.86000116778,B_C,,,,,,,,,,,
P09758_and_P82251,0.28514072617700326,0.20055490545119786,0.1349299050322666,23.470137825421173,57.02356756756757,-3548.7645758748645,B_C,,,,,,,,,,,
P09758_and_Q15311,0.23154256734262926,0.20045610065815164,0.17849076627714747,23.58766346992152,53.14811659192826,-7648.202223983393,B_C,,,,,,,,,,,
P09758_and_Q9UQC9,0.30419430261439584,0.20045563295396324,0.5323187241991353,27.019438596491227,71.03037037037038,-8213.271095742675,B_C,,,,,,,,,,,
P09758_and_O95867,0.2894608396104862,0.20045426858848064,0.26490451614001725,18.825480769230776,51.1366451612903,-1105.5106954169835,B_C,,,,,,,,,,,
P09758_and_Q14406,0.27154563668915555,0.2003970309531847,0.14334935351127873,22.17502910360888,47.57478723404256,-3454.5224549411105,B_C,,,,,,,,,,,
P09758_and_Q86YW7,0.2872447009482155,0.20038384375268736,0.05264085399547544,19.328245192307723,47.671574803149596,-17208.416218412996,B_C,,,,,,,,,,,
P09758_and_Q8N2G4,0.28585730543011684,0.2003291564858088,0.15644984257342998,20.710919540229888,61.89929078014184,-3880.9523508116417,B_C,,,,,,,,,,,
P09758_and_P27658,0.22569526829795689,0.2003265335594432,0.136789911885097,24.144178794178803,55.34421428571428,-4196.840230294874,B_C,,,,,,,,,,,
P09758_and_P29074,0.23880194392827014,0.20031942354248222,0.18853593922840967,26.163385416666642,63.51862815884471,-9658.329815000223,B_C,,,,,,,,,,,
P09758_and_P98066,0.2635678965801855,0.2002982626788443,0.10741355189795498,22.544341085271338,49.263954802259875,-2065.0555306897077,B_C,,,,,,,,,,,
P09758_and_O95716,0.27118436543170793,0.20023313208023882,0.10523256401511487,21.54619999999999,61.779433962264186,-2653.717193946083,B_C,,,,,,,,,,,
P09758_and_O00501,0.2697833962710604,0.2002271049042928,0.11699634973122541,20.735195530726248,48.1508383233533,-4076.583902623366,B_C,,,,,,,,,,,
P09758_and_P15311,0.26883751012555707,0.20021228025791382,0.06483207576285167,24.331641791044746,63.20639344262295,-11623.129294841041,B_C,,,,,,,,,,,
P09758_and_Q9UKL4,0.25408185781977993,0.20019346492819562,0.0847670445504198,19.414226519337035,51.90303571428573,-4711.123207730233,B_C,,,,,,,,,,,
P09758_and_Q08708,0.2668152766523628,0.200177407755346,0.1038667721395936,19.398648648648628,37.12204918032786,-12702.328864557854,B_C,,,,,,,,,,,
P09758_and_Q92838,0.24745564171239057,0.2001399380945443,0.19716725138591645,23.925837320574146,48.12743842364532,-1374.2165494569126,B_C,,,,,,,,,,,
P09758_and_Q9UEW3,0.23714165719223648,0.20013914481800943,0.11164827850955611,22.194569288389527,48.74936046511629,-4368.172837172402,B_C,,,,,,,,,,,
P09758_and_O14520,0.2628562471630168,0.2001084200656768,0.1490534266460009,24.66078431372552,71.89061538461536,-7791.686980294578,B_C,,,,,,,,,,,
P09758_and_Q9Y5F3,0.2553318303346057,0.2000781879529435,0.16847545036616907,25.502689075630236,63.45385093167702,-3642.1559215032503,B_C,,,,,,,,,,,
P09758_and_Q6UXS0,0.2773274879245897,0.20007796946998962,0.163270213954775,22.723475046210737,53.174304635761565,-1469.653937829823,B_C,,,,,,,,,,,
P09758_and_Q9H2X0,0.25589463375454236,0.19998234380431917,0.26960596373509,26.716541916167678,54.958400000000026,-5652.361656689143,B_C,,,,,,,,,,,
P09758_and_Q7Z4R8,0.276310804720949,0.1999206910126992,0.11534046122771367,19.378542094455877,58.312517482517485,-5152.630227551491,B_C,,,,,,,,,,,
P09758_and_A0A0K2S4Q6,0.2715303408115466,0.1998672910374662,0.06602807371336394,20.14484304932736,42.96776923076924,-2447.1468169354066,B_C,,,,,,,,,,,
P09758_and_Q9NZ20,0.23714448076915653,0.19975611918190947,0.10028125953257605,23.481588785046746,58.85956521739129,-6495.24078090617,B_C,,,,,,,,,,,
P09758_and_Q9P2W7,0.26139320602360333,0.1997320276394223,0.11651065860270343,21.330421052631564,65.44402777777779,-4275.82521874442,B_C,,,,,,,,,,,
P09758_and_O94973,0.26403928999089715,0.19972927957688869,0.12227316033989788,27.287556561085964,73.21747126436782,-3174.572927302046,B_C,,,,,,,,,,,
P09758_and_A6NJZ3,0.27394631262801633,0.1997121366922158,0.17885839782047475,22.99289383561645,61.773461538461525,-4945.33225360152,B_C,,,,,,,,,,,
P09758_and_Q96R47,0.2742337797566649,0.19968861304620045,0.14897587256773792,23.485640138408304,56.200266666666636,-7729.796449108395,B_C,,,,,,,,,,,
P09758_and_Q96A98,0.29636974275017447,0.19968101940243932,0.05310689294279779,15.720942982456124,36.88648148148148,-1958.1289255671127,B_C,,,,,,,,,,,
P09758_and_O60218,0.28458710928197617,0.19967862166740707,0.1399443099063844,21.59923809523808,69.7105294117647,-11374.107530482543,B_C,,,,,,,,,,,
P09758_and_P01282,0.28144780383497636,0.19966219912259095,0.09680096860519881,15.941563467492246,38.67449664429532,-944.5322498862952,B_C,,,,,,,,,,,
P09758_and_P50591,0.2635659529970656,0.1996444658540545,0.10062461267025531,24.00117647058828,57.16051136363637,-2507.2961692284607,B_C,,,,,,,,,,,
P09758_and_Q8NH73,0.27311561793687605,0.1995983828199277,0.13923246695285968,22.308253358925143,58.78924137931035,-3820.088421027498,B_C,,,,,,,,,,,
P09758_and_P25098,0.29656993462718784,0.19959375285489753,0.148608286329663,24.374155193992525,62.35601010101007,-5457.132763282621,B_C,,,,,,,,,,,
P09758_and_Q9UKH3,0.25887406834308035,0.19958652936679577,0.12520857754888234,25.685483870967712,60.10768115942031,-17717.716005489063,B_C,,,,,,,,,,,
P09758_and_Q15040,0.2736339234562428,0.19955185936273936,0.13677572892341172,23.657968970380853,58.67062146892655,-2865.1361928520855,B_C,,,,,,,,,,,
P09758_and_Q9GZM5,0.250184626700877,0.19952900000914559,0.05578820617496265,22.50688524590165,54.4445,-3901.192746091183,B_C,,,,,,,,,,,
P09758_and_P16035,0.2707429551681503,0.19947723433823294,0.16430582479207542,21.795626072041184,62.213287671232884,-1947.0800887633854,B_C,,,,,,,,,,,
P09758_and_Q6UXZ3,0.2706202889258772,0.19942637862614607,0.06987274437504337,19.144904458598713,54.13460869565217,-4903.731836965154,B_C,,,,,,,,,,,
P09758_and_Q9UMX6,0.27413942982120953,0.19941479897992126,0.13044626531783166,21.07088791848618,55.29519736842107,-1053.3188997051293,B_C,,,,,,,,,,,
P09758_and_Q08397,0.23524718578976805,0.19939511977533828,0.20706365351877976,23.904274353876776,56.240779220779224,-20613.421470364447,B_C,,,,,,,,,,,
P09758_and_Q86WS5,0.2595968802799312,0.19937337728864687,0.12954155553711436,22.086274509803935,64.99761111111115,-11606.368477926673,B_C,,,,,,,,,,,
P09758_and_Q6UXR4,0.26135568207586096,0.19933592413391216,0.15280487818079677,21.627595628415275,61.50509433962263,-16507.030094848582,B_C,,,,,,,,,,,
P09758_and_P58170,0.2632483602507037,0.1992938260677755,0.1104711629287799,23.014421855146114,55.0944318181818,-3868.214706609157,B_C,,,,,,,,,,,
P09758_and_O15496,0.27985480715450134,0.19929300209033274,0.12075351255947654,20.677486910994766,64.36147540983607,-1991.0282103675254,B_C,,,,,,,,,,,
P09758_and_P08962,0.2607812324982585,0.19929043482185482,0.054014987129569286,21.533656509695287,47.31754237288138,-3209.992430354789,B_C,,,,,,,,,,,
P09758_and_P98173,0.26898086585862807,0.1992785143052927,0.23426299358167632,21.4258458646617,58.406849315068506,-12946.913240083868,B_C,,,,,,,,,,,
P09758_and_Q7LDG7,0.2595899426939273,0.19923521057770466,0.2503197284452088,22.850101214574916,57.43532544378696,-2349.4196216067867,B_C,,,,,,,,,,,
P09758_and_Q17RR3,0.286569762902838,0.19922069396260678,0.10473964171747606,23.88960216998192,61.22759562841531,-4854.735808011675,B_C,,,,,,,,,,,
P09758_and_Q96RD7,0.25446084098748745,0.19922035369939772,0.1783738818580317,21.06000000000002,51.38340579710146,-3442.4882507143993,B_C,,,,,,,,,,,
P09758_and_P15291,0.2594304449926838,0.1992037251451273,0.1965722998496373,21.595373665480437,69.87363057324839,-17411.068263253834,B_C,,,,,,,,,,,
P09758_and_Q8IUD2,0.2165661218226378,0.19917981842510718,0.061120255898249126,26.95610169491524,47.658942307692314,-2572.4903736975684,B_C,,,,,,,,,,,
P09758_and_P23352,0.24603366109959768,0.1991223910923429,0.2564693970496561,24.859243697479013,57.13056701030926,-2041.2036567424857,B_C,,,,,,,,,,,
P09758_and_Q8NBR0,0.2469516148833829,0.199097400042462,0.09847517198754897,23.759718826405877,56.34929577464789,-3563.941025243679,B_C,,,,,,,,,,,
P09758_and_Q6UWI2,0.25269998872517313,0.19907267234657106,0.08971813934135682,16.55902439024391,23.845826086956517,-301.6811505293299,B_C,,,,,,,,,,,
P09758_and_Q2TAP0,0.2797195299028659,0.19903922630787851,0.11170753527479077,20.862932604735878,54.867972027972016,-2827.9197885417634,B_C,,,,,,,,,,,
P09758_and_O95782,0.262266906664862,0.19903616462181825,0.05968995565792115,27.25753968253972,70.3481981981982,-4663.939166354634,B_C,,,,,,,,,,,
P09758_and_P48050,0.23709620033318674,0.19901543797783572,0.11034322442841453,25.160707803992736,57.78292397660818,-9424.982799533353,B_C,,,,,,,,,,,
P09758_and_O00159,0.2640242569040243,0.19897371577798784,0.09598815993897789,26.046945701357433,47.16875776397515,-15083.238613243846,B_C,,,,,,,,,,,
P09758_and_Q9H340,0.27397600870951794,0.1988151199855257,0.11153626218109393,22.763066954643634,63.244814814814795,-5947.344842351777,B_C,,,,,,,,,,,
P09758_and_Q86SM8,0.2696279403059407,0.19879588583103291,0.2745270270471368,24.84613034623219,69.02260563380283,-4057.4665272527473,B_C,,,,,,,,,,,
P09758_and_Q9UK17,0.22756904703167036,0.1987782162083374,0.038071332537982186,23.63767857142857,27.67652173913043,-1908.666481660839,B_C,,,,,,,,,,,
P09758_and_Q2TAL6,0.2505934026591231,0.19877371464565186,0.05674233096395094,20.53192771084337,60.79362204724411,-3259.599991884218,B_C,,,,,,,,,,,
P09758_and_P26447,0.29341696319052807,0.1987575677460102,0.03347219488628439,22.548523985239868,55.95067961165048,-1447.8029567417439,B_C,,,,,,,,,,,
P09758_and_P61566,0.25440571635544384,0.19874256923594216,0.221196050647622,23.426037959667838,59.50105527638193,-20578.947814045427,B_C,,,,,,,,,,,
P09758_and_Q8NES8,0.3028232595362702,0.19871248422723556,0.06078603407979061,18.820811518324607,46.04897196261681,-1306.3636087161094,B_C,,,,,,,,,,,
P09758_and_Q96SN7,0.2634273975478873,0.19868985537801329,0.05724517532541187,18.251818181818177,45.00620370370372,-2895.665359090217,B_C,,,,,,,,,,,
P09758_and_P13284,0.2575827659834766,0.19862687980496013,0.2199167590114059,21.21761363636364,74.01125,-2292.4657937150096,B_C,,,,,,,,,,,
P09758_and_Q5FYB0,0.2836555695499331,0.19862267380200005,0.3300420778268236,26.511586314152453,60.63979591836735,-6393.1870283170665,B_C,,,,,,,,,,,
P09758_and_P28221,0.26225960050611263,0.19861668254379244,0.17218327847993659,24.33147013782542,59.27560000000003,-2220.7420269377444,B_C,,,,,,,,,,,
P09758_and_Q96RB7,0.2716078278782601,0.1986108001601981,0.19943280452237352,22.62893805309732,66.86932885906039,-3802.0248450541426,B_C,,,,,,,,,,,
P09758_and_Q96R84,0.27196235384241385,0.19858035267160873,0.12745995741911148,22.080938123752457,56.12816326530612,-13409.173319076874,B_C,,,,,,,,,,,
P09758_and_P42681,0.26882265366840874,0.1985637733572641,0.2631348817395076,22.776732673267336,59.839192825112114,-17520.125639304875,B_C,,,,,,,,,,,
P09758_and_P16591,0.2362696106432403,0.1985175855858418,0.18333362569959363,26.745573997233752,64.5094372294372,-15395.195248048942,B_C,,,,,,,,,,,
P09758_and_Q14184,0.25139109584271324,0.198450282478454,0.3021224833934289,24.447985901309124,61.595418326693206,-1197.290456933375,B_C,,,,,,,,,,,
P09758_and_Q9Y5C1,0.2406299731180507,0.1984275972630971,0.11729008808091185,23.22014388489209,61.48324607329843,-3733.9193629286237,B_C,,,,,,,,,,,
P09758_and_Q12864,0.23880599785202447,0.19839427327958684,0.07285853920444955,26.236891385767798,61.528777777777776,-14595.531322733461,B_C,,,,,,,,,,,
P09758_and_O15393,0.272086797328715,0.19838658301892273,0.21369764563295798,19.772679640718607,63.48075757575757,-8449.230131896964,B_C,,,,,,,,,,,
P09758_and_Q13007,0.2715104936357881,0.19836243119900088,0.20877702975215814,22.730871886121005,68.01383561643839,-11819.70053357533,B_C,,,,,,,,,,,
P09758_and_Q8TDN1,0.2347816146000576,0.198339942954895,0.02395489954496579,26.16176470588236,57.11058823529412,-2305.002474058957,B_C,,,,,,,,,,,
P09758_and_P51512,0.23377675348021465,0.19833168413651697,0.23964702424971926,24.89364705882352,50.70296296296295,-11575.789831374845,B_C,,,,,,,,,,,
P09758_and_O95466,0.23626296828463578,0.19831714351733074,0.06850275835584137,27.896040723981887,56.17630681818179,-5482.193188035391,B_C,,,,,,,,,,,
P09758_and_P22301,0.2767179830120444,0.19831651550639479,0.09567020493275787,21.701626898047707,59.585298013244966,-2253.556280301064,B_C,,,,,,,,,,,
P09758_and_Q9BT56,0.2879958148046904,0.198275510904706,0.0696154972807056,17.996465696465705,30.96648,-1040.6848785781458,B_C,,,,,,,,,,,
P09758_and_Q6ZP80,0.2644556043278307,0.1982461114746358,0.054667749998567106,23.349895833333324,55.2026712328767,-17334.069921955233,B_C,,,,,,,,,,,
P09758_and_Q9BXJ7,0.2655510415674891,0.19820481835395737,0.24295315972192502,24.113035019455225,65.54980000000002,-17453.085545278183,B_C,,,,,,,,,,,
P09758_and_Q9HCE7,0.2446234899795856,0.19815057004573744,0.11695430196583852,25.282980225988673,59.18021164021163,-5185.433574387138,B_C,,,,,,,,,,,
P09758_and_Q96FN4,0.2703370792419513,0.19807777072315447,0.21274748599639548,23.152237654321,70.35751322751325,-5134.307149110365,B_C,,,,,,,,,,,
P09758_and_Q00888,0.24132450131391464,0.1980677107269172,0.31245511425871403,22.15797317436662,67.04378205128207,-1847.531633513098,B_C,,,,,,,,,,,
P09758_and_Q13496,0.29108076689903606,0.19804547422878527,0.3598947483758839,25.67959677419357,74.7652727272727,-5865.908483530925,B_C,,,,,,,,,,,
P09758_and_P01308,0.2912442791000448,0.19799810222836053,0.056491015400362665,18.341735537190097,51.228256880733966,-1114.4378705322697,B_C,,,,,,,,,,,
P09758_and_Q9H2X9,0.27130222743277455,0.19796816901737316,0.19570109703964256,28.1657986111111,64.71149425287358,-2737.372835003098,B_C,,,,,,,,,,,
P09758_and_P06881,0.28839876006428977,0.19793532551466111,0.1394348689143922,16.215762273901802,35.51422818791947,-1325.3827055196452,B_C,,,,,,,,,,,
P09758_and_Q8TB68,0.2561682659093758,0.19792516063100715,0.09236317102304517,19.850516224188826,33.27367346938776,-3847.705288605215,B_C,,,,,,,,,,,
P09758_and_P13164,0.288467001511873,0.19788655950036055,0.11463926139011033,15.267698019801983,31.138512396694214,-1333.3151759609718,B_C,,,,,,,,,,,
P09758_and_P00736,0.25840115616105547,0.19787545173922902,0.172175163762429,25.794117647058798,66.25195488721809,-10253.314529083273,B_C,,,,,,,,,,,
P09758_and_Q8N302,0.22791803857653725,0.19782665719592044,0.05386096967306642,23.836401673640164,54.05797619047619,-6498.2549318007295,B_C,,,,,,,,,,,
P09758_and_Q86YL7,0.27309874230975917,0.19779919621848646,0.10404142552271249,18.889513677811554,22.14318681318682,-2806.309927912078,B_C,,,,,,,,,,,
P09758_and_M5A8F1,0.27997653921253557,0.19778427790079908,0.10118157065029396,18.76666666666667,57.319938650306725,-1340.8046095069076,B_C,,,,,,,,,,,
P09758_and_E9PQX1,0.2865379351979858,0.19772517332579925,0.060127471943744334,19.5981967213115,33.53042553191491,-1788.3237114657697,B_C,,,,,,,,,,,
P09758_and_Q8NGD5,0.26948466406678395,0.19771449675647215,0.15077653139507816,23.18133680555556,55.74167701863356,-6076.845505715761,B_C,,,,,,,,,,,
P09758_and_O95445,0.27429795737935664,0.19770931071005915,0.3149583420724397,22.999416909620965,70.18558011049728,-2670.139228566334,B_C,,,,,,,,,,,
P09758_and_Q9H0F7,0.27395896381409723,0.19770177705051792,0.08418600649285646,24.359172259507854,57.46485507246379,-16110.516176417299,B_C,,,,,,,,,,,
P09758_and_Q99217,0.2710089692110862,0.19762284190708693,0.0688801626836394,16.08395765472311,34.996953125,-1286.0464408581101,B_C,,,,,,,,,,,
P09758_and_O14495,0.2578055458227192,0.19761263220825648,0.19205467179626606,21.99699499165278,69.06888235294115,-1932.3657567792425,B_C,,,,,,,,,,,
P09758_and_Q6P0A1,0.2740924556024636,0.19759618937703716,0.08851001734588701,22.897718978102223,49.92770833333333,-23144.437012476632,B_C,,,,,,,,,,,
P09758_and_Q8NH41,0.2632134052204239,0.1975529842720051,0.24380335822716387,23.907007575757547,59.98427027027028,-1941.1521388367323,B_C,,,,,,,,,,,
P09758_and_P10747,0.2666008387098223,0.19752519162356388,0.09178447521084261,18.297999999999988,65.36749999999998,-1645.6969178363724,B_C,,,,,,,,,,,
P09758_and_P05538,0.2594408158656334,0.19745389257152057,0.17668568491927994,21.76896551724142,54.981552511415536,-1795.5066762328079,B_C,,,,,,,,,,,
P09758_and_P11684,0.29536241111838435,0.1973904248232916,0.06926363958450205,20.66313672922253,43.400719999999986,-10315.084896229582,B_C,,,,,,,,,,,
P09758_and_Q9GZK4,0.272292334140942,0.1972948640445306,0.2283404490524848,22.759917355371893,58.51717791411041,-2967.232192517198,B_C,,,,,,,,,,,
P09758_and_A0A0C4DH33,0.2871065509920482,0.19728266178639597,0.12499411369528972,22.065263908701866,55.5562195121951,-9289.78361569384,B_C,,,,,,,,,,,
P09758_and_P79483,0.25789118997695054,0.1972424124978983,0.15595362168627436,22.715320512820515,55.154651162790664,-1297.1767026330917,B_C,,,,,,,,,,,
P09758_and_Q8IXH8,0.23108330298752833,0.19722596555152994,0.16213383194734937,25.195482546201227,60.469552238805974,-5489.183968218076,B_C,,,,,,,,,,,
P09758_and_Q9H2B4,0.2797962143888321,0.19720769375368327,0.05190718355075874,24.120760233918126,45.96032967032967,-3724.9366758619094,B_C,,,,,,,,,,,
P09758_and_Q16270,0.2568371998681737,0.197145914170272,0.06386525916681184,18.2490813648294,61.58047619047617,-2744.2248586682636,B_C,,,,,,,,,,,
P09758_and_Q13449,0.25236127445326767,0.19709279071946617,0.10630532241197084,23.027684964200493,57.86041379310346,-8493.786412468831,B_C,,,,,,,,,,,
P09758_and_O95185,0.24089270340236504,0.19700150990124393,0.5237107810114808,25.571169354838695,53.13631355932201,-2990.2574117194417,B_C,,,,,,,,,,,
P09758_and_Q8NE01,0.2246928668081448,0.19697411099195317,0.25034746963003246,24.47321016166286,61.42727699530516,-5998.296889236939,B_C,,,,,,,,,,,
P09758_and_Q53GL0,0.24183210868949281,0.19694129782385372,0.11105252302521541,22.023322332233214,51.27548387096773,-15545.579922043748,B_C,,,,,,,,,,,
P09758_and_Q06828,0.26704708281163075,0.19691219798907242,0.13784873660710575,23.587536656891512,56.72746153846154,-3411.515018083541,B_C,,,,,,,,,,,
P09758_and_P15104,0.2806244169416512,0.19690101241649405,0.17982814868298058,23.748675496688723,59.04857142857142,-2466.6395280505585,B_C,,,,,,,,,,,
P09758_and_Q9UL51,0.23886380597018697,0.19689550358128316,0.3792777811131797,27.15652173913043,59.447365853658525,-4440.658686868155,B_C,,,,,,,,,,,
P09758_and_P47871,0.2520601445695747,0.19684529192552802,0.15069725765478187,24.090417867435185,50.01753846153849,-18548.351861377323,B_C,,,,,,,,,,,
P09758_and_A6NE02,0.2725288521419432,0.19681955722959268,0.25814550423649757,24.788138297872315,62.749052132701415,-7272.676169914453,B_C,,,,,,,,,,,
P09758_and_Q8NH59,0.2725322975516433,0.19681137586120168,0.1510355816186017,22.68780241935487,54.119027777777745,-6561.941880890065,B_C,,,,,,,,,,,
P09758_and_Q15846,0.24134749487950297,0.19677338907602976,0.1299345226476503,21.740444444444456,51.707621145374475,-9238.059842486095,B_C,,,,,,,,,,,
P09758_and_Q9HBU9,0.24642592852093437,0.19672967606902947,0.15321305796921114,19.790015974440895,66.3101851851852,-2964.3062507893537,B_C,,,,,,,,,,,
P09758_and_P08294,0.2639974460805892,0.1967273941336807,0.1813387907525543,23.022900763358756,65.48896551724138,-13624.824626412927,B_C,,,,,,,,,,,
P09758_and_O43688,0.26036802045461205,0.19672081660767612,0.23827124403114233,22.58260162601629,68.56726708074532,-3334.1577293763085,B_C,,,,,,,,,,,
P09758_and_Q9NS40,0.23599621942515692,0.19672034481768547,0.3420140112061397,26.207860696517397,47.6827969348659,-2851.265812748439,B_C,,,,,,,,,,,
P09758_and_O95965,0.23517905792863308,0.19672010381543728,0.10284895417272043,22.2469740634006,57.62281914893615,-1969.845093545955,B_C,,,,,,,,,,,
P09758_and_Q10471,0.26786993377999135,0.1966900535509473,0.18227682741241855,22.674759615384616,58.98123809523809,-11804.290701732343,B_C,,,,,,,,,,,
P09758_and_Q9BZM6,0.26418807336397904,0.19667913461610984,0.08875784899184429,22.826218323586737,55.85960784313728,-13023.716188075372,B_C,,,,,,,,,,,
P09758_and_Q6PIZ9,0.271944400363883,0.19665496368970764,0.06963374985005448,18.501872964169383,40.122893081761,-1778.2654187708758,B_C,,,,,,,,,,,
P09758_and_Q8NHK3,0.24722676533080384,0.19664972040369808,0.17465164242764736,21.035087719298232,65.97242424242425,-4405.124986775129,B_C,,,,,,,,,,,
P09758_and_P11230,0.2592531907410931,0.19664708794533436,0.10956757337706803,24.241257367387043,52.53372670807454,-13056.844274262516,B_C,,,,,,,,,,,
P09758_and_Q99788,0.26527425797675175,0.19663731233295167,0.22753141975823732,23.794994786235666,58.403981900452465,-4511.008239572414,B_C,,,,,,,,,,,
P09758_and_O60635,0.2621319506075117,0.19659975732931356,0.0789628676072315,24.561497890295364,58.7496449704142,-18235.00293507463,B_C,,,,,,,,,,,
P09758_and_P02788,0.30095306165152236,0.19657842627865163,0.36447859391511667,27.325302419354838,63.27113636363636,-4546.753042690897,B_C,,,,,,,,,,,
P09758_and_Q9Y271,0.2622730136180592,0.19653624643890769,0.17949163051879957,24.92218934911237,59.67104395604395,-3541.799611957321,B_C,,,,,,,,,,,
P09758_and_Q9NPH6,0.2758357660014546,0.19653312891442182,0.05976989593620746,22.797780126849872,59.11916666666663,-13666.764680878252,B_C,,,,,,,,,,,
P09758_and_Q92956,0.2533398412142653,0.19653142149699007,0.11303115675297548,21.610127931769707,57.851048387096775,-6178.429355170105,B_C,,,,,,,,,,,
P09758_and_P01350,0.2904850291479205,0.19652994282712563,0.07572470588251065,14.344378698224842,17.44586538461538,-2737.203368451931,B_C,,,,,,,,,,,
P09758_and_P35221,0.2648514953938469,0.1964294610225492,0.1224745249054575,26.372153846153836,47.28995192307691,-7896.092696844482,B_C,,,,,,,,,,,
P09758_and_P42261,0.24016137946835614,0.1963850099273872,0.18196648626247083,25.766666666666676,66.8230994152047,-10473.190139490569,B_C,,,,,,,,,,,
P09758_and_O75106,0.3049912585271326,0.1963601656659611,0.26762154453884873,26.323659305993694,58.24465517241376,-12695.977903468976,B_C,,,,,,,,,,,
P09758_and_O75596,0.27163282448928106,0.19630368474611948,0.08016730601703692,22.33421052631579,60.79173553719007,-1324.054081960605,B_C,,,,,,,,,,,
P09758_and_Q12829,0.2603652543072524,0.1962909746120876,0.11527590805626305,22.296335877862614,56.71157303370787,-1249.3823404964696,B_C,,,,,,,,,,,
P09758_and_Q01453,0.27463431244359504,0.19626212919766925,0.05251488638609528,22.493904958677714,45.250236220472445,-8215.735298445537,B_C,,,,,,,,,,,
P09758_and_Q99946,0.2541756752300849,0.1962337656648595,0.10135614518854423,17.822996183206104,34.99923611111112,-535.2674692619621,B_C,,,,,,,,,,,
P09758_and_Q8N2E6,0.2645434418153793,0.19620124742440026,0.09376103390337297,21.79336134453779,60.55120000000001,-2149.0898798601247,B_C,,,,,,,,,,,
P09758_and_Q09328,0.2764841202575373,0.1961894572122647,0.3505331248415319,26.020810055865887,51.97361904761903,-2674.537730352406,B_C,,,,,,,,,,,
P09758_and_P13645,0.22685571582987502,0.19615333619667902,0.03413736752470984,24.107633587786253,43.7399019607843,-1115.7711329204249,B_C,,,,,,,,,,,
P09758_and_P08582,0.2810275369054232,0.1960396748557951,0.16581939461752282,24.141012658227837,66.65763636363634,-18102.25039121329,B_C,,,,,,,,,,,
P09758_and_Q9H3N8,0.255806277176411,0.19603532308583071,0.1652051509911729,24.644177018633506,57.105418994413405,-2048.6059650548905,B_C,,,,,,,,,,,
P09758_and_Q9P0N8,0.26153271307489245,0.1959663602714871,0.14115730668722254,20.27482319660534,51.14463855421688,-1671.3056691632428,B_C,,,,,,,,,,,
P09758_and_O95907,0.268202198877371,0.19595884017216667,0.30711147319184995,25.18758716875871,52.28662857142856,-2870.0073590251377,B_C,,,,,,,,,,,
P09758_and_Q9NW15,0.28846225407220755,0.19593275253501818,0.3211692435482736,25.6925087108014,60.89338095238094,-3616.7340907984394,B_C,,,,,,,,,,,
P09758_and_O14965,0.249007597647184,0.19587789102598951,0.09146747054577598,23.000342465753395,61.43598870056499,-3607.4019302060096,B_C,,,,,,,,,,,
P09758_and_Q93096,0.2752975358317915,0.1958583084204088,0.1676335965732743,23.183533447684418,62.358527607361964,-1744.1424510685401,B_C,,,,,,,,,,,
P09758_and_P41217,0.2522039940541663,0.1957915830497183,0.17843368679708208,24.123120728929383,58.23165289256199,-1916.453073020235,B_C,,,,,,,,,,,
P09758_and_O15537,0.2643669408973243,0.1957502724043204,0.13702019898249476,21.297994987468677,72.36239669421484,-13863.173637011118,B_C,,,,,,,,,,,
P09758_and_A0A0B4J1V0,0.2832553622345101,0.19573688473243883,0.13186553275259788,20.456349206349213,64.85833333333329,-1102.6499025588964,B_C,,,,,,,,,,,
P09758_and_P00750,0.24806123616937592,0.19573639533744722,0.2544265486015178,24.74311079545448,53.920328638497644,-27105.474261340067,B_C,,,,,,,,,,,
P09758_and_Q16651,0.26008975600362255,0.19573445165768333,0.18650206467870623,22.10244107744107,62.590350877192954,-15467.526404946808,B_C,,,,,,,,,,,
P09758_and_Q8N6Y1,0.2272020839370537,0.19571494917166915,0.20547454562683867,25.946235679214414,65.92547619047619,-14533.369874037033,B_C,,,,,,,,,,,
P09758_and_Q9NRN5,0.2566530937813318,0.195702949500893,0.1925632989762219,23.926357056694783,55.76850241545894,-10357.842684020536,B_C,,,,,,,,,,,
P09758_and_P05154,0.26693069747104037,0.19569395839906212,0.20247958467580995,24.102548543689334,57.585263157894666,-20383.4488937438,B_C,,,,,,,,,,,
P09758_and_Q96E17,0.2660342319816648,0.19567798264283195,0.1025460745623971,22.377819548872196,61.43352941176471,-2776.412747093121,B_C,,,,,,,,,,,
P09758_and_Q3KR37,0.22438138518890355,0.19564893729796703,0.4137902550276847,25.36958372753071,66.53363281249997,-3186.6753423571135,B_C,,,,,,,,,,,
P09758_and_P15382,0.2846993883458053,0.19564042642164062,0.10761851401550693,16.046354166666685,37.36278571428572,-552.1932002222366,B_C,,,,,,,,,,,
P09758_and_Q6H3X3,0.25246393783552834,0.19561623799156302,0.16200565425293395,21.84238410596029,62.22777227722772,-2980.0786165512236,B_C,,,,,,,,,,,
P09758_and_Q99829,0.27244534657821967,0.19560277611430213,0.15891075842271646,23.138587848932676,67.56872928176797,-3482.8447768219726,B_C,,,,,,,,,,,
P09758_and_P10163,0.24956207376337333,0.19559862851428023,0.07493990034883075,16.11533333333332,19.686849315068496,-2191.9726175837204,B_C,,,,,,,,,,,
P09758_and_Q86UW2,0.2855106673537461,0.195586566054337,0.0532164007747061,13.635034013605448,31.131686746987956,-1044.6841737420582,B_C,,,,,,,,,,,
P09758_and_P02812,0.23888651571732816,0.195578616495139,0.06031283272423309,15.626603773584899,20.055172413793102,-2996.9959292714993,B_C,,,,,,,,,,,
P09758_and_O75888,0.25955822445928783,0.19554572162740058,0.1303105186811311,19.139046391752583,61.31238938053097,-12688.904518253721,B_C,,,,,,,,,,,
P09758_and_Q86XT9,0.2628714652433314,0.19553446467771998,0.06686813886885701,20.906940700808583,53.32977528089887,-3383.779294916685,B_C,,,,,,,,,,,
P09758_and_P09341,0.28969169838012543,0.1955297295273997,0.14265326479157445,18.663277310924354,53.74791366906477,-1192.2449395288613,B_C,,,,,,,,,,,
P09758_and_A6NDV4,0.25802876391206986,0.19552409942524962,0.21027232019821193,22.39707031249996,63.543053892215575,-1749.9378690472113,B_C,,,,,,,,,,,
P09758_and_A0A0J9YX35,0.2866478405791871,0.1955208817695945,0.19953570506085846,19.228170731707312,68.28836206896554,-3067.9800634561493,B_C,,,,,,,,,,,
P09758_and_P30273,0.2955921983203983,0.19551855899545859,0.07351347977504863,17.40157004830919,23.67288461538461,-3911.636074382048,B_C,,,,,,,,,,,
P09758_and_Q9NX52,0.25496001467267543,0.19550513526417546,0.10807160301196597,22.21863468634686,62.232105263157884,-5520.171949346605,B_C,,,,,,,,,,,
P09758_and_Q6UW15,0.27441462875347467,0.19548428019189937,0.09010685569927766,21.690606936416195,54.9022807017544,-17014.438060518114,B_C,,,,,,,,,,,
P09758_and_B2RNN3,0.2521428947044445,0.19547826417444314,0.12178831229687713,19.35936639118457,47.49562130177515,-1360.9223868758781,B_C,,,,,,,,,,,
P09758_and_Q13324,0.24983463727255556,0.19544723346762344,0.08719425937547863,24.87612612612612,40.16622093023258,-1807.1381574837578,B_C,,,,,,,,,,,
P09758_and_P49019,0.2584442146154996,0.19539688244395143,0.11499966132632329,23.933755274261593,59.580196078431364,-3129.083905228479,B_C,,,,,,,,,,,
P09758_and_O76038,0.25859699693451343,0.1953908966216529,0.08948664346327921,21.463247863247858,54.02301675977653,-16985.222770426444,B_C,,,,,,,,,,,
P09758_and_O75636,0.2525360822941043,0.19530290980306209,0.2643435766866818,23.960720268006703,72.15433333333333,-5794.042594050064,B_C,,,,,,,,,,,
P09758_and_P01148,0.2938470054164722,0.19522711482692431,0.061525225658459456,20.185050505050516,42.81823529411765,-3443.1275896647567,B_C,,,,,,,,,,,
P09758_and_O00476,0.2698452851407716,0.19517911089578327,0.1350441829220555,25.108828250401285,52.05095505617973,-3819.8707808376116,B_C,,,,,,,,,,,
P09758_and_Q7Z7B7,0.2926359281968264,0.19516640895589812,0.07935342926652775,17.9276150627615,43.754806201550394,-1090.646373980363,B_C,,,,,,,,,,,
P09758_and_Q5TA50,0.26773491367916025,0.19516561266480667,0.12001325419375389,22.709009900990115,62.8790243902439,-7954.942243397106,B_C,,,,,,,,,,,
P09758_and_Q76B58,0.22422366965392343,0.19514443901812362,0.08996616179039857,23.901303155006847,56.92845303867406,-3991.8704654880203,B_C,,,,,,,,,,,
P09758_and_Q6UX07,0.25768383307792314,0.19512881832149093,0.3202813814987872,23.885334346504546,71.29826589595375,-4666.625029460609,B_C,,,,,,,,,,,
P09758_and_Q6UXA7,0.24972881139401004,0.19509216811802813,0.10540814320524629,17.167623497997354,31.401265060240945,-900.5481052925061,B_C,,,,,,,,,,,
P09758_and_P61018,0.2675657941894001,0.19503934556323538,0.18134190351844173,24.28944543828263,63.169938271604906,-2334.367706830653,B_C,,,,,,,,,,,
P09758_and_O15374,0.2664238759089751,0.19501109108023162,0.04188741433414081,25.187295081967196,61.45271028037382,-19222.48415173418,B_C,,,,,,,,,,,
P09758_and_Q9H6X2,0.24445702750838644,0.19500071921110254,0.11318993654132299,22.58039832285114,67.15294478527606,-1912.511404272187,B_C,,,,,,,,,,,
P09758_and_P63098,0.27474750012211824,0.1949248302832411,0.07754302271317726,23.67772643253238,50.415345911949665,-17058.62575512646,B_C,,,,,,,,,,,
P09758_and_P28222,0.2596597303870197,0.19488052410159007,0.24605322109662764,24.54285714285713,57.35445086705201,-4842.221663247323,B_C,,,,,,,,,,,
P09758_and_Q9BQG1,0.2307512373525366,0.1948792024346861,0.24855570494591045,22.925820256775996,68.36068783068778,-7779.9460275362035,B_C,,,,,,,,,,,
P09758_and_O43278,0.25901461160638606,0.1948715292079088,0.30056182736088427,24.086092342342294,50.338018433179734,-18873.78607122728,B_C,,,,,,,,,,,
P09758_and_P40337,0.26872630189896185,0.19476038830516057,0.16757960775405908,20.988506876227945,67.1422602739726,-1850.6044430650365,B_C,,,,,,,,,,,
P09758_and_P30301,0.26090029763805067,0.1947528097339517,0.24754828594760198,22.735364041604747,69.28936842105259,-1639.393084121772,B_C,,,,,,,,,,,
P09758_and_Q4V9L6,0.2538086513643131,0.19468939519873946,0.08108413420587954,15.881451612903236,34.07811594202899,-2789.542592429949,B_C,,,,,,,,,,,
P09758_and_Q53TN4,0.2564349715104788,0.1946853644346367,0.13316923083865975,23.88136094674558,70.39724137931033,-3440.1818688029825,B_C,,,,,,,,,,,
P09758_and_O14910,0.26429265901282456,0.19467875608426777,0.14371943545835958,19.09466891133556,57.244307692307665,-2137.235488306411,B_C,,,,,,,,,,,
P09758_and_Q7Z6L0,0.24614604287603026,0.1946623758184191,0.06583433224857178,15.842617449664436,31.946585365853664,-971.4897140656503,B_C,,,,,,,,,,,
P09758_and_Q9ULZ9,0.23311262422893161,0.194633503316474,0.10525069312610852,24.116496945010184,62.097210884353736,-11590.036596056958,B_C,,,,,,,,,,,
P09758_and_Q8IWT6,0.2692250958339483,0.19462844890869113,0.29530846085964646,27.21762452107279,58.81737226277372,-6735.981970066024,B_C,,,,,,,,,,,
P09758_and_P29033,0.26333329969035946,0.19459561376375228,0.07631130992594559,19.54530456852794,52.62875,-1659.3170200828527,B_C,,,,,,,,,,,
P09758_and_Q6UX01,0.27150530024337527,0.19454077930877323,0.08016558830877944,26.36383196721309,50.722248520710046,-3724.8864111685716,B_C,,,,,,,,,,,
P09758_and_Q6UWF9,0.2748132721273275,0.19453003010907036,0.11105474191951002,21.258846153846143,59.73778481012663,-1508.367198450699,B_C,,,,,,,,,,,
P09758_and_Q8NH93,0.2650351455227644,0.19452982683512549,0.19272440060950338,23.758970099667767,66.37433121019104,-5165.506371867629,B_C,,,,,,,,,,,
P09758_and_Q9Y251,0.29227693099629964,0.1945159897550377,0.3310726881476596,26.159210526315757,75.88082417582419,-6578.723899992316,B_C,,,,,,,,,,,
P09758_and_P60842,0.24317693744000018,0.19451133851980162,0.070632592516081,23.48358050847458,60.98420765027323,-5910.177145799672,B_C,,,,,,,,,,,
P09758_and_Q7Z5A7,0.28230854593612353,0.19449843879670292,0.11520743987351079,20.040816326530642,47.04285714285715,-17809.5692731203,B_C,,,,,,,,,,,
P09758_and_Q9NZN4,0.26634319508655946,0.19442452252208725,0.23840152794922703,25.29967574578466,60.89319047619049,-5012.556541881813,B_C,,,,,,,,,,,
P09758_and_A8MWY0,0.26609886678976136,0.194341117568409,0.17350437038471545,26.862626262626236,42.377692307692314,-17448.361861661673,B_C,,,,,,,,,,,
P09758_and_P0DMS8,0.2653534495446439,0.19431172220394494,0.12624508318347466,24.046855345911908,60.894794520547926,-1710.9300432654709,B_C,,,,,,,,,,,
P09758_and_O95452,0.2589460436641716,0.19427864242785403,0.06608543804407079,19.567603911980434,46.53956140350877,-7645.6584240336215,B_C,,,,,,,,,,,
P09758_and_P01270,0.2868109446979096,0.1942490370144792,0.09781947819739045,14.858674698795173,35.139528301886784,-1427.9959859152295,B_C,,,,,,,,,,,
P09758_and_O75712,0.2567815145120266,0.1942279276952509,0.06805483227159616,19.927819548872172,49.864871794871796,-12261.332938244448,B_C,,,,,,,,,,,
P09758_and_P11233,0.2677050015743574,0.19420932335469243,0.1665608528597457,22.825555555555518,67.21794701986754,-3204.8580198094082,B_C,,,,,,,,,,,
P09758_and_O95389,0.24729291297216832,0.19420786922194722,0.13329624281389052,19.917091541135594,55.55184834123223,-1427.7082057054395,B_C,,,,,,,,,,,
P09758_and_Q9H6E4,0.2647574016071205,0.19417696248493926,0.20413297291430715,21.81761603375527,65.16823129251699,-2643.179579107034,B_C,,,,,,,,,,,
P09758_and_Q53H76,0.2824530079758597,0.1941593386034392,0.15121362194624416,23.26035447761192,63.83385964912282,-2320.618352512036,B_C,,,,,,,,,,,
P09758_and_Q96BI1,0.2718512961440821,0.19411122750068707,0.21082648962410638,25.009512578616345,57.07902857142858,-3689.2781149057655,B_C,,,,,,,,,,,
P09758_and_O75311,0.2564524258621751,0.1941097888776933,0.25120167752603095,22.896557971014484,71.16963190184052,-2051.2552742131556,B_C,,,,,,,,,,,
P09758_and_Q9NRJ3,0.283630745826379,0.19409417142428587,0.1130319067886348,18.80839041095893,54.7276100628931,-1161.551704967792,B_C,,,,,,,,,,,
P09758_and_Q9NXE4,0.26217815524844207,0.19404168786720044,0.22577545860496184,26.952372583479782,39.872215909090926,-8377.437664943167,B_C,,,,,,,,,,,
P09758_and_Q9H106,0.26856666459579903,0.19398756552786936,0.20042267369085143,21.016852146263922,47.83883977900553,-1702.7118686104168,B_C,,,,,,,,,,,
P09758_and_P01764,0.2828297108994443,0.1939680679593013,0.11612162554616291,20.172047244094482,64.43889830508475,-2199.706493007363,B_C,,,,,,,,,,,
P09758_and_P48740,0.2495889474837809,0.19395960836580176,0.2647669608143637,25.311397557666243,59.2051075268817,-15070.927579732588,B_C,,,,,,,,,,,
P09758_and_Q9H114,0.27906415729383166,0.19391971904860106,0.11231675621536011,18.539767441860455,50.27842857142857,-3042.1880189993617,B_C,,,,,,,,,,,
P09758_and_P60033,0.2613319839313689,0.19391731348771815,0.07002029952802376,22.688074398249466,52.18893617021276,-3860.417698765372,B_C,,,,,,,,,,,
P09758_and_Q6XUX3,0.275425153934241,0.19390346307366807,0.038289670714954004,26.514508928571463,51.7904132231405,-5188.4589793736395,B_C,,,,,,,,,,,
P09758_and_O15530,0.24246200329634807,0.19389230087218512,0.07508381831835927,24.64991896272284,59.638153846153855,-15145.083257269212,B_C,,,,,,,,,,,
P09758_and_P05121,0.2732472772913926,0.19388631769545406,0.15080024575911596,21.08029465930019,62.57884353741497,-6054.5857562339015,B_C,,,,,,,,,,,
P09758_and_Q7L5N7,0.24649787879194382,0.19388213595840773,0.1231839241708269,23.538153846153886,55.06191666666669,-19710.35350769921,B_C,,,,,,,,,,,
P09758_and_P01344,0.27206068365136205,0.19384927022420528,0.11205477148934562,18.019039451114914,46.23012987012985,-2165.9133393465854,B_C,,,,,,,,,,,
P09758_and_Q9UJW2,0.2636758236540999,0.19378750154628094,0.10031715718263039,24.859815242494225,64.0145890410959,-9688.473990060205,B_C,,,,,,,,,,,
P09758_and_Q6NW40,0.24759403092127769,0.1937675559214265,0.32199572388308123,22.683004552352077,60.69386243386243,-5583.720550745834,B_C,,,,,,,,,,,
P09758_and_P01730,0.2566634593238585,0.19376529539123932,0.42845095895822827,26.116179001721182,68.57318181818181,-2340.735922601092,B_C,,,,,,,,,,,
P09758_and_Q8NGN6,0.26977690581395797,0.19375636037258684,0.17836405381736337,23.078310104529624,54.99071895424835,-7123.952346126307,B_C,,,,,,,,,,,
P09758_and_P26992,0.2517057296387387,0.19373374795060408,0.13123214252527696,22.974745417515283,63.68638297872341,-18210.312866083044,B_C,,,,,,,,,,,
P09758_and_P20142,0.278305197082363,0.19373333991114575,0.0919867151030026,22.788071895424856,61.47030487804884,-4834.574404787186,B_C,,,,,,,,,,,
P09758_and_Q8TDS4,0.26096132034642017,0.1937323591683894,0.15504517263840956,23.951927194860804,62.22493055555557,-3271.6739331556246,B_C,,,,,,,,,,,
P09758_and_P13727,0.2649834822982637,0.19369470704783281,0.07677514815504093,22.01660305343511,58.576932515337425,-2025.9294233798682,B_C,,,,,,,,,,,
P09758_and_Q3SYG4,0.242574805461664,0.19356229515987192,0.3168613978282232,24.92058404558406,51.288723404255315,-2851.957262810647,B_C,,,,,,,,,,,
P09758_and_Q9HBH0,0.266622405193921,0.19350708695314928,0.15300823378672368,23.4734406438632,68.64622377622378,-3294.4324881217917,B_C,,,,,,,,,,,
P09758_and_Q9BZM5,0.2626220926621431,0.19347409168759022,0.1081288018419122,22.42906976744182,54.986538461538444,-2448.529399849268,B_C,,,,,,,,,,,
P09758_and_Q9NY99,0.27188301788368735,0.19346564229278357,0.10933580797744842,23.431537102473524,62.31335078534036,-2312.7761039231355,B_C,,,,,,,,,,,
P09758_and_P02730,0.2525562208941099,0.1934320870108055,0.11462662095362762,27.821889400921666,57.2887142857143,-3421.8392597278453,B_C,,,,,,,,,,,
P09758_and_Q8NHM4,0.2621190177700879,0.19342783510265527,0.16540156997034966,22.751951672862464,65.85535714285713,-21407.192318509846,B_C,,,,,,,,,,,
P09758_and_Q08116,0.26605185462383196,0.19340526352660278,0.12421556065508861,19.816452442159378,59.987723577235755,-5707.979748645884,B_C,,,,,,,,,,,
P09758_and_Q99075,0.26383652559139703,0.19337577369005376,0.10772628413323157,17.998605577689236,48.73341463414635,-1801.889807119981,B_C,,,,,,,,,,,
P09758_and_Q8NBQ7,0.26705762706590774,0.1933297641016698,0.3016321515830379,23.748431734317364,45.60123456790123,-6966.2137091227605,B_C,,,,,,,,,,,
P09758_and_Q9H6Y7,0.24309613739928934,0.19331943399184323,0.4009476054897648,21.901916376306623,49.71563380281691,-1680.169265300553,B_C,,,,,,,,,,,
P09758_and_Q5QGT7,0.2642118168561911,0.19323801155688497,0.0979935593685189,18.465777777777756,55.59117187499999,-5359.109096265162,B_C,,,,,,,,,,,
P09758_and_Q8TDD5,0.2641823536139265,0.19322121235694203,0.06780199524620083,25.21436781609195,58.802949640287736,-15159.49541108017,B_C,,,,,,,,,,,
P09758_and_Q6GTS8,0.2762521195583455,0.19321802071100017,0.6199481023450651,25.422060206961486,73.98881355932204,-8280.534285465337,B_C,,,,,,,,,,,
P09758_and_Q86UT5,0.24662930257661897,0.19320788305795603,0.2743087603920214,25.10922098569157,68.32229729729727,-8549.59043762368,B_C,,,,,,,,,,,
P09758_and_P55774,0.29145721750481624,0.19315742343335582,0.13701769529143054,19.733986175115202,50.098048780487765,-1092.2557843689785,B_C,,,,,,,,,,,
P09758_and_Q7Z3S9,0.25714682661029886,0.19310920880028357,0.1143027538968765,19.478068739770887,52.11973333333331,-2333.1506822943397,B_C,,,,,,,,,,,
P09758_and_Q9UN88,0.24173489959095612,0.19309150309634893,0.21533404299915537,23.899584717607997,69.25771929824562,-3858.1881129782705,B_C,,,,,,,,,,,
P09758_and_P07498,0.26777338125071126,0.19306913119593175,0.07140030152603996,17.981876138433513,32.37235294117648,-1348.347783789155,B_C,,,,,,,,,,,
P09758_and_P25774,0.27108285247448893,0.1930349203291642,0.11122491644193878,24.29068965517243,60.987169811320776,-14918.268145760805,B_C,,,,,,,,,,,
P09758_and_P49747,0.26955398757280935,0.19300200981661667,0.20338065892393511,25.49242424242423,65.45886904761902,-15440.520367921596,B_C,,,,,,,,,,,
P09758_and_P20336,0.26393080523788087,0.19299551384831576,0.1154776356539163,21.47429048414023,61.55300578034682,-1999.6642321379054,B_C,,,,,,,,,,,
P09758_and_P13861,0.2424582269283983,0.19298941337836886,0.4344852386532057,23.30562324273662,70.55459090909089,-2367.37687740655,B_C,,,,,,,,,,,
P09758_and_P32455,0.2660018194382132,0.19298655848412316,0.06049204548670929,24.446230598669658,59.441233766233786,-4108.801581067638,B_C,,,,,,,,,,,
P09758_and_Q07325,0.28316655340145225,0.1929822206342807,0.09631138000148351,19.495524956970748,52.61347826086958,-11719.093284844803,B_C,,,,,,,,,,,
P09758_and_Q9GZT5,0.25333541316889785,0.19296339366768303,0.3255195483355846,25.36771995043363,65.74028112449801,-1207.8626385548741,B_C,,,,,,,,,,,
P09758_and_Q8WY64,0.2596340090289123,0.1929607652650789,0.09504657105782079,23.251033386327506,59.7216766467066,-18705.21795921345,B_C,,,,,,,,,,,
P09758_and_P78562,0.2943822310925231,0.19293028110000193,0.5693700037822673,26.342144268774643,53.45366666666668,-5582.262814465605,B_C,,,,,,,,,,,
P09758_and_P02814,0.2968613329351605,0.1929298721575524,0.0687628865203495,16.94217462932454,40.44421052631579,-354.12125722216297,B_C,,,,,,,,,,,
P09758_and_P63092,0.2729436474645312,0.19287378517433545,0.1622938831404518,22.56158192090397,67.89083870967745,-2481.8760781912015,B_C,,,,,,,,,,,
P09758_and_P35222,0.2668813871172588,0.19284364189775868,0.19916657860064826,26.99782608695652,56.665414012738815,-3163.398813273703,B_C,,,,,,,,,,,
P09758_and_Q8NGA4,0.25293122301536164,0.19283393087710288,0.06496550786665986,21.039488636363618,51.285066666666665,-3825.1407122310716,B_C,,,,,,,,,,,
P09758_and_P06239,0.2548604510922414,0.19282639891093034,0.18028767887346558,23.24107142857147,64.2778536585366,-14434.530324264788,B_C,,,,,,,,,,,
P09758_and_Q96LA9,0.2609086677987015,0.19273540226626404,0.11653650493318035,25.412010676156584,50.04635802469134,-13516.982181982163,B_C,,,,,,,,,,,
P09758_and_O95813,0.2588497840370337,0.1926717884280208,0.08434943920910565,17.96225425950196,54.32678391959797,-1179.7521541180104,B_C,,,,,,,,,,,
P09758_and_Q6PEY0,0.26248885659079857,0.19265846389363095,0.061891623742201016,19.3364553314121,44.86571428571428,-8713.559208698372,B_C,,,,,,,,,,,
P09758_and_Q8NGP8,0.26690422150592596,0.1925759567771446,0.19435602431504803,24.227720588235307,61.886488095238086,-7031.593381574656,B_C,,,,,,,,,,,
P09758_and_P21926,0.26124898577176214,0.1924974803581322,0.06106441264956339,21.828159340659358,53.83719298245613,-2201.26316563172,B_C,,,,,,,,,,,
P09758_and_P21128,0.2521643088187638,0.19244065464163898,0.24032098290057866,22.48417997097243,66.9288888888889,-14045.077061523805,B_C,,,,,,,,,,,
P09758_and_Q4KMZ8,0.2640423941575459,0.19242996541564464,0.0789273084225083,22.37691570881225,55.177919463087264,-4438.920758237467,B_C,,,,,,,,,,,
P09758_and_Q9NVV5,0.26298808800594975,0.19238841562927791,0.11067853141411046,22.696506550218363,57.517286821705426,-6022.816868334889,B_C,,,,,,,,,,,
P09758_and_P15309,0.2740441244517957,0.1923363156219423,0.15147447873057998,23.37743243243243,64.81582781456952,-17389.418916598366,B_C,,,,,,,,,,,
P09758_and_O43586,0.2483076078457931,0.19232783958501698,0.10547384769450656,23.39323144104801,67.44786666666667,-11154.699492331134,B_C,,,,,,,,,,,
P09758_and_P35030,0.2510926767670403,0.19227389744158277,0.1658123407060871,23.170487364620904,57.919464285714305,-7521.623506101846,B_C,,,,,,,,,,,
P09758_and_Q9BYG8,0.2528024389320541,0.19225111464765415,0.11871873170464292,23.59311454311453,53.03194174757279,-7617.044240296609,B_C,,,,,,,,,,,
P09758_and_Q9BWP8,0.2576163366525322,0.19222808367382324,0.11424339399406207,20.88200483091789,52.34,-1244.2806021804354,B_C,,,,,,,,,,,
P09758_and_O76090,0.2457050736975765,0.19220528991177996,0.09817087396053749,24.213037249283648,62.17396226415093,-16744.32236246074,B_C,,,,,,,,,,,
P09758_and_Q14802,0.2927157587416892,0.19219914757332193,0.05504862315462611,15.610314685314693,24.361860465116276,-2617.474772987926,B_C,,,,,,,,,,,
P09758_and_P55058,0.27481047544130643,0.19218279411541767,0.32352542276667495,21.604131736526988,57.8562087912088,-2530.280525645105,B_C,,,,,,,,,,,
P09758_and_P01011,0.2677890228438613,0.19217845841827838,0.1050046775345438,21.63868217054268,53.59378048780485,-4909.610144527433,B_C,,,,,,,,,,,
P09758_and_Q13261,0.2498961425812816,0.19216728227699947,0.12894147157768351,22.633780160857864,54.53112149532711,-14408.924523091007,B_C,,,,,,,,,,,
P09758_and_P31025,0.2703822650712008,0.19216131963945268,0.13681569082657205,22.97155737704918,63.127453416149095,-14346.502584975557,B_C,,,,,,,,,,,
P09758_and_P43088,0.2584483637731056,0.19214304367567347,0.07843871732417962,24.385445544554464,55.101062499999976,-3290.586818397575,B_C,,,,,,,,,,,
P09758_and_Q9UBD3,0.28540875388947384,0.19212520807080455,0.1052019429347784,17.88297413793105,42.02624000000001,-1118.1708499375054,B_C,,,,,,,,,,,
P09758_and_P07492,0.2755645519972291,0.19205346249110727,0.07630345838823542,16.31411917098446,33.138141592920356,-359.4124036196117,B_C,,,,,,,,,,,
P09758_and_A6ND01,0.257156371250574,0.1919934701157166,0.058873559888149574,23.067675159235673,63.51018518518518,-14561.997348005109,B_C,,,,,,,,,,,
P09758_and_O15232,0.23384506054449494,0.19194301667660407,0.19265813895882036,25.297941767068313,43.67817490494297,-2502.4474376889775,B_C,,,,,,,,,,,
P09758_and_P80217,0.2537418521210645,0.1919021834584808,0.09142532392245876,23.804684838160128,50.78727272727274,-5660.013026434683,B_C,,,,,,,,,,,
P09758_and_P13796,0.27710437586926173,0.19188049783336725,0.2284782244881637,24.319822109275698,62.9860775862069,-6214.105604505237,B_C,,,,,,,,,,,
P09758_and_P20023,0.21421928690668185,0.1918507667120937,0.09076687720797963,27.802607361963183,49.28464000000001,-8683.149462818968,B_C,,,,,,,,,,,
P09758_and_Q13530,0.2653553589063722,0.19183389697531913,0.12519543445035025,26.275043327556332,59.93975609756096,-5074.867060852788,B_C,,,,,,,,,,,
P09758_and_A0A0B4J1V1,0.2800546853114819,0.19182197238115956,0.2005678615910237,20.88842482100239,66.7870338983051,-1989.0063654579435,B_C,,,,,,,,,,,
P09758_and_P01583,0.25696685264773456,0.1917464302835518,0.23797946563149827,22.061741424802086,56.54862433862433,-9251.897697815946,B_C,,,,,,,,,,,
P09758_and_Q9H336,0.2333354364486891,0.19172376898215515,0.4570741561046442,21.11257828810024,70.00206349206348,-5154.872448619708,B_C,,,,,,,,,,,
P09758_and_Q13286,0.2667570672553118,0.1917061457753751,0.3160306960453176,24.906059063136443,53.00509960159364,-3105.4449030956657,B_C,,,,,,,,,,,
P09758_and_Q08289,0.23795509187702857,0.19169523911678954,0.48474914417300213,24.672083333333315,72.96883597883594,-1899.7705403060536,B_C,,,,,,,,,,,
P09758_and_Q86XP1,0.2505359589928825,0.19153440682827125,0.3076535884354042,27.620417633410693,64.9748780487805,-5890.237347600971,B_C,,,,,,,,,,,
P09758_and_P51451,0.25451528951763036,0.19141552503380221,0.12727639486051046,22.567739816031565,62.96659574468084,-4978.621256591879,B_C,,,,,,,,,,,
P09758_and_O00499,0.2244095525319425,0.19140174037816254,0.05574215961422323,23.69642857142857,64.31920000000002,-13892.64364114025,B_C,,,,,,,,,,,
P09758_and_P87889,0.2247242023083133,0.1913895031300019,0.09279701174441542,24.581875993640672,51.239850746268644,-2364.4683819102647,B_C,,,,,,,,,,,
P09758_and_Q96FE5,0.2667324709789979,0.19138234555550432,0.44009226231607546,26.031451612903233,61.82601156069367,-12354.665957827818,B_C,,,,,,,,,,,
P09758_and_Q9HBY0,0.28299236985673903,0.19134634549168264,0.15957991785749234,24.10754601226998,61.91432291666669,-6394.838035985493,B_C,,,,,,,,,,,
P09758_and_Q5SRR4,0.27606617273653233,0.1913418394696308,0.18551009961889486,21.058596973865207,53.52375,-7660.472323722459,B_C,,,,,,,,,,,
P09758_and_Q99755,0.25304853952523265,0.19131359673505416,0.22941516002515588,24.252286773794783,59.17063157894733,-5481.257615520457,B_C,,,,,,,,,,,
P09758_and_Q9ULC5,0.2780967827772607,0.1912980225581088,0.24415002719055193,24.94312200956941,54.016782608695664,-4046.6845295253297,B_C,,,,,,,,,,,
P09758_and_Q8NHG8,0.2587681043974629,0.19122788513569994,0.1558427558244642,19.648211920529807,56.86441860465118,-1866.5127630111292,B_C,,,,,,,,,,,
P09758_and_Q6IEU7,0.26515679170812223,0.19121082588980276,0.2221719698299012,24.562691326530587,64.82315217391302,-5738.502676320553,B_C,,,,,,,,,,,
P09758_and_Q96FV3,0.25317455187830595,0.19120824932343883,0.09607251803341373,22.98472762645913,47.74882352941177,-8736.65317986222,B_C,,,,,,,,,,,
P09758_and_Q99653,0.26582612022517893,0.19119090712006998,0.048342848009613804,21.586691542288527,53.00235714285713,-4064.4355043032706,B_C,,,,,,,,,,,
P09758_and_Q6JVE5,0.26791162680510405,0.19118968982340262,0.20542813362001694,22.26546052631577,65.90084848484848,-1957.6094835225358,B_C,,,,,,,,,,,
P09758_and_Q9H0B8,0.23317664105595112,0.19116627442560058,0.29607963821312927,20.608539944903615,65.16908163265308,-8558.919857352274,B_C,,,,,,,,,,,
P09758_and_Q9HAP6,0.2647530388789803,0.19115804174468395,0.1657305227012162,21.294999999999987,61.54384180790961,-3103.8959069178018,B_C,,,,,,,,,,,
P09758_and_P35247,0.23940627540502007,0.19114776591810745,0.11965389843998472,22.854788418708235,61.676357142857135,-6279.9096333807165,B_C,,,,,,,,,,,
P09758_and_Q9YNA8,0.22477904646349955,0.19104380880823735,0.10907747675167949,24.237430167597772,50.611256281407044,-2039.2710555920348,B_C,,,,,,,,,,,
P09758_and_P62684,0.22477904646349955,0.19104380880823735,0.10907747675167949,24.237430167597772,50.611256281407044,-2039.2710555920348,B_C,,,,,,,,,,,
P09758_and_Q86YJ7,0.25186099335734813,0.19097480219169,0.0655861808873784,24.869825072886318,52.729414634146345,-5036.509359933163,B_C,,,,,,,,,,,
P09758_and_A6ND48,0.25562471894388916,0.19097222092602528,0.09713892537195301,22.506031567080086,55.23225000000003,-1773.6953219379902,B_C,,,,,,,,,,,
P09758_and_Q96KN2,0.27671551292429686,0.19094176379374084,0.2786515511061435,22.985379061371845,72.88130890052358,-1573.745904172607,B_C,,,,,,,,,,,
P09758_and_Q9HBI0,0.2469458691224315,0.1909177439030066,0.06593256620936663,24.567661691542305,57.4722,-8823.094279533023,B_C,,,,,,,,,,,
P09758_and_O75317,0.2682461208777076,0.19091703587173922,0.19956529337340267,23.939165329052994,67.96959302325578,-2797.961490007944,B_C,,,,,,,,,,,
P09758_and_Q2TV78,0.22316884966878642,0.1909169022878258,0.084981807148348,25.77471264367814,49.88882882882883,-4764.041426643591,B_C,,,,,,,,,,,
P09758_and_P16410,0.26207854307372974,0.19084535384605322,0.09723701768282118,20.222557726465354,47.32400000000001,-5829.642392375148,B_C,,,,,,,,,,,
P09758_and_Q96EE4,0.27739450976437924,0.19082642652286264,0.062405994014987934,17.214022662889526,45.69383928571427,-1996.3752595713959,B_C,,,,,,,,,,,
P09758_and_P49281,0.2754269631022827,0.19081048828891867,0.06734034384387964,25.044476744186042,46.51527607361963,-7455.160092538497,B_C,,,,,,,,,,,
P09758_and_P08631,0.24676214809203767,0.19072331664615144,0.13948664795571605,23.182189119171,61.818333333333335,-12236.69523723359,B_C,,,,,,,,,,,
P09758_and_O60906,0.2765769371329614,0.19064883388850348,0.24149903153635038,23.210657193605673,67.21325966850831,-4772.97149808662,B_C,,,,,,,,,,,
P09758_and_P48058,0.23620656586748667,0.19061810426366416,0.19786935354868665,26.152376425855508,61.54050314465408,-13927.356499488422,B_C,,,,,,,,,,,
P09758_and_P22460,0.22326585106302094,0.1905855118791002,0.34102549795404574,24.960433070866067,65.20189655172412,-11466.424364945637,B_C,,,,,,,,,,,
P09758_and_O14936,0.23912597738826874,0.1905425192651326,0.4718682152976493,26.7265789473684,48.846531250000005,-2844.2231819408407,B_C,,,,,,,,,,,
P09758_and_Q99571,0.25963039202030846,0.19052382407602653,0.020283339129276143,22.87977528089887,47.73525423728814,-13472.566094126578,B_C,,,,,,,,,,,
P09758_and_P23508,0.21683249223823947,0.1904995782945039,0.10631596004344444,25.67350689127105,50.021229050279345,-4510.081063594866,B_C,,,,,,,,,,,
P09758_and_P20382,0.2691633957927405,0.19049832233090547,0.07758873872059972,12.927894736842102,28.118045977011505,-1181.202884779399,B_C,,,,,,,,,,,
P09758_and_Q96AD5,0.24526145091493518,0.19048065877682802,0.09234908723407366,23.010857142857127,57.04606250000002,-4409.354594582504,B_C,,,,,,,,,,,
P09758_and_Q9UBD9,0.2604371104246459,0.19043097467024742,0.11084898691731916,20.041629955947133,60.60914285714285,-1641.4736428200717,B_C,,,,,,,,,,,
P09758_and_Q7Z7J7,0.2540870372635509,0.19039489469294033,0.15952714188518713,21.292668024439866,49.62043478260868,-8235.635497569738,B_C,,,,,,,,,,,
P09758_and_P06127,0.22902229316130623,0.19037616192046197,0.2078037275546705,25.763702239789133,58.50277310924369,-6351.559092706084,B_C,,,,,,,,,,,
P09758_and_Q9GZZ8,0.2775206373208604,0.1903274129819169,0.03983397511481043,17.017391304347832,48.71953271028039,-2535.5569581617947,B_C,,,,,,,,,,,
P09758_and_Q9UJH8,0.2521771342526936,0.1903202487885483,0.14862054573130049,23.842972181551964,51.47259668508288,-6522.260259316112,B_C,,,,,,,,,,,
P09758_and_Q9NV96,0.2521534005710072,0.190268751316272,0.5247565231510899,23.75167572463767,58.14856502242153,-7432.273183310062,B_C,,,,,,,,,,,
P09758_and_Q30KQ6,0.29648377833963335,0.19021372839859213,0.0796167368111065,20.13572984749456,36.077894736842104,-9266.336351774065,B_C,,,,,,,,,,,
P09758_and_Q96PR1,0.22517133882002027,0.19020668455503847,0.026800157085988215,27.36887755102043,57.809642857142855,-2048.6111937739697,B_C,,,,,,,,,,,
P09758_and_P55075,0.25968132575043235,0.19019104701811537,0.17532701454629793,21.367435897435904,58.69079999999999,-14880.122138990548,B_C,,,,,,,,,,,
P09758_and_Q02161,0.27206045847935867,0.19018264378465294,0.42803128055578066,25.458369470945346,56.25677884615383,-43070.79580334829,B_C,,,,,,,,,,,
P09758_and_Q9NQX7,0.2556868516778936,0.19014057396348938,0.18889123254581197,21.42739403453686,60.7461849710983,-4722.221535079027,B_C,,,,,,,,,,,
P09758_and_P55899,0.2441173234419513,0.1900899329656815,0.25610184814451387,22.581091101694923,57.06110619469027,-2224.9516456008605,B_C,,,,,,,,,,,
P09758_and_Q13445,0.2618188282875889,0.19004986414644554,0.09073754004739705,20.711468646864677,57.33006097560976,-8903.840370589971,B_C,,,,,,,,,,,
P09758_and_Q14954,0.24954842233292165,0.18997524203267005,0.14614561263184578,21.106330472102968,62.29467625899279,-2650.120284707318,B_C,,,,,,,,,,,
P09758_and_Q86Z23,0.25926306522330567,0.18994241889040625,0.07560462204807898,18.009885386819484,55.053207547169826,-7831.968895189222,B_C,,,,,,,,,,,
P09758_and_Q86UF1,0.2518440216054332,0.189926853943026,0.16330680382289126,23.043248532289617,54.93823129251702,-4843.446810295404,B_C,,,,,,,,,,,
P09758_and_P11234,0.2630546380079378,0.18992226443335164,0.09434968843303887,22.380025125628155,60.98089430894311,-4159.035054627553,B_C,,,,,,,,,,,
P09758_and_Q8IX05,0.2604974359243075,0.1899197053018153,0.059883127671531186,22.012215909090916,59.063606557377064,-7337.010865769105,B_C,,,,,,,,,,,
P09758_and_A6NI61,0.2580193211888949,0.189916349459112,0.09070860800942313,21.565691489361697,53.644316546762596,-11500.83375962938,B_C,,,,,,,,,,,
P09758_and_O00264,0.26509969574020537,0.18989157925285194,0.06548838373158652,18.951359516616314,55.82691588785048,-3260.8117927712365,B_C,,,,,,,,,,,
P09758_and_Q96MS3,0.2688516074451255,0.18984125663833637,0.11938393766810627,24.31061185468451,65.15781065088757,-14807.658232638038,B_C,,,,,,,,,,,
P09758_and_Q8NGJ5,0.2665891487277029,0.1898259567320713,0.07990667392036555,22.961173814898412,63.25566433566431,-4468.907977258227,B_C,,,,,,,,,,,
P09758_and_P48061,0.2889710146267831,0.1898079680936026,0.07319446470684729,20.575930232558118,48.58295081967212,-1803.1706157070312,B_C,,,,,,,,,,,
P09758_and_P57764,0.26198917831242363,0.18977505711769774,0.10527856107367681,22.762065637065632,50.00346491228074,-2847.7081593570183,B_C,,,,,,,,,,,
P09758_and_O00141,0.25809313655044186,0.18974717074780828,0.2729678870702749,23.790381991814485,58.335024875621876,-10202.44703199714,B_C,,,,,,,,,,,
P09758_and_Q9NZI2,0.26140754417419904,0.18973366068537745,0.10714152350523802,22.804233226837063,57.476645569620274,-1885.2777824718814,B_C,,,,,,,,,,,
P09758_and_Q96RI9,0.2685462208694052,0.1897285415323917,0.16985145112546635,23.364851485148492,61.878888888888824,-5580.982919427645,B_C,,,,,,,,,,,
P09758_and_Q6EBC2,0.27097735411044443,0.18969984971556483,0.1814430616946129,23.271935007385476,46.19974358974359,-11103.37317105223,B_C,,,,,,,,,,,
P09758_and_P00749,0.2449456865520515,0.1896919937307255,0.26940490822414426,22.20507614213196,68.43283950617285,-6083.0774672039615,B_C,,,,,,,,,,,
P09758_and_Q6PIL6,0.2587814384006273,0.1896471358759838,0.039545179692247835,23.173058823529406,54.39094594594593,-1576.9626323812554,B_C,,,,,,,,,,,
P09758_and_Q9GZP7,0.25300784044506724,0.18963443919732315,0.193282126009246,22.608951048951052,56.60533333333332,-2146.816364948728,B_C,,,,,,,,,,,
P09758_and_Q6P9F7,0.26308965730087175,0.18955870698973953,0.23078407805925247,26.35018621973926,59.759319727891146,-8898.1523494879,B_C,,,,,,,,,,,
P09758_and_Q6NSJ5,0.26529708842363636,0.18949881531735757,0.04924859284794306,28.02357954545456,48.08659090909091,-18087.083484707073,B_C,,,,,,,,,,,
P09758_and_Q32ZL2,0.24794153796928003,0.18949875102605726,0.09966865022863292,22.98636363636365,57.59673611111111,-5166.673827246575,B_C,,,,,,,,,,,
P09758_and_P01893,0.2509439863037434,0.189451484212283,0.18233829150921627,24.372111913357415,58.855978260869534,-2059.025762572445,B_C,,,,,,,,,,,
P09758_and_Q8IYV9,0.23916080229449346,0.18944741998065284,0.12253873756474323,23.65475687103593,60.53295774647888,-14744.244847920963,B_C,,,,,,,,,,,
P09758_and_P49685,0.25951060378026336,0.18939767849258463,0.29172462683239625,23.698177339901488,59.219155555555545,-2432.3166549359885,B_C,,,,,,,,,,,
P09758_and_P27487,0.29619319024149005,0.18937044391666422,0.6163222595088954,27.482428940568497,62.706310975609775,-11993.950679180754,B_C,,,,,,,,,,,
P09758_and_P63010,0.25216790746010515,0.18935584125937743,0.08092766486443773,27.353030303030316,41.6409,-9786.787059923321,B_C,,,,,,,,,,,
P09758_and_Q52LD8,0.2472031126390256,0.18923565020562455,0.19009758819755107,23.851714601769864,66.1806763285024,-5281.61376828529,B_C,,,,,,,,,,,
P09758_and_P07098,0.2726176372373454,0.18923134564054256,0.08107920704867688,24.277365728900268,65.2402189781022,-13560.438319345398,B_C,,,,,,,,,,,
P09758_and_Q9N2K0,0.2234390169074943,0.1892184604844389,0.07211863154501226,24.683583815028886,44.11834821428572,-17334.80761796578,B_C,,,,,,,,,,,
P09758_and_P47884,0.2612954012592282,0.18912586638121592,0.13107736526842786,23.8233887733888,64.19711409395971,-2944.0297758353995,B_C,,,,,,,,,,,
P09758_and_Q4ZJI4,0.26408757686468853,0.189104125046267,0.14334404692893604,24.315436241610765,63.11363128491619,-7265.694911659046,B_C,,,,,,,,,,,
P09758_and_Q9NY26,0.24175854814167203,0.18905022640460983,0.04126366213724136,22.718411552346584,56.60383838383837,-4093.412661506056,B_C,,,,,,,,,,,
P09758_and_P55160,0.29979699338348237,0.1890383668528172,0.0187359827510469,28.312499999999996,41.82714285714286,-3229.2162639534745,B_C,,,,,,,,,,,
P09758_and_P20800,0.26875349841792057,0.18898434449547086,0.08657086781402583,17.300284090909095,45.03453987730062,-1870.2998939508689,B_C,,,,,,,,,,,
P09758_and_Q14642,0.27752794357114274,0.18895675463920922,0.35958483459663804,22.407940251572324,63.32165644171783,-1135.7870312705857,B_C,,,,,,,,,,,
P09758_and_P41586,0.23833519421279353,0.1889453880833282,0.17603761952620636,25.19237123420798,49.543720930232546,-4705.918622408659,B_C,,,,,,,,,,,
P09758_and_P49895,0.25933333779531553,0.18892124162819113,0.1039251570377579,21.879384965831473,61.98808823529415,-17082.258985223234,B_C,,,,,,,,,,,
P09758_and_Q8N144,0.24822797714226202,0.1889006166132005,0.06930456672079952,19.69192439862541,50.580879120879125,-3645.0666262974537,B_C,,,,,,,,,,,
P09758_and_P0C862,0.2434549590340669,0.18883932420162375,0.06014744758263524,20.664867841409713,51.51589552238807,-3587.4257501424363,B_C,,,,,,,,,,,
P09758_and_P78356,0.2621531715572244,0.18881395981156107,0.13273762663272148,24.10459844559591,58.681152073732726,-16665.484875616832,B_C,,,,,,,,,,,
P09758_and_Q68D85,0.23449088525986808,0.18872724472715413,0.18044968903377812,23.88983812949641,57.17267857142856,-3605.8125096764306,B_C,,,,,,,,,,,
P09758_and_P0DJD9,0.27190538716287305,0.1887182754598233,0.22919743103709483,24.503166421207656,64.91982658959537,-17484.08101080027,B_C,,,,,,,,,,,
P09758_and_P29973,0.23922199688582435,0.1887160285390045,0.14364847988956972,26.77276536312851,71.35159292035398,-2320.7874915941647,B_C,,,,,,,,,,,
P09758_and_Q7Z2W7,0.2772607639714435,0.1886863093747111,0.03282282099654309,28.26730769230766,49.470499999999994,-4924.165005106174,B_C,,,,,,,,,,,
P09758_and_P42262,0.23538040585215755,0.1886557002265484,0.33472588915870943,26.541211401425183,68.98198019801985,-3414.2244150180777,B_C,,,,,,,,,,,
P09758_and_P21731,0.26395327511050304,0.18865443522010814,0.16538890580735596,23.740483619344765,61.168630952380944,-4240.751291144363,B_C,,,,,,,,,,,
P09758_and_Q9H977,0.2729138378937461,0.18861585587233762,0.13343787327283627,21.74475982532749,62.91791666666669,-2293.489197950757,B_C,,,,,,,,,,,
P09758_and_O60941,0.23602057409176835,0.18860818910583294,0.2080837628539566,24.591252485089463,64.3626530612245,-5002.661328519716,B_C,,,,,,,,,,,
P09758_and_P61565,0.25363507483710107,0.18860484986376314,0.16801612986829328,26.063229308005425,62.80980295566505,-9618.060143373757,B_C,,,,,,,,,,,
P09758_and_P34982,0.264025483072232,0.18859054315675644,0.16207622179024617,24.079423076923064,62.30572413793107,-7049.544893503481,B_C,,,,,,,,,,,
P09758_and_Q6ZTN6,0.24309861335356125,0.18858978316749292,0.19767106313198682,23.408521739130368,54.179687499999986,-4476.694111030476,B_C,,,,,,,,,,,
P09758_and_H7C241,0.26132844042988085,0.18857943593017457,0.13450985152918457,21.5142191142191,59.690243902439065,-4763.813094886008,B_C,,,,,,,,,,,
P09758_and_A6NNB3,0.2776739816549817,0.18856738915567522,0.1088028754790105,14.489361702127642,31.855142857142855,-1302.4868840214695,B_C,,,,,,,,,,,
P09758_and_A8MPY1,0.24512271567398689,0.18855817317803186,0.17333983441749767,22.168113207547172,66.62019108280253,-5798.395931793276,B_C,,,,,,,,,,,
P09758_and_Q9Y2A7,0.3000669017901822,0.18855481497904122,0.0,28.256250000000005,49.98222222222222,-4401.987796609053,B_C,,,,,,,,,,,
P09758_and_Q8N6Y2,0.23491016075776483,0.18851279163153245,0.23063855366568764,24.081917475728204,62.63303571428571,-2099.8193114128226,B_C,,,,,,,,,,,
P09758_and_Q969V1,0.25465086764830464,0.18849038572281995,0.114518309889241,22.6558910162003,56.857524752475264,-10073.86296551078,B_C,,,,,,,,,,,
P09758_and_P22352,0.25991233519676565,0.18846732172775593,0.16780947088770476,23.451696832579216,71.42619718309861,-1421.792431493649,B_C,,,,,,,,,,,
P09758_and_O60258,0.2609407317157819,0.18842959241000226,0.0768118364961333,21.048047722342723,56.716084337349415,-14896.005163834414,B_C,,,,,,,,,,,
P09758_and_P36980,0.24689260937202936,0.1884264530718296,0.05432930124698694,24.649822064056956,51.84547826086954,-19103.33019775889,B_C,,,,,,,,,,,
P09758_and_Q6UWN0,0.25702625150157177,0.18842320571970353,0.13764893562632188,23.983074265975816,67.14025806451608,-9401.105514932908,B_C,,,,,,,,,,,
P09758_and_A0A0C4DH31,0.2805743728739437,0.1883676350592533,0.131903672090706,19.1128698224852,64.53154545454544,-1787.666536894637,B_C,,,,,,,,,,,
P09758_and_P07357,0.2577968126854353,0.18831485540168802,0.08904665646007433,22.82257853403141,50.86527363184079,-4008.6693103393445,B_C,,,,,,,,,,,
P09758_and_Q15084,0.23374804952407335,0.18830219838729984,0.15928278665061157,23.431357552581282,68.10999999999999,-2210.5194582179374,B_C,,,,,,,,,,,
P09758_and_O95393,0.24368314841308192,0.1882805471202567,0.165963012563818,21.58122222222222,57.39661691542289,-1517.379472126373,B_C,,,,,,,,,,,
P09758_and_Q9Y6Z7,0.25402359185693707,0.18823782929518137,0.09457569300683924,21.68067729083665,54.24203124999999,-955.429887486207,B_C,,,,,,,,,,,
P09758_and_Q8NBM8,0.28185498627289685,0.1882360342867002,0.15040296206354944,21.36897233201582,61.29437086092713,-2070.235370877304,B_C,,,,,,,,,,,
P09758_and_P31751,0.25187368960251033,0.1882053699208422,0.20821608842427866,25.27624466571833,42.69627906976744,-8621.39440084126,B_C,,,,,,,,,,,
P09758_and_P51172,0.2425063872995765,0.18820305014652222,0.11629207790107408,25.23796526054593,53.98655172413792,-15812.191521899302,B_C,,,,,,,,,,,
P09758_and_Q8IWU4,0.23475497324338998,0.1881766426451334,0.13203330593283316,24.170186335403702,59.99034013605442,-7461.148973250114,B_C,,,,,,,,,,,
P09758_and_Q8WVH0,0.2711957280073596,0.18810760202029078,0.07744174045209042,19.814876033057825,48.94612903225807,-2194.934201479702,B_C,,,,,,,,,,,
P09758_and_Q96GC9,0.2499745894311099,0.1880860928850896,0.07506024533492424,24.397716894977183,59.077297297297285,-11471.527489713806,B_C,,,,,,,,,,,
P09758_and_B2RUZ4,0.29207427600086117,0.18806526893487946,0.05510387027396463,18.919471153846153,31.61933333333333,-943.4395074008153,B_C,,,,,,,,,,,
P09758_and_P18428,0.27500581499327437,0.1880131535336511,0.41306298059645846,24.614656290531794,60.62851190476191,-3246.9328369796744,B_C,,,,,,,,,,,
P09758_and_P02790,0.27093528401469436,0.18800834151007892,0.08664208888812548,25.241976516634068,60.53073333333335,-10421.595690651622,B_C,,,,,,,,,,,
P09758_and_P17405,0.27169197244688814,0.18797852416636057,0.14509191117723064,24.53682352941178,45.913389121338895,-3223.6040468766078,B_C,,,,,,,,,,,
P09758_and_P02708,0.2539466044801087,0.18797833600915786,0.0999858042376507,23.16040609137056,59.75635714285716,-19779.815311493672,B_C,,,,,,,,,,,
P09758_and_Q9HCJ1,0.27160603496631364,0.18793486727905606,0.141142846165882,25.32271897810216,56.42558139534885,-4678.313978458271,B_C,,,,,,,,,,,
P09758_and_O95377,0.25160125670465483,0.18792764710822626,0.07375180717989092,20.87698924731181,46.61639097744363,-5397.75086660701,B_C,,,,,,,,,,,
P09758_and_P58549,0.29091779938087675,0.1879127735136193,0.051111844883204666,14.639272030651334,25.863750000000003,-573.7724211033263,B_C,,,,,,,,,,,
P09758_and_O95498,0.2804359585749068,0.18791242270543534,0.31628672389878604,26.58460591133004,63.568840579710155,-3276.4051001583302,B_C,,,,,,,,,,,
P09758_and_O00571,0.23755320908113361,0.1879112821657508,0.11087398409896712,25.015418894830653,51.917835051546376,-13049.130249426336,B_C,,,,,,,,,,,
P09758_and_P63145,0.21890268172757643,0.18787091999728842,0.3354085593716772,25.721929824561364,57.117301587301576,-5214.307854626844,B_C,,,,,,,,,,,
P09758_and_Q13424,0.23682231754642674,0.18787027699415734,0.1680049716386195,24.548713826366544,47.994206008583696,-3613.8463410259974,B_C,,,,,,,,,,,
P09758_and_Q14003,0.22186609997546164,0.18787014880211136,0.028916645438407065,27.94193548387097,49.66050847457629,-2697.8607798785233,B_C,,,,,,,,,,,
P09758_and_O43556,0.23194970044661833,0.1878235785875802,0.1755632512637139,24.629329608938562,61.024090909090894,-6624.106433906549,B_C,,,,,,,,,,,
P09758_and_O95399,0.2785480832525903,0.18779904755096583,0.05573472199134594,15.722128851540614,36.08321739130434,-1049.2124222447937,B_C,,,,,,,,,,,
P09758_and_P60509,0.22972173683638905,0.18776903414882423,0.20615547285365862,23.812828535669578,59.60994818652849,-9021.610861248693,B_C,,,,,,,,,,,
P09758_and_P27169,0.27383846168743986,0.18775976243044273,0.08762878136865437,21.438192419825032,63.73184000000003,-2394.250113378839,B_C,,,,,,,,,,,
P09758_and_Q9BXJ3,0.24614665658490384,0.1877360941281259,0.11431725143663891,23.764049586776846,58.05865591397849,-1283.9604558163182,B_C,,,,,,,,,,,
P09758_and_O95436,0.24759206166418862,0.18772468444765214,0.32812460639455027,26.239501312335857,62.63460905349796,-3351.936515936495,B_C,,,,,,,,,,,
P09758_and_Q9UGT4,0.2937445638078051,0.18769221680022785,0.14695855961883603,24.92407786885246,60.00433333333335,-16755.21463314064,B_C,,,,,,,,,,,
P09758_and_Q16619,0.26327152436344625,0.1876781448739716,0.18437465184897217,20.06177130044842,67.53281690140844,-1858.540720749074,B_C,,,,,,,,,,,
P09758_and_Q86WS3,0.26979129656324113,0.18759858038833857,0.08038302475882939,21.829503105590078,54.547225806451635,-12128.41781394474,B_C,,,,,,,,,,,
P09758_and_Q8IWB1,0.25620988269785067,0.1875796960290712,0.17121456031947802,25.303542009884662,65.34107954545458,-9720.243269496514,B_C,,,,,,,,,,,
P09758_and_P78334,0.24072501385520473,0.1875442087334335,0.11420576089270995,25.63227002967355,58.84288888888889,-2326.197916050185,B_C,,,,,,,,,,,
P09758_and_P0DJD8,0.2718444265641292,0.1875412989666683,0.21888136820751938,24.595467422096355,66.55963730569952,-16899.52045073572,B_C,,,,,,,,,,,
P09758_and_Q9NSI5,0.23301306217522263,0.18746845633717985,0.21835733438217497,24.462500000000002,61.3772847682119,-6546.2293936823025,B_C,,,,,,,,,,,
P09758_and_Q14563,0.27803369670179723,0.1874575203869972,0.4070006305579523,26.47025920873117,62.34468750000002,-6580.423733488168,B_C,,,,,,,,,,,
P09758_and_P04440,0.2516361515460993,0.18744133979888514,0.21686121950879095,22.310955414012714,60.4569060773481,-2298.2598428265374,B_C,,,,,,,,,,,
P09758_and_Q9NY25,0.26258314817294115,0.1874278810160186,0.06126685648740493,21.61433566433567,55.183333333333316,-15976.20265123573,B_C,,,,,,,,,,,
P09758_and_P07358,0.2696801028531007,0.18742083486976063,0.12986563103488696,24.14484374999995,61.82816216216215,-2515.7239268520307,B_C,,,,,,,,,,,
P09758_and_Q9NUP9,0.26350239539485953,0.18738426293623694,0.2571512198656136,22.488114754098376,56.823565217391305,-1925.9097131390663,B_C,,,,,,,,,,,
P09758_and_Q8WXH6,0.2517910443262857,0.1873817411234152,0.10765966183101565,22.70000000000001,64.0654193548387,-1620.0207357233608,B_C,,,,,,,,,,,
P09758_and_P28300,0.23964025364548308,0.1872761537693645,0.09904178814117365,22.329310344827576,59.90892215568865,-1505.725401553511,B_C,,,,,,,,,,,
P09758_and_Q9Y5E1,0.24298770785146806,0.1872479767433061,0.08891809864699281,25.22101063829786,55.03680327868854,-3085.596669059092,B_C,,,,,,,,,,,
P09758_and_P13598,0.24619505348715845,0.1872365357158614,0.16314516643376353,25.003263157894757,64.15486301369863,-4841.131724988662,B_C,,,,,,,,,,,
P09758_and_Q6MZM9,0.2576517340448042,0.18711406159992355,0.06106911487104662,17.635559566787038,33.9315625,-4068.057723310674,B_C,,,,,,,,,,,
P09758_and_Q96IF1,0.22412204470380093,0.18710024936511865,0.16197412214014453,22.508109452736303,53.49505154639175,-6081.336871949985,B_C,,,,,,,,,,,
P09758_and_Q13361,0.26515347662186706,0.18709157616828026,0.03892286654144343,17.839371257485027,35.67435643564355,-2800.8563859346523,B_C,,,,,,,,,,,
P09758_and_P0DJD7,0.2730299145853081,0.18707876350517333,0.18448719135345795,23.99300911854102,67.46686813186813,-21492.317099132775,B_C,,,,,,,,,,,
P09758_and_Q8TDW0,0.26259440179320237,0.18700041897561917,0.4761753460698845,27.720202952029478,72.94158333333333,-3956.75994052736,B_C,,,,,,,,,,,
P09758_and_Q8NF37,0.24548821403067425,0.18696626296053787,0.303724937882986,25.08717457886677,60.06550675675679,-5662.796192976337,B_C,,,,,,,,,,,
P09758_and_Q9NY72,0.2577825080477891,0.18695979429436144,0.06035390142044496,19.45751121076235,46.459090909090925,-9398.018284547883,B_C,,,,,,,,,,,
P09758_and_P02656,0.2858236424676197,0.1869339444532766,0.050735475765182364,18.402453987730045,55.57163636363637,-1731.9455235998203,B_C,,,,,,,,,,,
P09758_and_Q8IUN9,0.2391945496813104,0.1869338906084428,0.14130723895458316,24.269480519480506,66.99571428571429,-4255.867988724915,B_C,,,,,,,,,,,
P09758_and_Q9NXC2,0.2729933180890854,0.1868824859585123,0.2204532591599073,23.340404624277458,61.21125000000001,-6210.114661243413,B_C,,,,,,,,,,,
P09758_and_Q9H6D3,0.26659693839386867,0.18686552348003488,0.18704479540799931,24.07045454545457,61.55915887850468,-2417.3582400760415,B_C,,,,,,,,,,,
P09758_and_Q8NGB9,0.26057791210914133,0.18686232414664994,0.07718278646783097,22.680084033613426,57.719350649350616,-6664.654861219613,B_C,,,,,,,,,,,
P09758_and_Q8TD33,0.2859064517751734,0.18685937945381606,0.08322599013248272,22.75480769230766,42.529854014598534,-1243.4150839467393,B_C,,,,,,,,,,,
P09758_and_A6NFC9,0.24345693441320498,0.18685390144554143,0.07374725270216126,22.31029850746266,62.680157480314946,-2200.3614792415374,B_C,,,,,,,,,,,
P09758_and_Q93100,0.2915008575251591,0.18683640351666894,0.05739936243088613,27.817669172932334,46.91521367521367,-4184.237426724547,B_C,,,,,,,,,,,
P09758_and_Q8IVN8,0.248996579968718,0.18681617176548543,0.05793301210815796,22.565291262135943,47.46061538461539,-5171.395030846325,B_C,,,,,,,,,,,
P09758_and_P05231,0.25760561828571604,0.1868030690783117,0.12666028768712034,21.525641025641022,54.81679104477613,-9198.717155993229,B_C,,,,,,,,,,,
P09758_and_Q9H3R2,0.22343970098065236,0.186792844658576,0.4170260034575799,25.608481532147728,52.499680851063815,-5202.9522715838375,B_C,,,,,,,,,,,
P09758_and_Q9NXK6,0.2694662271559266,0.18677823440049535,0.14975893662440176,23.830508474576217,62.676849315068516,-8076.47729019866,B_C,,,,,,,,,,,
P09758_and_Q9BYI3,0.23346297020907156,0.18671140110028245,0.387465188236753,24.29829905063289,65.9920491803279,-13632.652592733179,B_C,,,,,,,,,,,
P09758_and_Q8TAV3,0.282059432400658,0.1866938621030887,0.33366188708320776,26.6332451499118,62.47154285714289,-3700.204233471634,B_C,,,,,,,,,,,
P09758_and_C0HME5,0.28353398043677397,0.18664462944761548,0.07457696797934225,16.28219814241486,29.26598039215686,-841.2349446184367,B_C,,,,,,,,,,,
P09758_and_A8K4G0,0.2556464180849338,0.18662799590626286,0.1436144521241312,22.659918478260874,58.82866141732284,-10426.608960126789,B_C,,,,,,,,,,,
P09758_and_P01185,0.26898694370397835,0.18659303595150925,0.06938564024154835,18.991391509433974,59.02525547445255,-4739.753664587356,B_C,,,,,,,,,,,
P09758_and_Q13237,0.2649817630992453,0.18656501744031412,0.2468319135755064,26.511895161290315,56.59594339622644,-3999.7455894500595,B_C,,,,,,,,,,,
P09758_and_Q9Y624,0.2418227318300864,0.18653130007816543,0.13138813422367454,24.586608863198478,67.00940298507466,-10754.405452036175,B_C,,,,,,,,,,,
P09758_and_P48304,0.2680284303296837,0.18651677036364667,0.10531903948598155,23.247251585623673,61.24067669172933,-11984.090485424342,B_C,,,,,,,,,,,
P09758_and_Q96LB0,0.2552184672633141,0.18628659831630276,0.23472392117430171,25.777371695178847,55.64192771084338,-1936.3502720302258,B_C,,,,,,,,,,,
P09758_and_Q9UP65,0.27592833208930484,0.1862735755726571,0.14677114430773291,25.005446756425954,46.69210784313725,-7417.074316969173,B_C,,,,,,,,,,,
P09758_and_O43854,0.2576100592292753,0.18626008659691357,0.2186250412751528,25.26714542190304,59.01424870466323,-1706.2002452108486,B_C,,,,,,,,,,,
P09758_and_P34998,0.24204946745707395,0.18616922298116212,0.09415155476228798,24.40112781954885,50.59847368421054,-2763.274812144369,B_C,,,,,,,,,,,
P09758_and_Q96TA0,0.24493490726537653,0.1861523139485834,0.08832611502042498,25.17647637795279,58.80449275362319,-16151.441853164228,B_C,,,,,,,,,,,
P09758_and_Q969Y0,0.27750222834525373,0.18615182485401843,0.17181653859138551,27.32916666666668,56.910992907801436,-6945.69172792014,B_C,,,,,,,,,,,
P09758_and_Q8NFK1,0.24868297473616024,0.1861411542406415,0.11420851619044156,20.535409556314,55.83723404255317,-4997.134676301957,B_C,,,,,,,,,,,
P09758_and_Q16280,0.2376018102019183,0.18610136973251673,0.16156796681780036,27.054479768786123,71.12904761904761,-2362.793854098749,B_C,,,,,,,,,,,
P09758_and_Q96GD0,0.2650779521156597,0.1860730293320204,0.10387107829297594,23.53554502369671,62.84100775193798,-9228.910172757647,B_C,,,,,,,,,,,
P09758_and_Q8NI32,0.26462193615203866,0.18602301148811012,0.1148391796354676,22.316157556270113,56.14867052023123,-4388.575868921476,B_C,,,,,,,,,,,
P09758_and_Q9Y3Q4,0.2226639491495485,0.18594384433011943,0.260821380667817,27.442748091603058,66.54249999999996,-2873.5231528408694,B_C,,,,,,,,,,,
P09758_and_Q9BWQ8,0.24201253067974116,0.18593528748851754,0.06432354779256405,20.191864406779658,53.1640606060606,-3403.632895967523,B_C,,,,,,,,,,,
P09758_and_Q96T55,0.24500901489649823,0.18585358727574802,0.10367850808687655,20.301686507936516,56.897984496124025,-1135.7187764395912,B_C,,,,,,,,,,,
P09758_and_Q96LB2,0.2541876320736527,0.18579293747674772,0.198057206091312,25.968428571428557,55.32239766081872,-2066.8524515050985,B_C,,,,,,,,,,,
P09758_and_P41271,0.2619971877925121,0.18575971050099852,0.09629381637766458,19.73236889692586,49.89604026845638,-8558.51771807997,B_C,,,,,,,,,,,
P09758_and_A0A0B4J1Y9,0.2759123617289593,0.1857557758433769,0.25308378019120575,21.296827411167513,65.61563025210084,-2179.842712798091,B_C,,,,,,,,,,,
P09758_and_Q9H1Z9,0.24109806936923098,0.18574990175155773,0.15423011634737102,21.038537906137176,57.10451388888891,-7466.668676215809,B_C,,,,,,,,,,,
P09758_and_P43628,0.24100774691549026,0.1857331396876898,0.10865121523380665,23.272356828193836,55.38000000000002,-17064.814912687765,B_C,,,,,,,,,,,
P09758_and_P10082,0.28503619258478685,0.18565543019215236,0.08138549461144608,17.350682593856657,47.550555555555555,-1828.691013168922,B_C,,,,,,,,,,,
P09758_and_Q9H1M3,0.26227172357441264,0.18565250472768965,0.05064567275296085,20.27913752913752,52.409236641221355,-1792.5283167236466,B_C,,,,,,,,,,,
P09758_and_Q96PL1,0.2859863500787498,0.18564232028226338,0.04010627897310094,18.732423208191125,42.361397849462364,-1467.327050010877,B_C,,,,,,,,,,,
P09758_and_P0DSE1,0.25131600240163826,0.18563434995240585,0.12364205443086997,21.382666666666648,55.5457711442786,-5989.46085285574,B_C,,,,,,,,,,,
P09758_and_Q5SV17,0.2661242826631436,0.18556056597513249,0.05230402157549438,16.753309692671387,35.72399999999999,-2168.3754380416412,B_C,,,,,,,,,,,
P09758_and_Q7Z5A8,0.2745719148852689,0.18555236597991948,0.13560410463803702,19.416078431372558,63.80642857142854,-3175.2932997304447,B_C,,,,,,,,,,,
P09758_and_Q8WZ73,0.23938135955565118,0.18555080379182043,0.14996748725858838,20.611218678815526,56.13980582524275,-2084.9531567407575,B_C,,,,,,,,,,,
P09758_and_P09769,0.258777962860561,0.18553827858472827,0.14064792159108142,24.167210440456767,64.23633136094672,-9400.698278111393,B_C,,,,,,,,,,,
P09758_and_Q7Z6J4,0.21926314641002898,0.18542676328144017,0.29291496412308576,24.923385826771636,56.3973764258555,-10623.829489848024,B_C,,,,,,,,,,,
P09758_and_P46721,0.2779655070648465,0.18535662237408235,0.3683329064692348,26.17993960310612,62.32630434782607,-7401.661748242198,B_C,,,,,,,,,,,
P09758_and_Q15758,0.2535370103937177,0.1853333472409811,0.09247966760785042,25.286986301369893,49.38776000000001,-5645.8844823589325,B_C,,,,,,,,,,,
P09758_and_A6NI73,0.24636765320815396,0.18531634107260186,0.24618178484143377,21.18019230769228,70.73155405405407,-1062.7877651019592,B_C,,,,,,,,,,,
P09758_and_O00584,0.25322850203437086,0.1852734552012794,0.12275253819943477,22.57639442231076,58.263741935483914,-4611.6497962009025,B_C,,,,,,,,,,,
P09758_and_Q04844,0.24830233074647468,0.18527080322199213,0.1334916358482249,24.43115942028988,53.449606741573035,-7149.329093560676,B_C,,,,,,,,,,,
P09758_and_O95025,0.27225652660549204,0.1852199486532339,0.20761276622699334,26.22456896551727,63.41589887640454,-17511.987889927022,B_C,,,,,,,,,,,
P09758_and_P34130,0.25912404179636944,0.18520399451793035,0.13709763389683363,22.35042313117066,60.26657608695655,-1632.442528093823,B_C,,,,,,,,,,,
P09758_and_Q8NDZ6,0.2726078091332419,0.18517959531731473,0.2657241168108047,23.757348484848496,61.60196891191711,-2806.8876282351835,B_C,,,,,,,,,,,
P09758_and_O95156,0.2527254730108683,0.18514339375370334,0.1143094552352911,20.97474452554746,58.981592039801,-3356.6633694449247,B_C,,,,,,,,,,,
P09758_and_P03950,0.27090887126390906,0.18511966196511154,0.14211110347241687,23.455345211581264,61.76732394366201,-1518.4334957712601,B_C,,,,,,,,,,,
P09758_and_P14920,0.26993018206114155,0.1850493864588768,0.15798775941271864,23.457156133828985,61.858518518518544,-17137.129725308394,B_C,,,,,,,,,,,
P09758_and_Q9Y2G0,0.2674767509822677,0.18502218978514556,0.40041417644692257,26.13768506056529,71.09564971751415,-3972.670017722023,B_C,,,,,,,,,,,
P09758_and_P07477,0.2542192633076114,0.18500876468010502,0.15126295081148453,23.76770833333332,63.844588235294125,-22133.163815961576,B_C,,,,,,,,,,,
P09758_and_Q14520,0.23006025248751355,0.18496545253236638,0.16300174180497648,24.361549925484365,54.27257575757573,-6030.152148422389,B_C,,,,,,,,,,,
P09758_and_Q8WXX5,0.2517811931855463,0.1849401447277739,0.09408798486333685,22.794924242424283,53.860643564356444,-3849.3450024261474,B_C,,,,,,,,,,,
P09758_and_Q13705,0.24226167019045947,0.18490379519255368,0.23071520102015688,23.8074045801527,61.57663043478264,-12391.1764395031,B_C,,,,,,,,,,,
P09758_and_Q14832,0.25115257201291485,0.18489249488494575,0.38488745459502177,27.092030360531297,47.35764331210191,-3657.9971098486667,B_C,,,,,,,,,,,
P09758_and_P25189,0.25256810442398053,0.18488143260536222,0.08852799660641293,20.039364035087726,59.96741007194247,-11476.802958645194,B_C,,,,,,,,,,,
P09758_and_P09543,0.26965828917943735,0.1848659597623215,0.35326904328567027,25.327709923664084,67.24718390804597,-5287.36946618301,B_C,,,,,,,,,,,
P09758_and_Q15046,0.27427629086383654,0.1848535020010093,0.34603805204014726,25.58873626373629,70.00945783132528,-6403.602808916702,B_C,,,,,,,,,,,
P09758_and_O95760,0.25099652124794003,0.18484624798794325,0.08771273636592307,23.68769670958513,50.85817733990148,-17171.04764939803,B_C,,,,,,,,,,,
P09758_and_P36897,0.24166395888845177,0.18481297357644608,0.09627057925020761,22.51414062499998,61.640219780219816,-16118.736170967604,B_C,,,,,,,,,,,
P09758_and_P12644,0.2535182564878876,0.1847966127623945,0.09077704676896313,24.15340531561458,58.69526011560694,-10458.24720066141,B_C,,,,,,,,,,,
P09758_and_Q9H172,0.2715533950971139,0.18467187225795012,0.44923058522322457,26.779006677796282,64.38761061946899,-4330.115270326177,B_C,,,,,,,,,,,
P09758_and_P09529,0.23517775598128288,0.18465902289051667,0.05083009780210339,23.159485815602835,48.536445783132514,-2007.7148003124785,B_C,,,,,,,,,,,
P09758_and_Q6UX06,0.23565658124962957,0.1846241941895,0.09706190628999695,22.864680589680578,56.95287671232877,-3239.032740660219,B_C,,,,,,,,,,,
P09758_and_P13385,0.25836197690617196,0.18462004502791213,0.0729142624183299,21.463855421686755,55.43245283018869,-3306.387910631818,B_C,,,,,,,,,,,
P09758_and_P10645,0.22905053513397608,0.18461050675257257,0.08056120295866757,20.750545851528408,53.48716417910446,-3658.7800401337518,B_C,,,,,,,,,,,
P09758_and_O95967,0.22995918833372042,0.18459766084004542,0.043070998591575926,26.730303030303034,49.15715447154471,-10303.935002154745,B_C,,,,,,,,,,,
P09758_and_P17252,0.27161507468995966,0.18453798451347686,0.26093600807213674,25.844599999999982,60.57331838565022,-5591.004289156972,B_C,,,,,,,,,,,
P09758_and_Q86V25,0.24279112551222634,0.18453750986943315,0.16161049719232462,22.094019138756,66.69276836158193,-3693.5204689377642,B_C,,,,,,,,,,,
P09758_and_Q86UD5,0.26113943481828455,0.18453676336932562,0.058590081829577534,25.065423728813588,56.24424778761063,-7615.359074590077,B_C,,,,,,,,,,,
P09758_and_P12931,0.24656295592753447,0.18448693526825793,0.19351777320839994,23.638101604278077,60.70793103448277,-2908.5808823400166,B_C,,,,,,,,,,,
P09758_and_P62683,0.21956308082433335,0.18446848429596502,0.08775861880884461,24.730389221556862,54.881409090909116,-2399.9939728941463,B_C,,,,,,,,,,,
P09758_and_P04196,0.2396705049320845,0.18445873295805457,0.37455913147562103,24.677087475149147,57.394825870646805,-9749.621564999537,B_C,,,,,,,,,,,
P09758_and_O43280,0.283528913842402,0.18444685913599662,0.3720838775958016,27.29620253164558,63.572312138728314,-6100.568255249891,B_C,,,,,,,,,,,
P09758_and_Q8NFJ5,0.24602397454188027,0.18442550808529182,0.1131801417550064,23.823872180451126,56.22909722222224,-2218.5584416291495,B_C,,,,,,,,,,,
P09758_and_A0PK05,0.24507393563532737,0.1843893758337499,0.07706590541412871,21.01941624365482,34.703560606060606,-7754.650285256491,B_C,,,,,,,,,,,
P09758_and_O75608,0.25682107513593877,0.18436399101467596,0.13738341587131211,21.28554327808475,62.215302013422864,-11567.687013637467,B_C,,,,,,,,,,,
P09758_and_P01911,0.2464064588112454,0.18430010826454996,0.16194015503083817,22.958018252933492,58.4636057692308,-10030.889520827868,B_C,,,,,,,,,,,
P09758_and_Q9Y625,0.26017676715277693,0.1842982129630254,0.17958751947028137,24.739412568306,60.35078048780486,-1800.2629889967857,B_C,,,,,,,,,,,
P09758_and_Q86X19,0.25502867159275194,0.18427271830797293,0.08428373450582967,22.157169117647037,57.09477272727274,-4470.819528850158,B_C,,,,,,,,,,,
P09758_and_P52823,0.2534813257474545,0.1842632331181117,0.1634733120361076,23.12351301115244,59.30748466257669,-15893.606600940806,B_C,,,,,,,,,,,
P09758_and_Q96E35,0.25539971820253965,0.184261071942999,0.3146972001967276,24.812650085763302,54.12926229508201,-1350.0438322782156,B_C,,,,,,,,,,,
P09758_and_Q13113,0.276475571119697,0.1842487943134212,0.052141086758876715,17.007298136645964,31.856804123711342,-781.6001858070431,B_C,,,,,,,,,,,
P09758_and_Q9NV70,0.23938566039844084,0.18423869045489494,0.028998344970762292,27.503286384976498,49.862444444444456,-13844.530308657573,B_C,,,,,,,,,,,
P09758_and_Q9H1F0,0.28865965254698456,0.1842221071875493,0.06376457545733384,17.688118811881193,46.72936842105265,-1133.5841620688084,B_C,,,,,,,,,,,
P09758_and_P02647,0.24937633433324044,0.1841829508288491,0.058893445891103915,20.378450363196123,51.15276119402985,-3128.4137983439805,B_C,,,,,,,,,,,
P09758_and_P11049,0.2466462562182367,0.18418176609407105,0.10917002496625237,22.721303763440883,53.772956989247334,-6755.714484589967,B_C,,,,,,,,,,,
P09758_and_Q96P56,0.2215549424720314,0.18414003993092676,0.05766343749271771,22.549003984063724,49.654041095890435,-5172.011856072168,B_C,,,,,,,,,,,
P09758_and_P58499,0.252967950907107,0.1841226908934956,0.0550482212859829,21.540489913544686,65.07611510791368,-10582.119089850523,B_C,,,,,,,,,,,
P09758_and_Q8NGA8,0.26199361091874723,0.18410421826044215,0.19967144046023064,24.873752151462973,62.58127516778523,-5112.562910557328,B_C,,,,,,,,,,,
P09758_and_P04628,0.2583974372330347,0.18407134738038572,0.3147545495116208,20.947461928934008,67.72551351351353,-2663.6339119493095,B_C,,,,,,,,,,,
P09758_and_Q8NH21,0.2611401983335556,0.18405943761480048,0.10113467001533388,23.27882483370287,61.695833333333326,-8593.644973750068,B_C,,,,,,,,,,,
P09758_and_P05120,0.2606371898996836,0.18405093557419855,0.25919441999477355,23.453005464480835,64.24711442786071,-3194.019059650509,B_C,,,,,,,,,,,
P09758_and_Q6HA08,0.2347395643133457,0.18401167081347586,0.30517427011315457,23.68822714681445,65.98202072538858,-2164.9966157406325,B_C,,,,,,,,,,,
P09758_and_P0DP04,0.2734120530630457,0.18398405601760373,0.11996718188371712,21.788865096359764,62.78099236641221,-1755.6515122912438,B_C,,,,,,,,,,,
P09758_and_Q6UX34,0.2725678017385403,0.18393875829013606,0.07352632339259307,17.34524714828896,27.001444444444445,-484.0391709509372,B_C,,,,,,,,,,,
P09758_and_P12034,0.2511663351454026,0.1838640490367014,0.1427160617781784,20.277892030848367,66.15891666666667,-1141.725696217768,B_C,,,,,,,,,,,
P09758_and_P57789,0.2237690630581991,0.1838084196357386,0.09902591093203303,24.03125000000001,63.21206896551727,-10945.09827717114,B_C,,,,,,,,,,,
P09758_and_P20062,0.27225407466290197,0.18379754917856278,0.18091013301102613,24.09756521739128,68.02163636363638,-25288.090389745244,B_C,,,,,,,,,,,
P09758_and_O75493,0.2589348469518337,0.18378212231945817,0.14158481309671483,23.65370051635111,69.40853658536584,-1774.8785777331045,B_C,,,,,,,,,,,
P09758_and_Q96CP6,0.21597078710439377,0.18373162283632422,0.1237986221667789,24.51689189189188,53.00949999999999,-2037.164601225617,B_C,,,,,,,,,,,
P09758_and_A0A1B0GTK4,0.26417081662665265,0.18372890753531174,0.09248874768440492,20.18571428571429,47.023928571428556,-8494.928034576667,B_C,,,,,,,,,,,
P09758_and_Q8WV28,0.22671901057034716,0.18370632117534336,0.41413291573805305,23.04849187935033,67.53863247863251,-1434.0246909047564,B_C,,,,,,,,,,,
P09758_and_Q5H943,0.27921698183845517,0.18368624577700698,0.06309315815261478,16.255598958333334,42.884311926605534,-2249.765479257756,B_C,,,,,,,,,,,
P09758_and_Q9HB21,0.2318996722302162,0.18368033261889977,0.1937020663869684,24.898955223880634,56.88863636363633,-18983.144805196156,B_C,,,,,,,,,,,
P09758_and_P62685,0.21661569109402762,0.18364430013904398,0.22563236890137264,25.734966698382536,57.27133620689655,-4172.635583981821,B_C,,,,,,,,,,,
P09758_and_P43405,0.22761311105166868,0.1836127516168728,0.23741727881377359,26.660624315443606,48.19791338582678,-5964.377433896152,B_C,,,,,,,,,,,
P09758_and_Q5VXU1,0.2541534799222805,0.1835786558974175,0.05326368200021783,22.686267605633834,52.50069930069931,-4214.824708930669,B_C,,,,,,,,,,,
P09758_and_Q9UHF1,0.24802074694799686,0.1835515004538733,0.10336764172576536,20.419222222222245,50.733888888888856,-2350.02347376925,B_C,,,,,,,,,,,
P09758_and_P42658,0.28170329704804575,0.18350983518487313,0.48730995993579024,28.53177777777773,54.785388888888924,-5328.300282524797,B_C,,,,,,,,,,,
P09758_and_Q9P1T7,0.25125689440747634,0.18350718488116718,0.03460386368520281,17.87285012285013,42.46743801652892,-9002.740774015636,B_C,,,,,,,,,,,
P09758_and_Q13491,0.24728633666796293,0.18340993514470982,0.07370171792192537,23.20333333333332,54.23323076923077,-16006.56063776417,B_C,,,,,,,,,,,
P09758_and_Q13740,0.23653517953135192,0.18339346387555322,0.27134013386020317,27.32849264705882,71.03346666666665,-3905.1156361125277,B_C,,,,,,,,,,,
P09758_and_P21941,0.2292407926531917,0.18336669822424606,0.17584563334086656,24.48158890290041,48.98506787330315,-11032.358319093211,B_C,,,,,,,,,,,
P09758_and_P14174,0.27579619176699255,0.1833636689933677,0.10779061913385929,22.420694864048343,58.6059183673469,-991.9289268798796,B_C,,,,,,,,,,,
P09758_and_Q13884,0.24607946517285004,0.1833315687180147,0.3266559952168697,25.19471046770599,67.12574660633491,-5144.576224162943,B_C,,,,,,,,,,,
P09758_and_Q9Y2I2,0.24364582972900833,0.18320770563960623,0.20216162897404133,23.908386581469657,65.09434782608699,-5552.034288005375,B_C,,,,,,,,,,,
P09758_and_Q9H342,0.24262794442656732,0.18320435320355158,0.09833737316626821,23.600444444444456,53.39094594594591,-2764.250378931898,B_C,,,,,,,,,,,
P09758_and_Q16281,0.22623555324671174,0.18320187054316453,0.03659525495782685,24.54336734693879,54.49352941176471,-7922.602401585202,B_C,,,,,,,,,,,
P09758_and_Q9NPD7,0.2708728777816318,0.18319316674045494,0.11197994925665544,20.245491251682374,45.71538888888889,-1360.5833261128646,B_C,,,,,,,,,,,
P09758_and_Q96CW9,0.24491691249367997,0.1830141936325006,0.21456272934382828,24.24668470906632,66.45677777777777,-5921.036145614795,B_C,,,,,,,,,,,
P09758_and_Q12884,0.29116766695033747,0.18300152250819085,0.6918584473770658,27.622672594142234,66.12614420062694,-7517.937721943274,B_C,,,,,,,,,,,
P09758_and_Q8IVY1,0.2746707616901659,0.1829736033801355,0.08042212152496007,15.613899613899637,21.902666666666672,-1309.765216961557,B_C,,,,,,,,,,,
P09758_and_Q8IVB4,0.2574743967887644,0.1829219298784076,0.23265102228725887,26.81629072681704,45.71348484848485,-3202.871590105273,B_C,,,,,,,,,,,
P09758_and_O95944,0.24289594950291515,0.18288498659511654,0.16582122212447034,21.280550918196983,43.536227544910176,-1500.132682764479,B_C,,,,,,,,,,,
P09758_and_O75629,0.2561010866693598,0.18284077375973473,0.11931455778838956,23.128328611898002,67.35841269841265,-1884.5577082993423,B_C,,,,,,,,,,,
P09758_and_Q8TC92,0.21432782609076168,0.1827972509313811,0.14203865510777824,24.800000000000008,64.26368794326238,-2323.079908360196,B_C,,,,,,,,,,,
P09758_and_P81274,0.239342144283669,0.18277816975413186,0.29062599258824834,26.121837349397556,56.95096153846157,-2148.0389451970586,B_C,,,,,,,,,,,
P09758_and_Q9BQ08,0.2777997473136294,0.18277232551995476,0.0938451698177135,18.223611111111108,47.82646464646464,-7284.402294651412,B_C,,,,,,,,,,,
P09758_and_P01763,0.2727268279547528,0.18273456991784567,0.2289973041348465,21.03987206823024,62.42109375000002,-2222.0217269785935,B_C,,,,,,,,,,,
P09758_and_Q9H9K5,0.22417732640065163,0.1826441918215822,0.05165405443793723,24.101727861771046,46.44122881355931,-3925.009302443068,B_C,,,,,,,,,,,
P09758_and_P43403,0.22479132730436596,0.18263879058187324,0.3053514695286961,26.269184652278188,51.717491525423725,-13331.348350008877,B_C,,,,,,,,,,,
P09758_and_Q86U17,0.25613936676308907,0.18263083079758974,0.2019834204325272,23.432099827882926,66.96461038961041,-1283.9399127642391,B_C,,,,,,,,,,,
P09758_and_Q6UXF7,0.22931272023546662,0.18263062800956337,0.1293949682771483,22.889958805355313,54.988265682656866,-1189.307943760461,B_C,,,,,,,,,,,
P09758_and_O94868,0.22844177924627795,0.18262004079462094,0.05131470338536627,27.661864406779667,56.221923076923034,-2453.746417462413,B_C,,,,,,,,,,,
P09758_and_P05305,0.25445075371976233,0.18261611926564333,0.11466185439498794,17.462050359712205,46.173450704225345,-1581.6486856947922,B_C,,,,,,,,,,,
P09758_and_Q9UJ96,0.22205658824258206,0.18259386411101725,0.02986174823321155,26.425539568345307,50.5724193548387,-2788.1451243172687,B_C,,,,,,,,,,,
P09758_and_Q8TD46,0.23383305415808955,0.18252496033050777,0.25533462774042914,23.889655172413768,63.52339869281046,-2231.28472251974,B_C,,,,,,,,,,,
P09758_and_Q8WWU7,0.2574795801412505,0.1824897471472636,0.2055556226852198,23.752254901960757,70.65472602739725,-9566.849772753172,B_C,,,,,,,,,,,
P09758_and_Q99935,0.2483905992271,0.1824815728958539,0.047179062463704145,17.467936117936105,30.714427480916036,-3476.791433764127,B_C,,,,,,,,,,,
P09758_and_P12643,0.25113426460639804,0.18244436053531202,0.13701096856180733,24.04876543209878,55.41272727272728,-4895.118233627201,B_C,,,,,,,,,,,
P09758_and_Q96R69,0.2599480806748649,0.1824248978313886,0.1846237649334764,24.106192236598883,59.52888157894739,-12490.205282317413,B_C,,,,,,,,,,,
P09758_and_Q15166,0.2602832587930357,0.1824201388327744,0.3477431199303547,26.04900459418071,66.01419161676645,-10244.073576457684,B_C,,,,,,,,,,,
P09758_and_Q13253,0.2517280650675347,0.1824153749679355,0.10675233386238836,18.947593582887716,57.05434523809523,-2203.9844745076452,B_C,,,,,,,,,,,
P09758_and_P24593,0.2466433261221559,0.1824092213591733,0.11637908894435776,21.8835473515249,57.608125000000015,-10091.34863575069,B_C,,,,,,,,,,,
P09758_and_P48426,0.25767010788889444,0.18237193585990008,0.09356340059504054,23.325884955752187,59.17324742268042,-15867.984009251662,B_C,,,,,,,,,,,
P09758_and_Q9NTQ9,0.24720702387519086,0.18234948737603537,0.07542441398098826,20.585962877030166,45.643548387096786,-8525.477658128624,B_C,,,,,,,,,,,
P09758_and_Q8NH95,0.2649841493486892,0.182338766149499,0.06289159699020666,19.435609756097563,34.32780701754385,-4181.13034060439,B_C,,,,,,,,,,,
P09758_and_P16499,0.26447290631958764,0.18227127890659434,0.04154769177591417,25.98071428571428,35.43779411764706,-4167.4837782531995,B_C,,,,,,,,,,,
P09758_and_P50443,0.26526536879579804,0.1822591847215982,0.04098055001328356,25.402631578947364,34.893488372093024,-6245.937201504209,B_C,,,,,,,,,,,
P09758_and_P01766,0.2745326251651099,0.1822565078963609,0.10307494182339934,19.79812332439677,67.61896,-5633.755917338487,B_C,,,,,,,,,,,
P09758_and_Q9NYY1,0.2627548890135421,0.18224986412966238,0.18880808129883675,23.42024482109229,68.23328571428573,-2536.8015920280454,B_C,,,,,,,,,,,
P09758_and_Q16568,0.27595962853289074,0.18220761442463496,0.12541615467613315,18.36027397260276,35.585642857142865,-7698.55423600664,B_C,,,,,,,,,,,
P09758_and_Q9NS61,0.24914086747698808,0.1821819343985087,0.12874278650214563,23.26067774936066,55.68601092896174,-1992.4280275176861,B_C,,,,,,,,,,,
P09758_and_P26232,0.24992752374281207,0.1821518242285713,0.08283623780343145,26.67165289256195,51.62736559139786,-12704.180299831962,B_C,,,,,,,,,,,
P09758_and_O15303,0.25130049162250817,0.1821277643810943,0.0760898249865972,26.54844290657437,44.38017699115045,-4813.63755702042,B_C,,,,,,,,,,,
P09758_and_Q9NZN3,0.2572603179727058,0.18211941203990417,0.15507474988677344,24.38234859675034,60.8676595744681,-2148.553651856844,B_C,,,,,,,,,,,
P09758_and_Q9UBL6,0.24151727733482198,0.18204315829167877,0.09509390301663959,24.52585526315789,57.22548672566372,-3607.062507797873,B_C,,,,,,,,,,,
P09758_and_P16860,0.2702046123423614,0.18203310463444355,0.1250542744556926,15.172945205479452,23.76905172413793,-1232.1545429044818,B_C,,,,,,,,,,,
P09758_and_Q86WB7,0.2687750473200051,0.18200529882731564,0.09231372337401877,25.197299999999984,61.39730263157895,-6500.809663583201,B_C,,,,,,,,,,,
P09758_and_Q5VTT2,0.2539660796219968,0.18199831198527586,0.07953569625266961,22.03597804391217,49.431880733944936,-2567.017063751191,B_C,,,,,,,,,,,
P09758_and_Q13519,0.26399067610108345,0.18195072389020625,0.1397748917365495,18.911980609418286,47.952469135802474,-2527.8108651462135,B_C,,,,,,,,,,,
P09758_and_P52824,0.28051278835539195,0.18193924786810806,0.13826510606416964,27.77412993039444,42.45688235294118,-6183.999613360722,B_C,,,,,,,,,,,
P09758_and_P51800,0.27114777893628506,0.18193391841973905,0.07993694513520236,26.390727699530537,59.226259541984746,-16490.488378227677,B_C,,,,,,,,,,,
P09758_and_Q96PL2,0.2403511401385908,0.1819304775357386,0.07123349762292915,23.880137931034504,50.19492227979276,-12604.734273134767,B_C,,,,,,,,,,,
P09758_and_Q7Z6G3,0.23425500415948255,0.18190861201201733,0.2467178114672407,22.89026340545629,60.07615720524016,-2013.8530243103305,B_C,,,,,,,,,,,
P09758_and_Q6SPF0,0.22197272364954007,0.18190087533513433,0.23342580451571637,25.197633495145638,63.14454106280194,-1018.6308823351355,B_C,,,,,,,,,,,
P09758_and_Q9H3Y0,0.24959469244645843,0.18187525163867407,0.1953776865434609,22.239842381786318,69.17798742138365,-8129.824533788951,B_C,,,,,,,,,,,
P09758_and_P38484,0.23579611037073928,0.18186267016984003,0.350424512434476,25.34686495176849,70.98619047619044,-4309.716831543955,B_C,,,,,,,,,,,
P09758_and_Q6PIU1,0.22250025184585148,0.18178103854447175,0.04592499380449401,24.708419243986256,56.87406250000003,-3294.7375493378477,B_C,,,,,,,,,,,
P09758_and_Q9UIJ5,0.25139266932487664,0.18177806492161908,0.10429869692044615,23.95348652931854,62.43377659574469,-13821.063033763576,B_C,,,,,,,,,,,
P09758_and_Q5T0N5,0.22311331564947148,0.18174241446427486,0.23986020725225674,26.3165048543689,54.09973333333334,-5817.845728032824,B_C,,,,,,,,,,,
P09758_and_O14626,0.2591265704634489,0.18174123225541577,0.08616284965665333,24.839460154241635,61.39340425531913,-2033.4139675625365,B_C,,,,,,,,,,,
P09758_and_Q14515,0.21582312335033693,0.18172698055652634,0.1867527433203839,23.77888086642601,69.90682926829265,-8566.908288870836,B_C,,,,,,,,,,,
P09758_and_P51864,0.25957885680092063,0.18169185909040442,0.07850605957455793,16.834033613445374,37.43642201834864,-1388.7908859515574,B_C,,,,,,,,,,,
P09758_and_P45844,0.26584516682806975,0.18168714695868904,0.09333450141156477,27.93536585365855,65.31168421052631,-3979.9351662366935,B_C,,,,,,,,,,,
P09758_and_P23945,0.2567787123799664,0.18168141932485535,0.12680261685231448,26.9896449704142,51.021190476190476,-7447.351835007442,B_C,,,,,,,,,,,
P09758_and_Q7Z5A9,0.2711039028010407,0.18167018244791783,0.07103032610446018,20.72467948717953,54.49401515151514,-19938.12322745374,B_C,,,,,,,,,,,
P09758_and_Q8N0V4,0.2515961517259213,0.18166759801716603,0.23123848150687162,24.35821355236141,61.49378378378378,-15363.064469364217,B_C,,,,,,,,,,,
P09758_and_Q5T2W1,0.22405071001643667,0.18166360754027525,0.15465007258205515,24.889538714991808,64.07870466321245,-9654.629609849406,B_C,,,,,,,,,,,
P09758_and_Q9NZH6,0.2552985891718228,0.1816158629187012,0.12143841528409555,24.040291262135916,56.33726027397259,-14329.467999439697,B_C,,,,,,,,,,,
P09758_and_Q13002,0.23292295868184817,0.18161317272761424,0.05191493957779203,27.260407239818978,56.656792452830196,-14749.095665708623,B_C,,,,,,,,,,,
P09758_and_Q5VXJ0,0.26525618487535263,0.18158783486829583,0.2208320182772531,25.017674418604635,63.037459459459484,-6355.397776581729,B_C,,,,,,,,,,,
P09758_and_P48307,0.2511005263028081,0.1814840593332129,0.17618151179695393,17.32095959595959,47.50214953271026,-2192.274316784152,B_C,,,,,,,,,,,
P09758_and_Q13609,0.2546326751280584,0.18148335955564157,0.14044084227358922,24.116,66.7358273381295,-7709.847695332932,B_C,,,,,,,,,,,
P09758_and_P21964,0.24723330989021758,0.18146836941192834,0.13261522215565433,23.31543985637342,66.63175324675326,-16990.154984126384,B_C,,,,,,,,,,,
P09758_and_Q8N4C7,0.24436138059021106,0.18145477383407543,0.04999007332483081,21.786902485659667,51.72354430379748,-7532.83453841757,B_C,,,,,,,,,,,
P09758_and_Q9H7V2,0.24760012619956226,0.18139759943119135,0.06943425795708795,20.173789846517106,47.46326530612242,-2133.65703717406,B_C,,,,,,,,,,,
P09758_and_Q6ZMH5,0.2208402428451091,0.18138994281800708,0.07304395426442009,23.764433811802196,47.55631868131865,-3578.644456028349,B_C,,,,,,,,,,,
P09758_and_P02771,0.27965495697273074,0.18136962841945578,0.30576294456577763,25.549293785310756,69.90374999999999,-7224.2352030922775,B_C,,,,,,,,,,,
P09758_and_P61278,0.2756614239311153,0.18133651852200605,0.09415703012757874,17.50717391304349,40.99041666666668,-154.40788349945478,B_C,,,,,,,,,,,
P09758_and_O60513,0.25122319398821974,0.18133567696487154,0.27542122787029466,23.73184764991898,57.06994594594597,-1686.1040438035552,B_C,,,,,,,,,,,
P09758_and_P26022,0.23655204736725421,0.18127510438043412,0.19607804641817406,22.46017587939696,58.64950495049504,-1503.4396712165144,B_C,,,,,,,,,,,
P09758_and_Q9Y5E7,0.24179175582535195,0.18127465631923056,0.22504321722106846,27.96398659966501,45.72302702702704,-2850.2912063753693,B_C,,,,,,,,,,,
P09758_and_P29466,0.23420300626685553,0.18126537887429728,0.08011956815885442,22.456538461538496,56.113930635838166,-4815.18716525642,B_C,,,,,,,,,,,
P09758_and_Q9Y5W9,0.2480852746728162,0.1812624062447833,0.22036109444242133,22.560955518945622,50.774943820224735,-1393.511348477272,B_C,,,,,,,,,,,
P09758_and_O75487,0.25978160188425625,0.1811759174097458,0.05994816389393398,24.95735735735736,64.12677165354329,-8208.080416692826,B_C,,,,,,,,,,,
P09758_and_Q96IU2,0.25281065047188755,0.1811490258910022,0.1273133776615723,19.806175059952047,53.381173469387754,-1607.0028976800186,B_C,,,,,,,,,,,
P09758_and_Q86YD5,0.2346424393816058,0.18114506626792704,0.09707702414593423,22.227197452229294,49.52096045197741,-2500.0237911056574,B_C,,,,,,,,,,,
P09758_and_Q8NFZ6,0.2350077099639421,0.1811001721205012,0.11068445129361722,23.816898395721953,49.864322033898304,-1890.7664556953168,B_C,,,,,,,,,,,
P09758_and_Q8IXA5,0.255208055351563,0.1810034983468978,0.1164911668763174,22.998191214470246,62.65824427480916,-8224.93378765688,B_C,,,,,,,,,,,
P09758_and_P60201,0.2422953470599232,0.1809202744402344,0.04175244846551379,22.607456140350852,49.44960317460316,-7560.552263315411,B_C,,,,,,,,,,,
P09758_and_P04280,0.22895092685156965,0.18091161629477048,0.052632410063214716,16.91249999999999,17.875774647887322,-1507.10647825271,B_C,,,,,,,,,,,
P09758_and_Q04118,0.23282831444765376,0.1809108085376717,0.06651995729518562,16.740169491525418,22.039285714285707,-2424.351932561367,B_C,,,,,,,,,,,
P09758_and_P51788,0.25264951370254474,0.18084609243409744,0.05361842695591908,27.989525691699594,54.81858695652174,-3433.8030026476754,B_C,,,,,,,,,,,
P09758_and_P13500,0.2787571847078828,0.18078464610237627,0.09759841645047425,20.40634249471456,44.82703999999999,-1416.08876697542,B_C,,,,,,,,,,,
P09758_and_Q9Y2W7,0.24937517494946038,0.18071209558569395,0.06785424272901304,24.332037815126018,54.82492957746481,-2283.4854546592505,B_C,,,,,,,,,,,
P09758_and_P28476,0.23782869318797456,0.1806944721575909,0.4736362585928287,24.317721005677175,62.86898148148151,-4238.697955131413,B_C,,,,,,,,,,,
P09758_and_P29016,0.24341920220540897,0.18066631118271967,0.2684565677717488,22.460945709281955,71.84993548387095,-2978.058120415459,B_C,,,,,,,,,,,
P09758_and_O14904,0.2471761525779272,0.18059856299664237,0.25556922955899564,21.548196248196298,63.67717514124296,-2185.505544881288,B_C,,,,,,,,,,,
P09758_and_P05129,0.2327797839829937,0.18055606993208675,0.1309032708183959,26.31624087591242,44.50550458715597,-4952.375146621442,B_C,,,,,,,,,,,
P09758_and_Q9Y5L2,0.2909280107258547,0.1805370365175093,0.06537521180378578,17.958201892744487,26.60800000000001,-2584.6418409881003,B_C,,,,,,,,,,,
P09758_and_O94779,0.2223813853276958,0.18053635173019644,0.4955371263043779,27.817193195625727,62.48789954337898,-15647.662404164586,B_C,,,,,,,,,,,
P09758_and_P32241,0.2311113358087051,0.18053073411259726,0.11317592405504286,25.833677685950427,44.62719576719578,-4860.4615986291865,B_C,,,,,,,,,,,
P09758_and_O43909,0.27996588051254945,0.18052865852504782,0.14937651923856307,27.15010683760684,53.770736196319,-2213.3026106786256,B_C,,,,,,,,,,,
P09758_and_Q8N5W8,0.2798179161892682,0.18051211952795787,0.05196066620506465,18.35870588235293,27.07218487394959,-788.1955038951346,B_C,,,,,,,,,,,
P09758_and_P21741,0.26479099478689616,0.18048665843056078,0.1732392925847407,22.25106382978721,66.99789062499998,-1361.773496974645,B_C,,,,,,,,,,,
P09758_and_P55087,0.24096815606969557,0.18042672451819367,0.3089592406698695,23.44918200409,63.760066225165545,-1092.1553366407352,B_C,,,,,,,,,,,
P09758_and_Q96IY4,0.26883381190872097,0.18040823869103978,0.3007833038627421,25.557901554404165,67.49709183673471,-23668.759112123564,B_C,,,,,,,,,,,
P09758_and_P51674,0.24131800425157374,0.18040158812190582,0.07885623053876087,24.268087557603682,52.072713178294556,-8238.905269754836,B_C,,,,,,,,,,,
P09758_and_P01374,0.25642457820141057,0.1803733279159122,0.11525525778611018,22.200564971751415,64.90548387096774,-3593.410908627237,B_C,,,,,,,,,,,
P09758_and_Q09013,0.2451888005133988,0.18036815673587284,0.3008961030183245,25.534517045454535,59.47730569948186,-5646.474244829083,B_C,,,,,,,,,,,
P09758_and_Q86VW1,0.2688102563044686,0.18034067388737968,0.2738535010608359,26.355841121495363,61.63063106796118,-5592.047594649184,B_C,,,,,,,,,,,
P09758_and_Q7L8A9,0.2378905485863501,0.18030939698093096,0.09627305415995649,23.199570446735397,62.79932515337424,-14767.255422818776,B_C,,,,,,,,,,,
P09758_and_Q12805,0.2221265547421964,0.18030410009880937,0.09636837657340389,23.976708074534134,57.38530487804877,-2451.8981250542,B_C,,,,,,,,,,,
P09758_and_Q96QR1,0.2793079037667452,0.18028852811069018,0.1360756203015781,18.84289099526066,38.29133858267718,-1930.2615120414557,B_C,,,,,,,,,,,
P09758_and_Q9NNX6,0.2323751140660702,0.18024850386639737,0.1977566769847793,24.60595238095239,58.02547826086956,-2730.3544980627776,B_C,,,,,,,,,,,
P09758_and_P00742,0.23871256847022815,0.18023516988075586,0.18902446200821407,22.419095477386925,54.89967032967031,-16322.089773359041,B_C,,,,,,,,,,,
P09758_and_Q6UX52,0.2468972735736991,0.18021374247147567,0.16654886733002972,20.226149068322975,59.19608938547487,-1140.7891434929552,B_C,,,,,,,,,,,
P09758_and_Q8IYJ3,0.2195828651021955,0.18019784881096879,0.2028508522225287,24.756199677938806,66.19144385026738,-8768.247167174253,B_C,,,,,,,,,,,
P09758_and_Q6NUJ1,0.2246626571342598,0.18018171067314054,0.09190378583216924,23.69913580246915,47.472248062015545,-11200.263727426573,B_C,,,,,,,,,,,
P09758_and_Q96QZ0,0.2492484955058335,0.18017293322825909,0.1829617983325334,24.791704035874435,53.00545454545456,-2512.063304830641,B_C,,,,,,,,,,,
P09758_and_P01215,0.27388013934486455,0.18010700653071188,0.06664767849365937,19.491805225653223,56.51945312500001,-3727.8879480812134,B_C,,,,,,,,,,,
P09758_and_Q96PB7,0.23194960906716316,0.1800031026812812,0.11249961362790412,24.738909358879912,37.50175824175825,-1854.290429459572,B_C,,,,,,,,,,,
P09758_and_Q9H0Q3,0.2799923111166078,0.17995671973090943,0.04509588553930392,16.624110671936755,29.880843373493978,-997.5825349163362,B_C,,,,,,,,,,,
P09758_and_Q5JUK3,0.262511308450345,0.17992568574120282,0.2297054068696764,28.46109625668449,51.40100917431194,-2459.398345030175,B_C,,,,,,,,,,,
P09758_and_P21589,0.2553505117121987,0.1799040536270758,0.5152589536675478,26.788986013986012,46.33542452830188,-6146.888295197077,B_C,,,,,,,,,,,
P09758_and_P59827,0.23599495089487366,0.17990203071861915,0.17799067581092937,25.048637316561848,51.81046610169489,-18040.13149705033,B_C,,,,,,,,,,,
P09758_and_Q13153,0.23641527504737087,0.17987162471894835,0.21232882893981223,24.80882066276805,52.22082677165351,-2459.1470936990627,B_C,,,,,,,,,,,
P09758_and_O75718,0.25679992331850976,0.1797679255253461,0.1577540673041408,23.92195876288658,66.95115107913671,-8670.643892430171,B_C,,,,,,,,,,,
P09758_and_P15151,0.23903367631135403,0.17972271209759277,0.1885172081993752,26.35368421052634,66.64263157894736,-7350.9134848035055,B_C,,,,,,,,,,,
P09758_and_Q02641,0.22940789314835344,0.17971890010416702,0.5488042164286436,25.905249204665967,71.28295918367348,-6895.454547895157,B_C,,,,,,,,,,,
P09758_and_Q9NQX3,0.24136000311247985,0.17970618935358385,0.1437441357513797,26.334769539078174,67.18924418604655,-10880.09215521523,B_C,,,,,,,,,,,
P09758_and_O14649,0.229042393493303,0.17969427010701844,0.14244661511554244,25.112952380952397,36.521450381679394,-11955.850174737352,B_C,,,,,,,,,,,
P09758_and_Q9Y296,0.2535620229485861,0.17964214017670477,0.20248087796650746,22.949689826302752,57.55127906976744,-1083.0545857214638,B_C,,,,,,,,,,,
P09758_and_P48039,0.2535777257033427,0.17956283104993506,0.18869929054100726,23.674212598425196,60.78191082802545,-2578.8539415380305,B_C,,,,,,,,,,,
P09758_and_O00182,0.23649207931223318,0.17952028459980143,0.2311031270243447,24.251313628899805,67.68819209039548,-5088.59937524367,B_C,,,,,,,,,,,
P09758_and_Q9UHF5,0.2596489243526452,0.17948605092280012,0.12364178244471248,21.448927875243655,56.26635135135136,-1534.5555966723532,B_C,,,,,,,,,,,
P09758_and_Q9UKJ5,0.2624873908180917,0.17948599267001847,0.1389122724878951,23.44215291750505,51.673430656934286,-1648.1778385493708,B_C,,,,,,,,,,,
P09758_and_P05543,0.2569065988551477,0.17945909090356538,0.14241706917161018,24.848575712143926,60.15819672131148,-4417.700914725982,B_C,,,,,,,,,,,
P09758_and_Q9NPH3,0.23427081016920126,0.17939034713489954,0.26181517021547424,26.869515011547353,70.38362068965517,-7966.269744406951,B_C,,,,,,,,,,,
P09758_and_P63130,0.21525742692092648,0.179332554633558,0.07567187456062421,24.711655405405388,48.93936507936508,-2159.6291280736914,B_C,,,,,,,,,,,
P09758_and_Q6PKH6,0.25052210681814013,0.17917824877809832,0.12807299911910755,21.69501385041552,65.76674242424242,-2151.749253886528,B_C,,,,,,,,,,,
P09758_and_P02749,0.23529436344542184,0.17912249798134167,0.13736789346815537,24.38794326241134,62.87968503937008,-4122.567961494333,B_C,,,,,,,,,,,
P09758_and_Q5VYY2,0.26060487684698475,0.1790640230466229,0.24300426972353878,24.68446882217087,58.09565853658536,-7423.703543861566,B_C,,,,,,,,,,,
P09758_and_Q96D31,0.23951845535993327,0.17899317605649315,0.03789150535827847,20.288747099767974,48.976171874999984,-3944.504429367291,B_C,,,,,,,,,,,
P09758_and_P01877,0.22696191827029022,0.17898499316024474,0.12648570127778913,24.37987897125566,63.99798913043476,-4489.73863596496,B_C,,,,,,,,,,,
P09758_and_P19075,0.24728264416390958,0.1789699697846536,0.08536642226068165,24.25591966173361,57.270518518518536,-14396.696451003996,B_C,,,,,,,,,,,
P09758_and_P83110,0.2284658631006253,0.17896130348409447,0.1362470607841657,23.768896321070237,54.94028735632181,-3857.416141159243,B_C,,,,,,,,,,,
P09758_and_P00813,0.2677790645306398,0.17895336733950998,0.22739620636469202,23.739028475711898,69.99564417177916,-23955.29507242007,B_C,,,,,,,,,,,
P09758_and_Q96L46,0.24844919810363594,0.1789468980111849,0.13895196766938459,24.143913713405265,58.26146739130437,-1618.0747191526643,B_C,,,,,,,,,,,
P09758_and_P63126,0.21238248640221086,0.1789073945221363,0.26886904921195875,25.668579234972736,64.56380530973453,-6675.524267563356,B_C,,,,,,,,,,,
P09758_and_Q96BH3,0.2500027039871736,0.17890314339388247,0.14682316621713062,23.44358288770057,55.1821649484536,-10741.129951777979,B_C,,,,,,,,,,,
P09758_and_Q14916,0.27031558894508045,0.17889269638926433,0.15260599506063216,25.937893982808056,59.56960451977402,-5246.957788623716,B_C,,,,,,,,,,,
P09758_and_Q9Y2Y6,0.2511846365019068,0.1788714178882316,0.07731182693168219,22.176397058823504,50.696723163841796,-16446.924575122866,B_C,,,,,,,,,,,
P09758_and_Q5SSG8,0.22043098426947383,0.17880924039310042,0.04169689190923488,25.451941747572803,50.94959537572254,-20687.235896518967,B_C,,,,,,,,,,,
P09758_and_Q96EY1,0.22048115611287294,0.17876502417148316,0.4446865182679155,24.381713688610205,67.32678756476683,-1397.6117840920306,B_C,,,,,,,,,,,
P09758_and_P07510,0.24687074274277906,0.17873548892837693,0.09570415153326944,24.81777108433733,58.08904109589042,-7916.896535974282,B_C,,,,,,,,,,,
P09758_and_Q6ZWB6,0.2240666728093007,0.1787204928624091,0.28837758691835513,25.18216432865732,58.702139917695455,-1349.337798800303,B_C,,,,,,,,,,,
P09758_and_Q9Y5Y7,0.2363938624375309,0.1787115841310873,0.07465149915545635,21.98515981735161,63.439300699300674,-1516.1936335646496,B_C,,,,,,,,,,,
P09758_and_Q86UW8,0.24420648479559368,0.1786573912292313,0.20040959314205403,24.8087104072398,62.863694581280804,-3205.353541159655,B_C,,,,,,,,,,,
P09758_and_Q8N687,0.26426848384110246,0.17862974358903566,0.0961853661491222,15.508994708994715,38.914205607476624,-1160.8086673858634,B_C,,,,,,,,,,,
P09758_and_Q9UM22,0.25197501371153763,0.17862039110158506,0.18168718328868144,24.05732323232323,55.92845714285714,-4510.605588413154,B_C,,,,,,,,,,,
P09758_and_Q8N474,0.24062040797938272,0.17859231746501172,0.3667154924061709,23.231317365269458,68.78083333333333,-1300.8998482094512,B_C,,,,,,,,,,,
P09758_and_O60741,0.22157507049733588,0.1785902925244352,0.3332665004439114,26.324033391915624,56.021273584905664,-13193.380636446025,B_C,,,,,,,,,,,
P09758_and_A5X5Y0,0.2395753276177644,0.17851030991083455,0.19214349725927402,23.902318392581126,63.21463276836155,-18183.965602021235,B_C,,,,,,,,,,,
P09758_and_O95157,0.24820040604574622,0.17846661388520643,0.20937441514629865,21.676813471502605,60.65855614973261,-2296.480146313028,B_C,,,,,,,,,,,
P09758_and_P58753,0.2518491009238244,0.17845129217499,0.1244403497230035,22.248786407767003,51.602835820895535,-4171.415121815101,B_C,,,,,,,,,,,
P09758_and_Q9BY14,0.24612170837628108,0.1784453367421095,0.09289471703344403,21.508956916099738,59.722205882352924,-15153.453266574672,B_C,,,,,,,,,,,
P09758_and_P58417,0.24482551613909748,0.17838540302817932,0.14732255006018022,21.62424425634826,54.931839622641526,-5194.723295069396,B_C,,,,,,,,,,,
P09758_and_Q86XR7,0.24932894670275368,0.17837661017320852,0.1381175336408115,21.42447604790418,60.777988505747174,-2909.1826180451853,B_C,,,,,,,,,,,
P09758_and_Q5VXU3,0.25183380193113103,0.17833208596269493,0.1775541403516977,22.60621242484967,56.08602739726031,-2742.021240468046,B_C,,,,,,,,,,,
P09758_and_Q9UBL9,0.23644749334933113,0.17832393408784997,0.1243533009288727,23.332230623818507,63.99167741935484,-15302.961371224954,B_C,,,,,,,,,,,
P09758_and_Q15825,0.23500790311304237,0.1783109038936237,0.0953037213913249,24.13858350951373,63.440135135135144,-22275.401585044776,B_C,,,,,,,,,,,
P09758_and_P41587,0.22956280690969516,0.17824977746776388,0.04370447014017073,24.818913480885307,51.90852941176471,-4818.2478593759915,B_C,,,,,,,,,,,
P09758_and_Q9UK55,0.2567639425366699,0.17817395999910066,0.16369794525278164,23.38648208469052,65.75010928961751,-2378.9678683983384,B_C,,,,,,,,,,,
P09758_and_Q9Y5Q6,0.26855765283995414,0.17814483370830053,0.14883919475232663,19.599274310595078,48.547986577181206,-1064.3803470357707,B_C,,,,,,,,,,,
P09758_and_P23560,0.24751804977071734,0.17809663932456668,0.13967264745498373,20.33538062283735,56.79789156626503,-2256.4604981880557,B_C,,,,,,,,,,,
P09758_and_P21796,0.2508391037342098,0.17809592730458715,0.17824354049373728,24.689929947460627,45.51158415841585,-5296.35242557082,B_C,,,,,,,,,,,
P09758_and_P43115,0.24692124603019733,0.17806397434807733,0.09239051822936738,24.884106412005455,56.625000000000036,-2091.9468310196016,B_C,,,,,,,,,,,
P09758_and_Q6PIU2,0.2692409764804376,0.17803307719019273,0.26576359413444645,25.172768532526458,66.31438502673795,-17278.716796559816,B_C,,,,,,,,,,,
P09758_and_A2CJ06,0.22237499048130716,0.1779940678335816,0.23817001457281373,24.348569482288813,65.76423469387757,-16320.544959224155,B_C,,,,,,,,,,,
P09758_and_Q9NUM4,0.23739812072361666,0.1777513185143899,0.12380064344963986,22.204597701149392,59.62741496598638,-4326.591970797977,B_C,,,,,,,,,,,
P09758_and_A0A0C4DH36,0.27194462057311963,0.17773274446365206,0.17046168640901094,20.350719424460443,58.607288135593244,-1083.0430584797464,B_C,,,,,,,,,,,
P09758_and_P0CG36,0.24836531935773518,0.17772339412886842,0.041278592777906284,20.63760217983651,50.777560975609745,-6932.649476864005,B_C,,,,,,,,,,,
P09758_and_Q9H239,0.22370778722777646,0.17768174263378633,0.300906572103679,25.070809898762693,60.26632911392403,-1519.5815986302423,B_C,,,,,,,,,,,
P09758_and_Q6UWY5,0.2402933669077679,0.17766770568062895,0.22159202202161896,24.970810210876806,51.32780000000002,-7417.974584222393,B_C,,,,,,,,,,,
P09758_and_P60484,0.25010949744172906,0.17761138981465396,0.34334587724862164,25.456533776301224,69.44470297029703,-1933.6412884185143,B_C,,,,,,,,,,,
P09758_and_P04921,0.2661863001517134,0.17758761216440644,0.042562626337838944,18.702203389830522,29.24736263736265,-664.3010908363876,B_C,,,,,,,,,,,
P09758_and_P14415,0.24175840915546312,0.17753828433377464,0.05019716198731511,21.190838509316755,54.63043859649124,-11117.279766403411,B_C,,,,,,,,,,,
P09758_and_Q9UBT3,0.2485299814228308,0.17748806615876148,0.13082917009277212,20.8594262295082,64.07339999999999,-4497.469870447087,B_C,,,,,,,,,,,
P09758_and_Q15438,0.22950833344329236,0.17748281058530252,0.24235836015294654,23.133543505674655,53.83977973568282,-8687.961548969673,B_C,,,,,,,,,,,
P09758_and_P08865,0.24245388732548556,0.17747849018295417,0.3709085713620212,23.903665689149584,59.96742857142859,-1461.0572666661274,B_C,,,,,,,,,,,
P09758_and_Q12846,0.24055331506473124,0.17741580760412506,0.12156614619241672,21.057981651376128,61.78246478873241,-1813.9992142931987,B_C,,,,,,,,,,,
P09758_and_P59646,0.27857703500754183,0.17741282667352581,0.03939619200441184,17.525531914893605,24.77597402597402,-1361.2946308984397,B_C,,,,,,,,,,,
P09758_and_Q8N149,0.24774732127516663,0.17730363241372893,0.16499993742590832,25.747590361445784,59.985812499999966,-11374.125745361143,B_C,,,,,,,,,,,
P09758_and_Q13003,0.22974546872904547,0.17725433805062443,0.0732872593243856,27.001533018867914,58.67632653061226,-17098.010810867127,B_C,,,,,,,,,,,
P09758_and_Q9BY67,0.2288022216271749,0.17718585471719336,0.5471166429135916,26.17106227106227,68.88628378378381,-7728.396647465972,B_C,,,,,,,,,,,
P09758_and_Q8NET5,0.24102019371456,0.17708954088156484,0.32167667949970574,22.148387096774226,54.60391812865495,-2787.4449363117474,B_C,,,,,,,,,,,
P09758_and_B6A8C7,0.24201133663715407,0.17708714236542333,0.19837753458016874,22.105887850467294,69.72776119402984,-17321.698729797034,B_C,,,,,,,,,,,
P09758_and_P01229,0.2650590391771558,0.17706179850080078,0.10076703146713682,20.043605683836578,53.60613793103447,-2070.61678671059,B_C,,,,,,,,,,,
P09758_and_O43866,0.23245359006055596,0.1770611152041569,0.12503544241288525,23.47297029702973,67.58270967741936,-9416.344670319297,B_C,,,,,,,,,,,
P09758_and_P41250,0.2627084234695036,0.17704003147307362,0.24490122668812897,25.675542005420052,56.074162895927614,-16503.33926307433,B_C,,,,,,,,,,,
P09758_and_Q9BS86,0.2326095843608848,0.1769717161682606,0.08003379737681733,23.83981670061096,60.72722891566266,-7814.832520161648,B_C,,,,,,,,,,,
P09758_and_P24387,0.24152687031209122,0.17684651521983538,0.11135915267498689,23.957118353344732,64.58406417112299,-8134.764900406741,B_C,,,,,,,,,,,
P09758_and_P32942,0.2387292629871512,0.17683561406917436,0.19092146573815494,27.42783375314862,58.795327868852425,-4499.594809611478,B_C,,,,,,,,,,,
P09758_and_P51801,0.2666845996968877,0.17672767011757579,0.2937956155702341,26.98554502369667,48.97264900662252,-5023.381001489263,B_C,,,,,,,,,,,
P09758_and_P19320,0.21284835333182184,0.1767223337894368,0.09314928115270932,27.56421568627452,48.588300000000025,-4979.111958289299,B_C,,,,,,,,,,,
P09758_and_O60542,0.2593958562359622,0.1767216754645472,0.06125033715101391,22.032,43.80656565656565,-14604.703101999592,B_C,,,,,,,,,,,
P09758_and_Q8IUW5,0.23897239431116035,0.17667692995128093,0.053507844228568094,19.14585635359117,41.33035398230087,-1237.9980704924528,B_C,,,,,,,,,,,
P09758_and_Q3B7J2,0.26252104054912706,0.1765855990218957,0.15815211874575347,25.170584144645375,63.38910377358491,-4269.267844859344,B_C,,,,,,,,,,,
P09758_and_Q9NPC2,0.2307303906888681,0.17655017550683302,0.05602876375804193,23.27845528455286,40.203932584269666,-3459.973882378206,B_C,,,,,,,,,,,
P09758_and_Q9HDB9,0.21322550560135156,0.1765180242387001,0.07897163663639953,24.08995664739881,44.74862068965519,-2643.297165007956,B_C,,,,,,,,,,,
P09758_and_P40199,0.23571873177023295,0.17650944435437516,0.38801803035335924,25.69426573426572,69.95873417721518,-6795.899325131408,B_C,,,,,,,,,,,
P09758_and_Q9Y2P5,0.26092083426392876,0.1764895005020379,0.244200715666201,25.946399535424014,55.659128630705396,-16950.87463930181,B_C,,,,,,,,,,,
P09758_and_P17931,0.2467080349499221,0.1764550194073667,0.17440598855012834,21.117019230769277,64.79573333333333,-2715.833639269945,B_C,,,,,,,,,,,
P09758_and_Q96DR8,0.2757229667274946,0.17645443362343594,0.043680893559434816,16.586723163841803,40.274406779661,-1215.6358444473856,B_C,,,,,,,,,,,
P09758_and_P01135,0.2614663184765711,0.1763822762651026,0.10387967590511585,16.353976143141143,47.18061538461538,-1120.6243667227996,B_C,,,,,,,,,,,
P09758_and_Q8IZI9,0.2538649101004354,0.17629921726211054,0.24550793898893258,22.967652173913027,69.85695652173918,-2441.131965062477,B_C,,,,,,,,,,,
P09758_and_P61366,0.2683474341505251,0.1762545414248487,0.1263674355802083,16.552205882352943,32.84065359477125,-2109.7441477462926,B_C,,,,,,,,,,,
P09758_and_Q9P0L0,0.24164008825460553,0.1759577507322544,0.12074937991050819,21.31879194630875,63.53056451612905,-11015.882682372545,B_C,,,,,,,,,,,
P09758_and_Q5JXM2,0.23403025523187596,0.17591812204638557,0.2614782859114039,24.124056094929895,59.84832512315273,-3091.677441061418,B_C,,,,,,,,,,,
P09758_and_Q9BYW3,0.2728172112663856,0.17586037260522175,0.08251180614714321,19.426365795724475,47.861111111111086,-1332.7089534069482,B_C,,,,,,,,,,,
P09758_and_Q6UXB4,0.23799875520347122,0.1758271355651802,0.11696785925193745,21.743457031249974,56.16329032258064,-11321.060337682762,B_C,,,,,,,,,,,
P09758_and_P50148,0.2512605146106004,0.17580813878766413,0.11448475982138147,24.111145996860294,64.98467836257312,-3552.973713141275,B_C,,,,,,,,,,,
P09758_and_O00341,0.24677944670103932,0.1757316562847065,0.3332171874692345,23.824471021159166,54.90410041841004,-2749.4577549893766,B_C,,,,,,,,,,,
P09758_and_P35241,0.2542320430035466,0.17571139665393112,0.19788425079160651,25.549085923217532,68.78960000000002,-7616.067763289415,B_C,,,,,,,,,,,
P09758_and_P42081,0.23528402586230063,0.17570056738524725,0.19468576004080582,22.06396694214878,59.4404347826087,-8071.305359824324,B_C,,,,,,,,,,,
P09758_and_O95897,0.2345663341645219,0.17569872075181733,0.290993400912966,25.187397119341547,46.11446902654868,-6893.842454581942,B_C,,,,,,,,,,,
P09758_and_O00451,0.240458097218697,0.17567987964651416,0.1931059893508528,22.87676709154115,58.50700460829491,-2220.0465156121736,B_C,,,,,,,,,,,
P09758_and_P22891,0.24093906946837215,0.17567486669760718,0.06743699700353464,23.820273972602738,62.919365079365065,-16985.113115607914,B_C,,,,,,,,,,,
P09758_and_P14867,0.23923814907255792,0.1756685520075298,0.31825300608614787,24.982142857142843,69.21213114754096,-3719.706350826746,B_C,,,,,,,,,,,
P09758_and_P30874,0.24175193185407978,0.17564604863296868,0.1124437820027491,24.886706948640512,60.41874345549739,-2557.3129433836057,B_C,,,,,,,,,,,
P09758_and_Q13303,0.25778417046411606,0.17563936789562926,0.3016356631863433,25.063328075709798,56.61756476683938,-6036.57896131365,B_C,,,,,,,,,,,
P09758_and_Q9NZC2,0.24716797851750807,0.17563620972069358,0.34732271965380956,25.333948635634005,57.37745856353593,-3293.0480240610327,B_C,,,,,,,,,,,
P09758_and_Q92485,0.26913390455033637,0.17563379483505048,0.4925278043337749,24.9056473829201,63.80810526315792,-4889.38892168569,B_C,,,,,,,,,,,
P09758_and_P22004,0.2328117002919342,0.17559092719481373,0.11666076502635735,24.20575916230365,55.459695121951206,-7607.90276851679,B_C,,,,,,,,,,,
P09758_and_Q9GZZ6,0.24358213635085985,0.17556675063158828,0.2290074477421224,24.567032040472196,59.36563636363636,-15530.589723982803,B_C,,,,,,,,,,,
P09758_and_Q9NQS5,0.24492785742879292,0.175485621409685,0.25644434097141633,25.473365231259965,67.83316939890713,-3514.75394518313,B_C,,,,,,,,,,,
P09758_and_Q8NBU5,0.24261769404051686,0.17541694710799033,0.1502163403783313,24.545912408759115,56.34482587064677,-2504.033699220363,B_C,,,,,,,,,,,
P09758_and_Q9BRR6,0.2629581720749697,0.17539923313944544,0.4439930254485777,24.203452527743508,58.964769874476964,-6415.024219473764,B_C,,,,,,,,,,,
P09758_and_Q7Z4W1,0.24644717613660092,0.1753598238101698,0.22792238393501887,23.822653721682823,69.7464024390244,-10975.99152608677,B_C,,,,,,,,,,,
P09758_and_Q9BRQ5,0.23893736010311833,0.17534189645427414,0.03965614511624237,20.51267893660531,45.56859374999999,-1883.6628536892167,B_C,,,,,,,,,,,
P09758_and_P63244,0.2568516487492768,0.17532249986102263,0.2525967015469298,25.15000000000001,74.45783439490444,-1489.5682130063778,B_C,,,,,,,,,,,
P09758_and_Q6X784,0.2425271417981133,0.17526536632463702,0.11604164414130212,23.987500000000033,53.18655172413798,-2420.8771371417133,B_C,,,,,,,,,,,
P09758_and_Q8WUY1,0.2501183369571732,0.17524875749779378,0.046660105327821964,23.42744186046512,65.42315217391308,-7032.505285398949,B_C,,,,,,,,,,,
P09758_and_P20827,0.2507505121834686,0.17524846963959312,0.11328660487128062,19.186069651741306,67.22000000000004,-1288.2756973535168,B_C,,,,,,,,,,,
P09758_and_Q9NR82,0.2037321086420989,0.17523006180856526,0.021957155576784664,27.691818181818167,60.905862068965526,-2342.5396025002774,B_C,,,,,,,,,,,
P09758_and_P12319,0.2429292183026282,0.17501999452124595,0.07320653087261332,19.112589928057545,60.23064516129034,-2228.8358065981733,B_C,,,,,,,,,,,
P09758_and_Q8N5I4,0.2558652448096716,0.17501917629903674,0.18630860086358308,24.4381555153707,63.57400000000001,-17679.332655512117,B_C,,,,,,,,,,,
P09758_and_P04632,0.24277636615145412,0.17500898082879907,0.21339705284428623,24.499825174825187,59.52297297297298,-1579.7640615193104,B_C,,,,,,,,,,,
P09758_and_P05161,0.25870963568580696,0.17498731029598713,0.09802590716557243,19.306473214285695,51.64232,-17526.59361433311,B_C,,,,,,,,,,,
P09758_and_Q7Z7G2,0.25944033302151615,0.17495821872321032,0.045419849173274726,20.08136456211813,51.75165354330705,-1498.0344944528115,B_C,,,,,,,,,,,
P09758_and_Q9NYT0,0.23178777028578054,0.17490912388736313,0.16610152083310425,24.032608695652208,56.890614525139675,-2658.4751230709553,B_C,,,,,,,,,,,
P09758_and_Q9BYJ0,0.2462183335406131,0.17484998936630666,0.14216237828956807,22.17665245202557,61.117880794701996,-1659.7543485620236,B_C,,,,,,,,,,,
P09758_and_O95721,0.2442195813779829,0.17481675010310802,0.041710816834806444,18.68943355119825,46.31210144927535,-9866.596919293603,B_C,,,,,,,,,,,
P09758_and_Q8NE79,0.2286409066760127,0.17473968171801382,0.08673092522136004,22.763298791018986,60.0671710526316,-10798.875042961137,B_C,,,,,,,,,,,
P09758_and_P02649,0.23608047132668247,0.1747363856718149,0.04714792765327165,22.8635135135135,53.66527272727269,-13805.845523387754,B_C,,,,,,,,,,,
P09758_and_Q9BXY4,0.23679633898811736,0.17465828580738488,0.23670104425698085,19.9872270742358,53.5723076923077,-6059.746986272683,B_C,,,,,,,,,,,
P09758_and_Q13702,0.26475376261419287,0.1746222879333553,0.34250254847755907,25.436258776329048,62.31509803921574,-7695.28458132044,B_C,,,,,,,,,,,
P09758_and_Q96BS2,0.2487039872941496,0.17460144233779007,0.10425678373063355,24.029024767801875,55.59781818181819,-13049.106643394893,B_C,,,,,,,,,,,
P09758_and_Q6UVW9,0.25475839730669614,0.17454061524298808,0.08243735464390434,20.575840978593252,54.69790476190477,-11035.672813173658,B_C,,,,,,,,,,,
P09758_and_P02746,0.24369353925266857,0.17447647707013536,0.06018261254599189,20.182909604519786,50.63888888888887,-1762.122659065104,B_C,,,,,,,,,,,
P09758_and_Q0GE19,0.24693720905488692,0.17435715908623214,0.11946794264646868,24.686242299794667,57.84366120218581,-4158.194125435276,B_C,,,,,,,,,,,
P09758_and_Q9BWL3,0.2423826618127611,0.17430684387341527,0.1372296258625563,22.08691135734076,55.997421052631545,-8988.39641519601,B_C,,,,,,,,,,,
P09758_and_O15041,0.25977645990470577,0.17430588656631255,0.2119139070110647,26.376848249027233,56.77127071823199,-3066.2764765267625,B_C,,,,,,,,,,,
P09758_and_Q14213,0.24725885809219608,0.17428670795157997,0.12174114265688782,20.655,57.18823529411765,-3691.4415496340803,B_C,,,,,,,,,,,
P09758_and_Q8IYS0,0.21044965241244556,0.17428446332071093,0.1404925364776842,24.89149338374293,53.60317647058823,-15726.142409487999,B_C,,,,,,,,,,,
P09758_and_A1A5B4,0.2716693803157487,0.17425879715209147,0.17101474639924102,27.980683760683764,59.614374999999995,-4089.8809532465366,B_C,,,,,,,,,,,
P09758_and_P06241,0.24171499950346684,0.17425787991049618,0.23415387569515395,23.885967302452325,60.15142105263156,-9112.982847694093,B_C,,,,,,,,,,,
P09758_and_A0A8I5KQE6,0.23893689920527222,0.17422141535722008,0.47699529714256483,25.1089243498818,56.96937172774869,-1216.409927256731,B_C,,,,,,,,,,,
P09758_and_P36894,0.22998680059493348,0.17421727050188465,0.2522412380063251,25.129068522483983,66.4895867768595,-1822.064981517131,B_C,,,,,,,,,,,
P09758_and_Q9BXJ2,0.23899772262418814,0.1740915670054166,0.0663270857885921,20.354369918699184,52.78642384105959,-2823.690237152216,B_C,,,,,,,,,,,
P09758_and_Q5VX71,0.21579279657841635,0.17405637881707717,0.12692433673422343,24.732120253164563,59.04339080459774,-11021.894082332157,B_C,,,,,,,,,,,
P09758_and_P56159,0.2334144757865729,0.1740499217947067,0.17463797779843718,24.36377952755906,63.06166666666667,-5299.344322185203,B_C,,,,,,,,,,,
P09758_and_Q8IXU6,0.24223602354130253,0.17404419050841566,0.1764622742014244,22.79844517184943,65.5713197969543,-3535.3710081925487,B_C,,,,,,,,,,,
P09758_and_Q96RQ9,0.26549374690760885,0.1739451108249966,0.1703339452500892,25.395274914089313,67.21011695906431,-17344.071052558564,B_C,,,,,,,,,,,
P09758_and_Q9H7L2,0.23143910711544913,0.17391459080319888,0.15637660089036465,25.286363636363664,60.590983606557394,-3659.8096309217035,B_C,,,,,,,,,,,
P09758_and_A0A0C4DH30,0.26753663980151665,0.17390103951902683,0.10388599805697996,21.437861271676297,57.26646153846153,-5342.5129850327085,B_C,,,,,,,,,,,
P09758_and_Q96S96,0.24762070083954366,0.17387691758102475,0.1696430523573034,23.84923398328688,58.54184971098267,-7679.850065157139,B_C,,,,,,,,,,,
P09758_and_Q96CP7,0.24331247450524116,0.17384322939280392,0.17242777172873375,23.30119825708062,64.22856115107912,-1716.7331892698808,B_C,,,,,,,,,,,
P09758_and_Q96LR4,0.26298891312801964,0.17384125187283514,0.1852036066680506,20.859375000000007,53.90839694656488,-7528.954900105269,B_C,,,,,,,,,,,
P09758_and_Q6ZMU5,0.22697843311663302,0.173831136619813,0.0483876278847294,27.145192307692298,48.70876712328767,-2477.9935256103367,B_C,,,,,,,,,,,
P09758_and_Q86WR0,0.24998395993869094,0.17372510982558526,0.10924563040258824,22.410706860706853,63.333030303030284,-3621.8609054722024,B_C,,,,,,,,,,,
P09758_and_Q9UHP7,0.2530109877460207,0.17369787821231658,0.14703162952636625,21.09675000000002,66.14107438016528,-4538.975259073378,B_C,,,,,,,,,,,
P09758_and_Q9H665,0.23074710952961075,0.17368164684884513,0.1668647758249218,23.417245508982074,60.017962962963004,-8955.548073608514,B_C,,,,,,,,,,,
P09758_and_Q9Y228,0.21050648472114505,0.17367239878563692,0.01974275477256945,23.706074766355137,46.59314814814815,-2343.384946226648,B_C,,,,,,,,,,,
P09758_and_Q8TCV5,0.2477817090923352,0.1736636031507818,0.08056488557780549,20.053512396694202,42.76043750000001,-3139.7581130955314,B_C,,,,,,,,,,,
P09758_and_Q9H9S5,0.2621756673186725,0.1736489702847375,0.46430955152944636,25.53221393034826,67.2545454545455,-6627.456018553861,B_C,,,,,,,,,,,
P09758_and_Q9H772,0.25659835927550667,0.17364093669144448,0.07880140794031334,19.343601190476175,56.31026315789476,-1039.3573919684095,B_C,,,,,,,,,,,
P09758_and_Q8TDU6,0.2418513302766843,0.17362375253291637,0.10329739637358737,22.811518771331038,54.330641025641036,-5095.6603624103345,B_C,,,,,,,,,,,
P09758_and_P61626,0.2604158225903855,0.17361762761097976,0.13982897340174347,21.86167979002626,62.15250000000002,-6423.855557387122,B_C,,,,,,,,,,,
P09758_and_P07355,0.2565759149184761,0.1735866008203777,0.29635386967161603,25.224999999999966,74.2659162303665,-10275.794066347235,B_C,,,,,,,,,,,
P09758_and_P48664,0.24457657283913706,0.17352106000888923,0.10815560006627291,25.635845896147416,50.20622857142858,-3370.5065745266884,B_C,,,,,,,,,,,
P09758_and_P27539,0.23621434715730905,0.17350365079600266,0.1553721158835142,25.125333333333362,51.651265822784815,-6486.228782458517,B_C,,,,,,,,,,,
P09758_and_Q13515,0.2205331947348939,0.17345523464004334,0.09069331888883374,22.902955082742313,35.61804878048781,-1096.1617469950506,B_C,,,,,,,,,,,
P09758_and_Q9H6Q3,0.24184936852172018,0.17335426107355367,0.09934413015626545,21.51543478260867,48.19293233082706,-20327.415022142137,B_C,,,,,,,,,,,
P09758_and_P56705,0.250956887521143,0.17334456122232,0.16753454871673978,22.875605536332195,62.03779661016949,-6649.327564745505,B_C,,,,,,,,,,,
P09758_and_Q99784,0.23067204983714082,0.17333095041082322,0.106648469781254,26.996802030456827,48.183006993007,-5227.951009546443,B_C,,,,,,,,,,,
P09758_and_O00299,0.2435222089960852,0.17309623093425963,0.24744252266744401,24.109577677224745,68.01989528795814,-1993.0137569774135,B_C,,,,,,,,,,,
P09758_and_O14793,0.22732943724175603,0.17307906179561783,0.102653023687961,24.693408551068885,53.71036866359446,-3277.157501173183,B_C,,,,,,,,,,,
P09758_and_P18827,0.23027526108512833,0.17307860833165198,0.09411272557968899,19.860819327731065,25.877131147540982,-896.8832591965911,B_C,,,,,,,,,,,
P09758_and_P07602,0.21462097767312077,0.17305787621990465,0.3291072706337041,25.49834360554705,58.81716911764709,-16750.68544050743,B_C,,,,,,,,,,,
P09758_and_Q66K66,0.2235833347634063,0.17304497629066817,0.16339127133220008,25.752028985507234,60.37594827586207,-2218.7673498171916,B_C,,,,,,,,,,,
P09758_and_Q06141,0.2550313151619094,0.1730353339981929,0.1332352888193387,22.970024271844668,62.45962406015037,-6412.743853531958,B_C,,,,,,,,,,,
P09758_and_Q30KQ5,0.27522988184330477,0.17302069171820988,0.09017793417626682,18.450664893617027,43.97414414414412,-1221.0830267344272,B_C,,,,,,,,,,,
P09758_and_P19835,0.25623297820108104,0.17295360678650273,0.5145505339775126,27.211183261183287,61.82525773195874,-2847.1397587834763,B_C,,,,,,,,,,,
P09758_and_Q96KK3,0.21334427274078416,0.17293152726128863,0.09410416578991607,25.63938775510201,52.12516556291392,-3635.992874750955,B_C,,,,,,,,,,,
P09758_and_P58743,0.25928111328183834,0.1729228000477409,0.0629840193808167,28.201146788990823,59.528915662650576,-2521.0310525584287,B_C,,,,,,,,,,,
P09758_and_Q9Y5U5,0.24343078068513452,0.17290148973488806,0.16482168471689854,20.14068791946308,50.72552238805971,-8361.276006737475,B_C,,,,,,,,,,,
P09758_and_P49682,0.23967323132794682,0.17277766928701938,0.20788944103950666,24.16074113856067,53.50200000000003,-2933.1083142968764,B_C,,,,,,,,,,,
P09758_and_Q12904,0.2304805700893703,0.17277596259333744,0.5004367010100548,24.005271565495246,46.956666666666656,-3372.244751961512,B_C,,,,,,,,,,,
P09758_and_O60488,0.27119566961374963,0.17270259645581854,0.3834083503523344,26.440522133938668,63.21869767441855,-6650.781281468635,B_C,,,,,,,,,,,
P09758_and_P07225,0.24497059166784632,0.17268828545271092,0.21055728164394213,25.357331136738043,51.88226600985225,-2590.521399043159,B_C,,,,,,,,,,,
P09758_and_Q9BZD6,0.2438944804753886,0.17268063872356304,0.10222437138409622,20.652016689847002,47.740060606060595,-2829.8288620287003,B_C,,,,,,,,,,,
P09758_and_Q6UWJ1,0.2330090156001418,0.17266659440918106,0.04747247378129481,25.205098684210505,46.35545454545455,-13972.966207979542,B_C,,,,,,,,,,,
P09758_and_Q96NW4,0.2243799970602215,0.17264851380284618,0.4256439982655223,27.62534662045061,58.15678899082572,-3509.6381573172694,B_C,,,,,,,,,,,
P09758_and_P31749,0.23927485413162794,0.1726135131082324,0.20630546541578695,24.974262734584414,50.59917475728155,-5657.197018204295,B_C,,,,,,,,,,,
P09758_and_Q8IWL2,0.24270400559332755,0.17260408202511693,0.22924265913173364,21.898654390934833,50.36831325301205,-1058.4606967994905,B_C,,,,,,,,,,,
P09758_and_O95833,0.24287051947076885,0.1725886105092007,0.2733112113915314,24.593258426966273,67.02659898477157,-2013.7811808140739,B_C,,,,,,,,,,,
P09758_and_Q05329,0.2613038448700118,0.17253732449250186,0.0858403121983703,25.5936018957346,56.63759689922479,-6297.696415293287,B_C,,,,,,,,,,,
P09758_and_Q8TBR7,0.24729713213523694,0.17252266784854847,0.07074512134383061,23.754785478547834,66.64868421052633,-4688.292576657666,B_C,,,,,,,,,,,
P09758_and_Q7Z7A4,0.2533841461189604,0.17248861067383064,0.06846100883139733,25.833802816901418,60.458017241379295,-6587.719756091775,B_C,,,,,,,,,,,
P09758_and_P55064,0.24655158535969407,0.17247980739225846,0.34728534847130166,24.584788359788366,54.735851851851855,-2245.519343978749,B_C,,,,,,,,,,,
P09758_and_Q86YR5,0.23685856462148092,0.17234947213268192,0.34005309088884145,26.240433925049278,54.854533333333336,-4962.760806950835,B_C,,,,,,,,,,,
P09758_and_P49863,0.2424466902003353,0.17232524909345578,0.15303816350144903,24.12039473684209,65.39870056497173,-4224.595672689749,B_C,,,,,,,,,,,
P09758_and_Q8IVF7,0.21525094405914874,0.17232510092303843,0.0796249592362895,27.798567708333277,51.15472222222225,-2071.362581812671,B_C,,,,,,,,,,,
P09758_and_P43003,0.23446185270640307,0.17230022550737012,0.09425648102716702,25.131249999999998,62.535841584158426,-10936.757111401013,B_C,,,,,,,,,,,
P09758_and_P25942,0.2314419392104088,0.17228250436150636,0.2697705166017069,24.851286173633444,64.75237410071944,-2327.196166649506,B_C,,,,,,,,,,,
P09758_and_Q8NGJ9,0.24787868940170882,0.1722696567365474,0.20228667470338982,23.932635983263594,63.76538461538463,-3593.8492021221086,B_C,,,,,,,,,,,
P09758_and_Q8N1M1,0.2226423786857051,0.17220908567936866,0.12468040577103487,25.402356020942424,57.69157407407406,-13939.456821504518,B_C,,,,,,,,,,,
P09758_and_Q496H8,0.25732528828782153,0.17218775971680403,0.17975972960350958,20.33160493827158,44.58691891891892,-2614.2069432353273,B_C,,,,,,,,,,,
P09758_and_O14798,0.23491292458263974,0.17215778641910243,0.09343512480726313,22.87033707865171,59.438620689655174,-1231.7530789773427,B_C,,,,,,,,,,,
P09758_and_P06396,0.20789368391636232,0.17215392470506824,0.13528859236790686,25.49850678733034,53.83626506024095,-15200.40692172262,B_C,,,,,,,,,,,
P09758_and_P01876,0.22286015535049014,0.17215059564746144,0.09655785592707887,23.699186256781164,63.74917721518983,-15672.713198487196,B_C,,,,,,,,,,,
P09758_and_Q07011,0.2356904245034813,0.1721387197825024,0.07261380909960276,23.434711779448637,59.84587786259544,-9609.156586478362,B_C,,,,,,,,,,,
P09758_and_Q14721,0.20106727604262714,0.17199657069606736,0.046118332586178264,26.68803827751195,60.13967391304348,-15208.609335158628,B_C,,,,,,,,,,,
P09758_and_P04155,0.2753748918889267,0.17197799449956622,0.07262344327753807,18.844318181818167,38.28980198019802,-6721.3752418225395,B_C,,,,,,,,,,,
P09758_and_O75610,0.2285955090226423,0.1719572915969244,0.17633332826961995,23.232635746606313,59.05215962441311,-4917.98462804703,B_C,,,,,,,,,,,
P09758_and_O14672,0.23925407273561317,0.17195217306172075,0.18560156182653742,26.412150127226415,48.92824324324324,-4500.591261474507,B_C,,,,,,,,,,,
P09758_and_Q9GZM7,0.24689056106863017,0.1719424898756975,0.17301031356004284,26.743573113207525,39.29668016194332,-7832.2337024269,B_C,,,,,,,,,,,
P09758_and_O75204,0.2393339830294316,0.17194135681663622,0.11692564182340491,22.351328502415456,45.241584158415826,-4558.863792028279,B_C,,,,,,,,,,,
P09758_and_Q9NX76,0.2471613496274273,0.1719372895807397,0.052888452540346007,21.82432432432433,49.73682926829268,-6007.912495919123,B_C,,,,,,,,,,,
P09758_and_Q8TAD2,0.2482242605413178,0.17193614150293213,0.04053398745236313,20.54228187919463,48.323529411764724,-2131.391314205388,B_C,,,,,,,,,,,
P09758_and_Q9UK05,0.2331540142175026,0.17191518536045602,0.3104034355948562,24.030540166205014,60.40185792349726,-1703.1234670458853,B_C,,,,,,,,,,,
P09758_and_A0A0C4DH32,0.26482231179542937,0.17177154045898763,0.18771147287629505,21.6384785819793,60.73915584415585,-1920.6219428415952,B_C,,,,,,,,,,,
P09758_and_Q0VAQ4,0.2699656014773706,0.17175797639743545,0.04959485461793828,19.42041884816753,31.425096153846166,-2374.5394626245034,B_C,,,,,,,,,,,
P09758_and_P22692,0.23993104395782788,0.17169278391599535,0.10985484173276826,22.606728232190004,52.83978723404254,-11154.69162731702,B_C,,,,,,,,,,,
P09758_and_A0A0B4J1U3,0.26375897064049925,0.17150849905375165,0.14472272969696223,22.380021367521376,64.50097222222223,-1831.3314098974504,B_C,,,,,,,,,,,
P09758_and_P11912,0.24206718205509614,0.1714140284557115,0.07819492243392201,19.27481481481482,44.148974358974364,-12986.031862383501,B_C,,,,,,,,,,,
P09758_and_P43627,0.22740390959799367,0.17140213261238113,0.07245959717528556,24.474672489082934,47.69569696969697,-7593.987753870265,B_C,,,,,,,,,,,
P09758_and_Q9HC57,0.2460939572518001,0.17138475143333629,0.09482638951901014,18.7574149659864,45.39926136363636,-450.873219761168,B_C,,,,,,,,,,,
P09758_and_Q8N4T0,0.26054227180928596,0.1712650552983886,0.30034105979510356,24.925797872340425,65.02081218274107,-13570.95083298768,B_C,,,,,,,,,,,
P09758_and_P13987,0.2627314861886869,0.17122246751504652,0.07201333829568154,21.288386308068468,57.68112781954885,-1850.209815961679,B_C,,,,,,,,,,,
P09758_and_P04085,0.2449091650173108,0.17116059224001917,0.08560679781157803,21.480651731160904,47.738309859154924,-11309.49316131919,B_C,,,,,,,,,,,
P09758_and_Q5VZI3,0.23188839923682295,0.1711561581538234,0.15345092659786128,24.8403409090909,59.121395348837176,-13073.462739059907,B_C,,,,,,,,,,,
P09758_and_P10909,0.22602759258300362,0.17115370237569777,0.05146928302804865,24.344875346260395,50.07838461538463,-2941.3630726864067,B_C,,,,,,,,,,,
P09758_and_A6NGC4,0.2369534645251542,0.17107996650311674,0.2744205228730201,25.89070175438598,52.91352112676058,-1851.4335429506918,B_C,,,,,,,,,,,
P09758_and_Q15019,0.23334226969044666,0.17106562970026376,0.1622658597751354,25.912408759124116,58.07651960784314,-1853.006822269277,B_C,,,,,,,,,,,
P09758_and_P32297,0.23300007769771083,0.17104870696132768,0.16526669008959208,24.97180851063832,64.88775510204083,-10504.623936585771,B_C,,,,,,,,,,,
P09758_and_O95633,0.23516449794759203,0.17102435729227405,0.18974782745335184,25.94292517006803,63.18211009174311,-7033.175128857355,B_C,,,,,,,,,,,
P09758_and_Q9N2J8,0.2245072698565544,0.17100957639186354,0.1302261328611142,23.5207360861759,50.97136929460578,-1692.365597179465,B_C,,,,,,,,,,,
P09758_and_Q92478,0.2569678495437397,0.17085694888047523,0.09431014791923868,21.970845070422502,55.39317307692306,-14722.631796530333,B_C,,,,,,,,,,,
P09758_and_Q08209,0.24841095828535878,0.17081338201183988,0.21136432517065043,24.01000000000001,54.11011904761904,-4880.4657438474305,B_C,,,,,,,,,,,
P09758_and_P46108,0.2342266775802533,0.17077205202127546,0.07646772081806526,24.126229508196726,58.785956284152995,-2406.702906966013,B_C,,,,,,,,,,,
P09758_and_Q9NVD7,0.22333755583562764,0.1707235197918447,0.24163034157977223,23.31864716636199,57.48604026845638,-4729.154141816717,B_C,,,,,,,,,,,
P09758_and_Q8IZ07,0.23308603683756773,0.17068182553167408,0.09135767610567053,24.76439828080228,57.242748815165854,-3724.115427865152,B_C,,,,,,,,,,,
P09758_and_Q14714,0.23733277453767057,0.17068095041892328,0.04735887824558743,22.489804772234287,54.85129770992365,-13381.750574801272,B_C,,,,,,,,,,,
P09758_and_O76036,0.2294760417002854,0.17066815506819916,0.13224974573223486,24.136842105263177,65.3790909090909,-15115.594927531036,B_C,,,,,,,,,,,
P09758_and_Q9H1J7,0.24999394192163515,0.17049472145572606,0.22592504420405315,25.038494077834205,67.06131428571425,-2669.6885265393553,B_C,,,,,,,,,,,
P09758_and_P27352,0.24184729495170576,0.17048528252265396,0.29995669608706493,24.048482932996237,66.07250000000002,-3493.794296632514,B_C,,,,,,,,,,,
P09758_and_P31323,0.22081050922850326,0.17047652616529665,0.19016473669672757,24.15858778625953,64.91247422680415,-3417.4645412939026,B_C,,,,,,,,,,,
P09758_and_Q9ULC0,0.23309575913595726,0.17042618424455175,0.09034355733791834,20.652974504249297,25.07578947368421,-1966.9473578705038,B_C,,,,,,,,,,,
P09758_and_Q8TAX9,0.2305573495484335,0.17041917889900626,0.0514562227423095,24.179420731707317,46.96089473684212,-26250.97390809424,B_C,,,,,,,,,,,
P09758_and_P09693,0.252437240763726,0.17038770336335624,0.06177771568564874,18.277415143603125,53.78939655172414,-1511.7344857748103,B_C,,,,,,,,,,,
P09758_and_Q07065,0.20828903555925718,0.17036112439281953,0.08598836992335106,24.269590268886034,51.961556886227534,-6867.201254807147,B_C,,,,,,,,,,,
P09758_and_Q5VXI9,0.2604578127978716,0.17030543590182448,0.21430159220486747,25.1712146422629,64.95976470588235,-21015.82200174152,B_C,,,,,,,,,,,
P09758_and_Q92743,0.2163832314309907,0.1702696388638869,0.10985689562864272,24.326958955223876,58.51837349397592,-13433.05270123025,B_C,,,,,,,,,,,
P09758_and_Q9BZJ3,0.24117645652850966,0.17018135428525893,0.13315848364803903,22.977208480565366,61.23402173913042,-3136.8884997428504,B_C,,,,,,,,,,,
P09758_and_P04234,0.25348529164709804,0.1701432915402974,0.09637881099316227,19.892999999999983,57.77209090909091,-3357.0607101062214,B_C,,,,,,,,,,,
P09758_and_P02760,0.22808111521626256,0.1700318395958491,0.1660667495887254,25.0918083462133,59.59226804123709,-1571.4187664087221,B_C,,,,,,,,,,,
P09758_and_A0A0C4DH35,0.2635619317452562,0.16985396173341824,0.08766613013274248,21.426518218623496,58.78748251748252,-2762.4762299062277,B_C,,,,,,,,,,,
P09758_and_Q96NX5,0.22753526708342148,0.16971706875689468,0.13824405550340269,24.7035971223022,62.327980769230756,-3089.823114880779,B_C,,,,,,,,,,,
P09758_and_P17658,0.21033181728458122,0.16967924004637724,0.32644010973936144,24.245330112721444,58.35738255033557,-13564.97609599533,B_C,,,,,,,,,,,
P09758_and_Q6UQ28,0.24545686272030828,0.16967471742155854,0.09152291944812392,21.734120171673826,48.26637795275589,-15956.359291810446,B_C,,,,,,,,,,,
P09758_and_Q96L08,0.2374344647155813,0.16966567962917944,0.1535212496195735,20.375954198473245,56.8276691729323,-1792.4222543083742,B_C,,,,,,,,,,,
P09758_and_Q5T7M4,0.23283552492024867,0.16959905903102554,0.16552850331228444,22.508203124999966,65.9388111888112,-8112.345709105687,B_C,,,,,,,,,,,
P09758_and_Q9BXN2,0.23623084661642707,0.16959214299954406,0.11631146566973276,22.91200873362447,57.30312500000001,-9177.253311104396,B_C,,,,,,,,,,,
P09758_and_Q8NC96,0.23729584545400398,0.16957095145562576,0.14804863458373024,21.358612975391466,58.75414285714287,-1667.5585485552028,B_C,,,,,,,,,,,
P09758_and_Q06787,0.20355955941732234,0.16956479357052034,0.13639344002466722,25.869350649350675,63.18538461538459,-6505.166016849378,B_C,,,,,,,,,,,
P09758_and_Q05655,0.23883579059071228,0.1695633886854379,0.5481606951598665,27.143648519579774,60.074615384615385,-2254.949058828144,B_C,,,,,,,,,,,
P09758_and_P29992,0.2441549290880498,0.16955635389022394,0.22666679108521628,25.251409395973173,64.35890995260664,-1702.7812949374584,B_C,,,,,,,,,,,
P09758_and_Q7Z7H3,0.2284411951853687,0.16954982466312046,0.16705888659880386,23.090767973856238,47.77960227272727,-10467.182215084806,B_C,,,,,,,,,,,
P09758_and_P51168,0.24844733011933007,0.1694932718422537,0.2685627383588857,25.559278350515427,66.65173913043479,-3297.6645557097663,B_C,,,,,,,,,,,
P09758_and_P07998,0.25624080440958974,0.1694584919078876,0.1876888852316807,24.249449339207093,67.23293706293707,-5516.762836198937,B_C,,,,,,,,,,,
P09758_and_P01127,0.23811724011767993,0.16944525086749268,0.09079459418539412,21.752513966480457,54.84373913043478,-3493.1698078758773,B_C,,,,,,,,,,,
P09758_and_Q9Y696,0.23857969923353034,0.16934439483287042,0.24797960664936228,24.41089181286549,57.76278947368414,-2021.883922952674,B_C,,,,,,,,,,,
P09758_and_Q9BY11,0.22108949458592628,0.1693342058220194,0.026565103509710607,25.625628140703505,54.05061728395061,-3439.012509767217,B_C,,,,,,,,,,,
P09758_and_P05026,0.23210339839529057,0.16932687952113068,0.1851291744158968,24.026111111111106,56.99036496350365,-4662.647660946055,B_C,,,,,,,,,,,
P09758_and_Q6NT52,0.2545839432337114,0.16927265100559602,0.07274642319150569,19.067172675521846,53.936,-4555.191513455423,B_C,,,,,,,,,,,
P09758_and_Q8WX77,0.23359160671262838,0.1692651986046188,0.35721374446369536,22.59400187441425,58.3270285714286,-1313.5643160905988,B_C,,,,,,,,,,,
P09758_and_Q8WWG1,0.2655345158758069,0.16922923328260137,0.10633983763991162,17.88,44.08635593220338,-1568.8871124922557,B_C,,,,,,,,,,,
P09758_and_Q86SM5,0.2428595400279392,0.16918686929888666,0.15469375050924083,25.759523809523802,60.38955128205129,-2523.0666951282037,B_C,,,,,,,,,,,
P09758_and_O75955,0.21983607239042757,0.16896725222988762,0.21027444196214456,21.759117647058808,61.567377049180344,-1951.357871356995,B_C,,,,,,,,,,,
P09758_and_Q9UBI4,0.2212366519270463,0.16892928353039927,0.27414762716875724,24.395090634441114,59.663492063492065,-16119.365764348244,B_C,,,,,,,,,,,
P09758_and_A8MXK1,0.24717890473853216,0.16892315753822307,0.1745590512554457,20.828375000000015,64.8833870967742,-2248.307675372559,B_C,,,,,,,,,,,
P09758_and_Q7LDI9,0.20684393255503264,0.16884661152758718,0.07861214533564728,25.037776332899842,50.941116071428596,-3330.388072543843,B_C,,,,,,,,,,,
P09758_and_Q93098,0.23935738844843746,0.16873773838578643,0.1781156991092091,24.198541666666678,59.75888888888888,-5565.144339033311,B_C,,,,,,,,,,,
P09758_and_Q9Y4P9,0.24108826570629205,0.16869562790977183,0.23198594116073532,22.13742331288341,67.80866666666665,-1972.3082291491028,B_C,,,,,,,,,,,
P09758_and_Q9NRA1,0.22386663104357565,0.16868505860569477,0.13851836206795856,25.416970802919725,58.58455555555555,-2133.088464594053,B_C,,,,,,,,,,,
P09758_and_A5D8T8,0.21857846557406796,0.16860103991022474,0.1764640672967021,23.009167404782985,54.87952941176471,-1420.0820952680078,B_C,,,,,,,,,,,
P09758_and_Q6UWY0,0.2690430265488202,0.16855567543272218,0.21125231846192785,25.81456400742115,68.25923076923075,-17228.166229804137,B_C,,,,,,,,,,,
P09758_and_Q5T1C6,0.23872581066440562,0.16847172274794062,0.13198748198110472,24.325563063063058,67.5478014184397,-15840.758330304867,B_C,,,,,,,,,,,
P09758_and_Q8N884,0.23698691025187074,0.16845868917764606,0.1910277346201927,25.02110000000001,70.55926666666667,-17053.164401901777,B_C,,,,,,,,,,,
P09758_and_P27701,0.2343380170551474,0.16844646562894008,0.13905654200208875,22.62636186770431,54.237185185185176,-6981.650774225581,B_C,,,,,,,,,,,
P09758_and_P78380,0.22754738638549915,0.16844542032449947,0.5493347642161508,26.47212793733675,62.58909638554216,-4698.446485270915,B_C,,,,,,,,,,,
P09758_and_Q14623,0.22175999560141219,0.16842900799889088,0.19593075152171896,25.235392156862726,66.60927631578949,-3309.7676838410334,B_C,,,,,,,,,,,
P09758_and_A6NGZ8,0.2687579050594195,0.1684034966885915,0.03714846458778481,18.723529411764712,46.905781250000004,-4556.454783599061,B_C,,,,,,,,,,,
P09758_and_Q9Y6F9,0.23819939406474683,0.16838442924083957,0.27443600619308695,23.524737631184404,67.47179723502306,-1590.7314258608012,B_C,,,,,,,,,,,
P09758_and_Q8TCT9,0.2353752205630609,0.16835599608280832,0.11391291913308205,23.49224952741023,40.112075471698105,-6641.228747974143,B_C,,,,,,,,,,,
P09758_and_Q92982,0.25620479748619995,0.168318977176265,0.0722396468765187,20.334166666666654,39.51383838383839,-2916.5431064936915,B_C,,,,,,,,,,,
P09758_and_Q7Z4I7,0.22291035558873204,0.1683114548896979,0.07923886084728111,21.466871704745156,52.18848684210526,-1670.3318453859247,B_C,,,,,,,,,,,
P09758_and_Q9Y581,0.24560359941930443,0.1682950951814553,0.1169095249436824,19.218136439267877,44.12651612903225,-1234.9449848548247,B_C,,,,,,,,,,,
P09758_and_P81605,0.26432861543757963,0.16829148093461155,0.09674191598591993,16.24444444444447,19.175377358490564,-1092.0045610765646,B_C,,,,,,,,,,,
P09758_and_Q99985,0.26657518048611073,0.16814174938028628,0.434935542809702,27.12260442260442,71.62714285714284,-5822.595896798991,B_C,,,,,,,,,,,
P09758_and_P02748,0.24454564372882598,0.1680770503570229,0.1919266135616412,25.518874868559436,60.19751269035534,-11478.67342125027,B_C,,,,,,,,,,,
P09758_and_Q8N912,0.25335767774136936,0.1680604303187911,0.09486978074566832,17.23411111111111,39.17453846153847,-2183.312726357735,B_C,,,,,,,,,,,
P09758_and_Q9Y2P4,0.2599931156169486,0.16804320925818958,0.3037566629804589,26.08209393346383,60.97267716535436,-15324.59600180848,B_C,,,,,,,,,,,
P09758_and_Q9NUM3,0.22842919745136736,0.1680376153491697,0.07531496310464902,24.35250626566416,47.939512195121964,-3995.179266823671,B_C,,,,,,,,,,,
P09758_and_Q00013,0.22595833508182803,0.16803357830615018,0.18588671520230007,24.85716510903429,67.46532407407405,-1980.7035040422988,B_C,,,,,,,,,,,
P09758_and_Q9H2X3,0.2225633682876436,0.16800483136499939,0.269113386538338,25.724824081313535,56.9239357429719,-1753.585857659462,B_C,,,,,,,,,,,
P09758_and_Q8IZJ0,0.24604800031863186,0.16798242152759946,0.14311797570548776,22.64450549450548,68.82393700787404,-2441.0640283786206,B_C,,,,,,,,,,,
P09758_and_Q9H3N1,0.2341422830673483,0.16796401301622876,0.09427303558213775,21.606752873563227,55.97697247706423,-1631.5317282890474,B_C,,,,,,,,,,,
P09758_and_P54920,0.24417724210005987,0.16796183335514808,0.30576476178500406,24.48640000000002,63.491129943502834,-7993.244848770562,B_C,,,,,,,,,,,
P09758_and_Q8IWT1,0.24163453215170635,0.1678770023420537,0.12390763892615313,20.90217917675544,64.904765625,-19564.62672471816,B_C,,,,,,,,,,,
P09758_and_P04090,0.2507420349651757,0.16785070915378084,0.1023709877297813,18.628533333333355,47.93657657657657,-1754.940773904491,B_C,,,,,,,,,,,
P09758_and_Q13557,0.2276580994910879,0.16784889101347128,0.14956674661489305,24.444863013698626,57.510555555555555,-7646.6789617211025,B_C,,,,,,,,,,,
P09758_and_Q9BYG5,0.22532538239406485,0.16778520718566997,0.29327539039028977,24.75907441016331,54.77806569343063,-1650.5528910059147,B_C,,,,,,,,,,,
P09758_and_P0C2W1,0.23471989765316928,0.1677702500888628,0.21804443530436876,24.83886509635974,62.345579710144946,-2930.3044738532058,B_C,,,,,,,,,,,
P09758_and_P02745,0.23937812401211703,0.16776587019692968,0.057087389114596654,23.659080188679255,57.529397590361455,-1498.6708575031498,B_C,,,,,,,,,,,
P09758_and_P08174,0.21774771523757547,0.1677545001362253,0.26216029019349546,25.188585858585874,62.06219354838709,-18585.105796681626,B_C,,,,,,,,,,,
P09758_and_Q13277,0.2336522900655089,0.1677458920429027,0.10945676597189963,23.344335347432022,60.04982758620689,-1643.2075104211108,B_C,,,,,,,,,,,
P09758_and_O43323,0.22266479415316046,0.1677306757614256,0.17367904819416782,23.547243346007615,68.68462025316451,-1759.678365670783,B_C,,,,,,,,,,,
P09758_and_Q14156,0.2478132919977134,0.16769978120967854,0.416789462919751,27.553738317757027,47.507514450867035,-4780.496692342513,B_C,,,,,,,,,,,
P09758_and_Q9GZP0,0.22404912319452008,0.16768298799071235,0.13407774843269868,23.861695447409748,54.05320574162682,-6675.409207110568,B_C,,,,,,,,,,,
P09758_and_O00292,0.22353778660748957,0.167598741948911,0.15086458875627068,23.82279069767445,50.21419642857144,-11847.828411546529,B_C,,,,,,,,,,,
P09758_and_Q9UJZ1,0.22408182993367123,0.1674411021886593,0.10572168926604016,21.753954802259866,67.74530973451327,-1579.1809420415334,B_C,,,,,,,,,,,
P09758_and_Q6PCB7,0.2596202477968913,0.16742158998931397,0.13909573018473725,25.917567567567563,64.5482513661202,-18567.107866815157,B_C,,,,,,,,,,,
P09758_and_P0DSE2,0.22749450354526451,0.1673809215959806,0.14770129302755175,25.042887029288647,55.25925675675674,-11579.553616335077,B_C,,,,,,,,,,,
P09758_and_Q92765,0.22830848650503419,0.1673762375523345,0.10825870228838476,21.88095611285264,58.900162162162175,-6436.22617230617,B_C,,,,,,,,,,,
P09758_and_O14745,0.22188517346263095,0.16729186465589582,0.46483761626875403,24.922621951219497,49.19601895734599,-1395.6513010413328,B_C,,,,,,,,,,,
P09758_and_P55283,0.2127966631533,0.1671840929689309,0.052677517590550046,27.926562499999992,64.31795698924734,-10735.879117252873,B_C,,,,,,,,,,,
P09758_and_Q9UPT5,0.24040881151874088,0.1671819812700997,0.11202598706395282,26.080560000000016,59.99320000000002,-7063.96249325302,B_C,,,,,,,,,,,
P09758_and_P55103,0.22587548286182674,0.16714068548279026,0.09311185640552802,24.302567975830815,48.80530726256982,-9502.5732607777,B_C,,,,,,,,,,,
P09758_and_Q9BUL8,0.2428324724215538,0.16707920844599006,0.19490309583651835,23.182236842105254,62.306885245901626,-961.7798877527202,B_C,,,,,,,,,,,
P09758_and_P41221,0.24245368245115706,0.16705241581279565,0.16929687011394426,24.46796610169491,65.81156626506022,-1286.9461027194523,B_C,,,,,,,,,,,
P09758_and_Q16617,0.2475790701320624,0.16702973307187927,0.1641228249467946,20.573039215686286,36.595702479338854,-2876.771360694386,B_C,,,,,,,,,,,
P09758_and_O43865,0.2415036948226994,0.16698057257888424,0.5701881583315256,26.158665338645342,65.69138655462181,-3651.6909140799944,B_C,,,,,,,,,,,
P09758_and_Q9BSK0,0.24349611166959217,0.1669648672957545,0.09753400349126697,21.737722419928815,57.09461538461539,-2540.1650363337526,B_C,,,,,,,,,,,
P09758_and_O43508,0.23736225340239217,0.16695209423668683,0.2491422225018949,19.388333333333318,47.69879432624114,-10438.894181368496,B_C,,,,,,,,,,,
P09758_and_Q14722,0.24476268246166405,0.16687276345876034,0.32359482474665024,26.31744525547446,64.28170984455956,-3842.372643344302,B_C,,,,,,,,,,,
P09758_and_P56696,0.19634244564908662,0.1667700432353973,0.03038870716284746,25.530917874396135,37.66977272727272,-3178.213228989942,B_C,,,,,,,,,,,
P09758_and_P47869,0.23237321305724035,0.166769445897115,0.3832997714167547,25.118516042780723,70.83513089005233,-1862.4988639910025,B_C,,,,,,,,,,,
P09758_and_O96014,0.24620870841170783,0.16672127693219263,0.40077740278379215,25.443480861243984,64.13124999999995,-2275.4709189611654,B_C,,,,,,,,,,,
P09758_and_Q6P7N7,0.2355162506354783,0.16661137597456804,0.1179826071495547,21.782345013477073,57.8081714285714,-11094.705734104022,B_C,,,,,,,,,,,
P09758_and_O43581,0.21814073321475874,0.1664875047514679,0.24171030029201415,25.032124999999986,62.318578199052176,-9121.153746310989,B_C,,,,,,,,,,,
P09758_and_Q9UIK5,0.2234894679789522,0.16643323898268844,0.17253609007528356,22.454656632173112,57.75895397489537,-5638.39606955276,B_C,,,,,,,,,,,
P09758_and_Q8NB16,0.22584160736122655,0.16642304617360687,0.13517983162657538,25.061789181692063,51.60321428571428,-11577.391566960896,B_C,,,,,,,,,,,
P09758_and_O60443,0.23659622161091556,0.1662740445542124,0.177698142065514,24.91672979797977,58.24109999999998,-10359.999882720562,B_C,,,,,,,,,,,
P09758_and_P41181,0.237156860343598,0.1662303238111033,0.06957295034056107,21.94895178197066,45.83857142857142,-7166.627459714027,B_C,,,,,,,,,,,
P09758_and_P43652,0.2661214219868888,0.16618083726184968,0.5414924566711892,27.5608585858586,58.44900000000002,-9577.151879523575,B_C,,,,,,,,,,,
P09758_and_P04233,0.23198381945383817,0.16615695530943844,0.06100352728898803,21.107722772277253,54.42957055214723,-3372.9296838036935,B_C,,,,,,,,,,,
P09758_and_P17787,0.22743627384207013,0.16614925265843944,0.3253547040249895,26.192101449275345,67.60324022346363,-5743.316956874532,B_C,,,,,,,,,,,
P09758_and_O00294,0.21777088103842812,0.16605685212009863,0.27681184195006003,25.190860215053775,63.2631284916201,-2541.2594888887834,B_C,,,,,,,,,,,
P09758_and_Q13418,0.22237713095542191,0.1660318891027787,0.18398519970877394,26.506858147714006,55.07193965517245,-6995.813778750835,B_C,,,,,,,,,,,
P09758_and_P27037,0.2256327459910174,0.1660161026416159,0.27032683416651593,25.470481927710868,64.45236559139782,-9068.703600674016,B_C,,,,,,,,,,,
P09758_and_P56704,0.24444197554007074,0.16582900043952506,0.15617925175916555,26.352803738317764,66.3729381443299,-1786.936736739809,B_C,,,,,,,,,,,
P09758_and_Q7L1W4,0.24180923710595065,0.16571947300679185,0.024705913528123697,28.843577981651382,61.58655737704918,-3452.910668586411,B_C,,,,,,,,,,,
P09758_and_P41240,0.25173630885813597,0.16566923040709317,0.4409523614778565,25.364129110840494,53.063097345132746,-6244.936337739649,B_C,,,,,,,,,,,
P09758_and_P55290,0.22361635696075832,0.16565787674371446,0.24182673124647341,27.873454157782497,61.86992481203008,-2675.2830576115043,B_C,,,,,,,,,,,
P09758_and_P07947,0.2377832313270501,0.16557542501371256,0.1316640008729615,25.36293260473589,59.76238372093023,-8368.495062143616,B_C,,,,,,,,,,,
P09758_and_P30926,0.2297319060844011,0.16548425307010362,0.22883829344703122,26.21520979020982,65.50499999999995,-3639.351063320518,B_C,,,,,,,,,,,
P09758_and_P15813,0.22522101184639384,0.16547978848993708,0.2170532775093386,23.36881606765327,68.30031250000002,-1836.3855475604787,B_C,,,,,,,,,,,
P09758_and_Q9NZG7,0.25517470152896027,0.16545848085521,0.08117912082259285,21.874024822695056,50.46859872611464,-1902.3546883060317,B_C,,,,,,,,,,,
P09758_and_A0A0C4DH42,0.2606464067146832,0.1653712840672481,0.15172467692657207,20.027635782747616,65.2884210526316,-1834.482140958418,B_C,,,,,,,,,,,
P09758_and_P06731,0.2019917446873844,0.1652979207789387,0.19752055684486575,29.13803278688523,41.85991379310344,-2930.37592549695,B_C,,,,,,,,,,,
P09758_and_P19256,0.2324758483393925,0.16522125911142566,0.10333881298514407,22.902884615384604,69.74836363636362,-2517.957776413161,B_C,,,,,,,,,,,
P09758_and_A0A0J9YXX1,0.25775137049271923,0.16521697767133703,0.09064664531606162,21.093421052631605,58.420288461538455,-1510.95078589896,B_C,,,,,,,,,,,
P09758_and_A6NMY6,0.24733255235823615,0.16521311737659086,0.21946856176685617,25.016310679611635,65.57254437869825,-9702.688783813503,B_C,,,,,,,,,,,
P09758_and_Q8WXA8,0.2301661131910941,0.16509863240879893,0.14704778810704286,25.426517857142816,61.02765822784809,-12110.04957096562,B_C,,,,,,,,,,,
P09758_and_P13688,0.2161143267918176,0.16508321763822714,0.6551468335199188,26.984478476821216,71.18523560209427,-3731.36553892882,B_C,,,,,,,,,,,
P09758_and_P36543,0.23593810052297015,0.16506047170664692,0.04411756760613503,19.379766536964965,43.456067415730345,-4667.576542309498,B_C,,,,,,,,,,,
P09758_and_Q5T197,0.22638423287227138,0.16495429357269242,0.19752914332429553,26.875922671353262,59.918199999999985,-4373.838279730186,B_C,,,,,,,,,,,
P09758_and_P11279,0.21368258213460647,0.164849271210053,0.5785727143867785,25.16410381978448,66.45888412017172,-7669.906651903367,B_C,,,,,,,,,,,
P09758_and_Q6P093,0.2576732872185746,0.1648094424207534,0.22186283560613407,25.52410526315791,55.021935483870955,-8070.6287121687,B_C,,,,,,,,,,,
P09758_and_P20783,0.23475039640095677,0.16470799629265384,0.1593950036800977,21.944173441734428,57.82961956521736,-1565.2366903381408,B_C,,,,,,,,,,,
P09758_and_P14550,0.2511436070139766,0.16468745756101058,0.35673013761991634,24.292074592074606,63.235360824742266,-4577.631876595289,B_C,,,,,,,,,,,
P09758_and_P48169,0.22405870225089625,0.16457998286269077,0.3518395903416455,25.384103260869598,69.92104395604393,-10279.58204679803,B_C,,,,,,,,,,,
P09758_and_Q9H222,0.2610336160706681,0.16456935923603988,0.3209237568509514,26.0122795115332,53.59766233766234,-11535.785494420179,B_C,,,,,,,,,,,
P09758_and_O95150,0.2348102846194761,0.1645414999720809,0.25064261551851436,25.396108179419546,59.39322404371584,-8876.946551324854,B_C,,,,,,,,,,,
P09758_and_Q8TAC9,0.23197595714273744,0.16451423010696303,0.14338905317362177,24.336018957345974,64.75518181818181,-3780.868547460865,B_C,,,,,,,,,,,
P09758_and_P20963,0.24966698559896,0.16451065406861798,0.0802558541406214,18.348785046728977,42.27684563758388,-786.8169913873135,B_C,,,,,,,,,,,
P09758_and_Q15238,0.22121456387038418,0.16443265961841536,0.3755977978650023,23.543066980023504,66.51942528735633,-8340.951093384285,B_C,,,,,,,,,,,
P09758_and_Q08ET2,0.2290385518928895,0.16437972976253437,0.33445014227761605,26.17627877237857,62.14801104972379,-7725.373248765846,B_C,,,,,,,,,,,
P09758_and_Q5GAN6,0.23982291746355372,0.16426531003924455,0.19028316616754956,21.48384900990099,49.403880597014876,-15569.349150956083,B_C,,,,,,,,,,,
P09758_and_Q8TAE7,0.21394085745395108,0.1642203501569764,0.08782485392424899,24.952413793103464,49.387225433526,-2417.47562100516,B_C,,,,,,,,,,,
P09758_and_P06858,0.2567619353922881,0.16421383429377537,0.17512123571362245,24.892589576547195,68.33085227272727,-9293.118820337146,B_C,,,,,,,,,,,
P09758_and_Q9H190,0.22867725997608812,0.16414887574896023,0.07419808935720586,25.889189189189175,63.88262295081968,-4086.167072904926,B_C,,,,,,,,,,,
P09758_and_Q16853,0.2768162909981294,0.1641380095848302,0.29488143794054866,26.94371373307543,68.11801526717558,-16106.680481522693,B_C,,,,,,,,,,,
P09758_and_Q96PH6,0.2602544665852107,0.16412813248429056,0.10357263694045839,18.286465324384775,37.79343283582089,-3620.5422108782773,B_C,,,,,,,,,,,
P09758_and_P0DN86,0.24898277466722835,0.16410209867447373,0.050483184813273754,19.478125000000027,54.50992700729926,-1367.2717762819266,B_C,,,,,,,,,,,
P09758_and_O14764,0.22284394075499003,0.16409486831849518,0.21741327850551323,24.428102625298344,56.73175824175825,-2010.8346300500198,B_C,,,,,,,,,,,
P09758_and_P10644,0.22001359712237306,0.16407584091535588,0.4102117806505798,25.270887728459492,66.55782771535587,-1616.840743222554,B_C,,,,,,,,,,,
P09758_and_Q07001,0.23574412796188643,0.16407236564363037,0.3605807071166075,26.22916666666665,69.497427184466,-7646.961889484262,B_C,,,,,,,,,,,
P09758_and_Q9H313,0.2493363020768308,0.1640388086492205,0.23513706397614992,24.75532544378701,68.98445945945944,-3191.6714285519215,B_C,,,,,,,,,,,
P09758_and_Q03135,0.2433755569890348,0.16400878488235987,0.04327452106822704,19.249369085173484,37.409215686274514,-1141.3897653681825,B_C,,,,,,,,,,,
P09758_and_P06727,0.21957732020932963,0.16396550662552034,0.08102092045245379,24.04023255813958,47.9472850678733,-8028.036584100402,B_C,,,,,,,,,,,
P09758_and_Q03403,0.2557809284822757,0.16391729567979624,0.19528013886270196,22.39068136272545,47.30455284552846,-12199.521610474176,B_C,,,,,,,,,,,
P09758_and_O76061,0.2289283559781305,0.16391677635839036,0.18286237421952115,22.257987220447266,54.21072289156626,-8962.639960376135,B_C,,,,,,,,,,,
P09758_and_Q16552,0.25115448635471693,0.1638255181947118,0.23489666466924156,22.027941176470595,54.237852348993286,-2262.390487986889,B_C,,,,,,,,,,,
P09758_and_P11686,0.24395249263210053,0.1637973657674049,0.10132087127777281,21.780077519379844,58.356927710843344,-724.2463526732863,B_C,,,,,,,,,,,
P09758_and_P55145,0.24425952712364224,0.16369385639800366,0.06583047515441136,22.510731132075477,59.59736486486485,-5105.961771936985,B_C,,,,,,,,,,,
P09758_and_Q99954,0.2580231951384165,0.1636860718022256,0.11478845392841225,18.54879725085911,33.144834437086104,-1569.9096261905652,B_C,,,,,,,,,,,
P09758_and_P09486,0.22789223909239087,0.16365820891836347,0.14633536360183313,24.78286163522014,61.105863874345545,-8857.320932348828,B_C,,,,,,,,,,,
P09758_and_Q6PI78,0.23552991922978883,0.16362093597900096,0.06768326922851474,21.3125287356322,57.867786885245906,-9016.409343900314,B_C,,,,,,,,,,,
P09758_and_Q8TDN2,0.20517630331290515,0.16361872962346702,0.1241137244033532,25.225170998632013,42.96640211640212,-2142.4670493852336,B_C,,,,,,,,,,,
P09758_and_P60827,0.23383760467375572,0.16345838952390807,0.07633479565932311,21.085422343324254,56.34454545454547,-12711.446778656393,B_C,,,,,,,,,,,
P09758_and_Q6FHJ7,0.22228921814687064,0.1634473170111941,0.16317368874884783,23.109269662921363,58.92005050505051,-1933.3043710471648,B_C,,,,,,,,,,,
P09758_and_Q9BRJ6,0.24367916923303834,0.16342982264910194,0.11041904864284083,21.213357843137267,58.87831999999998,-1362.0487182256811,B_C,,,,,,,,,,,
P09758_and_P39086,0.2167619027122034,0.16333999766519858,0.06690777012123542,28.003409090909138,64.07048000000002,-3382.7292697888333,B_C,,,,,,,,,,,
P09758_and_P26718,0.23626683860437842,0.1633295963542591,0.11168638123555508,22.406703910614524,68.58132075471697,-9886.002954305983,B_C,,,,,,,,,,,
P09758_and_Q9BXI9,0.2305053743754234,0.1631851681712707,0.056019194188085084,21.367857142857144,58.219661016949125,-2108.8887668017524,B_C,,,,,,,,,,,
P09758_and_P49755,0.23879379462971542,0.16315474343425806,0.15905207689141557,21.6495179063361,59.12847058823532,-1120.8604191192953,B_C,,,,,,,,,,,
P09758_and_Q49AH0,0.24409854392706243,0.16307525580902804,0.10125738250515325,23.80184466019422,60.467368421052626,-1469.8141068986297,B_C,,,,,,,,,,,
P09758_and_Q9HB14,0.21438586265242637,0.16303589440705485,0.05602044369301862,24.946632996633017,44.138346456692894,-3625.6716687777443,B_C,,,,,,,,,,,
P09758_and_P43220,0.22024824589252545,0.16296317355590945,0.22700870159365583,26.382188160676552,55.354711111111115,-3057.6102879870487,B_C,,,,,,,,,,,
P09758_and_P56703,0.24311282998459421,0.1628862913179855,0.3583823511065475,25.23458574181119,50.93121794871796,-1238.597270880594,B_C,,,,,,,,,,,
P09758_and_O95390,0.21518166588248314,0.16285599298839543,0.07065623265675944,25.138455149501645,53.71465968586386,-18562.232686601656,B_C,,,,,,,,,,,
P09758_and_P31321,0.21945406446223248,0.16278563924390954,0.21941257374649803,24.253752642706125,56.665360360360374,-3311.9522197586175,B_C,,,,,,,,,,,
P09758_and_Q9NP94,0.2213652347892185,0.16276893956350985,0.0426676892953565,25.91182519280206,47.873120567375885,-2775.5503260278088,B_C,,,,,,,,,,,
P09758_and_P59826,0.23452562775428015,0.16269307363812507,0.12268984557017347,24.136384615384635,58.02834394904461,-18146.252060202845,B_C,,,,,,,,,,,
P09758_and_A6NC51,0.23418744607963618,0.16267448931617995,0.13564732875831914,25.53383371824485,67.43196850393703,-3470.8430010237707,B_C,,,,,,,,,,,
P09758_and_Q6XZB0,0.2552479888494771,0.16264713545905782,0.18257656370848527,25.049075630252137,62.989999999999995,-2744.7036560802294,B_C,,,,,,,,,,,
P09758_and_Q9BXT2,0.23041040824896142,0.16250357833567408,0.16797101319730134,23.328687315634212,45.58306250000001,-6725.379435193536,B_C,,,,,,,,,,,
P09758_and_A0A1B0GWG4,0.266740291077159,0.16248425798133986,0.05195773870208592,17.93687002652519,26.533577981651376,-364.5629361877086,B_C,,,,,,,,,,,
P09758_and_Q9H3Z4,0.24213828394633258,0.1623923276290313,0.1654263862547246,21.772972972972948,52.6092,-3111.3186495228797,B_C,,,,,,,,,,,
P09758_and_Q96FT7,0.23115678729372136,0.16215705050763451,0.10866205893695824,25.891322314049596,62.627124183006565,-8714.423186885839,B_C,,,,,,,,,,,
P09758_and_Q96FX8,0.23906535278334934,0.1621203599654951,0.056938339311496236,19.795217391304345,40.93449999999999,-2079.0022007872426,B_C,,,,,,,,,,,
P09758_and_P06126,0.22087704459651802,0.1620991270803646,0.28749571983671773,24.691374269005827,57.30967136150235,-2758.4791670414866,B_C,,,,,,,,,,,
P09758_and_P35232,0.23084497177403385,0.16198255490902239,0.1585472862705169,22.32066549912433,61.76562913907284,-1091.5724981153471,B_C,,,,,,,,,,,
P09758_and_Q29983,0.21589482769737137,0.16185506054058313,0.08694910094707256,25.128357030015785,55.86897435897439,-7977.373354682832,B_C,,,,,,,,,,,
P09758_and_O95741,0.2359218605100814,0.161724307108275,0.3680081391296269,25.386016511867904,68.9640298507463,-15875.607039376218,B_C,,,,,,,,,,,
P09758_and_P02810,0.24337079127569847,0.16172130558468345,0.06077947668598627,16.843402777777776,20.877222222222226,-3000.153285661143,B_C,,,,,,,,,,,
P09758_and_P27216,0.24562209823364262,0.16171502303280866,0.16530166361262766,25.398481781376546,64.28161290322579,-6868.502397194946,B_C,,,,,,,,,,,
P09758_and_P35240,0.23975146003280456,0.16159478904808933,0.10070306805523764,27.05148601398604,63.6036627906977,-11687.58225456995,B_C,,,,,,,,,,,
P09758_and_P00751,0.2335254628239553,0.1615934292870878,0.32094071818146863,27.078303964757783,55.1894444444444,-8398.156515349616,B_C,,,,,,,,,,,
P09758_and_Q9HA72,0.2209822005892664,0.1615746677337376,0.09298559678958723,23.644117647058806,56.5971724137931,-2860.1512799960237,B_C,,,,,,,,,,,
P09758_and_Q9UIA0,0.21658233099511465,0.16153311139025955,0.24586299212429755,25.44229765013052,65.69513043478264,-7053.792932437309,B_C,,,,,,,,,,,
P09758_and_P54709,0.22527328138393626,0.16143299683638063,0.12310173062697446,24.246559139784942,67.16068493150685,-8465.268388539582,B_C,,,,,,,,,,,
P09758_and_Q9GZX9,0.2359325570469722,0.16134035239116268,0.06496928447496815,23.651677148846975,57.18659722222222,-13158.870448991587,B_C,,,,,,,,,,,
P09758_and_Q96FE7,0.22736164977965806,0.16133480494371644,0.12686742549101154,23.359163987138288,61.86782608695654,-4066.6896313495145,B_C,,,,,,,,,,,
P09758_and_P34903,0.2240956860111749,0.16124451904838788,0.45688154252460594,25.271653543307053,66.4148325358852,-1872.1032776550892,B_C,,,,,,,,,,,
P09758_and_P01732,0.23110223818750314,0.16116311298333857,0.13707745880955097,23.28963963963964,64.7164880952381,-3104.9474256228905,B_C,,,,,,,,,,,
P09758_and_Q9BXJ4,0.23260784728830242,0.1610541079218745,0.08103731323258487,22.541515151515146,65.21229357798168,-14131.365373836365,B_C,,,,,,,,,,,
P09758_and_Q8WWA0,0.2389786609426478,0.16101395507266086,0.2550942112514187,25.72873210633946,74.28759124087588,-6564.785422806807,B_C,,,,,,,,,,,
P09758_and_Q9Y6D0,0.2651514138676627,0.1609908238357624,0.06503438137402896,17.602397260273978,31.734489795918368,-1462.0735382488147,B_C,,,,,,,,,,,
P09758_and_Q8NCW5,0.2280727725635199,0.1609204467330132,0.25291557252959973,24.220182555780926,68.94362416107386,-8424.277589631221,B_C,,,,,,,,,,,
P09758_and_P51170,0.23945747293399816,0.16045046549003955,0.16069892755939094,26.746938775510152,69.39421428571427,-13199.082003781497,B_C,,,,,,,,,,,
P09758_and_P06733,0.2606241598573348,0.16042602388033186,0.4004620542513027,26.38496168582372,55.27646408839777,-14553.709852272465,B_C,,,,,,,,,,,
P09758_and_P07766,0.23842940555898698,0.1604180351758021,0.13507569394257304,22.82476851851851,58.63493750000005,-9680.07309998552,B_C,,,,,,,,,,,
P09758_and_P18505,0.2209826272300915,0.16035052277102047,0.39903609279275054,25.219616908850778,68.24946808510636,-2862.3065630753763,B_C,,,,,,,,,,,
P09758_and_P28472,0.22196173267087269,0.1603374555041472,0.36167203278939314,24.892948717948727,62.132514285714265,-6618.423016189016,B_C,,,,,,,,,,,
P09758_and_Q14393,0.23751637130285802,0.16021264983716532,0.20967696130303537,26.091533864541823,69.05630872483223,-17785.222952307424,B_C,,,,,,,,,,,
P09758_and_P50876,0.22597230160107012,0.1601749604691641,0.13877435098350183,23.169900849858355,53.55318407960199,-1606.500913579408,B_C,,,,,,,,,,,
P09758_and_Q86TE4,0.21721411931682655,0.1601291376311776,0.02854830886623916,21.6168918918919,48.64505376344088,-11414.383951908136,B_C,,,,,,,,,,,
P09758_and_Q8TEZ7,0.2453899274821974,0.159982649032185,0.3852339866120303,25.482137030995094,61.249640718562844,-12291.446409546817,B_C,,,,,,,,,,,
P09758_and_P00505,0.25220213963434257,0.1599247655015725,0.22570926799614502,26.607849462365593,56.70848101265823,-4015.487137323977,B_C,,,,,,,,,,,
P09758_and_Q99418,0.21390266517428547,0.15971605445790354,0.15284452505951374,24.960147058823537,61.60084112149532,-1865.415921850974,B_C,,,,,,,,,,,
P09758_and_Q13368,0.22387223110887228,0.15969862000282065,0.4316271829195312,25.188720379146947,65.95071729957805,-1746.5930830592297,B_C,,,,,,,,,,,
P09758_and_P06028,0.2638121170199239,0.15968603368854073,0.08117626813733991,20.986372950819636,34.93067164179104,-826.8264397399089,B_C,,,,,,,,,,,
P09758_and_O00744,0.22349894629014325,0.15968191431745615,0.1964531508477922,25.81540656205419,62.30194805194805,-1128.0044748597456,B_C,,,,,,,,,,,
P09758_and_Q9NP99,0.23267017880165872,0.15964947637029572,0.10188186555684182,22.912573099415205,52.431233766233774,-13061.734900917363,B_C,,,,,,,,,,,
P09758_and_Q5TGU0,0.24062451274361277,0.15960413234926585,0.11778224739810712,23.922212389380554,45.204832214765105,-4022.94129223643,B_C,,,,,,,,,,,
P09758_and_Q96LT7,0.24895185634020706,0.1595478015850874,0.1356299376392397,26.34068767908308,62.15986238532112,-10861.95279303713,B_C,,,,,,,,,,,
P09758_and_Q6UXX9,0.23027157333987663,0.15949919290437822,0.16368027552363948,22.675418994413402,58.38820809248555,-1792.0986789375775,B_C,,,,,,,,,,,
P09758_and_Q5T4F4,0.20952969746688055,0.15942569331734718,0.0814014633147225,24.076141078838166,52.26646258503401,-12966.450795992103,B_C,,,,,,,,,,,
P09758_and_P12814,0.2080616503666507,0.15934354372641407,0.3012543167665688,28.952519379844965,43.922409638554214,-2261.3449284973017,B_C,,,,,,,,,,,
P09758_and_O14975,0.2529196615547363,0.15933301953281784,0.5596210260254855,27.337883817427425,70.53233201581025,-7620.443508968598,B_C,,,,,,,,,,,
P09758_and_Q15465,0.20975986793299153,0.1592022876555386,0.2915223937359341,24.31641061452513,66.83248618784536,-1184.3453218247005,B_C,,,,,,,,,,,
P09758_and_P24592,0.22980301523609303,0.15915523255503422,0.19659834205419993,24.10133607399794,54.947009345794434,-1239.4926141502656,B_C,,,,,,,,,,,
P09758_and_Q99748,0.23952853683164516,0.1590862579109129,0.065428512526479,22.998325358851687,58.38328571428569,-8701.81099057185,B_C,,,,,,,,,,,
P09758_and_Q93097,0.23613493550775314,0.15894963940594392,0.32038691256778684,25.680493273542638,58.121939393939364,-2926.297428974081,B_C,,,,,,,,,,,
P09758_and_P51858,0.2316340383644306,0.15891420134573658,0.09734577155671269,20.92494505494503,49.09100000000001,-1348.9286899986,B_C,,,,,,,,,,,
P09758_and_P51636,0.24213065453575502,0.15883107299486293,0.04334135330617198,18.449720670391056,50.11589041095889,-2055.1608231308637,B_C,,,,,,,,,,,
P09758_and_Q9P0M4,0.23673996445610457,0.15875715014621838,0.06953778467903904,23.328073770491798,57.655281690140846,-9554.732060988727,B_C,,,,,,,,,,,
P09758_and_Q9UIG4,0.2520187191211679,0.15873179295960121,0.09406329604021907,17.07570888468811,31.408308823529417,-1976.5922455100554,B_C,,,,,,,,,,,
P09758_and_Q14943,0.21505085050636796,0.15873047447453809,0.07581820668084352,23.557177033492827,55.117086092715255,-5388.723194115536,B_C,,,,,,,,,,,
P09758_and_Q8WVN6,0.23021982532596352,0.1586920845168194,0.16574495618229396,21.424526678141127,49.54894039735101,-9998.784101243255,B_C,,,,,,,,,,,
P09758_and_O95069,0.20607862734633137,0.15856095231550305,0.19993094664649988,23.535914179104452,38.785413533834564,-2056.2053691564843,B_C,,,,,,,,,,,
P09758_and_Q5T4W7,0.23153189753715925,0.1584703110154629,0.3874212071082956,23.85925432756327,67.41418604651166,-1998.4976502602976,B_C,,,,,,,,,,,
P09758_and_O14944,0.2439983001728489,0.15845590092670828,0.12110262254819984,19.456956521739116,40.39465648854961,-2708.1712101564854,B_C,,,,,,,,,,,
P09758_and_P37088,0.22960802800438954,0.15841513399838014,0.0934969229889458,25.710714285714264,50.5003448275862,-2686.5640559234707,B_C,,,,,,,,,,,
P09758_and_P09104,0.25798278978264744,0.15833814649516467,0.3149335808863819,26.5034298780488,70.32629834254145,-19103.935886428848,B_C,,,,,,,,,,,
P09758_and_Q9Y275,0.22591154985547107,0.15832065858306343,0.20969797174523888,23.45442386831277,57.20315789473685,-11017.506457673888,B_C,,,,,,,,,,,
P09758_and_P83105,0.21394455994529782,0.15791652606421483,0.2030516820607373,25.086707746478844,49.36846153846154,-1764.3283037135952,B_C,,,,,,,,,,,
P09758_and_P56373,0.22793980936775854,0.15789075324336133,0.271403232947521,24.24200000000001,58.59764044943822,-4267.966070668715,B_C,,,,,,,,,,,
P09758_and_P0DN87,0.24402790744845984,0.1578543483212198,0.06430537464238381,19.58866213151925,52.28427586206897,-2390.2101332277957,B_C,,,,,,,,,,,
P09758_and_P55789,0.23632489823044195,0.15773719966369026,0.10060008947796897,21.76136363636364,50.67685714285712,-6337.233151841624,B_C,,,,,,,,,,,
P09758_and_Q96CX2,0.21733431574190132,0.1576991785674668,0.3031784300018381,24.044075829383868,59.79243386243384,-1052.7875030465166,B_C,,,,,,,,,,,
P09758_and_Q96J42,0.21761250114259306,0.15759889807942168,0.13151950045166672,23.086321626617394,62.13839285714283,-1411.2203554927892,B_C,,,,,,,,,,,
P09758_and_P13473,0.21172980581423098,0.15736129986783343,0.251210801360605,25.435566298342586,53.90104477611941,-8259.067492745264,B_C,,,,,,,,,,,
P09758_and_Q16378,0.25043407657008016,0.15735178193824922,0.045149374298614764,16.844584837545124,34.47459183673469,-2269.6729776225066,B_C,,,,,,,,,,,
P09758_and_Q9ULT0,0.24601126220038147,0.15730267221735583,0.19160693025499612,28.338712374581913,57.20949044585985,-2877.521003638085,B_C,,,,,,,,,,,
P09758_and_Q8WTV0,0.23820858323850813,0.15729998487802188,0.09101970051688836,25.32434210526312,55.13483221476511,-18687.943081479738,B_C,,,,,,,,,,,
P09758_and_Q96IZ2,0.22945610511279085,0.15728809810059957,0.1422091398592374,25.424638989169676,62.77972789115644,-3912.6479155598545,B_C,,,,,,,,,,,
P09758_and_O14669,0.23622189236018973,0.1571452339086406,0.05347641109395253,18.930023094688224,47.934079999999994,-954.9956066644081,B_C,,,,,,,,,,,
P09758_and_P12645,0.21500182671429016,0.15713932652955007,0.11454182830290309,24.91543296089383,59.78974489795921,-3517.1738574570154,B_C,,,,,,,,,,,
P09758_and_Q9Y6W5,0.20090465733762997,0.1570723324710437,0.08292907548180067,23.747556390977433,46.916947368421056,-1725.4237007655247,B_C,,,,,,,,,,,
P09758_and_P48509,0.2256937849023858,0.15705611363862076,0.07801116520011767,22.408602150537615,58.48970297029703,-9893.075730795767,B_C,,,,,,,,,,,
P09758_and_Q9HBJ8,0.2323834994051862,0.15678608613137612,0.11262677142409064,23.691636690647474,60.91047945205477,-9032.459526968427,B_C,,,,,,,,,,,
P09758_and_A0A0G2JMI3,0.24998179773158435,0.1567843167588826,0.13563874618440808,23.1620967741936,65.59553846153844,-5909.316039544769,B_C,,,,,,,,,,,
P09758_and_Q9BVK8,0.22812232938979252,0.1566153310967674,0.1600957390828195,24.53304552590265,65.45060773480664,-2955.873623684099,B_C,,,,,,,,,,,
P09758_and_Q8IWL1,0.2231326736289343,0.15659591452818905,0.09984680548250474,24.69704225352112,67.29666666666665,-16219.868880370439,B_C,,,,,,,,,,,
P09758_and_Q9NR23,0.22800970222485148,0.15650377835607512,0.5377727536443029,24.41734769687969,55.71540669856459,-2581.1224939421413,B_C,,,,,,,,,,,
P09758_and_P20061,0.24536977288003914,0.1564630158295463,0.17322382851194698,25.74961240310077,69.93543750000002,-7057.513701330476,B_C,,,,,,,,,,,
P09758_and_P04216,0.2428620838447308,0.1564120540980813,0.1029766975344083,23.383333333333272,65.31219178082192,-17412.85816367625,B_C,,,,,,,,,,,
P09758_and_Q93086,0.21922734496411256,0.1562802199541154,0.07257907347768269,24.365199999999987,58.77370370370371,-13495.954580953374,B_C,,,,,,,,,,,
P09758_and_Q13046,0.2066982860646063,0.1561694209731392,0.5202069850462824,25.419957081545032,69.32329896907213,-2997.028935297009,B_C,,,,,,,,,,,
P09758_and_Q92820,0.2377485852154126,0.1561363981673325,0.15998879162712576,26.625168539325827,61.731677852348994,-4472.371230017106,B_C,,,,,,,,,,,
P09758_and_Q8NCB2,0.21358008228473352,0.1560392897106241,0.40308371565644824,27.154631828978562,66.75142105263158,-2184.424979658934,B_C,,,,,,,,,,,
P09758_and_Q99623,0.2205641247334123,0.15602819230379184,0.26042982511369017,22.73616236162362,56.64111888111888,-1498.5260021001318,B_C,,,,,,,,,,,
P09758_and_Q9UNF0,0.20710915824271103,0.15599081829883135,0.2234888945338899,27.620358649789036,70.42910344827585,-5033.531131652322,B_C,,,,,,,,,,,
P09758_and_P49758,0.20561682475943205,0.15597311034169697,0.3577261235867545,25.41612515042121,67.84490196078431,-2899.469920710537,B_C,,,,,,,,,,,
P09758_and_P15018,0.23232349529932095,0.15588290665891713,0.22178613419263837,24.198010380622854,59.356442953020135,-5091.819650163137,B_C,,,,,,,,,,,
P09758_and_Q9UBV4,0.2330624498587917,0.15555648901264993,0.14216844718501134,26.239203539822984,58.22417112299464,-7176.976381383268,B_C,,,,,,,,,,,
P09758_and_P02679,0.21310419326809169,0.15555289041968404,0.07134462203114593,25.050399201596804,48.91605263157894,-9980.306152418583,B_C,,,,,,,,,,,
P09758_and_Q7Z418,0.20764098938144882,0.1554640720145158,0.03272951357736245,26.640718562874234,39.034354838709675,-7595.672040894526,B_C,,,,,,,,,,,
P09758_and_Q687X5,0.2173396078180035,0.15545437341797572,0.0796711877352474,25.08815104166665,53.72309523809525,-13795.174682335753,B_C,,,,,,,,,,,
P09758_and_Q9BRI3,0.21154311602079745,0.15544001555393483,0.18590480528184491,24.75216216216217,56.69388157894736,-3366.0038436225004,B_C,,,,,,,,,,,
P09758_and_Q9BQS2,0.20904745413737946,0.1554300769079412,0.3266033895999066,25.535006693440444,49.34091304347826,-8266.341632183572,B_C,,,,,,,,,,,
P09758_and_P22003,0.22201006590107708,0.15542558905231846,0.048705583114366326,25.775974025974023,47.728540145985406,-12287.564276741581,B_C,,,,,,,,,,,
P09758_and_O00560,0.2208763113503091,0.15522228533368745,0.21654552119289938,25.775583864118897,70.21199999999999,-1771.4942210405413,B_C,,,,,,,,,,,
P09758_and_Q86WV1,0.21445933868758021,0.1550993670699953,0.30401671809806785,23.251556224899605,58.561165048543664,-5998.721554071235,B_C,,,,,,,,,,,
P09758_and_Q4G0M1,0.21428770284707788,0.15500557224359796,0.07279883851317166,24.618230563002676,65.2840163934426,-13129.330693698726,B_C,,,,,,,,,,,
P09758_and_Q29980,0.21177885624997117,0.15495849279963253,0.2327937947364061,23.721577380952397,57.58423963133642,-5543.376024912661,B_C,,,,,,,,,,,
P09758_and_O75915,0.235299307782463,0.15495568370375318,0.0792387607114946,23.32469635627531,65.9376923076923,-2842.178423480885,B_C,,,,,,,,,,,
P09758_and_Q8IUY3,0.2155635337093849,0.15493273311567282,0.15203330340270735,22.588330632090745,60.86269005847956,-1541.8787597494484,B_C,,,,,,,,,,,
P09758_and_Q6PEY1,0.24180966933092818,0.15478203971863239,0.06307977651045515,18.044510385756684,31.151359223300975,-1802.2005859586238,B_C,,,,,,,,,,,
P09758_and_P36544,0.22466875684563378,0.15474404012460818,0.10353668186035267,25.19284116331095,64.52746268656715,-15568.391436576734,B_C,,,,,,,,,,,
P09758_and_Q99942,0.23877567998012122,0.15462545126645372,0.07551291721390499,20.33079625292741,48.71266666666667,-1633.8762413648583,B_C,,,,,,,,,,,
P09758_and_P43026,0.21335166892927282,0.1545043480970875,0.058843136692366474,25.95749185667752,61.48335820895524,-1673.9698901257434,B_C,,,,,,,,,,,
P09758_and_P18065,0.2168883016087888,0.15444008547050936,0.17248275797667478,22.139159663865527,59.55956790123458,-15018.632019700955,B_C,,,,,,,,,,,
P09758_and_Q9HBL7,0.24301938448042404,0.15440326188052406,0.07623907121936839,23.625251256281402,56.02427350427354,-5794.99338176709,B_C,,,,,,,,,,,
P09758_and_P41222,0.23381933158564214,0.1543963139874552,0.10469136170003443,23.95645472061657,63.6741447368421,-6515.904079702368,B_C,,,,,,,,,,,
P09758_and_Q9NY37,0.23600337002963637,0.15437851294126836,0.1328801668366349,26.529999999999966,68.68058823529415,-15925.273877277625,B_C,,,,,,,,,,,
P09758_and_Q8NFU1,0.21446087581567264,0.1542053129161386,0.030363001224436477,26.58,53.67448275862069,-2060.5886555824873,B_C,,,,,,,,,,,
P09758_and_Q16585,0.21391085825078693,0.15395805407295546,0.10363479364832238,23.61004497751126,55.30775147928992,-6830.987929379796,B_C,,,,,,,,,,,
P09758_and_P23083,0.24997943535478995,0.1537833776142807,0.20249134611043457,21.198169014084527,68.865,-1181.6836964450088,B_C,,,,,,,,,,,
P09758_and_P09038,0.22012273508272373,0.15375801628856978,0.10376625546426209,22.552433090024326,65.82661157024795,-7051.011249954318,B_C,,,,,,,,,,,
P09758_and_O43914,0.2509418715654895,0.15360791451849976,0.044319598822103554,17.630827067669166,21.03677777777778,-2149.3915497664834,B_C,,,,,,,,,,,
P09758_and_Q6ISS4,0.24004873209211142,0.15352463784699547,0.1079731769382127,22.365306122448995,62.89027522935784,-3435.962303228004,B_C,,,,,,,,,,,
P09758_and_P42127,0.2477492497383143,0.15350671303283345,0.1298132717462626,20.813235294117653,44.674316546762576,-4873.520195907512,B_C,,,,,,,,,,,
P09758_and_Q04900,0.22982360175021038,0.153290849563403,0.11111544570449601,23.524423480083872,44.40804347826087,-7014.910198570367,B_C,,,,,,,,,,,
P09758_and_O00591,0.218731364279463,0.152849585532747,0.18873233244707227,24.49801526717555,65.03310559006208,-15847.49027641646,B_C,,,,,,,,,,,
P09758_and_P23416,0.22312910807168884,0.15268603258060437,0.30087741932001316,24.722077922077943,58.169490445859886,-17217.66681237269,B_C,,,,,,,,,,,
P09758_and_Q14330,0.22356192266951191,0.152663854094856,0.03589584077986486,24.998319327731064,60.05094736842106,-1612.6981841712347,B_C,,,,,,,,,,,
P09758_and_P48059,0.21247190135812719,0.1525626621117525,0.18985256787904606,23.03207547169808,48.49398009950246,-2826.8789751285804,B_C,,,,,,,,,,,
P09758_and_P23415,0.22201395070885846,0.15249913725987913,0.29704164834408503,24.98471786833856,55.88230263157897,-16474.14309859693,B_C,,,,,,,,,,,
P09758_and_Q8TCQ1,0.2190144956113142,0.1524041958031709,0.04032659348352666,23.26328767123285,53.376830985915504,-1924.0661835791834,B_C,,,,,,,,,,,
P09758_and_O95264,0.21985980045027798,0.15196175848632693,0.2066554430342219,25.4169367909238,68.05514450867055,-4324.552243427025,B_C,,,,,,,,,,,
P09758_and_Q7Z7D3,0.21951270573675954,0.15192577266090962,0.21611820842999255,24.283021582733845,60.592312138728296,-20083.354006219866,B_C,,,,,,,,,,,
P09758_and_Q15822,0.21321801110236138,0.15188850588003408,0.2353813016475085,25.860432766615205,60.58188235294121,-17099.69292186161,B_C,,,,,,,,,,,
P09758_and_Q9HBG4,0.24280197218199903,0.1517332250852122,0.018558771320360185,28.165000000000003,41.50363636363636,-9246.736972102923,B_C,,,,,,,,,,,
P09758_and_Q2WEN9,0.21020969825474262,0.15161740914457333,0.38140116278299097,27.043532338308477,62.587988165680464,-2629.6415562049947,B_C,,,,,,,,,,,
P09758_and_Q9UK41,0.22819998932659538,0.15143192334603778,0.143462527723011,23.748421052631585,60.60224489795916,-1862.372904114729,B_C,,,,,,,,,,,
P09758_and_Q14254,0.20479260979219469,0.15130503682350324,0.12528182135905924,22.020027624309378,57.93103448275861,-2232.840923537624,B_C,,,,,,,,,,,
P09758_and_Q6KF10,0.21498397676812403,0.1512139075404767,0.27725162910844203,25.380141287284136,67.31340000000002,-12468.25568882635,B_C,,,,,,,,,,,
P09758_and_Q6UW32,0.25054448661171835,0.15115024581532113,0.20071501304301614,22.525922671353246,45.30776923076924,-3161.984457891529,B_C,,,,,,,,,,,
P09758_and_P16671,0.24132331144651537,0.15109172073204274,0.19775965844891544,26.14454713493535,64.42518518518519,-8384.055539377014,B_C,,,,,,,,,,,
P09758_and_A6NFZ4,0.25265056984903794,0.15096091459885838,0.039523511402111175,20.75172043010754,34.81153846153847,-5644.156409551539,B_C,,,,,,,,,,,
P09758_and_Q3MIR4,0.2172018058311925,0.15085818361262823,0.12015480646513138,25.826068376068356,60.13375796178345,-16485.895527402645,B_C,,,,,,,,,,,
P09758_and_P0DP01,0.24638200840621313,0.15082696896760103,0.15292922859513455,21.915184049079734,72.49924731182799,-2630.0248364041568,B_C,,,,,,,,,,,
P09758_and_Q8N1C3,0.21541904002164086,0.1507405364344461,0.10600530227838983,23.79430641821945,64.22840277777776,-4399.942561957793,B_C,,,,,,,,,,,
P09758_and_O75695,0.23282819738174296,0.15065261808458816,0.6313839422697687,26.80522971652003,63.43536585365857,-4623.575374789449,B_C,,,,,,,,,,,
P09758_and_Q9UBX5,0.19836796649048036,0.1505820219674746,0.14547727434307392,26.83248945147682,46.5545890410959,-5078.614144877063,B_C,,,,,,,,,,,
P09758_and_Q8IYB5,0.19653341434685762,0.15039927286480875,0.10880798578684787,25.66250000000002,64.57083333333335,-3917.9414428321397,B_C,,,,,,,,,,,
P09758_and_Q401N2,0.21851459281302493,0.1501905744414181,0.12848019424952672,24.897487437185895,66.73152671755724,-2087.504640222355,B_C,,,,,,,,,,,
P09758_and_Q9Y6H6,0.2503599508559512,0.150069087287068,0.07437806750775747,16.21176470588235,20.6191304347826,-1019.2843928092648,B_C,,,,,,,,,,,
P09758_and_P43004,0.22645675902407286,0.14982709272971634,0.052582997652530716,26.79715099715102,63.6092592592593,-2438.4692707257263,B_C,,,,,,,,,,,
P09758_and_Q86T03,0.21798240123872342,0.14967266157643655,0.18751241981035735,23.193085106383005,49.934805825242734,-1773.0031388482748,B_C,,,,,,,,,,,
P09758_and_Q7RTX7,0.19347156545457317,0.1493715930729959,0.11274107577139156,26.88646616541355,54.87436781609196,-2819.032081531519,B_C,,,,,,,,,,,
P09758_and_P51787,0.1841761058308039,0.14908590389475407,0.037574502169218454,26.982413793103454,32.748939393939395,-2189.0396134397743,B_C,,,,,,,,,,,
P09758_and_P08670,0.19562109977670689,0.14871283097253934,0.028529429049561433,26.264649681528635,43.104714285714294,-3893.2674934514725,B_C,,,,,,,,,,,
P09758_and_P40259,0.22198066632294783,0.14832908184901225,0.074215202500835,24.184736842105256,57.40883720930234,-17715.493593123232,B_C,,,,,,,,,,,
P09758_and_P09326,0.22143705209943282,0.14818082211136313,0.32054730469468623,24.805689424364132,66.60491329479773,-8026.195625466398,B_C,,,,,,,,,,,
P09758_and_Q9NV29,0.24103460787860395,0.14800772502902254,0.06744363260539589,18.627260981912162,32.47203389830509,-5112.108859507211,B_C,,,,,,,,,,,
P09758_and_Q9Y5X1,0.213862972059142,0.14794934744680557,0.20675373930857832,27.56886227544908,47.681313131313146,-3323.0343501714515,B_C,,,,,,,,,,,
P09758_and_Q9UKS6,0.20476623651296294,0.14790425238714722,0.35577672331674026,28.270212765957435,66.09664383561642,-1878.6901228531542,B_C,,,,,,,,,,,
P09758_and_O00180,0.20526761070701824,0.14781815654212432,0.2578093224165286,25.76368876080688,51.71919463087247,-5210.531658336682,B_C,,,,,,,,,,,
P09758_and_Q05901,0.22010499935527283,0.1477970397941537,0.12682125797776378,26.428585858585862,61.73275449101798,-3593.2586824194254,B_C,,,,,,,,,,,
P09758_and_Q9NZK5,0.2507596274979359,0.14761521892949261,0.2598412219459304,26.739858156028383,71.01760416666667,-22532.40117317657,B_C,,,,,,,,,,,
P09758_and_P47870,0.20576516400703165,0.14758629495464004,0.35546354151679016,25.830087209302345,62.680459770114965,-6955.401594969596,B_C,,,,,,,,,,,
P09758_and_Q9H6L2,0.21809808037127945,0.1474663856852393,0.14520117262271273,23.622506393861904,65.7160344827586,-1978.8015384112148,B_C,,,,,,,,,,,
P09758_and_Q9BX97,0.19764823537876508,0.14743586956499669,0.03636693636768304,23.840469208211164,47.51703703703702,-15092.74557667588,B_C,,,,,,,,,,,
P09758_and_Q86XE0,0.22719337906354323,0.14740299837986673,0.12110209087516081,25.971763085399424,63.57627118644065,-5102.570608246442,B_C,,,,,,,,,,,
P09758_and_P35070,0.232734645067243,0.14723741603460125,0.10969640750214543,19.289867841409677,52.09881818181819,-1733.7914027770307,B_C,,,,,,,,,,,
P09758_and_Q8WXW3,0.18024578059448748,0.14716240681955656,0.026510649140113415,27.548999999999996,46.49939999999999,-5248.177121363209,B_C,,,,,,,,,,,
P09758_and_Q07108,0.22827929048165646,0.14710850634776146,0.05585325612496159,22.155830388692586,56.8021818181818,-19786.656883158972,B_C,,,,,,,,,,,
P09758_and_Q8IZK6,0.21767728290243793,0.14691537179421793,0.3476432553060868,26.182971506105847,48.1109433962264,-2305.3691590524127,B_C,,,,,,,,,,,
P09758_and_Q16445,0.21682480385863018,0.1468051901058869,0.45467772314048405,25.05310457516346,66.93050925925924,-1743.4612091270192,B_C,,,,,,,,,,,
P09758_and_P10599,0.24396806161089993,0.1466541248614979,0.10467523413453313,22.653420195439708,62.57228260869568,-3111.398537008801,B_C,,,,,,,,,,,
P09758_and_Q9Y5X3,0.22765423530063167,0.14661495630626073,0.12445554500731264,26.770454545454566,59.99824858757059,-3610.044753948469,B_C,,,,,,,,,,,
P09758_and_Q9ULZ1,0.25816660514787726,0.14658242123992393,0.0638819650602853,14.690646258503412,22.757241379310344,-884.969184601483,B_C,,,,,,,,,,,
P09758_and_Q9UI14,0.22838156792922104,0.1464521775094011,0.08336590833179763,21.56164021164023,42.35655737704917,-5958.592193033295,B_C,,,,,,,,,,,
P09758_and_Q86XQ3,0.19669103621119277,0.14642233070477226,0.04922817376508905,24.265355329949266,40.74834710743801,-2453.9980535140685,B_C,,,,,,,,,,,
P09758_and_A0A1B0GTQ4,0.2545284960513826,0.14641019274467262,0.0303133667626103,20.089261744966443,52.552686567164166,-1719.5265617173545,B_C,,,,,,,,,,,
P09758_and_Q3ZCQ3,0.2344916023953093,0.1460878034213595,0.09899886065640538,18.000562700964647,25.593165467625894,-2105.1092847230884,B_C,,,,,,,,,,,
P09758_and_P13498,0.22655399110766922,0.14608190151003375,0.17308165122072441,23.661273209549083,71.04453703703705,-2393.93009207489,B_C,,,,,,,,,,,
P09758_and_Q96EV8,0.20107615061760364,0.14588361803695193,0.0,26.133333333333333,30.95882352941177,-3957.351389083116,B_C,,,,,,,,,,,
P09758_and_A0A0B4J1X8,0.24050196925491932,0.1458731203491473,0.21454261678055037,23.682490272373528,65.78022900763361,-2508.403502510727,B_C,,,,,,,,,,,
P09758_and_Q10589,0.2305447422689504,0.1456644901826885,0.029907646373226262,17.76710526315789,51.02062499999999,-2201.5334985953327,B_C,,,,,,,,,,,
P09758_and_Q7Z4P5,0.21100753109821724,0.1454681765469799,0.2403452810312154,25.695955882352937,57.594191616766444,-15920.653519921934,B_C,,,,,,,,,,,
P09758_and_O60565,0.22931873133448077,0.14541671511372248,0.05588145390350242,22.643164062499995,52.04486238532108,-2193.31031082761,B_C,,,,,,,,,,,
P09758_and_Q5JW98,0.20824822966305298,0.1452816706223142,0.05984472554392703,24.68842794759822,53.28523489932884,-1904.1442562669981,B_C,,,,,,,,,,,
P09758_and_P09429,0.2229068623523135,0.14493817620518137,0.07130064179884213,23.258850931677,57.67707964601769,-9151.559551683811,B_C,,,,,,,,,,,
P09758_and_Q9UGQ2,0.2286900353953054,0.14461301073544178,0.036038932366718096,22.355497382198934,43.39367647058823,-6130.314114221055,B_C,,,,,,,,,,,
P09758_and_Q8NFU0,0.21175713600747276,0.14394709701640224,0.12962989960654267,26.832112676056344,60.55071428571427,-3806.7668684477726,B_C,,,,,,,,,,,
P09758_and_Q7L5Y9,0.20806442009616466,0.14371283971012377,0.072024945232248,25.29903433476392,57.664934210526326,-5140.307642122962,B_C,,,,,,,,,,,
P09758_and_P01579,0.23166109501816554,0.1436432616317131,0.24884528713206533,24.84337748344376,68.58032894736839,-737.5963739756335,B_C,,,,,,,,,,,
P09758_and_Q6UWF3,0.23454154055844736,0.1434568889501431,0.07838713536739526,19.455365296803645,22.762764227642283,-3758.3719730982866,B_C,,,,,,,,,,,
P09758_and_Q5R3K3,0.20536604956090593,0.1430856120682887,0.10223970417789327,26.297378640776728,54.70788819875776,-12065.197203815302,B_C,,,,,,,,,,,
P09758_and_P48547,0.1927639129984951,0.14304448852880372,0.04334836844248152,26.950985221674884,60.82812500000001,-9339.804889775416,B_C,,,,,,,,,,,
P09758_and_P01782,0.23834927531508257,0.14253402581885138,0.08832470789052949,23.278381962864717,59.80211538461539,-7612.635102820465,B_C,,,,,,,,,,,
P09758_and_P46098,0.21218228214477458,0.14238592023357066,0.24655280914087865,26.436803278688515,69.93721893491126,-18535.40098390005,B_C,,,,,,,,,,,
P09758_and_Q6UWT2,0.25453411477069676,0.14230993143125925,0.038018104183468335,19.449498327759187,31.470212765957434,-2109.406521096589,B_C,,,,,,,,,,,
P09758_and_P43490,0.24649710061716806,0.14222513264904907,0.4579517414901408,27.464235705950966,74.39727748691094,-2945.412315670249,B_C,,,,,,,,,,,
P09758_and_P26583,0.22137969698492851,0.1420980716082924,0.09901018321286828,22.67710997442454,59.057109374999996,-7152.420203913313,B_C,,,,,,,,,,,
P09758_and_P18507,0.20325158617597675,0.1417305101502847,0.48938939035998696,25.7041623309053,69.38242268041239,-17262.68919815301,B_C,,,,,,,,,,,
P09758_and_P80723,0.2143684692669064,0.14137078676884257,0.02447639342595825,20.0710743801653,19.169756097560974,-1174.0256093009702,B_C,,,,,,,,,,,
P09758_and_Q99928,0.20470149471309163,0.14072701080981234,0.3753378811414592,25.452543507362826,70.72514124293781,-1668.8390429010233,B_C,,,,,,,,,,,
P09758_and_P51575,0.21186425056988994,0.1406298323868278,0.1362616253031204,25.68839779005527,54.7391379310345,-3877.343557679922,B_C,,,,,,,,,,,
P09758_and_Q9BT67,0.2155080508969145,0.14056160393535552,0.027582208397656058,23.144512195121976,40.65632352941175,-4115.012889774154,B_C,,,,,,,,,,,
P09758_and_Q8IWE4,0.20447776753476188,0.1395692580112969,0.32559734117464434,25.838095238095256,54.033690476190486,-4111.915338030919,B_C,,,,,,,,,,,
P09758_and_Q99572,0.19895754318327857,0.13937586602463276,0.13258291889962023,26.754918032786875,51.024399999999986,-12385.612604532458,B_C,,,,,,,,,,,
P09758_and_O75144,0.20636626231509103,0.13934420112873186,0.23073515443271692,23.907743785850858,69.54097902097901,-4609.584041582704,B_C,,,,,,,,,,,
P09758_and_O43493,0.19185739274789654,0.13855515059366202,0.019741817535350533,23.960465116279067,18.715,-1719.091929357157,B_C,,,,,,,,,,,
P09758_and_P06744,0.24968093509353115,0.13679789039205376,0.5454686078383758,28.636236391912885,74.94132867132869,-3687.0961464162538,B_C,,,,,,,,,,,
P09758_and_P39905,0.21644426401134442,0.13637691815024297,0.093958691441792,23.803325688073407,53.76527559055121,-7873.302119486747,B_C,,,,,,,,,,,
P09758_and_P31431,0.21807328370759346,0.13627228530836136,0.0948648306334219,20.030795847750852,28.829266055045874,-1287.236169592874,B_C,,,,,,,,,,,
P09758_and_P49006,0.21643483237850858,0.1361553231499745,0.025450806231030236,17.32846153846154,34.34722222222222,-2028.4418367127555,B_C,,,,,,,,,,,
P09758_and_Q9UBR5,0.2235724112560203,0.13480560333610497,0.05812140028193975,26.678867403314893,56.73096491228068,-7172.284319701512,B_C,,,,,,,,,,,
P09758_and_Q86XR5,0.22493162844822534,0.13389731020757645,0.05701264450480932,19.10355731225298,30.23833333333335,-2434.4006592004907,B_C,,,,,,,,,,,
P09758_and_Q86XJ0,0.19193749689705725,0.13285600474590026,0.05872772736555647,26.540379746835445,50.61483870967744,-10840.65191455387,B_C,,,,,,,,,,,
P09758_and_Q5T1S8,0.23654191234744126,0.13097872693341472,0.047120469189804934,17.131924882629104,24.718356164383575,-2852.3281897813386,B_C,,,,,,,,,,,
P09758_and_P49419,0.23556580138134298,0.12871145821716942,0.4463156652104157,29.47993697478991,45.023397435897415,-3546.611485493162,B_C,,,,,,,,,,,
P09758_and_Q6UXZ0,0.19618211901804133,0.1245815561012632,0.5765190013718534,26.15190476190478,73.12867052023122,-9943.327625235168,B_C,,,,,,,,,,,
P09758_and_P56539,0.21485352132486335,0.12407433102909206,0.025120191488334827,25.661347517730515,49.069718309859155,-2997.681059874689,B_C,,,,,,,,,,,
P09758_and_P02724,0.21213887245062435,0.11952716936325994,0.02111071172788103,24.5864406779661,38.152244897959186,-3593.0895207786834,B_C,,,,,,,,,,,
P09758_and_Q4W5P6,0.21433683890691674,0.0902700389163411,0.020922044720942366,26.703571428571433,45.84782608695652,-3802.6737089110175,B_C,,,,,,,,,,,
