jobs,iptm_ptm,iptm,pDockQ/mpDockQ,average_interface_pae,average_interface_plddt,binding_energy,interface,Num_intf_residues,Polar,Hydrophobic,Charged,contact_pairs, sc, hb, sb, int_solv_en, int_area,pi_score
P16422_and_Q9UJM3,0.8107919531122622,0.9031000805660921,0.2946482716422725,7.721353065539119,58.51565891472867,-852.4548868982092,B_C,,,,,,,,,,,
P16422_and_P43627,0.830805617858249,0.8677995958245507,0.4148070736596739,5.371302428256068,75.76134328358211,-1413.8866355122973,B_C,,,,,,,,,,,
P16422_and_P16422,0.8730122917616334,0.8657582667875757,0.5939645483017216,4.7570402298850585,87.71564655172415,-380.2885427540568,B_C,,,,,,,,,,,
P16422_and_Q8WYR1,0.831644691911787,0.8552700396550857,0.2714349875166921,4.70115384615385,83.48892156862746,-1566.9237484986224,B_C,,,,,,,,,,,
P16422_and_Q7Z7B7,0.8418974200776361,0.853371569158821,0.4568625000853052,6.042307692307693,71.4502459016393,-435.67193569446204,B_C,,,,,,,,,,,
P16422_and_O60609,0.8355058067700945,0.8525673600161772,0.3971960696694767,6.791617357001964,80.7355900621118,-1350.386763696054,B_C,,,,,,,,,,,
P16422_and_P13726,0.8326444899577999,0.846824926989612,0.5406554254106063,5.8836422613530965,63.07068840579704,-12002.876932917658,B_C,,,,,,,,,,,
P16422_and_Q9HCI5,0.7702280693313375,0.8455374089051234,0.2053413612251455,14.109502923976592,59.27815450643778,-1711.4348956111062,B_C,,,,,,,,,,,
P16422_and_O00515,0.7587302012246074,0.8442174559187208,0.16778652122323326,14.185655058043134,47.335438596491215,-1488.9327754065525,B_C,,,,,,,,,,,
P16422_and_O75462,0.8180734159975943,0.8391635269811358,0.293106327763118,8.288773148148167,76.60674999999998,-5642.624423867549,B_C,,,,,,,,,,,
P16422_and_O60218,0.8507791489285976,0.8373384558436837,0.2726083689086136,4.971745562130175,82.80789915966392,-1234.205961149159,B_C,,,,,,,,,,,
P16422_and_A0A0C4DH33,0.8426711466965664,0.8366360107999289,0.4583402267192589,3.132915360501567,85.2331067961165,-864.9122023809181,B_C,,,,,,,,,,,
P16422_and_Q6UY27,0.8371710111976839,0.8362776479099643,0.34694365143506445,4.060956790123455,66.4418,-545.0121053419109,B_C,,,,,,,,,,,
P16422_and_Q9H8L6,0.7372280308557299,0.8348527476462291,0.1827195446957124,11.268249534450648,62.574567901234545,-1193.613381627656,B_C,,,,,,,,,,,
P16422_and_A0A0G2JMI3,0.8384881911344993,0.8323238920230409,0.40259858923709346,2.070481927710844,91.3590361445783,-658.1319466273769,B_C,,,,,,,,,,,
P16422_and_P13598,0.8207285660649857,0.8321149037299063,0.42247590738337343,3.937046632124354,79.91496124031008,-1231.0630852578515,B_C,,,,,,,,,,,
P16422_and_Q6ZMI3,0.7844160517443213,0.8304925888187299,0.19406943020865133,6.610620915032677,73.87615384615385,-778.3692877022659,B_C,,,,,,,,,,,
P16422_and_Q6UXT8,0.8146576596911931,0.8298943047338199,0.39576437834589234,4.175280898876405,73.46018181818184,-1793.2303808473575,B_C,,,,,,,,,,,
P16422_and_P15151,0.8015481268602456,0.8255408715023228,0.36761035914958745,5.377011494252871,74.52315384615385,-1000.166812008898,B_C,,,,,,,,,,,
P16422_and_P26842,0.7875307029866171,0.8207030986858568,0.459666624925883,2.496458333333334,83.75411764705886,-1070.3775371832835,B_C,,,,,,,,,,,
P16422_and_Q14953,0.7935733652509778,0.8189826132006381,0.33128865300457594,5.734698795180726,69.83081300813006,-1614.6126204178831,B_C,,,,,,,,,,,
P16422_and_P10747,0.8004519432640748,0.8189789854452131,0.47227983151521696,4.192784810126582,84.7567213114754,-1696.859385078525,B_C,,,,,,,,,,,
P16422_and_O14965,0.7929076171633322,0.8172078442629938,0.2395781062221108,4.977650429799425,74.70844827586205,-1043.9212407522555,B_C,,,,,,,,,,,
P16422_and_Q8IZU9,0.7625372898393794,0.8153718053218755,0.3788439824498715,14.169292604501598,62.20191358024692,-1078.6237831055405,B_C,,,,,,,,,,,
P16422_and_P00995,0.8187171308100064,0.8150586979357801,0.20381311935087418,5.2516,53.67337209302325,-347.93975417752165,B_C,,,,,,,,,,,
P16422_and_O43854,0.7999605264378962,0.8107387940410691,0.2720152986126172,5.312583892617454,82.18180952380952,-1776.8161333336673,B_C,,,,,,,,,,,
P16422_and_Q96KG7,0.7136317866510635,0.8077349677224996,0.11771266609955527,9.754124999999998,53.68449612403102,-1081.3037701776702,B_C,,,,,,,,,,,
P16422_and_Q92730,0.8057937427985704,0.8059478506482297,0.35507549803761995,6.374156118143459,83.37636942675162,-1012.8854015507443,B_C,,,,,,,,,,,
P16422_and_Q2I0M4,0.7852109619319183,0.8048543519631317,0.2831098197107122,4.993159609120523,73.45107526881723,-1034.9161365824066,B_C,,,,,,,,,,,
P16422_and_Q03167,0.7197288027524178,0.8024854584581017,0.27914473374221993,18.279795158286756,59.69476340694015,-2752.2730913106607,B_C,,,,,,,,,,,
P16422_and_Q99689,0.7604314856159992,0.8012894316560881,0.1747016160161592,11.372959183673446,63.83611398963728,-1299.3584830289437,B_C,,,,,,,,,,,
P16422_and_Q99435,0.7419277845947373,0.8012114489535602,0.2495935675886373,7.536178107606677,70.69973856209151,-1795.3542794128698,B_C,,,,,,,,,,,
P16422_and_A8MTI9,0.7819036696169426,0.8007233966396023,0.153318155921107,9.552486187845298,61.51030303030302,-991.3812630536922,B_C,,,,,,,,,,,
P16422_and_Q7Z7G0,0.7317088944439937,0.8005619685427433,0.13324751514600358,11.982437275985651,60.45058823529413,-2003.1759976220783,B_C,,,,,,,,,,,
P16422_and_O75122,0.7155654440584872,0.7983503643062635,0.3114411417868519,17.039204545454563,72.39904545454544,-2013.4296904175062,B_C,,,,,,,,,,,
P16422_and_P08754,0.8084765613767353,0.7981731350673349,0.38120790149930306,6.896934460887949,73.37527607361967,-1643.7410509146946,B_C,,,,,,,,,,,
P16422_and_Q5VT99,0.7897189851804901,0.7960008196511674,0.28441233319680226,5.348067632850238,77.58836879432626,-451.58806249303484,B_C,,,,,,,,,,,
P16422_and_P59666,0.7938258058473039,0.7944468484847786,0.39790996472656,5.310375275938186,59.289677419354824,-1814.674744619509,B_C,,,,,,,,,,,
P16422_and_P59665,0.7873121149696701,0.7911316822302414,0.3487749070285733,6.460698198198196,52.09966101694916,-576.4057334749823,B_C,,,,,,,,,,,
P16422_and_Q8NG92,0.7965054352130261,0.7904218276097235,0.3298255051320347,6.350188323917143,74.03249999999998,-935.3737556949325,B_C,,,,,,,,,,,
P16422_and_Q9UK85,0.7611597492556827,0.7888617362531873,0.2538714083501009,10.130624999999991,64.14276041666665,-1113.1343460856624,B_C,,,,,,,,,,,
P16422_and_Q9NSI5,0.7501008539937806,0.7872465613380744,0.18029252147346514,6.252999999999999,72.99291666666666,-996.0431806030647,B_C,,,,,,,,,,,
P16422_and_P26715,0.7696198197676352,0.7866316229272541,0.2647585085037627,4.162499999999999,83.88981308411213,-653.7060895600071,B_C,,,,,,,,,,,
P16422_and_Q01469,0.7986171771513134,0.7848121598333475,0.24037285665938554,4.44433497536946,72.35670731707317,-1854.7662220260936,B_C,,,,,,,,,,,
P16422_and_Q5VZ72,0.7746748874486288,0.7843066634640257,0.25708287424857423,6.470378619153669,75.45544217687072,-888.0854103823098,B_C,,,,,,,,,,,
P16422_and_Q9GZX6,0.7879226759657645,0.7818778445082317,0.25722050527209933,4.969277108433734,76.71252173913045,-1825.0270902851241,B_C,,,,,,,,,,,
P16422_and_P19438,0.7369335415889671,0.7815811678074784,0.14881875456028207,8.604391891891895,76.89695035460997,-4943.938824747413,B_C,,,,,,,,,,,
P16422_and_Q9UBD3,0.7811876238394442,0.7811540287311765,0.38759045390004454,4.839069767441857,70.274262295082,-1120.2965453674265,B_C,,,,,,,,,,,
P16422_and_Q5DT21,0.7871949782085438,0.7778173198309575,0.23199687982850478,5.316129032258065,63.09282352941178,-754.1331928612067,B_C,,,,,,,,,,,
P16422_and_P63096,0.7864933652201647,0.7730887081185394,0.327178045629172,7.350647948164149,78.97267515923565,-2528.1580129374993,B_C,,,,,,,,,,,
P16422_and_Q6ZNL6,0.6798407551346634,0.7711101208517938,0.3625131464690962,22.098849999999995,67.38711026615971,-8293.085873848264,B_C,,,,,,,,,,,
P16422_and_Q9UPX6,0.6889285370113752,0.7701865268075722,0.2800023752075805,10.268771626297589,70.17635294117648,-1609.0397128600307,B_C,,,,,,,,,,,
P16422_and_P55103,0.7408710821994073,0.7676863820275006,0.23394549906205545,9.604313725490202,59.925481481481526,-1280.8689667512708,B_C,,,,,,,,,,,
P16422_and_P0C7T2,0.7762866698070012,0.7675735440311408,0.4795938287823094,4.512962962962965,74.47511627906975,-1261.1649627565573,B_C,,,,,,,,,,,
P16422_and_Q86XR7,0.758864939736185,0.7654577596797375,0.29747253097771625,5.753621495327107,76.26673758865248,-733.0172175335429,B_C,,,,,,,,,,,
P16422_and_P55283,0.709472484884374,0.7627739021778175,0.36326389775488815,7.7061752988047765,71.42774390243903,-3799.446725790869,B_C,,,,,,,,,,,
P16422_and_P49908,0.7294716633427735,0.7599114042600589,0.16485293984295857,8.577826086956527,73.70028571428571,-2011.8675045707369,B_C,,,,,,,,,,,
P16422_and_Q01523,0.762245447168056,0.7588926757226007,0.36688377101058706,6.269551282051276,55.04031746031747,-599.9518197618107,B_C,,,,,,,,,,,
P16422_and_Q14088,0.7605160166909657,0.7586171318855968,0.28476666810002355,7.6605603448275845,80.07059210526317,-417.163335222838,B_C,,,,,,,,,,,
P16422_and_Q13751,0.6983729786844413,0.7585535105774066,0.24892286174553582,9.321937842778782,67.6716129032258,-2167.608489830345,B_C,,,,,,,,,,,
P16422_and_Q2M3C6,0.6962832917094729,0.7570103968157733,0.14480900272657604,7.443700787401574,48.732499999999995,-1021.9712646205226,B_C,,,,,,,,,,,
P16422_and_Q6ZMM2,0.7258951489499239,0.7557799085539236,0.15082503486753615,9.234478672985786,64.61714285714282,-1914.0885213628353,B_C,,,,,,,,,,,
P16422_and_P81172,0.7519006336031361,0.7547045442125475,0.2917328857180876,5.915242165242167,35.117476635514016,-382.6456238417395,B_C,,,,,,,,,,,
P16422_and_Q96RI8,0.7689112139510889,0.7542335934440607,0.36241817517534874,8.153089080459782,73.14842364532022,-1618.5580791880852,B_C,,,,,,,,,,,
P16422_and_O75354,0.7492443533576815,0.7494501027869447,0.16477919799148988,14.541360691144714,72.05688311688313,-2499.409371849222,B_C,,,,,,,,,,,
P16422_and_Q9UKY0,0.7453014060797533,0.7494136942009957,0.1711198661271226,10.127570789865874,60.01797546012268,-6571.438984805369,B_C,,,,,,,,,,,
P16422_and_A0A0B4J1V6,0.7674633711954063,0.7489118561333235,0.3276470131315672,5.267884130982367,79.2483333333333,-1529.828865638936,B_C,,,,,,,,,,,
P16422_and_A0A075B6N2,0.7672586561750818,0.7483352158920454,0.21726768231973764,7.351395939086307,62.945354330708646,-1294.6826885293292,B_C,,,,,,,,,,,
P16422_and_P43628,0.7284630504344758,0.7483003007416034,0.3500414391955066,6.593736263736261,68.08749999999998,-1373.0789386070983,B_C,,,,,,,,,,,
P16422_and_Q13361,0.7317396687544188,0.7480208550786436,0.1772639282422674,7.965990453460625,61.23725190839695,-1501.0777066488454,B_C,,,,,,,,,,,
P16422_and_O43566,0.694185746224401,0.7462671757174909,0.3462381354273744,15.566428571428569,73.34066371681418,-3866.7535039746435,B_C,,,,,,,,,,,
P16422_and_P0DP02,0.7641171466295256,0.7454574920606349,0.39775108924193586,3.0342198581560296,89.8208139534884,-790.2286795017652,B_C,,,,,,,,,,,
P16422_and_Q8TER0,0.6733990958693371,0.744897066900313,0.3184467090641218,21.9749543795621,52.035882352941194,-6570.422751197228,B_C,,,,,,,,,,,
P16422_and_Q8NB37,0.7587541825124849,0.7436744579876641,0.29661374403113283,7.102093596059122,79.1580740740741,-807.9831565291357,B_C,,,,,,,,,,,
P16422_and_Q9HCN6,0.7223751715284497,0.7419519882250228,0.2863181189240498,4.113574660633485,84.57123287671233,-1467.116905910225,B_C,,,,,,,,,,,
P16422_and_P51124,0.7403776777366649,0.7417652737423029,0.47363685108381426,6.028941176470595,65.47178571428572,-1350.4534155703927,B_C,,,,,,,,,,,
P16422_and_Q86XP6,0.7493580750180235,0.7408963003128268,0.2606263925637888,7.81598778004074,72.22610738255031,-855.7280225301056,B_C,,,,,,,,,,,
P16422_and_Q16619,0.7436153323972645,0.7387470212298135,0.2889065897998411,7.443697478991593,63.14084745762713,-1688.4738656095283,B_C,,,,,,,,,,,
P16422_and_Q7Z4B0,0.7397783315112236,0.7382653863903264,0.1971418285455728,7.853257042253527,49.37670967741934,-471.64072528696624,B_C,,,,,,,,,,,
P16422_and_A0A0A0MRZ9,0.7578209263482779,0.7378974086460575,0.4373526688893756,6.821294718909704,78.22994475138124,-814.3442802209787,B_C,,,,,,,,,,,
P16422_and_P47992,0.7454969614492835,0.7376920973407916,0.3757221032958392,5.462388392857141,68.3949593495935,-1185.7798701333188,B_C,,,,,,,,,,,
P16422_and_Q9H1R2,0.716317607910965,0.7346820909811299,0.14112567120103997,10.616722408026762,53.26371794871792,-4965.296090904754,B_C,,,,,,,,,,,
P16422_and_Q765I0,0.7189875614334401,0.7333930673867604,0.1025613153184468,7.446220930232562,40.796619718309856,-540.3993731830014,B_C,,,,,,,,,,,
P16422_and_P13385,0.71721452041299,0.7324612455617083,0.28245798017194085,8.259586056644876,41.97292307692309,-399.47815094242014,B_C,,,,,,,,,,,
P16422_and_Q92637,0.7229631178281948,0.7295274329031807,0.2969444589217315,4.729999999999999,70.21292929292929,-1432.950564691891,B_C,,,,,,,,,,,
P16422_and_Q9H106,0.7264829555893249,0.7287918812917602,0.301707652418001,7.217619047619046,62.137615384615415,-612.5550603239774,B_C,,,,,,,,,,,
P16422_and_Q8IWL2,0.7182498066794863,0.7287017747089252,0.24657920406124467,9.730838323353309,78.56346153846155,-17372.36942325485,B_C,,,,,,,,,,,
P16422_and_Q02413,0.6705184188499015,0.728130965163353,0.3037849012673586,8.690199335548167,70.94156069364165,-7335.9495674947975,B_C,,,,,,,,,,,
P16422_and_Q86YT9,0.7113889981416653,0.727780593667616,0.2259264320904803,14.264953987730067,63.59836158192084,-888.352433331449,B_C,,,,,,,,,,,
P16422_and_Q6UXB1,0.7311893616641794,0.7270471784640002,0.24255306849765923,8.123029045643161,54.30861313868612,-3242.0847950328866,B_C,,,,,,,,,,,
P16422_and_O43597,0.6980132620748437,0.7269831042097699,0.3043235307918725,7.293589743589745,60.973089430894305,-824.5002898955463,B_C,,,,,,,,,,,
P16422_and_A0A087WT03,0.7485327466660441,0.7257571706412245,0.25633092314333566,7.334793187347939,73.74156716417912,-1180.2982349699957,B_C,,,,,,,,,,,
P16422_and_A6BM72,0.6489722325172569,0.7241966991332196,0.18316402662227682,11.394403669724754,63.53351190476188,-1195.45387026772,B_C,,,,,,,,,,,
P16422_and_Q6UWK7,0.7315669055835688,0.7217585841926928,0.2744855308021175,7.235411764705872,44.05455284552847,-373.3994401652442,B_C,,,,,,,,,,,
P16422_and_P18627,0.7016314689362265,0.7217467061199705,0.24847019561583245,7.13561403508771,69.80111111111111,-1813.613260598161,B_C,,,,,,,,,,,
P16422_and_P43632,0.7064700128457502,0.7211276129944794,0.23850515021471264,7.481914893617025,61.68563025210083,-1417.6268915453438,B_C,,,,,,,,,,,
P16422_and_Q9UQ26,0.6386856230493395,0.7209073019123894,0.41695541592375734,17.290530303030316,67.27334728033475,-2766.7152359839383,B_C,,,,,,,,,,,
P16422_and_Q9P2J2,0.6533913226204687,0.7207125021108626,0.0974439589645623,16.965978593272133,54.728952380952414,-1810.2290231065854,B_C,,,,,,,,,,,
P16422_and_Q8IWL1,0.709145247254539,0.7181756853267943,0.2289433742932266,10.57008086253368,76.99319327731092,-21764.09413674765,B_C,,,,,,,,,,,
P16422_and_Q49AH0,0.700862897769966,0.7139216540471146,0.19526996223078907,11.731288343558278,73.79487179487181,-2265.867449227604,B_C,,,,,,,,,,,
P16422_and_P12724,0.7311642873652999,0.7131555389225857,0.29058279797416003,7.215081521739136,77.03078125000002,-987.7618753667709,B_C,,,,,,,,,,,
P16422_and_Q9NPF0,0.6781412548288004,0.7129441033908128,0.06699400616116395,16.76733780760627,57.1300649350649,-6487.268899223422,B_C,,,,,,,,,,,
P16422_and_Q02297,0.6454772686884865,0.711344913357707,0.15857962781535773,13.98140703517591,66.86324468085108,-1661.1666698520348,B_C,,,,,,,,,,,
P16422_and_Q6JVE5,0.7258545078083053,0.7095753841392238,0.2918790362513355,4.786391437308866,73.25199999999998,-767.2967069577144,B_C,,,,,,,,,,,
P16422_and_O95274,0.6987728935257321,0.7094816855854653,0.3026282431440412,7.585395537525358,75.76549019607843,-1101.2661065851207,B_C,,,,,,,,,,,
P16422_and_P48745,0.6727095649131383,0.7080954022351378,0.1556651933382802,12.264349112426048,60.39898477157359,-3623.2518142080717,B_C,,,,,,,,,,,
P16422_and_P06241,0.6940895384870428,0.7079262267659591,0.2902229108472721,14.426341463414639,71.75663043478262,-2775.7496687546018,B_C,,,,,,,,,,,
P16422_and_Q68DV7,0.6486816380539566,0.707823596803917,0.12002806963069304,18.929166666666664,49.45218446601942,-1860.9825870082714,B_C,,,,,,,,,,,
P16422_and_A0A5B7,0.7325174568629106,0.7073622362738926,0.26269631211221933,9.170226130653266,62.8909090909091,-1071.5460717300084,B_C,,,,,,,,,,,
P16422_and_Q13231,0.7197975614158416,0.7068848060382802,0.15584427507756451,12.292811501597445,70.73463235294119,-4669.080828443379,B_C,,,,,,,,,,,
P16422_and_P29323,0.6612594172128778,0.7067742039549998,0.3832797684906647,21.089399293286196,73.64615658362992,-2190.161087673552,B_C,,,,,,,,,,,
P16422_and_Q30KQ7,0.7236442812489253,0.7048203899303129,0.15716462144498636,6.269462025316451,53.496915887850484,-1170.8282590759889,B_C,,,,,,,,,,,
P16422_and_Q8NFM7,0.65404480846338,0.7036431900681414,0.39637925449993655,16.686693548387076,70.67801652892561,-1679.7187229106312,B_C,,,,,,,,,,,
P16422_and_B4DS77,0.6540958377067954,0.7021279785461174,0.25631573710486777,8.047241379310353,63.801928571428576,-720.3016755518729,B_C,,,,,,,,,,,
P16422_and_Q9BX66,0.6225585030601226,0.7001276838588659,0.08639046182882948,17.107525773195878,57.488297872340404,-2541.46333017727,B_C,,,,,,,,,,,
P16422_and_O43508,0.6981639637100483,0.7000445292219032,0.32158677460477314,8.160426008968614,63.10077519379845,-1538.383107351524,B_C,,,,,,,,,,,
P16422_and_P07288,0.6842447989920846,0.6978605478392065,0.3904412944112065,10.891765873015864,52.06316129032259,-631.7203437790449,B_C,,,,,,,,,,,
P16422_and_P78310,0.6868235734500319,0.6957868476503314,0.1627845822488529,12.6922064777328,66.68570512820509,-7085.606127634093,B_C,,,,,,,,,,,
P16422_and_M5A8F1,0.7001156862581629,0.6936890448749602,0.3471073378493224,6.405134474327621,60.84551181102363,-801.2719310462871,B_C,,,,,,,,,,,
P16422_and_P49796,0.6216513531380824,0.693443270356118,0.3337488313685351,20.06823529411769,56.60625407166123,-5465.542628367402,B_C,,,,,,,,,,,
P16422_and_Q9P0L0,0.6850774620845413,0.6928777380383099,0.3102059417304642,7.926434426229511,74.89768749999999,-906.2831616732692,B_C,,,,,,,,,,,
P16422_and_Q9H208,0.7102757595858769,0.6924844264451679,0.3331927515498574,6.418065268065274,64.52354330708661,-1340.5659530893229,B_C,,,,,,,,,,,
P16422_and_Q9Y5E3,0.6760287405201255,0.6921865627006731,0.28848003897379076,12.363653136531362,61.712000000000046,-4788.312100045983,B_C,,,,,,,,,,,
P16422_and_Q9UKQ2,0.6620704180629075,0.6921018340823779,0.18240977055491261,15.399069767441876,56.64109523809524,-1801.495170692935,B_C,,,,,,,,,,,
P16422_and_P08118,0.7175278932142483,0.6916102448977632,0.3187679113164992,8.866539196940728,69.80256756756756,-1351.3078653205125,B_C,,,,,,,,,,,
P16422_and_P08217,0.6771209867544741,0.6890125681829724,0.35095572003237635,11.98122317596565,59.601319444444435,-2056.472334942091,B_C,,,,,,,,,,,
P16422_and_Q8IYD9,0.6503251255873718,0.6888210614319761,0.10379090111604931,13.857413249211337,51.24949999999997,-968.6721346093818,B_C,,,,,,,,,,,
P16422_and_Q8WWG1,0.6999805048000356,0.6881841186857769,0.23862130104700358,7.073948598130846,56.26844444444444,-933.7939413105789,B_C,,,,,,,,,,,
P16422_and_P10114,0.708877848948432,0.687185142619919,0.4298690344298906,8.662104283054013,76.63469512195121,-570.8737291051482,B_C,,,,,,,,,,,
P16422_and_Q9NRC9,0.7128210847113227,0.6857050158231114,0.18252938727608892,6.913231197771589,77.21868852459018,-1483.443371135924,B_C,,,,,,,,,,,
P16422_and_P25445,0.662244388480124,0.6844660497857433,0.17117219246122478,9.59489559164732,64.85493055555557,-2344.607152647627,B_C,,,,,,,,,,,
P16422_and_Q9UJZ1,0.6617453282396348,0.6832970064004988,0.28773048501178883,8.566236559139778,73.15272727272726,-923.1213826421908,B_C,,,,,,,,,,,
P16422_and_P01766,0.7093145261044363,0.6830092108533918,0.32528545970619205,5.2990974729241875,86.90783132530119,-691.6709418887735,B_C,,,,,,,,,,,
P16422_and_Q8J025,0.6965370190146919,0.68281636809156,0.3633708087329597,9.102544910179653,63.54047619047617,-1856.9777277869962,B_C,,,,,,,,,,,
P16422_and_Q86UR1,0.6537652019334241,0.6824892977016762,0.24079887314250442,11.967611026033701,72.77288659793813,-884.933738462265,B_C,,,,,,,,,,,
P16422_and_A0A0B4J245,0.6998447180784824,0.6823284146431964,0.40832289793898313,5.099450549450544,71.41272727272724,-1137.8978247971518,B_C,,,,,,,,,,,
P16422_and_O75365,0.705332629000909,0.6810156018698643,0.30044310729951385,8.200310559006219,75.24652482269504,-849.8567931322902,B_C,,,,,,,,,,,
P16422_and_P10966,0.6859185608701707,0.6808003539107507,0.22251019191992225,6.11490963855422,68.95035714285714,-930.2676875751418,B_C,,,,,,,,,,,
P16422_and_Q92681,0.6217981462721752,0.6797468331938827,0.20709526127541072,9.904297994269347,46.068706896551724,-1116.3837335737626,B_C,,,,,,,,,,,
P16422_and_P11464,0.6725152763875161,0.6740319763054817,0.35646883012386743,11.383616298811543,78.4543016759777,-10276.45903940171,B_C,,,,,,,,,,,
P16422_and_Q13007,0.6866860975331855,0.6726389637877995,0.2621527631780228,7.664772727272726,74.26587155963298,-481.5502591955219,B_C,,,,,,,,,,,
P16422_and_P01242,0.6878956146808303,0.6719524756042585,0.12549035895004684,11.620938215102965,71.04107594936711,-1181.6454295972308,B_C,,,,,,,,,,,
P16422_and_Q9BQB4,0.6552407125263466,0.6709028514178925,0.17608681673660642,10.154282655246242,60.771549295774655,-793.8438444934427,B_C,,,,,,,,,,,
P16422_and_P26717,0.6716860427122465,0.6708637149342443,0.1988799592734867,6.5299392097264395,76.29283185840707,-1278.9019593949674,B_C,,,,,,,,,,,
P16422_and_A1E959,0.6397420106964268,0.6703083134356462,0.10617776856843969,14.09550359712228,39.70043209876544,-752.862342309305,B_C,,,,,,,,,,,
P16422_and_P02778,0.6946732124515309,0.6683911057143818,0.2375988698960154,7.562032085561503,61.08578947368424,-1422.3268709695362,B_C,,,,,,,,,,,
P16422_and_P98172,0.6528455789371337,0.6676901703008886,0.17410363723226518,13.362543252595165,62.725595238095266,-1356.4033926842294,B_C,,,,,,,,,,,
P16422_and_Q8IUK5,0.6479191570911007,0.6664221961360807,0.25799390535741207,11.285570469798653,67.2075,-1468.3982356450506,B_C,,,,,,,,,,,
P16422_and_A0A087WT01,0.6963109767466645,0.6657012128984786,0.29498053319362916,9.14926004228331,69.38644444444446,-1384.7179069363588,B_C,,,,,,,,,,,
P16422_and_P01909,0.6760523647312963,0.6646839049947371,0.21014681507696736,7.571543778801839,68.31669172932332,-512.0171412039031,B_C,,,,,,,,,,,
P16422_and_P49768,0.628919327069425,0.6646429748299918,0.3060352979221561,15.559486373165615,62.750239043824664,-2642.822888917037,B_C,,,,,,,,,,,
P16422_and_Q14699,0.6485253761461917,0.6624609783387522,0.2734098683830483,10.757175226586108,68.88757575757579,-2156.4601028157012,B_C,,,,,,,,,,,
P16422_and_Q02509,0.6315499060912517,0.6622236858441064,0.1687593455705163,18.020040485829963,62.222761904761924,-4858.299802331887,B_C,,,,,,,,,,,
P16422_and_A0A075B6R0,0.688962524799719,0.6617129390616512,0.2515262048660874,7.905870841487274,68.86013422818795,-1312.28373223719,B_C,,,,,,,,,,,
P16422_and_Q92823,0.6250998980763937,0.6615180275629906,0.17452458569935636,10.817677824267776,63.99800000000001,-2317.644344170709,B_C,,,,,,,,,,,
P16422_and_A0A0B4J1V2,0.6912351273258648,0.6612043504845673,0.311388392359207,5.777256944444445,79.79182795698927,-771.0455355417258,B_C,,,,,,,,,,,
P16422_and_O60687,0.6397303453132439,0.6589277583433207,0.27124792056696584,7.965686274509809,79.75868421052633,-1934.940329529264,B_C,,,,,,,,,,,
P16422_and_P61224,0.6809673449025642,0.6584225445627956,0.3834548448655936,9.223009708737864,75.99800000000002,-500.8699608957988,B_C,,,,,,,,,,,
P16422_and_P12314,0.6567006378984297,0.6580417029102968,0.16499513625950743,7.190566037735843,71.27197802197803,-950.121304922006,B_C,,,,,,,,,,,
P16422_and_Q6UXU0,0.6578422212877587,0.6575320434200084,0.22185780173706693,9.262891344383052,37.54728,-564.3738291937207,B_C,,,,,,,,,,,
P16422_and_P24592,0.6406320115134749,0.6567334871744859,0.3305675467799817,21.689650537634396,66.65278409090908,-1987.3546791826666,B_C,,,,,,,,,,,
P16422_and_Q14728,0.6863453462349198,0.6565141124641243,0.1703409418892547,10.712334217506637,73.20286821705429,-16095.849746072618,B_C,,,,,,,,,,,
P16422_and_Q14116,0.6726141368006687,0.6550270743582132,0.20010220899484224,8.751470588235284,70.93472000000003,-597.4923962487256,B_C,,,,,,,,,,,
P16422_and_Q9C004,0.634152094389879,0.6545239894819134,0.20080117875358994,7.342286501377407,55.18969387755104,-1429.1876696710497,B_C,,,,,,,,,,,
P16422_and_Q8IYS5,0.6540405619225234,0.6543477487072025,0.2839470208303278,9.663055062166958,72.77699999999996,-1439.9893647342637,B_C,,,,,,,,,,,
P16422_and_O75339,0.6624894670481111,0.6540918513739062,0.1577169131432758,15.134536082474208,69.85199999999998,-3376.4510413186363,B_C,,,,,,,,,,,
P16422_and_A8MUN3,0.6654881204981692,0.6537503863391597,0.11808346351827763,8.79894613583138,51.04873949579832,-771.6097711300581,B_C,,,,,,,,,,,
P16422_and_P0DOX6,0.6178623397550658,0.6530153252345574,0.28557421253793747,9.766077441077453,58.06369047619046,-2473.0247058241293,B_C,,,,,,,,,,,
P16422_and_Q6UWE3,0.6728191305299345,0.6530054641140501,0.1981250065383775,10.697594142259412,63.19309859154934,-814.1865700754329,B_C,,,,,,,,,,,
P16422_and_P04278,0.6688021857089179,0.6493491350350933,0.20606955805370075,7.306916996047429,77.20258426966294,-862.8800818554487,B_C,,,,,,,,,,,
P16422_and_A0A075B6I4,0.6777495309363102,0.648921983117797,0.4709308335179399,9.816624203821647,72.59705263157892,-627.7463470705843,B_C,,,,,,,,,,,
P16422_and_A0A0B4J275,0.6796849790677906,0.6474460795209752,0.2949313367429335,9.240373280943015,73.26966442953017,-590.1406363196306,B_C,,,,,,,,,,,
P16422_and_Q9UKR0,0.668776965955106,0.6472592444068656,0.22877543682469226,9.502878464818775,70.24668874172184,-3483.352454707307,B_C,,,,,,,,,,,
P16422_and_P11912,0.6455124165894813,0.6464333819681815,0.22161651171495408,8.749189814814812,73.77939597315435,-619.3282479516483,B_C,,,,,,,,,,,
P16422_and_O95049,0.5998235756358005,0.6463904687174966,0.3024671627850666,20.060393258426977,61.905846774193506,-3167.786180325813,B_C,,,,,,,,,,,
P16422_and_A0A075B6I1,0.6783476961094995,0.6456030562292465,0.26101676630541,9.324335378323108,73.09109677419356,-1362.666964259227,B_C,,,,,,,,,,,
P16422_and_Q12974,0.6733853492906405,0.6451920127321698,0.27656454413991455,8.802136752136743,73.30343065693431,-975.722788827071,B_C,,,,,,,,,,,
P16422_and_A0A2R8Y4Y8,0.6620273886301425,0.6444915194136722,0.22734834349870953,5.649227799227794,76.66302325581395,-608.6630310852875,B_C,,,,,,,,,,,
P16422_and_Q6ZQN7,0.6549939974471256,0.6443447580002302,0.1622008163722256,12.041564792176057,62.427172413793095,-1746.7246643421358,B_C,,,,,,,,,,,
P16422_and_P40238,0.6370484757576318,0.6437583808051641,0.14027342924645805,13.608472998137787,65.79343373493975,-3600.4950978126762,B_C,,,,,,,,,,,
P16422_and_O95859,0.6504832172701014,0.6437110127230328,0.20860389342666646,12.702947154471557,71.20803030303031,-8587.940224042623,B_C,,,,,,,,,,,
P16422_and_Q96KW9,0.6324446916350347,0.6420538891919095,0.13906113481361343,11.662362030905067,34.069565217391315,-658.736841599628,B_C,,,,,,,,,,,
P16422_and_Q6UWB4,0.6490927076076242,0.6404823441378698,0.2676045389038066,10.25267857142858,62.502091836734664,-1882.5450262305549,B_C,,,,,,,,,,,
P16422_and_Q99706,0.6311048806636459,0.6404641122592745,0.20527385533932616,8.258026315789467,72.3576271186441,-1170.5842088555473,B_C,,,,,,,,,,,
P16422_and_P01920,0.6342253342772717,0.6396511326133426,0.2850341016572381,12.6587956698241,71.3517948717949,-1095.5181736563886,B_C,,,,,,,,,,,
P16422_and_Q96ID5,0.6148426412125183,0.6393681609169342,0.19954250013705443,16.614975845410672,65.72372093023255,-1495.3059782883074,B_C,,,,,,,,,,,
P16422_and_P08311,0.6243849654343383,0.6393117079881456,0.30085079157615513,12.711733333333333,64.43671532846714,-1839.336132607475,B_C,,,,,,,,,,,
P16422_and_P28908,0.5889121766783073,0.6377287828215407,0.20204449846163064,16.26874999999996,61.53057268722467,-4409.596599490433,B_C,,,,,,,,,,,
P16422_and_Q96B86,0.6313155868456496,0.6370943983953632,0.2735072200130737,12.984012219959274,75.08464968152866,-2203.2800407002146,B_C,,,,,,,,,,,
P16422_and_O94898,0.6223329000860769,0.6366382675705837,0.1077783570378082,11.906050955414006,71.59944444444444,-2838.735652237763,B_C,,,,,,,,,,,
P16422_and_Q9Y5K2,0.6413181500113391,0.6363758667466288,0.2769395305312459,9.027897574123992,69.0922834645669,-4605.784301980245,B_C,,,,,,,,,,,
P16422_and_Q7Z6P3,0.58386163546165,0.635916234883718,0.2668301205836809,15.69568965517242,71.11479797979798,-1129.1233170535415,B_C,,,,,,,,,,,
P16422_and_Q8NEU8,0.6146282473796318,0.6357817277665307,0.2385159742835349,11.049107142857155,67.80087301587302,-1006.4124015131974,B_C,,,,,,,,,,,
P16422_and_A0A0B4J240,0.6671778187768986,0.6337123486523466,0.2117658569969624,8.616898148148152,62.66213740458012,-838.716386362564,B_C,,,,,,,,,,,
P16422_and_P00738,0.648471493287158,0.6309784173951019,0.16411816329692014,9.165427927927935,67.28321167883213,-1072.6114633381676,B_C,,,,,,,,,,,
P16422_and_P40933,0.6532049000990817,0.6292735953701492,0.2725792271203098,9.51650831353918,65.39530303030305,-1000.0622621582322,B_C,,,,,,,,,,,
P16422_and_Q9BSW2,0.5853978836533339,0.6284060603563871,0.16249032478729747,13.368665377176017,69.63867052023117,-2242.896649518727,B_C,,,,,,,,,,,
P16422_and_P08218,0.6301671802158363,0.6281004904857849,0.2065917328811676,10.972781774580346,59.39978260869564,-1298.2393025498636,B_C,,,,,,,,,,,
P16422_and_Q13316,0.5800904741348134,0.6279879973187528,0.10105052556893539,11.866923076923085,22.888771929824554,-1220.481328673839,B_C,,,,,,,,,,,
P16422_and_O60568,0.6616747644074049,0.6257618553370027,0.14800367424697874,11.455092592592575,73.04512605042018,-835.881336860358,B_C,,,,,,,,,,,
P16422_and_O95977,0.6377722584092237,0.6237400865370955,0.10434789481655703,16.8111617312073,53.148230769230786,-3715.7795735758878,B_C,,,,,,,,,,,
P16422_and_P37023,0.6190027316955087,0.6232917234659758,0.23844459215769914,10.207157057654062,70.13113772455092,-1855.8652692469777,B_C,,,,,,,,,,,
P16422_and_Q7Z3B1,0.6191735892263845,0.6212299782372148,0.19354896565039909,9.579947229551454,66.12855855855855,-543.2071401676012,B_C,,,,,,,,,,,
P16422_and_A0A0C4DH73,0.6548073520928943,0.620231232783704,0.29399881943302647,12.095864661654113,64.69653179190749,-1320.7086283016204,B_C,,,,,,,,,,,
P16422_and_Q9GZN4,0.628991500919269,0.6196635211813408,0.3074733192530048,8.24324644549764,57.750694444444434,-3577.23636072688,B_C,,,,,,,,,,,
P16422_and_A0A075B6S6,0.6539736689763753,0.6186386094103691,0.26357026237624037,12.290729483282654,63.39656804733727,-1747.6658445364465,B_C,,,,,,,,,,,
P16422_and_Q641Q2,0.5524766092854714,0.6179718925431545,0.08078742817079468,15.14080604534005,38.26589285714285,-1794.7692775510368,B_C,,,,,,,,,,,
P16422_and_A0A075B6Q5,0.6526660252755518,0.6163087833339888,0.23370208624898806,9.814179104477619,66.32557142857142,-914.4673081998892,B_C,,,,,,,,,,,
P16422_and_Q15762,0.6224476405447302,0.6159111805436697,0.33692567760437603,8.964953271028037,76.85999999999994,-987.4014632287135,B_C,,,,,,,,,,,
P16422_and_P10646,0.6022160851948538,0.6150091830848707,0.17054104808474635,15.69437499999999,58.16508287292818,-1458.869445638904,B_C,,,,,,,,,,,
P16422_and_Q9H293,0.6303609764961859,0.6147003692651756,0.08996715573648,14.103164556962053,64.52446043165472,-1292.6912235025302,B_C,,,,,,,,,,,
P16422_and_A6NGN9,0.6199643793842097,0.6109296889830972,0.3617278792476231,14.016444073455764,67.1167045454546,-2154.886893570024,B_C,,,,,,,,,,,
P16422_and_P08238,0.6155698294742569,0.6106934803324154,0.07082141040273328,13.952552552552541,56.99014814814815,-4999.257001466571,B_C,,,,,,,,,,,
P16422_and_Q9UIQ6,0.6290585619970904,0.6085932950337797,0.5166900001228346,22.955395348837225,67.03330396475768,-8873.337064734187,B_C,,,,,,,,,,,
P16422_and_Q86X52,0.6106299551349653,0.6083003661597917,0.24131093929269584,15.73907849829352,71.7316091954023,-3235.044215020601,B_C,,,,,,,,,,,
P16422_and_P56817,0.6189697855596261,0.607261506103484,0.3727663402762743,13.150681431005129,61.01327956989244,-6642.326078540231,B_C,,,,,,,,,,,
P16422_and_Q96BD0,0.6256695582875332,0.6067219926178478,0.0559566858322514,15.714252336448606,59.52644444444447,-1734.6366745335345,B_C,,,,,,,,,,,
P16422_and_Q99985,0.633710684327952,0.6051209805175483,0.2602799331244681,11.727973568281941,76.49065359477125,-1361.4350689777705,B_C,,,,,,,,,,,
P16422_and_P06276,0.6426090502285329,0.6050043030707544,0.16461202146767526,14.486677908937594,73.59743589743589,-2189.6866144186924,B_C,,,,,,,,,,,
P16422_and_O00592,0.5560589856398577,0.6024330894806483,0.2325171508520035,19.825257731958754,45.23097435897437,-2371.607092872273,B_C,,,,,,,,,,,
P16422_and_P01903,0.6191772259509717,0.60188362517116,0.26982923199250947,7.3901960784313845,71.62783999999999,-2990.776368426512,B_C,,,,,,,,,,,
P16422_and_O95980,0.5987979213928376,0.601680716428642,0.09021100147966071,21.340473372781045,46.95274809160304,-9575.256278039145,B_C,,,,,,,,,,,
P16422_and_Q9Y2D5,0.5415086362297933,0.6009060022257537,0.1894649680959175,18.30639044943822,59.3632402234637,-1291.075210420444,B_C,,,,,,,,,,,
P16422_and_Q7Z699,0.5773465441825676,0.59859687093604,0.24425966553961687,17.462859195402338,66.44015306122448,-3360.93439464555,B_C,,,,,,,,,,,
P16422_and_P0C7N5,0.622775295443864,0.5964143502564317,0.2954174550037394,8.279045092838194,62.29512605042015,-2026.7182159475358,B_C,,,,,,,,,,,
P16422_and_Q92187,0.620051090443735,0.5963136275198723,0.2387529418719103,12.292068965517256,72.80703448275861,-3395.3979553333857,B_C,,,,,,,,,,,
P16422_and_P16471,0.5508082458453866,0.596069585045506,0.34466848245366843,20.05915841584161,68.8214159292036,-2259.3994537058315,B_C,,,,,,,,,,,
P16422_and_A0A5B6,0.6343207281869463,0.5948840960737581,0.20518396400620936,9.527002288329516,60.230077519379854,-883.6596785723423,B_C,,,,,,,,,,,
P16422_and_P19957,0.6173770241407317,0.5939292020788751,0.257677458956453,8.172063037249277,65.53036036036038,-645.9139110275873,B_C,,,,,,,,,,,
P16422_and_A0A0C4DH27,0.6275672295362853,0.5935867407598802,0.2298026027941913,9.529436325678507,70.39294964028778,-820.2029653369415,B_C,,,,,,,,,,,
P16422_and_Q13255,0.5786064717055976,0.5922511252984125,0.15374808020155845,13.34272517321016,68.70489510489509,-1908.9996938606782,B_C,,,,,,,,,,,
P16422_and_P05997,0.5358381774795055,0.59027017256469,0.19177796503353317,18.53046357615895,64.70317204301078,-6249.67600427533,B_C,,,,,,,,,,,
P16422_and_Q95460,0.6017668871592621,0.5902175161712864,0.18956682005585848,13.0277185501066,63.733262411347525,-4154.0821603830245,B_C,,,,,,,,,,,
P16422_and_Q9GZV9,0.5994868123713548,0.5899442623718276,0.3124349007015209,10.009504132231404,77.18684210526318,-870.4339018237979,B_C,,,,,,,,,,,
P16422_and_O15130,0.6121487285387743,0.5899238037548348,0.15218661784188472,12.518241042345288,45.49390070921986,-380.7683886239756,B_C,,,,,,,,,,,
P16422_and_P50552,0.5738253091007584,0.5897625706661471,0.35265866742262997,9.77966292134831,77.69577235772356,-1084.536944625117,B_C,,,,,,,,,,,
P16422_and_Q8NCC3,0.6267895653203812,0.5896935819843253,0.24594832507126438,8.746674311926604,62.63957142857145,-425.41608414770724,B_C,,,,,,,,,,,
P16422_and_P19823,0.5920837106036339,0.5872150417944324,0.1433202463281591,15.947829861111094,55.89111801242238,-4703.709525655954,B_C,,,,,,,,,,,
P16422_and_O95868,0.6082252252682055,0.5867761147297007,0.10796776837735018,12.759579831932772,50.85925925925926,-524.8432112879073,B_C,,,,,,,,,,,
P16422_and_Q96Q06,0.5359861145707953,0.5856143706351641,0.12482759514404292,15.418628912071531,55.19970873786407,-3337.1360074884724,B_C,,,,,,,,,,,
P16422_and_Q01524,0.6178822810468735,0.5850275791631868,0.2507422333327722,8.674999999999995,51.50308270676693,-928.2914563408976,B_C,,,,,,,,,,,
P16422_and_A6NHA9,0.6175698758766847,0.5849332508720307,0.13770050305410123,10.172695035460992,65.88807692307692,-1382.529429325845,B_C,,,,,,,,,,,
P16422_and_P04808,0.5979832473612795,0.5843274345580127,0.25596944917259373,9.819019607843144,60.016216216216186,-814.814398986693,B_C,,,,,,,,,,,
P16422_and_P32926,0.5482714353965548,0.5838218210408636,0.3631687854642539,13.410975609756093,76.04682352941177,-2250.413333776036,B_C,,,,,,,,,,,
P16422_and_P10636,0.5359313438793717,0.5837799553048654,0.09447924646545922,13.723676248108912,44.54406666666668,-1745.4183624816214,B_C,,,,,,,,,,,
P16422_and_Q14574,0.5581931331256147,0.583317272156264,0.17792099075881224,15.268286219081267,66.32024691358023,-14653.802872010783,B_C,,,,,,,,,,,
P16422_and_Q19T08,0.5778061712824302,0.5829118393921171,0.2336608628482479,8.736627906976741,27.168658536585358,-3220.270489852106,B_C,,,,,,,,,,,
P16422_and_A0A0J9YX35,0.623019306182562,0.5827454812326652,0.27124358361308065,7.0422261484099,82.71022222222227,-916.5999783372043,B_C,,,,,,,,,,,
P16422_and_P24158,0.5987401211449913,0.5824314020928656,0.22413614452066882,9.481944444444432,66.4686440677966,-1402.6544442826785,B_C,,,,,,,,,,,
P16422_and_Q06828,0.6045210799127081,0.5805384047274258,0.24175391405361304,11.979895561357695,43.29936170212768,-2775.4597957640917,B_C,,,,,,,,,,,
P16422_and_Q86UK5,0.5831979043342587,0.5790009436781888,0.09349703387589073,16.355420054200557,64.75492187500001,-9819.371914762618,B_C,,,,,,,,,,,
P16422_and_Q00887,0.5794756707242357,0.5788143865586537,0.14342918141287625,11.3609907120743,71.40062500000005,-1158.4481748971973,B_C,,,,,,,,,,,
P16422_and_Q9UHG2,0.5727905455398123,0.5787802637615718,0.1448887896038198,13.278492647058814,50.471960784313715,-571.4052233416296,B_C,,,,,,,,,,,
P16422_and_Q8TD46,0.5817340186132889,0.5786818816772455,0.22236053115068635,10.1952182952183,73.25520547945207,-1290.3858414149508,B_C,,,,,,,,,,,
P16422_and_Q9P0L2,0.5635761812988269,0.5784146712838514,0.13655300388929728,15.632801822323467,61.50078313253014,-2123.383589013829,B_C,,,,,,,,,,,
P16422_and_P00739,0.5996268018721332,0.5782800656465903,0.12351173994622447,10.4915601023018,66.6519083969466,-758.2942428627352,B_C,,,,,,,,,,,
P16422_and_Q8WWZ1,0.615862350624392,0.5777816525035251,0.211938464084333,11.168124999999987,68.15787671232876,-985.3005802054618,B_C,,,,,,,,,,,
P16422_and_P56746,0.5860103013990284,0.5773182627467927,0.12309420954290572,11.85978043912175,55.70167999999998,-1023.332179025112,B_C,,,,,,,,,,,
P16422_and_Q99645,0.5841263340806309,0.5768704917813177,0.2076506951326093,14.085026737967896,67.87067484662577,-7512.287981046427,B_C,,,,,,,,,,,
P16422_and_Q8TEW0,0.5227142425435355,0.574275833492351,0.21013841600077895,18.55786106032905,56.279075144508646,-11868.296221332304,B_C,,,,,,,,,,,
P16422_and_A0A075B6H7,0.616487958974848,0.5738789678923626,0.3517565874711704,9.840402193784271,70.84378048780488,-1769.095746945934,B_C,,,,,,,,,,,
P16422_and_P04920,0.5656193417553425,0.5738144371390662,0.21205883016870103,20.63667711598747,67.65718918918917,-4687.800256849187,B_C,,,,,,,,,,,
P16422_and_P31994,0.5802689130245161,0.5732656289732707,0.03253969147172035,9.894160583941604,64.54451612903225,-801.3497549975955,B_C,,,,,,,,,,,
P16422_and_Q6UXH8,0.5578202557853089,0.5719575855244392,0.11242757756887901,12.351754385964899,65.38508982035928,-1372.2786326432706,B_C,,,,,,,,,,,
P16422_and_B7Z8K6,0.6002168568789162,0.5714665408479584,0.25295230518078227,14.043939393939388,58.31503267973853,-2263.987625744602,B_C,,,,,,,,,,,
P16422_and_P01034,0.6014955417618526,0.5700915039951038,0.22490649531636817,12.53671052631578,65.16466101694913,-8646.702619307634,B_C,,,,,,,,,,,
P16422_and_O95428,0.5328655537874877,0.5689673504811039,0.15802026918679585,17.301534733441052,65.2490340909091,-6610.886541384301,B_C,,,,,,,,,,,
P16422_and_Q9Y2Y6,0.5848613149381934,0.5681001176776691,0.1287593965503515,16.781818181818206,63.82865671641789,-2051.290651666204,B_C,,,,,,,,,,,
P16422_and_P08185,0.6006762094111741,0.566714475569873,0.1392197028695674,13.461066398390347,69.63062857142852,-1020.1779511818991,B_C,,,,,,,,,,,
P16422_and_Q14114,0.5348549607030113,0.5663586746328578,0.1992619935787296,22.18648459383753,57.890743801652896,-4028.49558861876,B_C,,,,,,,,,,,
P16422_and_P07900,0.5790044494141002,0.5659752099979625,0.054767926645019796,15.744947735191639,52.818870967741944,-3182.3761868327892,B_C,,,,,,,,,,,
P16422_and_Q6UW88,0.578773980468174,0.5652302947308332,0.1249733655059834,12.282389162561572,44.53963302752293,-921.9104724793651,B_C,,,,,,,,,,,
P16422_and_Q86SJ6,0.5325117640680143,0.5652166295655434,0.38705343659066765,15.488243626062275,65.15742105263156,-14603.301249935597,B_C,,,,,,,,,,,
P16422_and_Q9UMD9,0.5104091746501216,0.5649358093012511,0.11812688458771856,21.34199363732767,49.99583333333334,-1545.9960699317162,B_C,,,,,,,,,,,
P16422_and_Q9HBG7,0.5229759712627653,0.5642873400758436,0.10714297161757329,15.478364565587752,51.76387978142077,-2153.857750686937,B_C,,,,,,,,,,,
P16422_and_Q14940,0.5462325528598829,0.5641138157458732,0.10214625147587104,17.665112540192933,45.86005714285716,-3223.5441418556366,B_C,,,,,,,,,,,
P16422_and_P0DPF7,0.6030156764769496,0.5638974665869843,0.17415965134508532,10.472340425531906,61.51584745762711,-988.2724809432618,B_C,,,,,,,,,,,
P16422_and_A0A0J9YXY3,0.6030156764769496,0.5638974665869843,0.17415965134508532,10.472340425531906,61.51584745762711,-988.2724809432618,B_C,,,,,,,,,,,
P16422_and_P55285,0.5369258513828228,0.5629201952350922,0.21038339991515206,15.053583916083925,70.29323699421967,-1656.9448274100723,B_C,,,,,,,,,,,
P16422_and_Q02325,0.6095309656758275,0.5626686893127858,0.19715287682388768,8.416269841269834,65.93292682926827,-373.68936199961377,B_C,,,,,,,,,,,
P16422_and_Q8N3F8,0.5245288872146685,0.5623072489001683,0.2679809598484555,17.764159292035405,58.82819672131147,-1698.1920543757224,B_C,,,,,,,,,,,
P16422_and_P21728,0.5760725152085805,0.5613197655115802,0.14133559525797765,13.430861244019134,70.2724285714286,-3570.589002808635,B_C,,,,,,,,,,,
P16422_and_Q7RTY9,0.5843921998122872,0.5609978343597817,0.2863121596388266,10.162226640159036,70.38431250000002,-1411.2753194862607,B_C,,,,,,,,,,,
P16422_and_A6NIZ1,0.5936549440414498,0.5609773100737266,0.26876288163894774,12.18198757763977,75.32886666666666,-1604.000369102369,B_C,,,,,,,,,,,
P16422_and_Q8N302,0.5242076726765803,0.5609679183698599,0.1618875444151705,18.091198501872675,55.35370370370372,-12867.618431393566,B_C,,,,,,,,,,,
P16422_and_Q9P0K9,0.5729493752223083,0.5598046261555104,0.05311484486017805,14.512386706948652,60.189056603773594,-12618.121438035098,B_C,,,,,,,,,,,
P16422_and_Q7Z2R9,0.5889601685991125,0.559801308060993,0.1070951824002963,13.226458752515104,37.95227272727271,-1683.6188581485403,B_C,,,,,,,,,,,
P16422_and_Q2L4Q9,0.5950980192600491,0.5595625202199995,0.16219114715576713,14.557900677200925,54.72025316455697,-1956.1731151287354,B_C,,,,,,,,,,,
P16422_and_P23946,0.5581988884523006,0.5571375318581102,0.3255381627642067,16.26890495867769,59.524081632653015,-3560.636363357222,B_C,,,,,,,,,,,
P16422_and_Q8IXS8,0.5534132677221878,0.5569829784165122,0.1356855187631141,14.99988151658768,71.01863636363638,-16234.367599252095,B_C,,,,,,,,,,,
P16422_and_Q9NP70,0.532276640030172,0.5568509746944056,0.07306399946825423,14.655833333333325,48.27198830409358,-1900.6844044120953,B_C,,,,,,,,,,,
P16422_and_P01715,0.5875889886075244,0.5553831285597564,0.23856423142271743,13.665904761904766,69.99894736842106,-962.4073577888081,B_C,,,,,,,,,,,
P16422_and_Q9NS15,0.5087708234693743,0.5548430248742539,0.14726638732533356,20.42786752827139,54.854816513761435,-2938.3803737442067,B_C,,,,,,,,,,,
P16422_and_P17706,0.572360623241289,0.5541359072029668,0.3554987571264086,17.50305343511451,70.2861170212766,-1560.8414213759188,B_C,,,,,,,,,,,
P16422_and_Q6ZWB6,0.5254073114203921,0.5539692212744831,0.22533743113934365,23.49223194748364,60.29271493212664,-1349.6870061605132,B_C,,,,,,,,,,,
P16422_and_P60568,0.5936442627253499,0.5530007501422665,0.18358464731083443,13.596530612244903,58.74181159420288,-2650.9935095414394,B_C,,,,,,,,,,,
P16422_and_P61626,0.5771868208756168,0.5527852632839365,0.2882510922202543,10.855774278215225,65.98384615384614,-401.4666625657479,B_C,,,,,,,,,,,
P16422_and_Q8WVF1,0.5801492475532946,0.551967836955213,0.04807121224016053,14.912807017543864,59.17216666666666,-1061.4900595521913,B_C,,,,,,,,,,,
P16422_and_P01042,0.518605198269107,0.5518750987780514,0.09874349055147576,21.112333965844392,60.50536144578316,-3830.1307199909024,B_C,,,,,,,,,,,
P16422_and_P07093,0.5895734635849943,0.551853023261919,0.188341219371519,11.314837905236914,64.56238805970148,-961.1680828338467,B_C,,,,,,,,,,,
P16422_and_O14960,0.5920134007399944,0.5495677119780841,0.20255895282882463,8.756906906906911,79.98,-2522.2701591123573,B_C,,,,,,,,,,,
P16422_and_Q14126,0.5157003569133226,0.5493924554733765,0.23941182941980022,15.062755905511803,69.94737430167594,-8877.035396993691,B_C,,,,,,,,,,,
P16422_and_P07384,0.5733093963507436,0.5480092072401777,0.19355963813690866,16.526282051282045,54.90866666666667,-3346.084324839864,B_C,,,,,,,,,,,
P16422_and_P14138,0.5452739667465386,0.5475385781182085,0.12989263011540356,12.403586065573782,42.069661016949155,-1837.5957002278665,B_C,,,,,,,,,,,
P16422_and_O94856,0.5266844518096485,0.5473036429626335,0.16978255650434107,16.946360485268634,64.05761111111111,-3483.852503052214,B_C,,,,,,,,,,,
P16422_and_P0C646,0.5755720806709558,0.5464289926759197,0.24910658511569095,9.745087336244527,66.04720588235294,-2234.25646957095,B_C,,,,,,,,,,,
P16422_and_Q9UGM5,0.5724505723943418,0.5457029284545326,0.15225338050479056,10.791536458333328,68.19527131782945,-1243.659306072344,B_C,,,,,,,,,,,
P16422_and_Q8TAA9,0.5322263591354823,0.5445144777230599,0.12302427401747966,14.058711217183767,40.60108333333335,-2013.0955349024198,B_C,,,,,,,,,,,
P16422_and_Q9Y2I2,0.5350603213631461,0.54396192283885,0.2438740207567123,17.13597811217511,67.99989473684211,-1594.0873049618303,B_C,,,,,,,,,,,
P16422_and_O76096,0.5789791718025975,0.5436989743622823,0.21407807556000702,8.893709677419354,76.42794392523365,-1655.2257220822419,B_C,,,,,,,,,,,
P16422_and_O95972,0.5588422245010894,0.5436568727938571,0.17470431916251455,13.78977072310406,65.86056250000001,-1405.3184052014112,B_C,,,,,,,,,,,
P16422_and_P21583,0.5541505543341461,0.5423892875986163,0.22929667877780266,10.613526570048293,65.32728813559322,-999.6754596633587,B_C,,,,,,,,,,,
P16422_and_A0A0B4J1V0,0.5884034923538256,0.5423637023287694,0.35296242238929526,8.712103746397695,82.77485436893205,-1108.6400701394987,B_C,,,,,,,,,,,
P16422_and_Q9BXC9,0.5641845308371346,0.5421789812916166,0.05796491194027306,13.820680628272251,61.592121212121214,-1282.6322681066,B_C,,,,,,,,,,,
P16422_and_Q15256,0.5340870497735853,0.5416296524472299,0.15864172155168005,14.33117816091954,70.76566433566435,-1353.5632400882423,B_C,,,,,,,,,,,
P16422_and_P16870,0.5818602979089861,0.5413363740732794,0.19742905060814386,11.783602150537632,73.70541353383462,-817.2123081758639,B_C,,,,,,,,,,,
P16422_and_Q15517,0.5135199085470836,0.5403259621694434,0.06360299398133125,16.19137447405329,47.060954773869334,-1337.843900664011,B_C,,,,,,,,,,,
P16422_and_O75128,0.48924109961500867,0.5387264148779192,0.15125850653452472,18.506382978723398,60.08529100529101,-3081.027184792183,B_C,,,,,,,,,,,
P16422_and_A0A0C4DH55,0.5841085416843557,0.5375678141251387,0.26092061750623613,11.219609665427502,66.11894736842105,-617.530641502054,B_C,,,,,,,,,,,
P16422_and_Q4QY38,0.5870198841931384,0.5374005658345378,0.11795109641469692,9.101886792452838,50.820181818181815,-520.1064651078543,B_C,,,,,,,,,,,
P16422_and_Q6NUI6,0.5306450320040605,0.5371808371908102,0.16539016506389267,18.545102040816325,52.893802083333334,-4033.117838956546,B_C,,,,,,,,,,,
P16422_and_P02771,0.5681564300214079,0.5361481479894152,0.19948155576972215,17.682192982456115,66.84794117647058,-3691.537604099251,B_C,,,,,,,,,,,
P16422_and_Q86WV1,0.5246416180871739,0.5359096454835355,0.22117221146066807,17.163687150837976,63.70128342245989,-577.3077262697079,B_C,,,,,,,,,,,
P16422_and_Q9H228,0.5578106775379587,0.5353160586510286,0.1486729154080198,12.938539042821153,64.5442372881356,-5188.350822015517,B_C,,,,,,,,,,,
P16422_and_Q96NZ8,0.510947067788762,0.5348428466621185,0.2807827932004001,18.678524124881733,59.345903614457825,-2701.172727113939,B_C,,,,,,,,,,,
P16422_and_Q07654,0.5812599882235607,0.5337601052607509,0.09824985802223134,10.00864197530864,58.67423529411762,-705.8706664798084,B_C,,,,,,,,,,,
P16422_and_P78410,0.5460550198142868,0.5328550283723137,0.13991384841062274,10.621932515337427,74.51594827586209,-1173.0562125012875,B_C,,,,,,,,,,,
P16422_and_Q8NFA2,0.5164685892184881,0.5324983212969179,0.34702563221458166,20.84986547085203,63.13943548387089,-1592.8560973242675,B_C,,,,,,,,,,,
P16422_and_Q9H0B8,0.5247056437866139,0.5321872006912649,0.19210881242916192,20.573035714285727,55.76969387755101,-1573.8581422530142,B_C,,,,,,,,,,,
P16422_and_Q63HQ2,0.5484624441818208,0.5314270698607562,0.29298409260309827,20.674856815578465,63.641311475409864,-15095.604297219204,B_C,,,,,,,,,,,
P16422_and_A0A075B6K5,0.5647899900967014,0.530688642016424,0.2559116620714126,14.693321917808234,67.42279503105593,-737.4739394165571,B_C,,,,,,,,,,,
P16422_and_A0A0A0MS15,0.576743411309016,0.5301625807050163,0.14688070874119763,11.483068783068777,66.14878048780488,-3688.1734498067613,B_C,,,,,,,,,,,
P16422_and_Q86WD7,0.5654685207129193,0.5298117139150071,0.27172191209745244,13.432728706624617,68.81627906976746,-759.6338770402654,B_C,,,,,,,,,,,
P16422_and_P32004,0.5148568886648461,0.5289947735158,0.20869790979804226,16.389247311827994,69.73229299363057,-1902.0755598703527,B_C,,,,,,,,,,,
P16422_and_P11309,0.5427396079123892,0.5287731030233537,0.29322327723561953,15.721663778162883,62.60605714285715,-1362.8684092035285,B_C,,,,,,,,,,,
P16422_and_Q93096,0.5700249777313127,0.5286671205446569,0.2018315565208196,11.813991769547345,71.70382978723406,-990.7845259531662,B_C,,,,,,,,,,,
P16422_and_P52798,0.5505891082105927,0.5285110898282238,0.12933004983507052,10.98125000000001,73.5120353982301,-1219.0381345822261,B_C,,,,,,,,,,,
P16422_and_Q9UNI1,0.5306670546833321,0.5279003991143725,0.24355347646892223,15.176822916666692,57.19492957746479,-2004.5516899310655,B_C,,,,,,,,,,,
P16422_and_O75636,0.5479133075744591,0.5275279371973638,0.24699718417636496,13.56725274725273,78.86532374100722,-475.001294149386,B_C,,,,,,,,,,,
P16422_and_Q495A1,0.5419212949605825,0.5258298171851704,0.08974212005900237,13.537529691211422,55.66100775193798,-936.8581768954309,B_C,,,,,,,,,,,
P16422_and_O43278,0.5316240527985472,0.5253003642115388,0.30771258185906303,17.287216828478954,58.778333333333336,-1558.826037308967,B_C,,,,,,,,,,,
P16422_and_P17655,0.5605718875575678,0.5245090342557432,0.3017359390610694,15.134067085953877,43.34581699346405,-2481.1771430791646,B_C,,,,,,,,,,,
P16422_and_P17181,0.5231720901074195,0.5237125999208657,0.19069448764920247,16.41039999999999,66.65860927152318,-7842.830916718608,B_C,,,,,,,,,,,
P16422_and_A0A2R8YFL7,0.5528578555082786,0.5229692085745562,0.19732293758662886,10.278823529411774,70.55034188034186,-615.3997382830987,B_C,,,,,,,,,,,
P16422_and_A0A075B6S0,0.589731696835006,0.5223667730106465,0.10474669676635533,10.672727272727277,20.265168539325845,-1398.6783765597734,B_C,,,,,,,,,,,
P16422_and_P10124,0.5443206456943381,0.5221039236361343,0.15740102098360195,11.969959677419348,40.2267132867133,-1887.7613860815036,B_C,,,,,,,,,,,
P16422_and_Q9BZM1,0.5534148045943764,0.5220876470115579,0.09598038812003656,11.292098092643036,64.65437037037036,-2956.8721774522965,B_C,,,,,,,,,,,
P16422_and_P51888,0.5542658057325303,0.5217234932347933,0.19119427135855843,15.503187613843364,56.778611111111076,-3033.604071750455,B_C,,,,,,,,,,,
P16422_and_Q9H2K8,0.5282700823110379,0.5209372962094045,0.10990418157119419,15.621688741721854,67.72329896907216,-1567.2695241893052,B_C,,,,,,,,,,,
P16422_and_Q14406,0.5533715352786415,0.5204692200719521,0.27470783299631674,15.850909090909095,58.00951923076929,-3392.1823259396624,B_C,,,,,,,,,,,
P16422_and_P48740,0.5212096873778005,0.5198843195696453,0.2427026632464268,18.385559006211157,69.56420765027323,-5828.109504268592,B_C,,,,,,,,,,,
P16422_and_Q7Z2K8,0.48122647364068916,0.5195941705626954,0.2147694530593473,13.29898477157362,38.581614583333334,-1414.9270687366807,B_C,,,,,,,,,,,
P16422_and_P05362,0.521069920785619,0.5184321945765347,0.09662200173210399,10.496855345911946,62.45378787878789,-1952.0784479067588,B_C,,,,,,,,,,,
P16422_and_P48551,0.48867496033945307,0.5176411150194283,0.20576306496523955,21.39070247933884,50.98993589743592,-970.1441849629009,B_C,,,,,,,,,,,
P16422_and_P14543,0.4889906142138795,0.514960978004953,0.14102613228661603,17.76044083526685,63.41096153846154,-7933.299248004609,B_C,,,,,,,,,,,
P16422_and_Q9H1D0,0.5328550518148305,0.5142196959734278,0.06378695749054385,16.619168591224028,51.00451612903224,-2690.1549500526935,B_C,,,,,,,,,,,
P16422_and_P20273,0.4919581987491269,0.5133720245769866,0.06805391842091561,15.710510805500984,35.5495172413793,-1546.546955838403,B_C,,,,,,,,,,,
P16422_and_Q96A84,0.49679150404058214,0.5131532547183044,0.14621667197830937,13.938403361344545,48.86391891891892,-1086.1580781899502,B_C,,,,,,,,,,,
P16422_and_P20809,0.5474503473253785,0.5125228745173848,0.15800346838086066,11.826427061310786,66.76476510067113,-1285.7731939750126,B_C,,,,,,,,,,,
P16422_and_P08581,0.5222368401972803,0.5125092121229721,0.11112517677968424,19.91466101694918,63.62691891891894,-9065.093901368702,B_C,,,,,,,,,,,
P16422_and_Q8NFQ6,0.5282537742353327,0.5122978953694632,0.34278039319844,19.157272727272744,65.09548571428576,-1085.749594070985,B_C,,,,,,,,,,,
P16422_and_P01611,0.5621458268483478,0.5121172658470353,0.3288529046561074,10.352237521514613,71.60389221556883,-964.3995169853063,B_C,,,,,,,,,,,
P16422_and_A0A075B6I3,0.5407284153134457,0.5111370473321112,0.2541595629998936,16.342315175097312,69.69695652173917,-942.99452285956,B_C,,,,,,,,,,,
P16422_and_O43745,0.5412290662045094,0.5089527109720027,0.08262910420611516,13.246656050955407,44.09025862068964,-1433.2201249291174,B_C,,,,,,,,,,,
P16422_and_Q5VYY2,0.5446398241112405,0.5082685744626281,0.1427080957246428,15.172037037037036,61.79212903225808,-452.77514077203705,B_C,,,,,,,,,,,
P16422_and_Q8NEX5,0.5549076561499107,0.5077552612938203,0.1546711495454125,11.481214689265542,52.70383177570095,-1593.8467380455277,B_C,,,,,,,,,,,
P16422_and_P01270,0.5409877684633206,0.5076533119207645,0.11722096081731563,12.498641975308649,40.46363636363637,-2740.193481022613,B_C,,,,,,,,,,,
P16422_and_Q5TCQ9,0.4681201776412335,0.5073530822782675,0.055986075650227715,23.378196721311497,46.101906779661036,-2423.073079941678,B_C,,,,,,,,,,,
P16422_and_Q9BXR6,0.49082776198896416,0.5070562435119925,0.2668217749559335,21.96994047619045,60.77687747035573,-1598.9710639186596,B_C,,,,,,,,,,,
P16422_and_Q9UBF9,0.49221449880447155,0.50677517017426,0.2772264334929857,18.1766955266955,69.9411797752809,-1894.3902864709744,B_C,,,,,,,,,,,
P16422_and_Q92186,0.5365161797149537,0.5065248968593884,0.1971817282222127,14.56959134615383,69.14598425196851,-4535.808311097748,B_C,,,,,,,,,,,
P16422_and_Q16512,0.49583301157784476,0.5062386707370604,0.3004114585287306,17.901269035532977,56.76748603351956,-3061.255637766031,B_C,,,,,,,,,,,
P16422_and_O95944,0.5214469933146727,0.5048909697565395,0.1128982397113047,13.744148936170223,48.16531250000001,-2363.2503922020624,B_C,,,,,,,,,,,
P16422_and_B1AKI9,0.4826533817484835,0.5001856122913643,0.15493180648948315,22.325312855517637,56.49482608695652,-1638.4991296455119,B_C,,,,,,,,,,,
P16422_and_Q5SQ64,0.5213450521269085,0.5000230106972736,0.23526180459671103,17.338060686015837,52.442604166666676,-906.5996866310097,B_C,,,,,,,,,,,
P16422_and_A0A0A0MTA4,0.57109617672578,0.4999687966351475,0.10205831934721706,10.9003717472119,22.889090909090914,-990.8028905429002,B_C,,,,,,,,,,,
P16422_and_Q8N8U9,0.49410179998273174,0.49899918516221164,0.09862593600421327,17.270153061224487,53.424265734265745,-2062.19637543906,B_C,,,,,,,,,,,
P16422_and_Q86YR6,0.4933747155397796,0.49829725451124585,0.15609940751257453,16.303687315634214,72.8947857142857,-852.5845812245534,B_C,,,,,,,,,,,
P16422_and_P0DN86,0.5205138736556587,0.49826104068716826,0.0732333378433551,12.669157608695661,52.06000000000001,-1287.9025497254502,B_C,,,,,,,,,,,
P16422_and_A0A075B6N1,0.5503736151825483,0.4979776929169649,0.15544897600469645,12.270518358531318,58.53624060150376,-1180.1902320656427,B_C,,,,,,,,,,,
P16422_and_P55291,0.4861546600901653,0.4952213633446938,0.38215266272583376,17.107697947214092,64.9263736263736,-6755.520418881096,B_C,,,,,,,,,,,
P16422_and_O60721,0.4759356506594786,0.49518996998468723,0.18605746598867606,20.54385856079406,61.84484716157205,-2919.413719682314,B_C,,,,,,,,,,,
P16422_and_P01889,0.5077119423598144,0.4937912336970054,0.33049784517155345,17.829940476190462,69.04701680672268,-902.9671737478129,B_C,,,,,,,,,,,
P16422_and_Q9NRM6,0.48872149495005196,0.49360826030673716,0.16393006794746726,16.510416666666643,65.41558252427184,-1119.6672795854902,B_C,,,,,,,,,,,
P16422_and_Q9HBE4,0.5357209367645073,0.49346937280233477,0.17718237806097706,14.75092592592592,69.06940397350995,-979.093591892692,B_C,,,,,,,,,,,
P16422_and_O60404,0.5169472773566668,0.4902810006515409,0.10403905991947698,12.147945205479456,40.179,-959.6879370916558,B_C,,,,,,,,,,,
P16422_and_Q8TE23,0.5141007443137007,0.4900390278992044,0.07036943992260071,14.585865724381629,48.1748,-1322.5755479006002,B_C,,,,,,,,,,,
P16422_and_Q9NPG1,0.49272291059856294,0.4897496427922784,0.19506299622652562,17.49258202567756,61.44174999999999,-1853.6680853613761,B_C,,,,,,,,,,,
P16422_and_Q2M385,0.5116370560583955,0.4886260366188647,0.22670126324315695,18.746971496437084,62.85290909090908,-3113.491854767257,B_C,,,,,,,,,,,
P16422_and_P58166,0.5028073202331315,0.487815956665011,0.15951144568947803,16.090415549597857,62.003551912568305,-1763.0077625163813,B_C,,,,,,,,,,,
P16422_and_P29074,0.47439882010540385,0.48731212685380154,0.24374308240506085,22.56284403669725,57.26640692640688,-3929.743157323188,B_C,,,,,,,,,,,
P16422_and_Q92954,0.4479762276596142,0.48679815218427175,0.2338594133490772,24.925649847094924,59.19829032258064,-2498.7565558931965,B_C,,,,,,,,,,,
P16422_and_Q5T9L3,0.5283622166896941,0.48580979092024934,0.2520580498186273,16.44259259259258,60.1300432900433,-7639.313504643087,B_C,,,,,,,,,,,
P16422_and_Q8NHW4,0.538809232605838,0.4850751849168139,0.22228488358287654,10.877178899082582,50.989296874999994,-709.5985417837062,B_C,,,,,,,,,,,
P16422_and_Q9HC73,0.4915978701424592,0.4841980149476895,0.09635269986866667,14.767700258397932,67.77806896551729,-826.6971459736014,B_C,,,,,,,,,,,
P16422_and_A0A075B6H9,0.5236458958932326,0.48378327735273513,0.19985709137231905,15.272621184919217,69.51138554216865,-946.4047459961448,B_C,,,,,,,,,,,
P16422_and_P46934,0.46552837621909693,0.4832938660567744,0.14571653219400246,20.984964028776986,60.9655135135135,-5890.110019268293,B_C,,,,,,,,,,,
P16422_and_Q15884,0.47015910793307114,0.48312753344590614,0.09710763962609498,17.12353361945636,55.49835227272726,-1222.708549369614,B_C,,,,,,,,,,,
P16422_and_P52803,0.5095811474171906,0.48264930906350567,0.13357679781389215,15.885144927536242,66.69042857142858,-1295.0276828892556,B_C,,,,,,,,,,,
P16422_and_P15907,0.5169233664719681,0.48225649462728726,0.34433011552568504,15.011003236245962,70.50574074074075,-7334.015618400594,B_C,,,,,,,,,,,
P16422_and_O00533,0.47958662610365443,0.48215485774759115,0.18731954288427918,16.145930232558147,71.06911564625842,-2604.1286686367566,B_C,,,,,,,,,,,
P16422_and_P0DN78,0.5105332688806236,0.4819356909319176,0.261396282570733,15.662164429530186,65.94788732394365,-723.9061977836463,B_C,,,,,,,,,,,
P16422_and_P04001,0.5105332688806236,0.4819356909319176,0.261396282570733,15.662164429530186,65.94788732394365,-723.9061977836463,B_C,,,,,,,,,,,
P16422_and_P0DN77,0.5105332688806236,0.4819356909319176,0.261396282570733,15.662164429530186,65.94788732394365,-723.9061977836463,B_C,,,,,,,,,,,
P16422_and_P34810,0.4922221433953653,0.4819350535512819,0.2357354332931165,15.116634429400372,67.89120253164553,-742.5447412496287,B_C,,,,,,,,,,,
P16422_and_Q9UBR5,0.526067886209315,0.481492822061693,0.1613632591645845,10.991935483870959,63.855757575757586,-634.1912885171205,B_C,,,,,,,,,,,
P16422_and_P0DOY5,0.5592887541254352,0.48118397497261434,0.07038458626411731,11.237600000000002,11.970943396226415,-219.67847914192558,B_C,,,,,,,,,,,
P16422_and_P27797,0.5094236334440456,0.48090539821399075,0.0777011455004387,16.111235955056173,69.2958771929825,-5382.017408359454,B_C,,,,,,,,,,,
P16422_and_Q14952,0.49636539705802674,0.4802099238297747,0.18749273377214035,16.35063176895309,59.71637583892618,-1516.9837285262129,B_C,,,,,,,,,,,
P16422_and_Q8TCC7,0.5220820773997059,0.479716589238899,0.11477815851047599,12.168527918781722,57.66764227642278,-3100.824542069262,B_C,,,,,,,,,,,
P16422_and_Q99062,0.4770155980459292,0.4790848993367456,0.1083873353022289,17.73284600389864,62.56013793103447,-21006.65991409618,B_C,,,,,,,,,,,
P16422_and_Q9HB89,0.504486981974309,0.4788055809494064,0.10329034178124175,15.860844529750494,49.57909090909091,-2429.722494579102,B_C,,,,,,,,,,,
P16422_and_Q99653,0.5178663539635888,0.47816066946859637,0.1774223280214099,14.650000000000011,67.98459677419352,-644.3431951891806,B_C,,,,,,,,,,,
P16422_and_P48061,0.5361593730677807,0.4776869180207058,0.24756732663746062,9.063668224299068,65.22434108527132,-833.4821101500927,B_C,,,,,,,,,,,
P16422_and_P01258,0.5117953415310962,0.47666160397047563,0.15334570268808562,11.405345911949672,39.135522388059684,-373.15616241490716,B_C,,,,,,,,,,,
P16422_and_Q9H4F8,0.46552858826269267,0.47662597116853467,0.15473162171813032,22.340852974186333,59.48354978354975,-1451.02027061236,B_C,,,,,,,,,,,
P16422_and_O15255,0.4917643945690159,0.4763387681580977,0.09974252123914469,13.764270386266105,32.405968992248056,-3302.549896529632,B_C,,,,,,,,,,,
P16422_and_Q9UBU2,0.49177630738874817,0.47552013863222187,0.28463769771490055,17.20869947275922,69.59976190476193,-1183.7202762835932,B_C,,,,,,,,,,,
P16422_and_A0A075B700,0.5508879081561884,0.47503776821925203,0.09342570390564181,11.715096952908594,22.559673913043476,-436.94604275401196,B_C,,,,,,,,,,,
P16422_and_A0A075B6K4,0.5268308899069819,0.47384091655589883,0.0876622956672775,12.246710526315798,66.6689230769231,-779.6065750659911,B_C,,,,,,,,,,,
P16422_and_A0A0C4DH62,0.549860118914663,0.4735903544304817,0.09217356104623238,11.377941176470594,22.04697674418604,-410.1435051176459,B_C,,,,,,,,,,,
P16422_and_P01624,0.5282206323569111,0.473025921043178,0.2667204106130799,11.917155963302783,70.82380368098158,-1524.068981879274,B_C,,,,,,,,,,,
P16422_and_Q6UWR7,0.5144444202513724,0.47241513681577796,0.15848510445646696,11.21655480984341,72.36883116883116,-1314.9760969970048,B_C,,,,,,,,,,,
P16422_and_Q8TC26,0.49935341095537655,0.47155674274078224,0.13086828910571877,13.10247191011236,57.44429629629628,-1840.048520840522,B_C,,,,,,,,,,,
P16422_and_P84996,0.4491222451913328,0.4715349394479294,0.11576501883924714,14.842233009708755,31.684500000000003,-870.7090762490261,B_C,,,,,,,,,,,
P16422_and_P21730,0.5123204635552991,0.4712156683381291,0.09664836332184658,13.370291479820636,43.9187755102041,-1740.0605075300537,B_C,,,,,,,,,,,
P16422_and_Q96NY7,0.4597293218619242,0.4704211057269564,0.08931412247426702,16.178387096774195,53.85397058823529,-2676.957007911944,B_C,,,,,,,,,,,
P16422_and_Q99808,0.5172248195648055,0.470314000983153,0.18032712410292875,15.295148514851501,65.1603973509934,-1537.1976610042032,B_C,,,,,,,,,,,
P16422_and_Q96CH1,0.5031437686887841,0.47004647403244615,0.10808697829482002,14.41200923787529,58.17300699300699,-4415.891249176074,B_C,,,,,,,,,,,
P16422_and_P24588,0.46282777618488274,0.46904694305503336,0.1715899281940049,13.887214285714277,41.28362068965517,-1216.7705283351424,B_C,,,,,,,,,,,
P16422_and_P56730,0.46320759278483825,0.46904145511746104,0.09931644043242566,19.83588469184891,46.39814606741574,-1832.535741477448,B_C,,,,,,,,,,,
P16422_and_O75781,0.47232652784591045,0.46800894436054996,0.14499094520981662,17.50437853107344,57.22527093596056,-1565.2096996431683,B_C,,,,,,,,,,,
P16422_and_Q9P121,0.4833372102217538,0.4679859317337887,0.24639538123338942,12.601131221719433,75.45117647058827,-1211.810012294598,B_C,,,,,,,,,,,
P16422_and_O60259,0.5057827317462524,0.4671033000580616,0.1706842179391496,14.003269754768366,69.40889763779523,-631.6711421852442,B_C,,,,,,,,,,,
P16422_and_O00165,0.48189382919779333,0.46628874156636874,0.12214267721576093,13.801493598861992,48.8700561797753,-1038.5620816035735,B_C,,,,,,,,,,,
P16422_and_Q8NG41,0.5112947739984507,0.46628381691731946,0.09771049848760956,10.742019950124682,56.8560655737705,-1088.5555451608943,B_C,,,,,,,,,,,
P16422_and_P22607,0.44847597484736346,0.46601250975137304,0.2924660515984409,19.770845481049548,59.808054474708186,-1092.5687223344648,B_C,,,,,,,,,,,
P16422_and_A0A075B6J1,0.5052266526313152,0.46568425250337914,0.18898079131293696,16.424860335195532,62.990632911392396,-2521.893782613731,B_C,,,,,,,,,,,
P16422_and_A0A075B6S5,0.5213154190889597,0.46556416993690924,0.25407305164194494,11.583493282149716,70.08666666666666,-477.9583401888722,B_C,,,,,,,,,,,
P16422_and_Q9H190,0.49110972147094667,0.46529122526289435,0.19246125206654302,16.816829745596884,70.83786585365851,-818.2292675869397,B_C,,,,,,,,,,,
P16422_and_Q92859,0.44838062974072046,0.4643141111120953,0.147617073678385,22.890630182421212,65.55085427135678,-9628.408141085238,B_C,,,,,,,,,,,
P16422_and_Q92743,0.46457402664226466,0.4628184475121301,0.12278576420558072,15.004958677685954,69.34106060606061,-1744.6347427891983,B_C,,,,,,,,,,,
P16422_and_P20155,0.5197994285920482,0.4607266378975857,0.20732615442770205,10.458260869565214,59.0276923076923,-1411.2874129538734,B_C,,,,,,,,,,,
P16422_and_P06756,0.4907944157554491,0.4603702769355248,0.5157638631854852,14.877731092436969,55.27502958579879,-2269.9139273768606,B_C,,,,,,,,,,,
P16422_and_Q6P0A1,0.49652084739948316,0.4600709809554541,0.09019111858624079,14.43003663003663,54.190989010989014,-2079.148976584299,B_C,,,,,,,,,,,
P16422_and_P98095,0.4286359664981553,0.4597470038495938,0.18915978065261504,17.965755208333324,60.809687499999995,-1421.3945882092812,B_C,,,,,,,,,,,
P16422_and_P15260,0.45123906641584577,0.45909917069441414,0.20869045785808343,18.721220604703312,64.89625531914895,-3100.904014265827,B_C,,,,,,,,,,,
P16422_and_P31641,0.4973344861011907,0.4589551863155581,0.14716167741516012,19.74415492957746,63.20321782178222,-7657.1762777347085,B_C,,,,,,,,,,,
P16422_and_P12544,0.4848202128887918,0.4587464774037215,0.26353636266298197,18.045473684210556,54.05302816901408,-2636.4651033931837,B_C,,,,,,,,,,,
P16422_and_Q9BQP9,0.48944945926774486,0.458301630683455,0.20249630962244022,11.57908163265305,66.86773049645387,-745.3414875629642,B_C,,,,,,,,,,,
P16422_and_P01619,0.5159157644510055,0.4578250218430418,0.27495830146559275,11.956250000000008,67.77757396449708,-1426.966302786848,B_C,,,,,,,,,,,
P16422_and_P56696,0.43794967147054187,0.45746116978650514,0.0654610587970598,13.6363782051282,53.44333333333335,-1687.609464176414,B_C,,,,,,,,,,,
P16422_and_Q6PCB8,0.4755049714808849,0.4571675506562486,0.21864671657182377,15.862582781456956,66.18092857142858,-1237.2962061804428,B_C,,,,,,,,,,,
P16422_and_Q96F46,0.4432228558819745,0.45716314311443784,0.1839359875284036,17.216642958748245,47.6918131868132,-2440.18301025632,B_C,,,,,,,,,,,
P16422_and_P30203,0.45039951244834336,0.45654211899549624,0.2111660386207889,16.5434664246824,70.71215909090908,-4103.107326144993,B_C,,,,,,,,,,,
P16422_and_Q6WN34,0.4498915834434565,0.4556572552859176,0.17678363145422468,20.87892459826944,56.434533898305105,-1292.4688508139006,B_C,,,,,,,,,,,
P16422_and_P05155,0.4840658481045208,0.4546441192404601,0.16298182903653707,14.99795640326976,54.9167741935484,-1848.109236187659,B_C,,,,,,,,,,,
P16422_and_Q9UHV8,0.5069006873784953,0.4538890457512878,0.1811267608383925,15.438780487804895,59.962538461538465,-791.5620463017674,B_C,,,,,,,,,,,
P16422_and_P61366,0.4926040723493803,0.4534553695005628,0.11528192433318012,14.123859649122808,35.0385606060606,-463.0523619334708,B_C,,,,,,,,,,,
P16422_and_Q9UKR3,0.4890963513327593,0.45342724990104033,0.1662678039225135,15.883695652173914,68.40543859649125,-3932.121045731684,B_C,,,,,,,,,,,
P16422_and_Q8NFT8,0.43220931888229347,0.45335823825172616,0.14062141234446265,15.21654343807765,62.91697183098591,-2274.8087978290932,B_C,,,,,,,,,,,
P16422_and_Q6ZMH5,0.4401913639168118,0.4531590448243491,0.10842818424628207,20.227449455676513,49.702076502732226,-1695.8634838884645,B_C,,,,,,,,,,,
P16422_and_O00295,0.442216432651381,0.4528215047677757,0.20766087806732048,22.006923076923066,62.87697478991595,-1460.9815055403196,B_C,,,,,,,,,,,
P16422_and_P51151,0.49993844528199505,0.4527844650991778,0.11410983867406928,11.786569148936161,69.76348837209298,-788.8860205784297,B_C,,,,,,,,,,,
P16422_and_A0A0A0MT89,0.5338732737889124,0.4521697880036557,0.0991519488732469,11.508796296296293,16.41671428571429,-1300.5048188056153,B_C,,,,,,,,,,,
P16422_and_P12273,0.5012029695833895,0.452048382095108,0.1844787740685887,12.73526315789475,70.5533103448276,-1383.1217145713488,B_C,,,,,,,,,,,
P16422_and_P17213,0.4959327154998402,0.4512556103941556,0.14426073773675552,12.256640624999994,60.29520325203252,-1484.1786602597579,B_C,,,,,,,,,,,
P16422_and_Q86WK6,0.46366182343912826,0.45097724266395545,0.31800548976679754,21.35430424528301,71.14869767441857,-3180.119750245756,B_C,,,,,,,,,,,
P16422_and_A0A075B6R9,0.5075270954204589,0.45053434846272716,0.15963462900215802,13.745147313691513,61.24277108433737,-981.7138343208171,B_C,,,,,,,,,,,
P16422_and_Q8NHY3,0.4343242980288968,0.45024915905886953,0.18250451767622836,18.39467329545454,54.46963855421685,-12771.019728347681,B_C,,,,,,,,,,,
P16422_and_Q8NH59,0.4980003816496892,0.44975119679539266,0.14074691684538004,14.866417910447753,67.4411811023622,-3110.6245248871746,B_C,,,,,,,,,,,
P16422_and_P21802,0.43460959285492995,0.449357349129898,0.3300064138840613,18.634281961471117,64.22977358490566,-1641.1568627196175,B_C,,,,,,,,,,,
P16422_and_Q9ULK5,0.45689374606274813,0.4491800630572019,0.08066572739678751,17.773629242819833,39.06051282051281,-1831.2207848340859,B_C,,,,,,,,,,,
P16422_and_Q9H7V2,0.46411245231964965,0.4490479726990053,0.19211441757721787,15.646256239600675,39.24038216560511,-835.5665288372729,B_C,,,,,,,,,,,
P16422_and_Q9UJH8,0.4838727060637813,0.448884413120345,0.25741992448601647,13.967277992278007,59.29743243243244,-539.8895077196612,B_C,,,,,,,,,,,
P16422_and_Q8WXW3,0.4268318366867569,0.4483838538677174,0.040508984426786625,17.511986301369856,54.56689655172413,-7889.12447200375,B_C,,,,,,,,,,,
P16422_and_O00161,0.4871160300798108,0.4483625873245427,0.12070330627049397,13.645454545454546,68.16361344537815,-921.8923194762028,B_C,,,,,,,,,,,
P16422_and_Q86T03,0.46661549091877835,0.44819044812523773,0.3438238858008034,21.064136732329104,50.170736842105285,-2188.2000307071066,B_C,,,,,,,,,,,
P16422_and_Q9NZV1,0.42293325954962346,0.4475339214971528,0.12307308457925659,21.39745856353588,57.52758064516125,-1861.949466253598,B_C,,,,,,,,,,,
P16422_and_Q9HCH5,0.4215253163815954,0.44736804398745145,0.21074493926882537,22.468099089989924,61.8057142857143,-2725.564618697128,B_C,,,,,,,,,,,
P16422_and_P08473,0.49782183237926103,0.4471353161573397,0.5685033154412765,22.648513719512177,48.49642599277979,-2803.6462548240506,B_C,,,,,,,,,,,
P16422_and_Q969E1,0.5082432639360601,0.4462189975910779,0.13362329198959863,9.947432024169187,43.59249999999999,-1084.6546875832105,B_C,,,,,,,,,,,
P16422_and_P47929,0.5009201061492894,0.44587915672326517,0.09459723830668287,14.238372093023266,70.84570000000002,-664.5139616116252,B_C,,,,,,,,,,,
P16422_and_Q9ULD8,0.43109604791075207,0.44532245691287786,0.08370444862367626,18.323659673659662,37.39701492537313,-1683.581441523831,B_C,,,,,,,,,,,
P16422_and_A0A0C4DH69,0.5038039881580086,0.4450910163933528,0.2453751555225412,12.568181818181833,71.84579268292683,-608.7810462707702,B_C,,,,,,,,,,,
P16422_and_P15502,0.42245832833422725,0.4450525059989002,0.12445279392006058,17.68478260869563,34.26971264367817,-1431.3435667762242,B_C,,,,,,,,,,,
P16422_and_Q9NZW4,0.41565981098815485,0.4449162468253471,0.056762829533719875,17.646442687747033,28.152247191011238,-3020.6449496241985,B_C,,,,,,,,,,,
P16422_and_P10915,0.47977738248966273,0.44438988642595645,0.2724124731304976,16.103140916808144,57.27353658536581,-12644.393184794593,B_C,,,,,,,,,,,
P16422_and_A0A0A0MT87,0.5264797311327285,0.4443542004579668,0.11022061432648907,11.963804713804715,20.583626373626377,-989.9665949825985,B_C,,,,,,,,,,,
P16422_and_P02818,0.4995914487291279,0.444237290870914,0.10383026447829986,12.548218262806225,45.165724637681166,-1026.3985508581873,B_C,,,,,,,,,,,
P16422_and_Q9BX93,0.48550223982289237,0.44324620854402264,0.0928997336349564,13.867948717948712,63.824098360655746,-1835.61336576625,B_C,,,,,,,,,,,
P16422_and_Q96RI0,0.47911528509017653,0.44320934294808045,0.13437860995663398,16.015747330960856,66.10866279069765,-2617.725942640416,B_C,,,,,,,,,,,
P16422_and_P02647,0.45960942353782525,0.44286652153821504,0.05145069177438433,14.06666666666666,56.19836538461539,-1248.7514473552837,B_C,,,,,,,,,,,
P16422_and_Q8WWV6,0.43699406308878885,0.4421682191352747,0.14566966541138957,15.561504424778771,66.62810606060607,-3456.154177527569,B_C,,,,,,,,,,,
P16422_and_P08637,0.473692986260807,0.4418967401133741,0.20339240365489078,10.296755162241888,68.44956521739132,-1258.7384389421522,B_C,,,,,,,,,,,
P16422_and_P0CG36,0.4692633737205243,0.4417912333651711,0.10976012416011609,12.111217948717954,52.2087074829932,-1907.9636141035953,B_C,,,,,,,,,,,
P16422_and_A6NHN6,0.4388041837580392,0.44132446255712415,0.09249604167686638,18.67265542676498,50.87647887323945,-2611.959196338561,B_C,,,,,,,,,,,
P16422_and_Q96MU8,0.4409228821167088,0.4410554806496493,0.1462545694809091,20.139652777777755,61.412780487804845,-6221.618225809583,B_C,,,,,,,,,,,
P16422_and_P19320,0.43512837324407483,0.44034627373704294,0.14966626019438561,18.560458167330662,69.27,-1236.0360697058973,B_C,,,,,,,,,,,
P16422_and_Q9HDB5,0.4330289244410232,0.4395219990725015,0.21418094466780113,13.514741035856566,69.53833333333333,-1346.907489825302,B_C,,,,,,,,,,,
P16422_and_A6NL88,0.4286498275048898,0.4394882545309288,0.16246411107029288,20.163970588235337,56.589629629629634,-1195.993158364472,B_C,,,,,,,,,,,
P16422_and_Q96RT1,0.43085817264023607,0.43931455514310186,0.07925026834354208,23.10659229208927,54.20342592592595,-1475.9760091443022,B_C,,,,,,,,,,,
P16422_and_A0A0K0K1B3,0.49897963767685016,0.4381186526780171,0.21807884970473299,11.71550116550117,68.14091603053434,-581.0154159630586,B_C,,,,,,,,,,,
P16422_and_P30990,0.47471722709391234,0.43806529486635126,0.13568366147628969,15.692705735660876,40.91918604651162,-1463.171131670082,B_C,,,,,,,,,,,
P16422_and_Q7Z698,0.44770974332990493,0.4380314879492567,0.16838050363165075,16.76566757493187,60.494883720930204,-4614.5261861429535,B_C,,,,,,,,,,,
P16422_and_P54289,0.5002342987696643,0.43791410078847953,0.14287520186985003,19.4767808219178,56.664363636363646,-23715.398891393303,B_C,,,,,,,,,,,
P16422_and_P01717,0.4850877225138843,0.43691753179723536,0.21943510902797467,15.665836298932405,70.0445294117647,-905.2942363806065,B_C,,,,,,,,,,,
P16422_and_Q9Y5I4,0.4242612776005412,0.43673973227008483,0.048511512617170294,15.384736842105259,37.79548387096773,-1792.811802723314,B_C,,,,,,,,,,,
P16422_and_Q9UJ99,0.4330747541369633,0.43523864082979247,0.2020855397189258,16.079687500000002,64.40999999999998,-4251.858656270506,B_C,,,,,,,,,,,
P16422_and_O43852,0.4688567691816557,0.43523027179580587,0.18443089808804652,18.386073825503356,69.06624338624339,-1029.762510673423,B_C,,,,,,,,,,,
P16422_and_P08254,0.45138941150353207,0.43511913813515113,0.17825941251532113,19.43809523809529,58.667192982456164,-4959.639036954709,B_C,,,,,,,,,,,
P16422_and_A0A0J9YX06,0.5186822452984974,0.43503333102470043,0.11724691667194871,12.380847953216369,18.770340909090905,-653.2501951098814,B_C,,,,,,,,,,,
P16422_and_Q53TN4,0.44629009402049175,0.4349225300592411,0.14408742699814703,19.926818181818202,43.073961038961045,-1219.5103838864504,B_C,,,,,,,,,,,
P16422_and_Q9NT22,0.41436333134183667,0.43466833121202075,0.1073119272713725,17.579979674796757,43.85755555555554,-1756.949576806699,B_C,,,,,,,,,,,
P16422_and_Q9Y6Q6,0.41840752634638223,0.4340651251257884,0.2972663086075264,20.872121896162525,60.322657004830916,-2000.0887931702673,B_C,,,,,,,,,,,
P16422_and_Q9BWS9,0.477974991887536,0.43382518936465664,0.23723390189784235,18.014140480591493,62.337959183673476,-3084.5923347786793,B_C,,,,,,,,,,,
P16422_and_A0A075B6W5,0.4914803981372545,0.4332563755444809,0.1815846827052071,14.228324225865201,69.74503225806451,-1701.09422922989,B_C,,,,,,,,,,,
P16422_and_Q9NZB2,0.46021510913214697,0.4322729364844089,0.22400746517214315,18.7691011235955,65.6461875,-5502.034559936943,B_C,,,,,,,,,,,
P16422_and_Q9NWH7,0.4266867867777099,0.4320300901668912,0.2380828595436981,20.07231457800509,58.76328205128203,-1178.2440572206178,B_C,,,,,,,,,,,
P16422_and_Q9UBP4,0.43853363317151295,0.43167797172551714,0.3322499728516398,20.32784037558684,63.21833976833978,-2174.663181687436,B_C,,,,,,,,,,,
P16422_and_A0A0C4DH34,0.49223195046592394,0.43101247800730635,0.10211510749673132,13.718181818181838,62.0770535714286,-2405.5151592127622,B_C,,,,,,,,,,,
P16422_and_A0A075B6J9,0.47953092825163546,0.43095586000115066,0.16723671867958242,17.858506224066367,65.95859459459462,-1968.2531956097948,B_C,,,,,,,,,,,
P16422_and_O75200,0.43038358848027775,0.43032135954272743,0.10936881327678277,17.447245179063376,43.00668571428572,-4115.529975317077,B_C,,,,,,,,,,,
P16422_and_Q86X29,0.41683452900847356,0.4302918389261775,0.13907687181901507,19.484642857142862,60.64118811881184,-1171.1753980448048,B_C,,,,,,,,,,,
P16422_and_A1L453,0.4656878807952531,0.4298818428969279,0.15058966930525608,14.541907514450875,49.06354838709676,-2855.1924868164606,B_C,,,,,,,,,,,
P16422_and_A0A0J9YXM7,0.514636154788409,0.4298720124284902,0.10919783863791928,12.289262820512812,19.283296703296703,-1421.1523185560854,B_C,,,,,,,,,,,
P16422_and_O95925,0.4845763821381722,0.42958733289890216,0.1696119428914533,11.912171052631587,70.18474747474747,-1378.7098917142669,B_C,,,,,,,,,,,
P16422_and_Q6ZMJ2,0.4337189535697799,0.4293086196095426,0.17555846845752027,17.922077922077936,61.28204081632655,-5873.37671924449,B_C,,,,,,,,,,,
P16422_and_Q717R9,0.4644262545340778,0.4288405040024855,0.14269228222840147,15.0181818181818,35.369147286821715,-1743.3993028819095,B_C,,,,,,,,,,,
P16422_and_Q9Y5G8,0.42200493928431215,0.42871291773577214,0.12719181546643477,21.56193415637859,54.24102564102563,-3409.204828788148,B_C,,,,,,,,,,,
P16422_and_P02649,0.4500099565093491,0.4286538034130925,0.13155705279319496,18.045833333333334,65.87531249999999,-7750.223086949053,B_C,,,,,,,,,,,
P16422_and_Q8N6F7,0.4652523378482501,0.42816011981485463,0.07230929980202284,16.34546165884195,44.192529411764696,-3009.4476180475685,B_C,,,,,,,,,,,
P16422_and_P78556,0.4944809298593741,0.4280299816300401,0.14536660495925546,11.678119001919377,53.36212765957447,-1340.7139751832237,B_C,,,,,,,,,,,
P16422_and_A0A0J9YXG5,0.5128728361777471,0.4273758174043083,0.09290276582937027,12.003807947019867,20.869878048780485,-1584.257406448237,B_C,,,,,,,,,,,
P16422_and_O14594,0.40911090581840487,0.4272966698743862,0.15462189425011288,20.20336787564764,61.90186046511627,-6946.802923096737,B_C,,,,,,,,,,,
P16422_and_Q5T442,0.43207242290936115,0.42721165228439895,0.10560391669580471,13.852205882352935,66.0179120879121,-6162.709118601993,B_C,,,,,,,,,,,
P16422_and_Q9NW15,0.4809980772007228,0.42697965198025345,0.10727268347275505,17.9476600985222,61.02110169491526,-2327.9226498654193,B_C,,,,,,,,,,,
P16422_and_P0DPI4,0.5155847713353766,0.42640236658545666,0.059691925378824964,12.320535714285716,9.761960784313725,-187.15970084090662,B_C,,,,,,,,,,,
P16422_and_Q9HAU4,0.4326506417010353,0.426250506759795,0.16212735148059507,14.936101083032495,64.14739130434783,-2992.4047305267686,B_C,,,,,,,,,,,
P16422_and_P06310,0.48699394066903084,0.42605011068459386,0.29098621390980695,13.684482758620696,70.1846198830409,-1243.153922962224,B_C,,,,,,,,,,,
P16422_and_Q9H0F7,0.475064013578516,0.4258912541104119,0.11309086967027249,14.496455223880593,76.759702970297,-1223.4283549003244,B_C,,,,,,,,,,,
P16422_and_Q8WX39,0.47669731928243175,0.42563378341153396,0.16526356466394335,15.830388692579506,66.92277419354842,-6520.246994951678,B_C,,,,,,,,,,,
P16422_and_Q5GH72,0.44806586075589167,0.42563061685320536,0.13143343040283145,18.486982968369823,51.70259433962263,-1415.1504721592191,B_C,,,,,,,,,,,
P16422_and_Q9BZA8,0.4090444978380444,0.4251120188829027,0.10488494735441302,22.302061855670093,52.79136363636364,-2728.5751893747947,B_C,,,,,,,,,,,
P16422_and_Q9NQ38,0.4046832711630297,0.42494663218789497,0.07728792133642477,21.464804469273734,59.84484374999996,-1664.90595318958,B_C,,,,,,,,,,,
P16422_and_P26045,0.4232337391036516,0.4247260930318336,0.234218536059086,23.865862484921543,68.1495867768595,-5427.049441580559,B_C,,,,,,,,,,,
P16422_and_A0A0A0MTA7,0.5097746062193755,0.4242584386051492,0.09745695612233411,12.906944444444454,19.68093023255814,-321.79296743137434,B_C,,,,,,,,,,,
P16422_and_O60667,0.42368430885910713,0.4242134453045506,0.15454376788188637,21.00490196078431,53.42516304347826,-2794.8547496980827,B_C,,,,,,,,,,,
P16422_and_Q8IXJ6,0.4548626263088328,0.424168619184665,0.18768904133993652,19.409125766871153,63.8899421965318,-1347.401857709312,B_C,,,,,,,,,,,
P16422_and_Q76M96,0.40975649310360224,0.42396344316618273,0.36983023361812556,21.13652321630808,55.458016194332004,-2023.5594958084403,B_C,,,,,,,,,,,
P16422_and_Q6NV75,0.4300781812030983,0.4237302243534468,0.09164608140968765,16.788965517241373,48.01203821656051,-1574.3812883202809,B_C,,,,,,,,,,,
P16422_and_P07333,0.4200237614156786,0.42350206510068655,0.1926598438549812,23.65540166204985,49.32274590163935,-2722.9084190985595,B_C,,,,,,,,,,,
P16422_and_Q9H0M0,0.42413821995357437,0.42308383113072384,0.41083397611925454,22.9967987804878,65.45632034632034,-1789.470892268284,B_C,,,,,,,,,,,
P16422_and_Q96HF1,0.4453971465265915,0.42307805693076145,0.24410260225272334,15.247368421052622,69.95859999999996,-1984.6041621165132,B_C,,,,,,,,,,,
P16422_and_Q14CX5,0.4723556127475995,0.42291241894799003,0.10210063694893225,16.807124352331616,60.1918656716418,-2373.159098560341,B_C,,,,,,,,,,,
P16422_and_P51677,0.453370636030718,0.4225937145133403,0.23111994894745852,19.735602094240807,57.40820512820509,-1948.8049300929306,B_C,,,,,,,,,,,
P16422_and_A6NDB9,0.41254308363566083,0.42245832773504255,0.08405699032227057,16.983093922651925,49.21336538461538,-1935.2805916881189,B_C,,,,,,,,,,,
P16422_and_Q8N907,0.45920406967600347,0.4216621361560212,0.13513370834014357,12.54688715953308,69.57673913043476,-1763.0413068392936,B_C,,,,,,,,,,,
P16422_and_Q5JTC6,0.3981294384052198,0.42142418197592835,0.0811963416332384,18.469074675324663,42.515062499999985,-1125.2778430478647,B_C,,,,,,,,,,,
P16422_and_Q96S86,0.4474330007084193,0.42096012508804503,0.19589123161050204,15.21482965931864,60.11065693430654,-2538.613758134128,B_C,,,,,,,,,,,
P16422_and_P14555,0.47800519960575427,0.42012786841620764,0.12646769765468857,17.56877593360999,63.36050359712232,-1592.0984427001977,B_C,,,,,,,,,,,
P16422_and_Q9HD43,0.4147774809528014,0.4194153670263767,0.13680649171725107,16.553721682847893,62.58315384615385,-2058.628989352821,B_C,,,,,,,,,,,
P16422_and_Q8N423,0.44210154819967706,0.4192453482253645,0.4248509377573797,22.233040935672523,71.71334801762116,-3108.1553509800824,B_C,,,,,,,,,,,
P16422_and_A0A0J9YXA8,0.5062109617873038,0.4192134695437258,0.11073616475182636,12.096828358208944,21.765063291139242,-548.0349296247496,B_C,,,,,,,,,,,
P16422_and_P02458,0.39322018773718836,0.41914077618636364,0.3448401910623279,23.83099121706398,56.96808163265303,-1888.6134547732945,B_C,,,,,,,,,,,
P16422_and_P13521,0.4091069564840071,0.41877973761433906,0.09094754250976314,16.84861386138614,50.55781250000001,-17053.66656532628,B_C,,,,,,,,,,,
P16422_and_O14492,0.4098239606521551,0.4187229249668884,0.174730220773291,21.130039787798445,62.4278899082569,-2011.977931882535,B_C,,,,,,,,,,,
P16422_and_Q8N3J6,0.4377891842674912,0.4183545393219199,0.13849254331922453,17.262918660287067,68.07719008264463,-2238.721930501897,B_C,,,,,,,,,,,
P16422_and_A0A0A0MRZ8,0.48134325137045886,0.4183433066203872,0.18815861135911888,12.376502145922743,55.9449677419355,-1122.467638383709,B_C,,,,,,,,,,,
P16422_and_Q9HAB3,0.4634629282413061,0.4178058229645184,0.14090085637539027,21.24085923217548,65.09931034482756,-3247.473710763461,B_C,,,,,,,,,,,
P16422_and_Q9BXJ5,0.44635441764155753,0.41774120518735486,0.1369122098397515,12.093258426966283,68.59650406504063,-575.7084174274587,B_C,,,,,,,,,,,
P16422_and_Q495T6,0.4692179834369882,0.417519955396725,0.6209004092309944,23.073721682847868,51.77697749196141,-2499.3654175660695,B_C,,,,,,,,,,,
P16422_and_Q13061,0.40528231301011136,0.41750578463569005,0.0967657164771802,15.907830188679227,47.05205479452057,-1115.8517394872033,B_C,,,,,,,,,,,
P16422_and_A0A0J9YWP8,0.504459874625037,0.41710296060898056,0.09640923296264363,12.991076923076932,19.972666666666665,-369.96168462887664,B_C,,,,,,,,,,,
P16422_and_Q2M3G0,0.4571290909067498,0.41703997877019294,0.12427092446080314,21.574268617021282,58.346698564593325,-2984.3017388145126,B_C,,,,,,,,,,,
P16422_and_P39086,0.4327549697498037,0.41695463858853843,0.09211679801196437,17.98726114649683,71.58526315789473,-5474.127001249858,B_C,,,,,,,,,,,
P16422_and_Q9BPZ7,0.4233609149281964,0.4167031467035015,0.20480798320234608,19.62658333333335,63.89512195121951,-3971.937132544899,B_C,,,,,,,,,,,
P16422_and_P03950,0.47135643643568703,0.416602354189614,0.22070386129839115,14.258886718750013,72.88601265822783,-689.5537005543666,B_C,,,,,,,,,,,
P16422_and_Q96QZ7,0.3923574232024351,0.4161964636277989,0.259253395694883,22.675540025412964,57.660222222222195,-2469.112962308951,B_C,,,,,,,,,,,
P16422_and_Q6ZSZ5,0.40917828198673334,0.4160119499377487,0.17726533232381966,21.04538653366584,62.954304635761616,-2672.18221230332,B_C,,,,,,,,,,,
P16422_and_P24530,0.44309584676292174,0.41584297052351715,0.1804065918773231,18.984942716857574,58.94211956521741,-1457.7095459862721,B_C,,,,,,,,,,,
P16422_and_O95388,0.4295044560246535,0.4157916163807668,0.2153374749626137,16.822160970231508,60.20068493150686,-1350.0722187326392,B_C,,,,,,,,,,,
P16422_and_Q16538,0.4246150743091874,0.4157018101610075,0.11000736153490742,16.739912280701795,57.8471686746988,-3477.6482758931124,B_C,,,,,,,,,,,
P16422_and_P20849,0.40082502057754,0.4147356664667491,0.14897824925388176,17.487521968365552,64.24466666666667,-5023.795295936172,B_C,,,,,,,,,,,
P16422_and_Q8IUW5,0.4310453890307785,0.4145014001393264,0.08535116314254491,17.39596412556054,46.8050393700787,-1856.4975377173396,B_C,,,,,,,,,,,
P16422_and_P52799,0.43987925454851673,0.4144893813060483,0.06379718910776135,14.074009900990099,54.51014388489209,-1375.7725480781828,B_C,,,,,,,,,,,
P16422_and_A0A0A0MT78,0.5018659124444558,0.4141903357923444,0.08093411220309894,12.973308270676698,19.401647058823528,-1912.7576761403488,B_C,,,,,,,,,,,
P16422_and_P49771,0.45201490144989387,0.4136062923740277,0.16014248908360265,13.01720698254364,65.22499999999998,-863.0662422637433,B_C,,,,,,,,,,,
P16422_and_Q9P1A6,0.39332244396994603,0.4133930150710462,0.2031924475563896,22.361165048543672,52.347398373983744,-2886.157977336523,B_C,,,,,,,,,,,
P16422_and_P54317,0.4744198216621356,0.41329539966680606,0.14479025369543455,16.369067796610192,66.85856115107919,-1671.3101599468728,B_C,,,,,,,,,,,
P16422_and_A0A0B4J200,0.5003789911674028,0.41291121274502945,0.09948867383194578,12.581418918918923,19.77566265060241,-292.3322586567875,B_C,,,,,,,,,,,
P16422_and_Q07108,0.4534257061682717,0.4125598594375838,0.17034524201979936,16.657521186440672,68.03744186046515,-5172.413003728414,B_C,,,,,,,,,,,
P16422_and_O95998,0.4582339282335684,0.4123053383065714,0.10643859335507036,12.788220551378439,59.80174242424243,-3139.1798193298637,B_C,,,,,,,,,,,
P16422_and_A0A087WV62,0.4752117004186921,0.41136296232419683,0.09825897377028628,14.704353233830856,65.07511999999997,-829.8946204836997,B_C,,,,,,,,,,,
P16422_and_Q9P0G3,0.4384491037056673,0.41130272926704686,0.2750104972369885,18.330753968253976,58.84019736842108,-4080.214123720996,B_C,,,,,,,,,,,
P16422_and_P35372,0.4334465407940878,0.4110295458349907,0.11409926343118944,15.224874999999976,49.88961538461539,-1411.8056773391572,B_C,,,,,,,,,,,
P16422_and_O00408,0.4182302894686681,0.41082343752991934,0.1054861505478111,16.053421052631574,60.983239436619726,-2511.744507941581,B_C,,,,,,,,,,,
P16422_and_O00451,0.4404943561365953,0.4108227790463747,0.08616661330693513,18.17378854625551,60.21835294117644,-1667.7724586839922,B_C,,,,,,,,,,,
P16422_and_Q14439,0.428125145372001,0.41026460771747086,0.055418899274551084,17.343478260869563,52.66741935483871,-13439.56770885533,B_C,,,,,,,,,,,
P16422_and_Q9H158,0.4106128119909149,0.41016174179985165,0.09300539867604271,16.38857758620691,37.269749999999995,-2985.8421308816905,B_C,,,,,,,,,,,
P16422_and_P48736,0.49004269613462703,0.4099464099838769,0.09030489053662458,18.75790229885058,60.685213675213674,-19273.50964186391,B_C,,,,,,,,,,,
P16422_and_Q9BSN7,0.44128655095774233,0.4083409057667012,0.1691011513971039,15.78325320512819,61.544901960784316,-6476.101698941246,B_C,,,,,,,,,,,
P16422_and_A0A0A0MT94,0.4968106595612203,0.40831447646579216,0.08642906705034914,12.99548104956268,19.22488372093023,-580.3100466465653,B_C,,,,,,,,,,,
P16422_and_Q9NRM1,0.38746317075536696,0.4081479064520538,0.0981239696566457,18.05000000000001,41.33228571428571,-1078.0584126288886,B_C,,,,,,,,,,,
P16422_and_Q96EY1,0.4137110965021995,0.407166939858486,0.20991014051493467,17.87579681274903,67.44468531468533,-1406.6308874486203,B_C,,,,,,,,,,,
P16422_and_Q8N944,0.3955122819884307,0.40700073058243535,0.09339898572259202,18.842538860103655,49.754632034632024,-1215.4132782453817,B_C,,,,,,,,,,,
P16422_and_Q504Y2,0.45322468975295804,0.40694606967497604,0.1496308108620315,14.79709976798144,57.94369426751592,-1380.8544826514362,B_C,,,,,,,,,,,
P16422_and_Q12891,0.45365429018683723,0.40650065065965096,0.3544427680206716,22.165047770700603,65.25671957671956,-2635.868284897799,B_C,,,,,,,,,,,
P16422_and_Q8NHL6,0.41672264779818224,0.40616346555353616,0.21814014840138346,20.958295454545436,63.75948598130835,-6441.556633980959,B_C,,,,,,,,,,,
P16422_and_O43525,0.3900797461202815,0.40608537343215106,0.03900369600825057,16.389189189189185,48.86097087378642,-3644.570510580823,B_C,,,,,,,,,,,
P16422_and_O60245,0.3978572108915227,0.40547099005879766,0.07927422765022073,19.690600522193186,38.64215827338128,-2780.36702963704,B_C,,,,,,,,,,,
P16422_and_P42892,0.4588793327688099,0.40514160545089245,0.5094596737403906,23.39273281114013,51.59468401486985,-4174.205829069248,B_C,,,,,,,,,,,
P16422_and_Q8N6C5,0.3977354807945534,0.4051107000546104,0.28081371096640556,22.98921568627451,48.95883620689654,-2781.3507941417374,B_C,,,,,,,,,,,
P16422_and_A0A0B4J1X8,0.4677986191286334,0.40456337978823254,0.23903354536965005,12.364312267657994,79.9834939759036,-971.3006238348433,B_C,,,,,,,,,,,
P16422_and_Q5VWP3,0.3861695819887664,0.4044805156623379,0.07674204757581532,19.25447991761071,48.12587378640779,-1302.8886469787249,B_C,,,,,,,,,,,
P16422_and_P10767,0.44616322313803697,0.40397297041283764,0.08693045123642489,13.72902173913044,61.62767605633803,-1478.9993187210566,B_C,,,,,,,,,,,
P16422_and_A0A0A0MT70,0.49323536562882186,0.4038361860802858,0.09635480539995618,13.104833836858003,18.951290322580647,-573.0898595572544,B_C,,,,,,,,,,,
P16422_and_O00602,0.4169128857869787,0.40381567073810465,0.4298013919061392,21.4236973947896,71.57203791469192,-2030.3794525283047,B_C,,,,,,,,,,,
P16422_and_Q13113,0.4548206423278309,0.4037161243928039,0.060172713021881666,14.824857142857176,33.94638888888889,-1253.0414169699043,B_C,,,,,,,,,,,
P16422_and_Q9HCB6,0.40222897396882085,0.40348538723915717,0.09188505019213992,21.04550438596491,58.90006666666668,-3622.5298268034094,B_C,,,,,,,,,,,
P16422_and_P0CAP1,0.4042610401399443,0.4034427192418815,0.09188965371742298,21.466153846153865,47.01314814814815,-1478.3325818923186,B_C,,,,,,,,,,,
P16422_and_A0A075B6N3,0.4675693310092237,0.40329833066066345,0.11033981443195406,13.129805352798055,59.66496124031008,-1156.949119666052,B_C,,,,,,,,,,,
P16422_and_A0A0C4DH68,0.46692708292513474,0.40317976937063416,0.2024945934472054,16.5512084592145,67.98724137931035,-3208.4809054276407,B_C,,,,,,,,,,,
P16422_and_Q8IUL8,0.45559299139071496,0.4023941295778676,0.12037170623204213,22.059128978224432,54.33444444444443,-8484.054200918505,B_C,,,,,,,,,,,
P16422_and_Q14943,0.4231693654926778,0.4023544586843931,0.18373339981505005,20.333221476510058,65.35063492063492,-2933.0282605269103,B_C,,,,,,,,,,,
P16422_and_A0A075B706,0.49218669862380826,0.40229839899579256,0.09508848893852356,13.1761217948718,20.061162790697676,-1204.020201335525,B_C,,,,,,,,,,,
P16422_and_P01574,0.45367049156115236,0.40205446025619485,0.13926636456626215,14.531632653061228,70.05379844961237,-3650.1679409132203,B_C,,,,,,,,,,,
P16422_and_Q9UHB6,0.38961174072115357,0.4018855705568058,0.1506900617668797,20.086969696969717,60.816010638297854,-1628.3194610537903,B_C,,,,,,,,,,,
P16422_and_Q01974,0.38881351433987427,0.4015755422924734,0.1755887582182596,22.257090643274886,57.75372549019608,-11027.435546155008,B_C,,,,,,,,,,,
P16422_and_Q9BPW4,0.4150315895296101,0.4014496909026882,0.26548692434554755,22.236168224299043,51.70115702479337,-1274.9386992774453,B_C,,,,,,,,,,,
P16422_and_Q9BZM2,0.4550695898836532,0.4011139514236174,0.12778682714333564,15.37539682539682,69.47564885496185,-1863.7660717962553,B_C,,,,,,,,,,,
P16422_and_A5PKW4,0.3845700747736879,0.4008031951575132,0.2539254751100131,24.038106176620804,52.67250712250709,-1875.1195793184888,B_C,,,,,,,,,,,
P16422_and_Q15464,0.4002348919703793,0.4007904446895355,0.14563263993172745,20.319743589743595,49.93949748743718,-2257.849214641108,B_C,,,,,,,,,,,
P16422_and_P20594,0.41219614051905645,0.40020926935437684,0.10844647964916056,21.294386873920526,62.34746478873243,-3147.6033667995143,B_C,,,,,,,,,,,
P16422_and_Q9BTV4,0.4450935202311139,0.40002005939712393,0.1802880529418707,16.1017167381974,70.41006896551727,-2679.762893366782,B_C,,,,,,,,,,,
P16422_and_O60266,0.4394134155511586,0.3997489644187869,0.07010056072181614,19.533591731266153,61.564466666666654,-4829.757232683003,B_C,,,,,,,,,,,
P16422_and_P0CG37,0.4344489994174911,0.39953580558619434,0.1077290622004944,12.814317673378085,51.951874999999994,-2666.80554016698,B_C,,,,,,,,,,,
P16422_and_O95013,0.4473531376010014,0.39934857902275633,0.16904979367492212,16.366140350877192,55.634971751412415,-1391.0270907099214,B_C,,,,,,,,,,,
P16422_and_P01111,0.45267059612708566,0.39901007284028733,0.1851996353708919,14.648645833333322,69.84972602739724,-3546.93368590763,B_C,,,,,,,,,,,
P16422_and_Q1L6U9,0.455579018371968,0.3985162586547964,0.12231801422115017,14.01072000000001,62.96154761904766,-3320.494260525452,B_C,,,,,,,,,,,
P16422_and_A0A0C5B5G6,0.48879529962225854,0.3984042254580515,0.0574658844536179,12.859791666666656,19.90368421052632,-1262.4495069573977,B_C,,,,,,,,,,,
P16422_and_Q6UWQ5,0.45554241871785256,0.3983554054738972,0.2344181809390601,13.000344036697234,74.97084615384617,-1105.4717190938857,B_C,,,,,,,,,,,
P16422_and_P80748,0.4511577997044569,0.3980880302920361,0.2874121979948931,16.59546391752579,70.89506578947369,-1299.5962859335166,B_C,,,,,,,,,,,
P16422_and_O15169,0.38719973991736023,0.3980116824308763,0.11861124768986729,21.61078651685393,68.51401315789474,-9353.77203355194,B_C,,,,,,,,,,,
P16422_and_O60938,0.44935812476796533,0.39794607674367066,0.08056103056843476,19.509747292418783,49.23341463414634,-2604.506389640493,B_C,,,,,,,,,,,
P16422_and_Q8NGJ3,0.44892991350628575,0.39703052298426356,0.15478701185305904,16.931382978723427,59.94546511627905,-1157.563279583497,B_C,,,,,,,,,,,
P16422_and_Q96LC7,0.41298198668580327,0.3962715777812704,0.08601132240659938,19.90707720588237,63.41392405063291,-2495.827758386853,B_C,,,,,,,,,,,
P16422_and_P01709,0.4520065364286017,0.39595887557231224,0.15354806450318997,15.92257551669318,65.19530726256981,-957.5129951053614,B_C,,,,,,,,,,,
P16422_and_P20336,0.43809834440793566,0.3953666300157053,0.04120918482850149,15.7337899543379,50.949010989010986,-6842.832121990682,B_C,,,,,,,,,,,
P16422_and_P01568,0.44900152466610627,0.3951961281623466,0.14482674826990968,15.203372434017577,72.41394957983192,-1724.3935138699762,B_C,,,,,,,,,,,
P16422_and_Q9HBY0,0.4538518971628185,0.3951146053217931,0.10141104471149784,12.538693467336687,61.40387387387387,-1676.6275429723873,B_C,,,,,,,,,,,
P16422_and_P05231,0.4423506627629219,0.3948954420601404,0.1701704399538847,15.730413625304147,61.873065693430675,-890.3570422421717,B_C,,,,,,,,,,,
P16422_and_O00253,0.44560426026180416,0.39464721685445725,0.08894860026351906,9.915094339622653,37.33152173913042,-1185.6201871121511,B_C,,,,,,,,,,,
P16422_and_A0A075B6S4,0.4598789636217986,0.3944771292672289,0.2839829176383813,15.801551480959109,51.65690476190474,-963.4901251225021,B_C,,,,,,,,,,,
P16422_and_Q8NHM4,0.4282479369881007,0.3938251360186505,0.18742192014420841,17.676442307692305,61.32772727272724,-4574.936208987206,B_C,,,,,,,,,,,
P16422_and_Q99523,0.44546565899742996,0.3938014857540155,0.3002534539228416,23.582277526395178,64.35601010101009,-3161.999105390063,B_C,,,,,,,,,,,
P16422_and_O00300,0.40792968055948686,0.39310892355689514,0.17265303220827302,17.122004889975557,65.7304166666667,-1104.517069985376,B_C,,,,,,,,,,,
P16422_and_Q92876,0.43643961725254876,0.3930595950484412,0.2624049866021243,18.15712742980561,52.122820512820496,-1864.8014433617839,B_C,,,,,,,,,,,
P16422_and_O75038,0.42335885510464305,0.39301932749276863,0.14229568858215635,22.96797287113789,53.33074183976261,-4243.59794728928,B_C,,,,,,,,,,,
P16422_and_Q8NC24,0.4110703852303987,0.3928728224778192,0.13292287497075086,14.901154734411083,39.05880341880343,-867.3379841554633,B_C,,,,,,,,,,,
P16422_and_A0A0J9YWX3,0.48341875250470523,0.39275184250616735,0.16327786751812148,14.839317180616735,12.64289719626168,-1840.107700767971,B_C,,,,,,,,,,,
P16422_and_P01714,0.45846497768224814,0.39243669558271776,0.22332146568507585,13.394785847299831,67.84787499999996,-1974.0112308594007,B_C,,,,,,,,,,,
P16422_and_O15399,0.39401429718560765,0.39221649018058025,0.1938279839145884,21.975137513751353,60.02404958677683,-2923.7155490681034,B_C,,,,,,,,,,,
P16422_and_A0A087X1G2,0.40324882337081297,0.3921707654748585,0.23802047461380335,21.4848958333333,64.46244725738399,-1121.2628643703538,B_C,,,,,,,,,,,
P16422_and_Q9NQC7,0.4004257942863727,0.39207869877357615,0.15192169042627665,21.87906249999999,57.98228070175441,-2605.8641579854193,B_C,,,,,,,,,,,
P16422_and_Q9NYP8,0.42928287132818804,0.3916842515091064,0.15042903927706308,17.67948490230908,59.13639053254438,-909.9380104666006,B_C,,,,,,,,,,,
P16422_and_Q9ULB5,0.400100902725388,0.39109336780230497,0.20974861417910934,18.774862258953185,65.73192893401013,-4916.183746764261,B_C,,,,,,,,,,,
P16422_and_Q8TEU8,0.39004733175336936,0.39087748741424316,0.2658654619507594,20.06944162436546,54.13480158730161,-1406.2656193069597,B_C,,,,,,,,,,,
P16422_and_Q9BZM5,0.4361604071978771,0.3906833547167674,0.1718531726040892,13.201883239171371,66.5340268456376,-1410.4198526793423,B_C,,,,,,,,,,,
P16422_and_Q13424,0.4127417633536556,0.39059742772492206,0.25100523590640106,17.519186652763327,66.29879668049792,-1394.06107398309,B_C,,,,,,,,,,,
P16422_and_P33681,0.4236757983037065,0.3904555205802514,0.3388611215408957,16.585343228200372,73.73924050632908,-985.2304696986303,B_C,,,,,,,,,,,
P16422_and_P0DSE1,0.4245313865149824,0.39017278299216884,0.1391873476023945,13.893348623853196,60.426335877862584,-1225.2166783610414,B_C,,,,,,,,,,,
P16422_and_D3W0D1,0.432412684580132,0.3901340657730108,0.17841948643681477,18.011740041928714,68.11822580645163,-7967.406099277301,B_C,,,,,,,,,,,
P16422_and_Q9BXJ7,0.43159487445692873,0.3901219756358291,0.08035040991249816,17.324165029469558,54.31471698113208,-1708.8083448319562,B_C,,,,,,,,,,,
P16422_and_P51787,0.3833959265454334,0.38951995813271456,0.049397719693505274,17.632753164556963,61.81010416666667,-1294.2398622005712,B_C,,,,,,,,,,,
P16422_and_Q86Y27,0.47290566040616683,0.3888449019952744,0.10953186487045503,13.342299999999984,33.80033333333333,-1843.7734436888495,B_C,,,,,,,,,,,
P16422_and_Q7Z7H3,0.4016183320862417,0.3887405692138899,0.1591550404784908,21.583391608391597,64.17849710982662,-1784.1239697359815,B_C,,,,,,,,,,,
P16422_and_P42081,0.418555433907192,0.38838686761650154,0.24587553633263676,16.02103658536588,60.80216374269007,-3291.5269165085983,B_C,,,,,,,,,,,
P16422_and_Q9NRR8,0.4582825410636281,0.388144127885389,0.17302305687297048,12.755298013245024,36.41371900826446,-761.4400969363305,B_C,,,,,,,,,,,
P16422_and_P15813,0.41767938866362997,0.38811460856191504,0.19820952199683883,15.675696202531645,73.78550387596896,-1314.6060501712125,B_C,,,,,,,,,,,
P16422_and_P20701,0.4188245179340361,0.3878543441416135,0.11432574024820603,17.52803203661326,52.24916666666667,-5890.002701373078,B_C,,,,,,,,,,,
P16422_and_Q8N127,0.4344685986255848,0.3873104155863914,0.16495844650450542,14.640606936416173,71.63008403361344,-1289.5270978442954,B_C,,,,,,,,,,,
P16422_and_P26718,0.430339979889172,0.3871518582068806,0.11795678120723165,15.888444444444438,64.24992248062014,-8473.064180346311,B_C,,,,,,,,,,,
P16422_and_Q9H4G1,0.446721510010357,0.38704787181959016,0.22044342725058688,14.663646788990816,65.41517482517482,-1250.7402132517645,B_C,,,,,,,,,,,
P16422_and_Q9Y4E1,0.3665464427564272,0.38664028194697736,0.07318736378342487,20.779360852197065,49.539948979591806,-1312.7339071515307,B_C,,,,,,,,,,,
P16422_and_Q6ZUJ8,0.3825612573490285,0.3865146420674761,0.14133835691589308,20.158579088471853,60.25738693467339,-4509.939079726144,B_C,,,,,,,,,,,
P16422_and_Q6ZWK4,0.4260539132099306,0.38626377596963424,0.1302814814260365,14.036835443037958,24.294152542372878,-560.2930780615488,B_C,,,,,,,,,,,
P16422_and_P13232,0.44455604848678787,0.3860641804405623,0.12030758233337473,16.16144927536232,54.879467455621295,-483.6909600944109,B_C,,,,,,,,,,,
P16422_and_Q8WU39,0.43666049101026105,0.3858639526306259,0.1381758692692992,13.741614255765176,66.934598540146,-1373.2906901461554,B_C,,,,,,,,,,,
P16422_and_Q9C0A0,0.4507312136831111,0.38573483228321026,0.1506855869828091,20.788235294117637,58.47337142857141,-3774.7977401097787,B_C,,,,,,,,,,,
P16422_and_P22466,0.4421450180518701,0.38513522802930844,0.13655674727859232,13.368498942917538,36.20189781021897,-336.7079038034226,B_C,,,,,,,,,,,
P16422_and_Q969Z4,0.39109349287178174,0.3848086470378922,0.09119950283824725,20.14225239616613,48.72216216216215,-3640.1685693802865,B_C,,,,,,,,,,,
P16422_and_Q495M9,0.39473715763721556,0.3846293150111343,0.2527595535242467,22.713762102351293,63.16551724137931,-8406.440072821868,B_C,,,,,,,,,,,
P16422_and_Q13443,0.3989347855441616,0.383539868395105,0.1560774457808481,18.045755395683443,42.5492477876106,-3946.821428104333,B_C,,,,,,,,,,,
P16422_and_Q13546,0.3882439232650553,0.3834713799489589,0.11943898496197619,21.21484992101106,63.17117021276596,-1220.231642187966,B_C,,,,,,,,,,,
P16422_and_Q8IX03,0.39721734489518307,0.3834166131324199,0.22763338276226305,22.69687500000001,58.58181102362203,-1938.2172786472656,B_C,,,,,,,,,,,
P16422_and_O75718,0.42768038486495086,0.38276085306741703,0.2587314210098307,18.854590818363263,71.71171597633139,-1868.209234322564,B_C,,,,,,,,,,,
P16422_and_Q8IWY4,0.4116630198248321,0.3825042817183335,0.15687154941261622,22.205471698113218,59.31886597938146,-2075.4864310697812,B_C,,,,,,,,,,,
P16422_and_Q9C0C4,0.42962415401782617,0.38248513926795435,0.17595025474052883,24.343377976190464,67.48370689655175,-5384.361093401398,B_C,,,,,,,,,,,
P16422_and_Q5W186,0.4380685598828402,0.38247154682279416,0.13363062145693738,16.485759493670894,59.85282608695651,-853.0556419661643,B_C,,,,,,,,,,,
P16422_and_A0A075B6Y3,0.47501807271284824,0.38227595071752296,0.12425992762495494,12.017576791808862,19.71376344086022,-745.6679104370808,B_C,,,,,,,,,,,
P16422_and_A0A0B4J271,0.4498361460172511,0.3822594855233596,0.12872856530635798,12.757851239669423,64.66482758620688,-820.3219486223544,B_C,,,,,,,,,,,
P16422_and_Q9HD89,0.4488773110640243,0.3820891261928081,0.1470213872156806,12.76152219873151,57.06335664335665,-1279.6237770957052,B_C,,,,,,,,,,,
P16422_and_P20827,0.4259126908218731,0.3816766620509795,0.09042329244715583,14.582698961937705,68.43053571428568,-1631.9246285290737,B_C,,,,,,,,,,,
P16422_and_Q9UKB5,0.391880067521533,0.38158208752121336,0.08750283064863694,16.916174183514787,41.68601226993864,-1909.7970923477842,B_C,,,,,,,,,,,
P16422_and_Q13072,0.46662111083248187,0.38157214007541573,0.10179130222674788,13.991397849462356,32.745,-1632.6330244743976,B_C,,,,,,,,,,,
P16422_and_P17813,0.39578373378804516,0.3811432038668893,0.100524050538653,18.9796,65.76993333333333,-5453.97408218258,B_C,,,,,,,,,,,
P16422_and_Q96MU5,0.41820267487013163,0.3810727530855941,0.06575460563898655,18.44057279236276,45.71061538461537,-1483.7679151487027,B_C,,,,,,,,,,,
P16422_and_Q9Y228,0.38078736366654303,0.3809478583257276,0.04672461980320558,18.057042253521136,46.19366197183098,-1366.459683772282,B_C,,,,,,,,,,,
P16422_and_Q5T848,0.3840292049425955,0.3803895441427164,0.14122101941555062,25.139295039164498,47.43050279329606,-3794.2362139570614,B_C,,,,,,,,,,,
P16422_and_Q96NY8,0.3847691343555551,0.3801380090935721,0.5590399174478613,25.333411214953347,72.88047210300428,-1995.3751608315215,B_C,,,,,,,,,,,
P16422_and_Q9Y5I7,0.4220360760832869,0.3800800303994705,0.1099767937853144,16.8097609561753,47.146322580645155,-2252.4311452980037,B_C,,,,,,,,,,,
P16422_and_Q4V9L6,0.4015351825291116,0.379917860323304,0.11562793946962847,13.57450704225352,19.97324324324325,-826.2878409818186,B_C,,,,,,,,,,,
P16422_and_Q7LBE3,0.42122002276247755,0.3798124976607093,0.33702694448448656,23.06692851531821,61.17345098039215,-2867.7006185868304,B_C,,,,,,,,,,,
P16422_and_O95466,0.38092450144841394,0.379811292575479,0.13356976633354653,20.22627737226275,53.91801587301584,-1730.7007331979694,B_C,,,,,,,,,,,
P16422_and_Q6UX39,0.4142505619102157,0.37956234983578196,0.1101593143803547,14.6454641350211,36.77944444444444,-1482.3691659432734,B_C,,,,,,,,,,,
P16422_and_Q8NGW1,0.4257894327471637,0.3795337874501019,0.08075598856581948,16.604225352112692,63.72718749999998,-1892.6919208681081,B_C,,,,,,,,,,,
P16422_and_Q6XPR3,0.3720645677095309,0.379475395649015,0.08685269925052441,19.562735849056605,50.93425,-1608.318299439823,B_C,,,,,,,,,,,
P16422_and_O75509,0.37706347691118874,0.3792892683848777,0.11339810431041793,19.938246753246727,57.661167512690334,-1740.8288087055407,B_C,,,,,,,,,,,
P16422_and_Q14982,0.41364337405754736,0.37928521403753224,0.10434602224700451,18.62564935064936,65.54490322580648,-14453.32563378994,B_C,,,,,,,,,,,
P16422_and_P16284,0.3739460580364298,0.3789708665915804,0.4001066604166331,24.31961152882209,62.960267379679124,-3479.4862127130345,B_C,,,,,,,,,,,
P16422_and_Q9Y4J8,0.3799257641711197,0.37861025547352695,0.34235282595900934,24.35953427065027,67.63227999999998,-1910.2183933130145,B_C,,,,,,,,,,,
P16422_and_A0JD37,0.43659512423028346,0.37818476643396215,0.21514924108383582,18.21936475409838,63.55541935483873,-1664.7914298030623,B_C,,,,,,,,,,,
P16422_and_Q9UBT7,0.406457659575503,0.37811311086508925,0.15931984527215046,20.75727848101264,54.343383084577134,-2661.5628482585425,B_C,,,,,,,,,,,
P16422_and_Q13613,0.43669035280865465,0.37776780496368256,0.16482717515205325,18.787886178861783,63.96920792079207,-1749.5397602340636,B_C,,,,,,,,,,,
P16422_and_Q86SJ2,0.39654749724179855,0.3775019497139064,0.14573792533181604,19.84664586583462,61.327740112994334,-2516.37903360571,B_C,,,,,,,,,,,
P16422_and_Q9UPX0,0.3724860467869958,0.37738839787803524,0.04559313939316341,17.112542372881336,18.583478260869565,-1528.968013331716,B_C,,,,,,,,,,,
P16422_and_Q8N565,0.4267600221980496,0.37730985964543995,0.1374214352437133,17.221239669421518,63.6919565217391,-1224.4911121887226,B_C,,,,,,,,,,,
P16422_and_P10144,0.4099461709321813,0.37715273620428924,0.20897747438077252,18.48317757009347,60.58189542483657,-1546.93106553374,B_C,,,,,,,,,,,
P16422_and_A0A0C4DH39,0.4447695324783996,0.3771130105110473,0.10398069257647123,14.420597484276726,66.73747663551401,-951.786456584395,B_C,,,,,,,,,,,
P16422_and_P16473,0.41624573302883483,0.37698690702519927,0.12891535198485424,17.41604584527219,51.03890510948904,-4234.900737625266,B_C,,,,,,,,,,,
P16422_and_Q13201,0.3624306913577232,0.3769696323922731,0.12459725338210578,22.174102209944756,55.016981132075465,-1657.881216900103,B_C,,,,,,,,,,,
P16422_and_P0CJ70,0.46816064915822253,0.37670350183248424,0.16944011992606614,12.455405405405413,25.31387096774193,-1252.6443474580503,B_C,,,,,,,,,,,
P16422_and_Q9BZ76,0.4438912885383608,0.37625213852521683,0.22559535781494974,22.17682926829269,61.933654822335,-16456.050026776018,B_C,,,,,,,,,,,
P16422_and_Q17RF5,0.4317037811596389,0.3762157356041722,0.08652989470600594,15.932003891050583,37.70157142857143,-510.0889884975495,B_C,,,,,,,,,,,
P16422_and_Q8TE56,0.37964806223008263,0.3761506439454526,0.12016143025232122,18.709327846364893,56.26030973451331,-3560.2748980760007,B_C,,,,,,,,,,,
P16422_and_P01583,0.4049674206185637,0.37607206297977536,0.15609109198003,19.294171348314595,60.218491620111706,-776.0121845664216,B_C,,,,,,,,,,,
P16422_and_O14917,0.37618174546117905,0.3760557900497017,0.09209541759965192,19.378227360308255,41.10458333333334,-2460.051177238085,B_C,,,,,,,,,,,
P16422_and_Q6UXY1,0.37916504443749566,0.37596552355647167,0.27446897847137763,23.42639999999998,64.83799999999997,-4194.116238975548,B_C,,,,,,,,,,,
P16422_and_P01834,0.44606553360996914,0.375927365793764,0.17783463703892824,16.75012048192772,63.357016129032274,-1120.746181472207,B_C,,,,,,,,,,,
P16422_and_Q5T4F7,0.40697749162733304,0.37564861649742215,0.07869639546946035,18.677522935779816,63.78582608695651,-6267.857314397084,B_C,,,,,,,,,,,
P16422_and_P0CJ74,0.46622424232821624,0.37433540308772756,0.16661054737399472,13.6030303030303,18.639107142857142,-409.6847769339756,B_C,,,,,,,,,,,
P16422_and_P01718,0.4331393306837389,0.37393143637901116,0.1826492372987097,17.672505800464048,69.74543478260871,-1038.1091980176134,B_C,,,,,,,,,,,
P16422_and_Q8N126,0.40151879010339975,0.37301142290540446,0.16541691338554984,15.576527777777791,69.15336283185839,-1457.286853842386,B_C,,,,,,,,,,,
P16422_and_O15467,0.43495967567277605,0.3728586880967254,0.1457713410310812,14.930148619957544,54.257957746478866,-243.82131344265508,B_C,,,,,,,,,,,
P16422_and_Q6F5E8,0.39578855304450056,0.37285038162298584,0.07850834260525215,21.69967105263157,53.26858895705519,-1885.2263820286898,B_C,,,,,,,,,,,
P16422_and_P24071,0.41173257909835326,0.37266478679827353,0.10777874407719061,18.44970355731227,48.74848484848486,-1022.8692221828605,B_C,,,,,,,,,,,
P16422_and_Q9HCQ7,0.4149662901457794,0.3725020581132874,0.10141433552722492,14.73538461538459,40.083582089552245,-601.3143095162231,B_C,,,,,,,,,,,
P16422_and_P54578,0.4140925857636509,0.3724523070152911,0.35037308750872553,19.62967625899284,69.69921568627448,-1811.905111978314,B_C,,,,,,,,,,,
P16422_and_Q30154,0.40167078600827066,0.37230739383843736,0.270553785826429,20.098997890295383,63.31721951219512,-1025.6001864938598,B_C,,,,,,,,,,,
P16422_and_O15240,0.3721421917992856,0.3721273631196296,0.10353918011538288,17.735419968304296,49.25081249999998,-1005.0292661229105,B_C,,,,,,,,,,,
P16422_and_O95399,0.43146386258296643,0.3721235766237353,0.10509516019278613,13.522188755020101,36.59357142857144,-1736.71298003622,B_C,,,,,,,,,,,
P16422_and_Q9Y5G0,0.3789972659428726,0.37204942980028877,0.18847023627233647,20.863040446304048,61.985572916666676,-2303.273954415017,B_C,,,,,,,,,,,
P16422_and_Q8TDU9,0.41537113270801024,0.3713856963291672,0.22040191917029184,17.026335403726744,64.60834224598929,-859.9705774137474,B_C,,,,,,,,,,,
P16422_and_Q6YHK3,0.4346570792300013,0.37117809474412233,0.07049838589963812,24.44876190476189,51.59835680751174,-12649.410399577662,B_C,,,,,,,,,,,
P16422_and_P20774,0.40713064706498747,0.371088671829026,0.10076935759666296,19.014860139860154,64.06144230769229,-21116.62686455157,B_C,,,,,,,,,,,
P16422_and_Q96A54,0.415552964126239,0.3710158880308033,0.08063301486012761,16.866058394160593,59.884999999999984,-1639.9887133553093,B_C,,,,,,,,,,,
P16422_and_Q6GPI1,0.40366595007437056,0.3704896385821195,0.2079192098360704,18.947607655502374,55.732,-3484.695955292747,B_C,,,,,,,,,,,
P16422_and_Q6ZTQ4,0.3738494009075908,0.37046718792921396,0.04993446102537573,17.249463806970503,50.28965517241379,-1660.053891700084,B_C,,,,,,,,,,,
P16422_and_Q96LA5,0.378681443315192,0.37043583169896027,0.14980035774551229,20.237881508078942,44.63474576271188,-1709.3795797699568,B_C,,,,,,,,,,,
P16422_and_O60353,0.39600906113443973,0.37042465170253724,0.14458198327788074,20.563483146067416,56.55927083333336,-1284.6920771115183,B_C,,,,,,,,,,,
P16422_and_Q92478,0.4345593718216338,0.37037286689931986,0.09906813070678537,14.333043478260858,67.29953271028036,-738.102671067387,B_C,,,,,,,,,,,
P16422_and_P53708,0.4160544549755496,0.36994829045788624,0.34097532454125035,18.437747524752503,53.1927513227513,-6363.5078220292835,B_C,,,,,,,,,,,
P16422_and_Q9NRU3,0.3665007564435061,0.3697354722584497,0.0976790789427918,21.85835443037973,60.73896825396824,-3426.836424508663,B_C,,,,,,,,,,,
P16422_and_P00748,0.38977284882334856,0.368594845880201,0.2130620785142283,19.123885714285738,51.73294573643409,-3780.915556515367,B_C,,,,,,,,,,,
P16422_and_Q96F05,0.3727384844967019,0.36798172990602473,0.11677865775009805,14.444984326018819,26.348723404255328,-730.5238248292881,B_C,,,,,,,,,,,
P16422_and_O43927,0.4337942671751732,0.3677351331755898,0.21031144474864666,16.023508522727273,56.20601190476191,-1565.5364356426307,B_C,,,,,,,,,,,
P16422_and_Q9BZM4,0.41509524634701017,0.36773436490373773,0.12919733435699038,17.56793313069908,72.97923809523812,-762.1426054636645,B_C,,,,,,,,,,,
P16422_and_P55808,0.40857362049333,0.36755855767892753,0.11859395898570244,14.021388888888886,31.655760869565217,-1853.616163594681,B_C,,,,,,,,,,,
P16422_and_O75015,0.4123937577377853,0.36726449471573763,0.15416008959873378,16.19113924050633,56.2873076923077,-7207.562837424086,B_C,,,,,,,,,,,
P16422_and_Q96E93,0.4161382157025884,0.367090613250499,0.1385476416301749,13.951496259351623,52.506879999999995,-7775.00264589996,B_C,,,,,,,,,,,
P16422_and_Q5QGZ9,0.40736815488423983,0.3670800892130437,0.09747680632766448,15.892307692307693,68.92928571428568,-1632.0408705123432,B_C,,,,,,,,,,,
P16422_and_O15335,0.4265905334217095,0.36703877186440753,0.10621833736137416,17.542471910112354,61.86945454545456,-3191.4025321555305,B_C,,,,,,,,,,,
P16422_and_Q13418,0.3884620054448736,0.3668524583357553,0.2945569478131653,22.927452085682106,57.027522123893824,-1680.265563136194,B_C,,,,,,,,,,,
P16422_and_Q96R67,0.4195573043009499,0.3667741913989265,0.09425430398558471,16.485480093676813,60.16432835820897,-1513.268639148061,B_C,,,,,,,,,,,
P16422_and_Q14244,0.3585736100855609,0.3666970355300071,0.059988409008005256,19.428092783505146,54.94204918032788,-1448.3885271295221,B_C,,,,,,,,,,,
P16422_and_A0A0K2S4Q6,0.4125824481673851,0.3663515088820596,0.08553645644614195,19.101328502415466,53.141811594202906,-601.1973734930261,B_C,,,,,,,,,,,
P16422_and_P07585,0.41558792503675857,0.36632338484913385,0.13521938302868347,14.888258317025434,64.12803571428574,-1066.4859055486338,B_C,,,,,,,,,,,
P16422_and_O94850,0.3658758023178515,0.36563399518783835,0.06315162129224403,15.74121171770973,47.463411764705874,-1051.764553777859,B_C,,,,,,,,,,,
P16422_and_Q9NQZ6,0.4048556880858636,0.36531767081345157,0.06049533282842057,13.192907801418455,48.4356043956044,-1195.2959717607464,B_C,,,,,,,,,,,
P16422_and_P04217,0.4203047494073705,0.3652251732099956,0.23348793967325526,21.496012269938625,65.98720183486236,-3685.12706575904,B_C,,,,,,,,,,,
P16422_and_Q4KMQ2,0.43281091566134844,0.3650099809230756,0.0839111377646124,16.981531531531527,47.92043103448275,-2738.9903268953003,B_C,,,,,,,,,,,
P16422_and_A0A075B6I7,0.4364417501558272,0.36488795106682437,0.1139777840082732,15.345209580838318,59.130979020979034,-837.2430777283721,B_C,,,,,,,,,,,
P16422_and_Q2TAL8,0.37054404977339817,0.36469435142308576,0.1767190303315609,22.209298245614022,57.73561320754718,-15400.354312372227,B_C,,,,,,,,,,,
P16422_and_P63165,0.4374288094633936,0.364428302661239,0.11841499341310469,12.268170426065156,47.39519685039371,-717.0824509082017,B_C,,,,,,,,,,,
P16422_and_Q9UN72,0.3755216514309938,0.3641429567974724,0.1084035961134632,24.180769230769197,61.53468750000002,-4417.8147229778915,B_C,,,,,,,,,,,
P16422_and_Q6UXH0,0.4115537078661872,0.36332038295885866,0.0592118779078087,15.59107142857143,52.48215827338132,-5410.986931430954,B_C,,,,,,,,,,,
P16422_and_Q5BIV9,0.41196520300848183,0.3632392399170818,0.1130769000201173,11.111713286713279,23.50172043010753,-568.5650013727741,B_C,,,,,,,,,,,
P16422_and_Q92930,0.4118152221070599,0.362819858311407,0.07618623450602119,15.899036144578297,64.86372413793103,-860.5127957978287,B_C,,,,,,,,,,,
P16422_and_Q7RTY8,0.4286271024922339,0.36274993418148244,0.1405684622645243,20.314678899082544,66.8084242424242,-2522.772802419972,B_C,,,,,,,,,,,
P16422_and_A8K2U0,0.42380253633717657,0.3626935109346243,0.10231141327240215,25.621960784313714,53.65928229665076,-7444.965498720645,B_C,,,,,,,,,,,
P16422_and_P30414,0.34771898580059757,0.3624571152805271,0.28947316618045993,21.810829817158915,67.16463687150835,-1732.931958830668,B_C,,,,,,,,,,,
P16422_and_P01705,0.4254322230929246,0.3623009686062378,0.1478837741497975,16.271712802768157,64.57570552147241,-846.5308610032016,B_C,,,,,,,,,,,
P16422_and_Q99944,0.3874262368104012,0.36174596622938676,0.1123494195359036,15.33498896247243,43.511136363636346,-2033.5863226877755,B_C,,,,,,,,,,,
P16422_and_Q14392,0.428249649799635,0.3615717060160386,0.1558368804576795,18.548157453936334,52.1257142857143,-15062.861545461274,B_C,,,,,,,,,,,
P16422_and_P11836,0.3879269793697918,0.36147400889252695,0.1370600343635046,19.658711433756817,44.341756756756766,-1100.691061733488,B_C,,,,,,,,,,,
P16422_and_Q6ZVW7,0.37888717146021866,0.3613806874149521,0.1012679884568288,19.490210526315757,63.43891566265061,-5751.485682536197,B_C,,,,,,,,,,,
P16422_and_Q8TAM2,0.40603656698018903,0.3607148942350065,0.18251763473157004,18.274245115452917,58.40224137931033,-1114.8068613743271,B_C,,,,,,,,,,,
P16422_and_P04004,0.40144845487579944,0.3604105137570665,0.1922402778843684,19.168454661558094,58.64359813084108,-11669.333535187588,B_C,,,,,,,,,,,
P16422_and_Q9BZV3,0.3485741204387518,0.3603711865755003,0.1574763379748453,24.30942622950816,55.04576923076925,-6498.425189336907,B_C,,,,,,,,,,,
P16422_and_P51460,0.4255737470160186,0.3603609885779149,0.08227184299431926,13.175568181818186,43.17430894308944,-1164.8522736695868,B_C,,,,,,,,,,,
P16422_and_Q2HXU8,0.39815699808309185,0.3601525821689673,0.0971122231090736,17.119070904645458,62.45972727272728,-7502.757404494741,B_C,,,,,,,,,,,
P16422_and_Q6UY14,0.35296872554746095,0.3601332161395952,0.11400824946254674,21.248254931714694,58.85716346153846,-1742.4006841959563,B_C,,,,,,,,,,,
P16422_and_A0A0K0K1C4,0.4298211268805294,0.35950887644483565,0.11110859410532933,15.082739420935415,58.03761194029851,-1070.2908209859434,B_C,,,,,,,,,,,
P16422_and_P47775,0.39728675283559356,0.3594871848549941,0.06854621602588686,15.304388714733555,46.70214953271027,-1201.4776654647526,B_C,,,,,,,,,,,
P16422_and_Q969D9,0.4213158945591785,0.35945173179061296,0.1155011746147943,15.324137931034493,63.24424528301888,-2559.3633552807073,B_C,,,,,,,,,,,
P16422_and_A0A075B6J2,0.42975413229937176,0.35924105788299054,0.15464644765634747,14.87409867172675,64.0705031446541,-804.5062431099677,B_C,,,,,,,,,,,
P16422_and_O95760,0.39238097722050147,0.35900093361113916,0.15925629429031973,21.460674157303426,54.454863636363605,-1292.7102885866916,B_C,,,,,,,,,,,
P16422_and_Q5UCC4,0.4027540252260703,0.3587517156309853,0.16240589103697187,15.96991434689508,70.12175324675323,-1119.7027173459119,B_C,,,,,,,,,,,
P16422_and_Q14112,0.3591751503291619,0.358476923378996,0.2838685238561168,22.056405163853032,53.959921568627465,-3718.9596730994963,B_C,,,,,,,,,,,
P16422_and_P19022,0.3706612711039309,0.3584011150760764,0.1289194632112852,19.58477564102564,68.76457142857143,-2976.11403580586,B_C,,,,,,,,,,,
P16422_and_O75044,0.3639784622046172,0.3581652128228249,0.121011640767141,21.984005763688774,59.47184210526315,-2399.0967616349444,B_C,,,,,,,,,,,
P16422_and_Q86XM0,0.4234837663588381,0.3580287784066901,0.2670304633665112,19.536382978723406,67.38935714285712,-2152.480861601836,B_C,,,,,,,,,,,
P16422_and_P23276,0.4223930034016776,0.35776916015492394,0.4374139774799761,22.439678510998313,65.32767213114754,-2282.567214481285,B_C,,,,,,,,,,,
P16422_and_P00734,0.4157074124759761,0.35755169365524575,0.24099806370419738,17.197750865051916,55.91815384615384,-2487.028638645741,B_C,,,,,,,,,,,
P16422_and_Q9UBY0,0.381661818943581,0.3573428460610917,0.07600722271397982,20.520506108202458,51.81290502793296,-2889.6305618467195,B_C,,,,,,,,,,,
P16422_and_P07492,0.41670838964468515,0.357280700275735,0.13076081459957326,12.588469387755097,41.47951612903226,-1228.6526331800014,B_C,,,,,,,,,,,
P16422_and_Q9Y2C5,0.40947356537935164,0.3568563467313754,0.11314676655640024,20.027479338842983,65.39531645569622,-2821.5963147601906,B_C,,,,,,,,,,,
P16422_and_P23975,0.41709159379017846,0.35683355398910427,0.17021600306173473,18.249233128834383,56.64653631284917,-5811.7613508883815,B_C,,,,,,,,,,,
P16422_and_O94910,0.3594067971383048,0.3567964729420753,0.33625100274008796,22.71753325272065,68.9970386266094,-1994.0077820991137,B_C,,,,,,,,,,,
P16422_and_Q68BL8,0.36024410968094966,0.3562735703218641,0.21412247659120165,22.56147248034308,52.00665480427047,-2855.537792805495,B_C,,,,,,,,,,,
P16422_and_Q68DA7,0.3542927448359687,0.35562220306690473,0.10083075318203383,24.23501483679528,46.51505617977527,-2042.2007479395252,B_C,,,,,,,,,,,
P16422_and_Q86WN2,0.40741517420351603,0.35553723393647885,0.1708276464740755,18.604924242424204,64.66205479452053,-4221.770422992417,B_C,,,,,,,,,,,
P16422_and_O76083,0.3893878756199048,0.35529798951286684,0.16190398007303297,20.475536480686703,55.61931937172773,-2032.324459941934,B_C,,,,,,,,,,,
P16422_and_Q13287,0.38949342519183805,0.35528482766200514,0.13290679840879926,15.275317604355724,51.81709497206704,-2075.2410117866507,B_C,,,,,,,,,,,
P16422_and_P57087,0.3908659727870375,0.3552567056610559,0.11301941706694908,18.696508728179534,59.72439024390241,-11478.49413772579,B_C,,,,,,,,,,,
P16422_and_P00746,0.3935993600159077,0.35504487285039965,0.21641295623364262,16.552009456264766,57.63661870503597,-1280.325815160295,B_C,,,,,,,,,,,
P16422_and_Q01959,0.41181053231583387,0.35430748679188584,0.11688201818038312,20.34261603375528,58.2125388601036,-5290.219019136705,B_C,,,,,,,,,,,
P16422_and_P00488,0.43339647796069736,0.35381577433402855,0.20854997094308253,22.60743801652891,72.75604838709678,-2997.625607892947,B_C,,,,,,,,,,,
P16422_and_O14827,0.4006199698526411,0.3537660601810601,0.14589912202164637,24.06974248927041,58.71354679802957,-3152.210960819735,B_C,,,,,,,,,,,
P16422_and_Q9NQC3,0.3405147140680621,0.3536130128174462,0.0697104313361927,21.82966751918158,29.726062992125986,-4043.807379095,B_C,,,,,,,,,,,
P16422_and_Q9Y3P8,0.3980527975871858,0.35353828614178917,0.0777872469034098,16.322596843615504,42.24664429530199,-993.9262830797234,B_C,,,,,,,,,,,
P16422_and_P18428,0.41621229906428747,0.3531066616312429,0.3899334959429887,17.926315789473705,65.43302013422817,-760.7776914268184,B_C,,,,,,,,,,,
P16422_and_Q8WWY7,0.41768838918181783,0.35282976314322134,0.13699055332405977,15.695200000000002,55.072222222222216,-991.4747571349802,B_C,,,,,,,,,,,
P16422_and_A0A0C4DH32,0.4235006493790303,0.3525915184099171,0.2409482558428327,13.606302521008399,76.91019417475728,-805.0311342828701,B_C,,,,,,,,,,,
P16422_and_O43900,0.36488094450813924,0.35248608793376457,0.2280377796528277,23.756310679611634,55.41633333333334,-2506.177807113563,B_C,,,,,,,,,,,
P16422_and_A0A075B6Y9,0.4501866239109948,0.35227356162935003,0.11214572474051404,13.499717514124296,20.656595744680853,-451.0397528700032,B_C,,,,,,,,,,,
P16422_and_P01588,0.41158922655889507,0.3521327921159311,0.14496959597388595,15.633240997229892,64.88394957983195,-978.3430636319172,B_C,,,,,,,,,,,
P16422_and_Q8IY42,0.37726597801349976,0.3520194464333148,0.09880548385532156,16.119224555735048,36.690943396226416,-515.6020282529644,B_C,,,,,,,,,,,
P16422_and_Q9ULI3,0.3409802016210586,0.3520132064797026,0.2716190234534174,23.21798975672216,66.77365979381445,-1562.4832199248194,B_C,,,,,,,,,,,
P16422_and_Q7LC44,0.3708637217228226,0.35200768744673183,0.09515823254520049,21.270146520146564,39.03000000000001,-1250.9294398301427,B_C,,,,,,,,,,,
P16422_and_P16671,0.41739855147803595,0.351543928089472,0.12104191067789037,16.946875,56.26436781609196,-1900.4140068359395,B_C,,,,,,,,,,,
P16422_and_Q15223,0.36588997029797676,0.351536615436979,0.4142548602643824,23.780496108949407,70.47530805687205,-2296.840882142651,B_C,,,,,,,,,,,
P16422_and_A0A0A0MS14,0.42305797773754217,0.3513540314194242,0.17535065458462645,14.350160256410263,70.61123711340207,-530.304360265367,B_C,,,,,,,,,,,
P16422_and_P55287,0.3651201032204839,0.351291773102762,0.39477400784034805,19.879968701095475,62.884096385542215,-2595.4578186329454,B_C,,,,,,,,,,,
P16422_and_Q9H5V8,0.3695894375479973,0.3512519246268542,0.11233524897335487,22.67061328790459,62.495056179775304,-1901.0428962800524,B_C,,,,,,,,,,,
P16422_and_Q9Y5F6,0.35765015246913134,0.35111939055887426,0.1058563616887059,20.16611909650923,61.726369426751575,-1397.047995486726,B_C,,,,,,,,,,,
P16422_and_O95886,0.34640951094060124,0.35098499944907435,0.10265108398897548,20.269583687340724,53.039958677685966,-1228.9582837926428,B_C,,,,,,,,,,,
P16422_and_A0A0A6YYK1,0.4234232174011088,0.35087463850000955,0.1017956251074293,15.212004175365353,53.68721428571427,-820.4838349441607,B_C,,,,,,,,,,,
P16422_and_P20036,0.3978033666673936,0.3508074250820117,0.11867128181730935,13.191359773371103,67.3027192982456,-703.973829716894,B_C,,,,,,,,,,,
P16422_and_P57679,0.38912819321853104,0.3507835714016936,0.16855138563658267,22.876137624861272,54.95858407079649,-2179.006635916572,B_C,,,,,,,,,,,
P16422_and_Q86Y28,0.4427238851385964,0.3502721273612275,0.08757324140804032,13.481386861313867,28.03404958677684,-730.0891959498581,B_C,,,,,,,,,,,
P16422_and_P31327,0.44862704567885964,0.3502185066232117,0.18665993669515935,23.647111913357413,62.48625806451608,-15838.671353390653,B_C,,,,,,,,,,,
P16422_and_Q96QE2,0.40361961730913026,0.3501701960734225,0.09351669202405884,20.62708006279433,60.8653370786517,-2545.2984750066666,B_C,,,,,,,,,,,
P16422_and_P43353,0.4208801607257455,0.35003730930357757,0.18429656925445909,15.617002237136484,54.25014925373133,-2033.1562744448768,B_C,,,,,,,,,,,
P16422_and_Q9Y275,0.3848495936305998,0.34986633688982405,0.0466922467667065,19.479012345679028,65.5322857142857,-3124.6297964683836,B_C,,,,,,,,,,,
P16422_and_Q8NGJ4,0.4069113933286222,0.3498322887216983,0.16434020491624043,19.597551789077233,62.07999999999998,-1738.2949006426475,B_C,,,,,,,,,,,
P16422_and_Q9Y6N8,0.36297092635170897,0.34979434211424415,0.3705502478781245,19.521524663677145,66.18538011695907,-3062.212450089086,B_C,,,,,,,,,,,
P16422_and_A0A0B4J279,0.4222263497230624,0.349767885538786,0.12072980500620595,15.532705099778271,56.44540740740737,-2882.3201517273187,B_C,,,,,,,,,,,
P16422_and_P28799,0.35933278339153385,0.34972099773680043,0.11950945183424322,20.407538280329803,44.61086419753086,-1611.5108071259929,B_C,,,,,,,,,,,
P16422_and_O75899,0.38403988413218226,0.34971942246239207,0.17850528014077224,24.226632653061237,49.27356643356644,-3290.825640935216,B_C,,,,,,,,,,,
P16422_and_Q96NE9,0.3716704611185817,0.3495237965700448,0.16359541704895778,21.947345132743358,63.94564220183489,-1005.1679932218904,B_C,,,,,,,,,,,
P16422_and_O60602,0.40474022920428954,0.3495225541087615,0.20064593929108868,21.968977272727273,63.89402597402595,-9490.101320442462,B_C,,,,,,,,,,,
P16422_and_A8MZH6,0.42035265199713245,0.3494267007279085,0.12750914553581807,17.2189804772234,68.26763513513517,-976.9409949295251,B_C,,,,,,,,,,,
P16422_and_P35408,0.37456106046845217,0.3492194446629262,0.2378337874874601,20.714143094841926,33.89198795180722,-1740.304462682042,B_C,,,,,,,,,,,
P16422_and_P28325,0.4161833436823543,0.34919053068373207,0.18175229343910307,15.994117647058825,68.02779411764708,-1990.6166488474223,B_C,,,,,,,,,,,
P16422_and_C9J069,0.3471124200496825,0.3491767749415492,0.11320338399556161,19.931368186874337,55.67294372294372,-1544.0686655698955,B_C,,,,,,,,,,,
P16422_and_Q13606,0.40491973771506995,0.34915942998950283,0.1448737785081426,14.490668523676899,69.89307692307693,-1395.7304347794284,B_C,,,,,,,,,,,
P16422_and_Q96Q91,0.38901854355776033,0.34897297403818617,0.11888851940747236,18.62365339578453,37.001228070175436,-2638.2169853498926,B_C,,,,,,,,,,,
P16422_and_Q96T49,0.3658802073034999,0.3489624547420094,0.13298829935255072,18.868684210526325,65.81258928571425,-1242.4588703586996,B_C,,,,,,,,,,,
P16422_and_S4R3P1,0.44523468673457134,0.34861099395034895,0.13132830860314673,14.222811671087545,21.612571428571425,-502.09172064837,B_C,,,,,,,,,,,
P16422_and_Q99569,0.36212687323314546,0.34826256511910175,0.26244363651658625,26.44944668008053,47.03594936708864,-3659.2708154474385,B_C,,,,,,,,,,,
P16422_and_Q9BSG5,0.39643583793020365,0.3482512331554646,0.21090246275468474,14.73683800623055,60.77801242236021,-1494.1035070998823,B_C,,,,,,,,,,,
P16422_and_Q92752,0.3499257666987731,0.3482300475219007,0.1419649734478,22.758612804878048,56.60030927835052,-7406.680268249856,B_C,,,,,,,,,,,
P16422_and_P0DSN7,0.419214702186036,0.34822732468271717,0.18620222849881637,14.583766233766227,63.84684523809523,-931.2071557200564,B_C,,,,,,,,,,,
P16422_and_A0A075B6S9,0.419214702186036,0.34822732468271717,0.18620222849881637,14.583766233766227,63.84684523809523,-931.2071557200564,B_C,,,,,,,,,,,
P16422_and_P0DJI9,0.41958352212535455,0.3480623773334479,0.13814869666148974,17.849440298507446,59.989236111111104,-645.1571215104,B_C,,,,,,,,,,,
P16422_and_Q8IZN7,0.4311467189371324,0.3480281090664954,0.06767514467558315,12.398502304147474,40.11562499999999,-1379.86919598238,B_C,,,,,,,,,,,
P16422_and_Q6UWN0,0.3963001384357558,0.34786044207526595,0.08139137042933338,14.757627118644068,67.1363,-1584.3877720613975,B_C,,,,,,,,,,,
P16422_and_P01602,0.41971525794175013,0.3476256567719544,0.12664670607625853,14.355344418052264,64.31683453237407,-837.9643818053855,B_C,,,,,,,,,,,
P16422_and_Q8TAV5,0.4072454966634957,0.3474987331972879,0.08765732180843476,17.149156441717786,39.18397660818713,-913.6440137340178,B_C,,,,,,,,,,,
P16422_and_Q7RTT9,0.39683622857332124,0.34735905925639465,0.14727379788293418,20.276416184971115,58.646249999999995,-1583.0492194301223,B_C,,,,,,,,,,,
P16422_and_Q9P1C3,0.43732076723393454,0.34716646608678564,0.09529129084140116,12.815931372549011,31.962673267326746,-2215.913702281927,B_C,,,,,,,,,,,
P16422_and_Q86UD0,0.3656728317468802,0.3469905032948484,0.08341012767343367,16.946301020408157,55.417264957264955,-1252.0637236706098,B_C,,,,,,,,,,,
P16422_and_Q9H3S3,0.39882760751706614,0.3469433977071392,0.24317658879364196,17.12397504456328,68.2220754716981,-1777.5304390186102,B_C,,,,,,,,,,,
P16422_and_Q5T6X5,0.39809487184625253,0.34657307232506374,0.06775544501664073,21.055637254901956,63.938750000000006,-4032.745330723066,B_C,,,,,,,,,,,
P16422_and_P32881,0.4055360467347361,0.34609687628626196,0.11399846183999604,15.571446700507606,66.74504065040652,-1627.6816839439225,B_C,,,,,,,,,,,
P16422_and_P67809,0.37480475811086295,0.3459948998201858,0.132305005698793,15.766428571428582,70.67074999999998,-1257.7515487847231,B_C,,,,,,,,,,,
P16422_and_P00918,0.4051510236564796,0.34592627295333567,0.3022101815687789,16.361177644710587,53.30310344827585,-2011.3043633934128,B_C,,,,,,,,,,,
P16422_and_Q11201,0.3973211421695739,0.34523893645038245,0.19306983997216662,17.573271028037375,69.70537414965986,-1512.2888086381577,B_C,,,,,,,,,,,
P16422_and_P50607,0.3579143026216066,0.3451746342453309,0.23040888821210803,22.56922663802362,63.84650442477873,-1616.5824786284138,B_C,,,,,,,,,,,
P16422_and_O43813,0.42034936796786304,0.3450242456306392,0.09697252987939424,17.282686084142405,46.30749999999997,-3217.6143234763704,B_C,,,,,,,,,,,
P16422_and_Q15399,0.38823207565250817,0.34487687813401696,0.10923946887250043,17.689359267734556,60.73632352941175,-2517.620991878289,B_C,,,,,,,,,,,
P16422_and_A0A578,0.4181103575161834,0.3448321609210272,0.11140474234958048,15.26625560538117,58.39451851851851,-506.7077275325837,B_C,,,,,,,,,,,
P16422_and_P43220,0.3709652658798876,0.344632272863728,0.1465519248189667,21.652368866328253,60.84960451977402,-2274.9341752728596,B_C,,,,,,,,,,,
P16422_and_Q9H2C8,0.40071679312693487,0.3444188969175224,0.07443188174835695,19.75300429184549,62.79278911564625,-2992.5111873585547,B_C,,,,,,,,,,,
P16422_and_P35611,0.349799780671357,0.34432834508552806,0.2376197041907109,21.569087340529947,60.75173515981733,-6237.146259630441,B_C,,,,,,,,,,,
P16422_and_Q9ULT6,0.33939265265546503,0.34418568124511395,0.17892371241985977,19.174541751527478,57.26147982062782,-1422.8572488250938,B_C,,,,,,,,,,,
P16422_and_Q8WXH2,0.35867197862515765,0.3439288291907257,0.10721955415300496,23.7269956458636,62.536231155778864,-1053.926342425868,B_C,,,,,,,,,,,
P16422_and_Q5DID0,0.3378308284235402,0.3438742115705238,0.38238432579443427,25.11707014276842,46.540928792569666,-2952.0448347375786,B_C,,,,,,,,,,,
P16422_and_O95471,0.398744827649407,0.34378375610347683,0.11105108352449448,13.755139186295505,51.59293233082706,-692.7798294445315,B_C,,,,,,,,,,,
P16422_and_Q8NBM8,0.41516672170719765,0.34373167870023313,0.12869055547876718,20.364092140921404,69.52974789915967,-2143.5826396502634,B_C,,,,,,,,,,,
P16422_and_Q13635,0.3954826047992139,0.34370391906843106,0.08413843701973159,23.27028301886792,58.84743750000003,-11756.066485123763,B_C,,,,,,,,,,,
P16422_and_P0DOX3,0.3602274538624593,0.3436162246880331,0.13817137541692356,18.5091596638655,56.776179775280895,-2463.29977577697,B_C,,,,,,,,,,,
P16422_and_A0A0A6YYG2,0.4165023086463298,0.3435854157294913,0.15798014021526588,16.434782608695663,66.57395161290323,-1060.3784349039518,B_C,,,,,,,,,,,
P16422_and_Q2M2E5,0.4070456543090858,0.34358372808792276,0.11960369168578223,14.30727699530517,33.52818897637794,-725.9832796601222,B_C,,,,,,,,,,,
P16422_and_Q6P5X5,0.4169079780634558,0.343528936148765,0.055494005564540455,10.46375838926174,56.86857142857143,-1277.2424514941697,B_C,,,,,,,,,,,
P16422_and_A0A3G1DIU6,0.4403927565024886,0.34349838057933063,0.11630891373743758,14.115109890109876,21.415185185185184,-712.5804718844688,B_C,,,,,,,,,,,
P16422_and_Q6UXN2,0.39447813409479693,0.3434808540545026,0.2676640885517095,14.054371002132173,70.2667692307692,-1321.025609784865,B_C,,,,,,,,,,,
P16422_and_Q9HBA0,0.38665480116268847,0.34329688227432925,0.033092159601492234,20.876180257510722,44.06197916666667,-3014.0469163778853,B_C,,,,,,,,,,,
P16422_and_P09238,0.372162407444725,0.3428907537121596,0.10656736500413298,18.571440536013412,55.75063414634147,-1121.7684020157815,B_C,,,,,,,,,,,
P16422_and_Q9Y5H4,0.3595612758430967,0.3428179401116146,0.07908845020233105,21.483393501805025,58.45794871794872,-2154.5481608100054,B_C,,,,,,,,,,,
P16422_and_Q9NY59,0.39826404763347395,0.34265932032946494,0.17536749508375854,18.884991708126044,67.93854838709674,-7931.712181916191,B_C,,,,,,,,,,,
P16422_and_Q99574,0.4043206803212741,0.34253384140713455,0.15365500973193472,18.699845201238382,62.73224489795918,-8861.931725665147,B_C,,,,,,,,,,,
P16422_and_Q86SH4,0.41728780595274984,0.34252418422318043,0.1203068593210125,13.007045009784745,37.59446969696969,-671.6388211123667,B_C,,,,,,,,,,,
P16422_and_P01706,0.40792553810868626,0.34252060536829093,0.20324960474428852,16.670655487804876,65.53316091954022,-849.8256871625649,B_C,,,,,,,,,,,
P16422_and_A0A584,0.4147991199219929,0.3424770141127534,0.06618836309739025,16.983194154488523,57.24060402684564,-742.3726214187527,B_C,,,,,,,,,,,
P16422_and_Q8NH37,0.3986858745684897,0.34231125049097044,0.08794668375338965,16.860579064587984,59.44511627906976,-3202.7957194872265,B_C,,,,,,,,,,,
P16422_and_Q9NR16,0.33364478450753093,0.3422695377869489,0.05439310961769618,24.66529535864981,52.91903225806452,-5637.768914854554,B_C,,,,,,,,,,,
P16422_and_Q14678,0.3354985741187244,0.34220101054852364,0.23589760014452818,22.99757174392937,64.51704280155644,-3905.6928694168164,B_C,,,,,,,,,,,
P16422_and_P20648,0.4042472838667477,0.3418805036275451,0.057127545465454566,19.731333333333357,55.69217821782179,-16035.429693287813,B_C,,,,,,,,,,,
P16422_and_Q9BSJ8,0.3581314106510047,0.34146489435550387,0.13601968218026042,23.902412645590655,54.94896226415094,-1869.6899052962108,B_C,,,,,,,,,,,
P16422_and_Q9H2X0,0.3690504935041777,0.341364064478364,0.13641869610489707,23.298875432525957,51.48447058823528,-3565.132103205193,B_C,,,,,,,,,,,
P16422_and_P20702,0.38612966441356555,0.34118355051859317,0.09833839425576425,20.461639676113357,56.02445121951217,-16792.266730942792,B_C,,,,,,,,,,,
P16422_and_Q13421,0.35613598950930836,0.34073987226171754,0.11786924090457691,21.84584487534626,61.905347222222225,-6643.363532241852,B_C,,,,,,,,,,,
P16422_and_Q9NSB8,0.3689090995319312,0.34071716670971197,0.22473263419229733,15.931531531531542,67.16338345864663,-903.4071849498428,B_C,,,,,,,,,,,
P16422_and_Q86UP0,0.35269203978991526,0.34059824263578037,0.1334611935418167,23.277754237288125,64.6011585365854,-982.9190319655427,B_C,,,,,,,,,,,
P16422_and_Q6EMK4,0.36101181383187647,0.34046602808071535,0.5297705641761475,24.070773638968422,58.919230769230815,-1622.653335653551,B_C,,,,,,,,,,,
P16422_and_Q6NZI2,0.3588290530924474,0.3403458250314981,0.11745356249986046,18.82700296735906,53.980561797752806,-1186.7692623790608,B_C,,,,,,,,,,,
P16422_and_Q9BQI0,0.40709438903441353,0.33909248712385087,0.11575375634206114,14.214108910891078,52.539473684210535,-781.3512910592244,B_C,,,,,,,,,,,
P16422_and_Q15760,0.3716987304399679,0.3386386035501429,0.26542672528094613,20.517616875712704,50.78527027027029,-1255.8018178288257,B_C,,,,,,,,,,,
P16422_and_Q9NS62,0.34353388744313484,0.33858763117267926,0.2455319513899242,25.749339735894395,58.15346341463414,-1643.6938089580872,B_C,,,,,,,,,,,
P16422_and_P0DOY3,0.4140857440077832,0.33845663264293524,0.15872259848958967,16.576578947368418,63.24140625000001,-660.4801271891135,B_C,,,,,,,,,,,
P16422_and_O43318,0.3612186472037254,0.3383560589998303,0.13571910691128353,20.567936507936487,59.145754189944135,-2285.380829699783,B_C,,,,,,,,,,,
P16422_and_A0A0B4J244,0.4125122551040513,0.3382688493808361,0.10968017073150155,15.99457700650759,51.92142857142858,-1945.9155074466908,B_C,,,,,,,,,,,
P16422_and_Q6UXG3,0.366910804149841,0.33800396229444757,0.1549038694199696,18.676643192488267,64.71341085271321,-5834.922085607306,B_C,,,,,,,,,,,
P16422_and_Q6B9Z1,0.41031489957548484,0.3379487375185863,0.1207033465560957,13.879051724137922,53.426646341463375,-888.5249698209527,B_C,,,,,,,,,,,
P16422_and_Q6IMN6,0.3296934670647958,0.33743525042597605,0.18983555036927305,21.293768996960484,57.295865921787716,-1804.6129929293675,B_C,,,,,,,,,,,
P16422_and_O94907,0.3740388953408447,0.33738411265793816,0.09343037768759627,16.279108635097487,63.963671874999996,-1566.1887123530687,B_C,,,,,,,,,,,
P16422_and_P13637,0.40282187378917356,0.33726959532534173,0.10565746157120774,20.625890736342043,61.43634146341468,-5215.33549778737,B_C,,,,,,,,,,,
P16422_and_Q99969,0.4023767538969626,0.3372350646193121,0.15272827576975537,15.897619047619058,51.91965986394558,-797.9394996976225,B_C,,,,,,,,,,,
P16422_and_Q9ULH4,0.3519213429050252,0.33699190516695054,0.5753461590979091,23.28683463449255,71.06705084745765,-2225.253812470648,B_C,,,,,,,,,,,
P16422_and_P11168,0.3921384980557471,0.3368312525462239,0.16692491960389477,20.54059405940593,63.06595744680855,-2256.6036795294635,B_C,,,,,,,,,,,
P16422_and_Q96D21,0.38838513218373677,0.336743829745212,0.18175950422425008,14.366864406779671,66.82600000000002,-749.1474452767288,B_C,,,,,,,,,,,
P16422_and_Q96RD9,0.33016250688146587,0.3366018429505745,0.03275725792034802,18.701717557251886,26.153333333333332,-1129.1155852427182,B_C,,,,,,,,,,,
P16422_and_Q9HCE7,0.3614483155549814,0.33653389076150614,0.22434291493554134,22.021706989247324,54.057668393782386,-1785.9081684269368,B_C,,,,,,,,,,,
P16422_and_P19876,0.40581523658392504,0.3364695839383261,0.11285384499442386,14.882783018867928,45.96789915966386,-914.7246579793818,B_C,,,,,,,,,,,
P16422_and_Q9UKQ9,0.38967263478914926,0.3362752495209989,0.14757168256710404,15.099444444444448,70.12550724637681,-1739.4064646962893,B_C,,,,,,,,,,,
P16422_and_Q6PCB6,0.38450556372213046,0.335895538131473,0.16871802022501892,17.259178743961343,62.37035714285714,-982.7376103448873,B_C,,,,,,,,,,,
P16422_and_Q9UN70,0.3438173143422988,0.3357499706581778,0.055956828574271075,21.966725352112704,53.25699029126213,-1712.6535666411455,B_C,,,,,,,,,,,
P16422_and_P39877,0.4049937164639379,0.3356205642088135,0.10614133083406548,18.017549668874153,62.45849056603775,-1507.1388946483498,B_C,,,,,,,,,,,
P16422_and_Q9H972,0.3441590509293907,0.3353002394511054,0.13135941295373113,22.562348668280876,59.57203883495145,-2952.114940838306,B_C,,,,,,,,,,,
P16422_and_Q6ZMP0,0.33176488892506417,0.3351666921041643,0.16847296772516968,22.306204906204915,54.124399999999994,-2397.633199949152,B_C,,,,,,,,,,,
P16422_and_Q9NP55,0.38469357169823354,0.33514442435073755,0.11372991189063789,16.255798479087424,65.05519230769231,-1250.3612003544604,B_C,,,,,,,,,,,
P16422_and_Q8TF21,0.32827004646130664,0.33503961574040897,0.26653048501828763,24.016149068323013,53.49202127659573,-2472.1700824589425,B_C,,,,,,,,,,,
P16422_and_O95206,0.3467413195205997,0.33489146999677705,0.08888489956929917,21.302457466918735,54.00903225806452,-3943.259978901151,B_C,,,,,,,,,,,
P16422_and_Q9Y5L3,0.3960180932088786,0.3348361563322524,0.14668598317279813,17.392531876138445,67.40421348314607,-3261.277229473993,B_C,,,,,,,,,,,
P16422_and_O95460,0.3500422325319049,0.33479061604379406,0.2216326772187639,20.984180790960462,50.848217821782214,-1820.635429353133,B_C,,,,,,,,,,,
P16422_and_Q9UPR5,0.3652837994166867,0.3347509214439269,0.08540188447202461,23.340084388185648,56.74476635514017,-3239.948107054319,B_C,,,,,,,,,,,
P16422_and_Q86YD3,0.3599600854598117,0.3347027016557559,0.11839777032696133,17.40978835978835,57.324130434782596,-1709.983356088691,B_C,,,,,,,,,,,
P16422_and_O60331,0.36213805395884013,0.33462984766198045,0.12280454714489325,19.95387096774196,59.62042424242427,-1677.3294722423198,B_C,,,,,,,,,,,
P16422_and_Q9BZ67,0.37811296239207376,0.3346050911157633,0.20913517258259984,23.649164054336467,61.284131455399056,-11277.73369265483,B_C,,,,,,,,,,,
P16422_and_P0DMC3,0.42418484254658234,0.33458010339881433,0.13605350258166557,11.8957330415755,25.252109375,-816.1156693900722,B_C,,,,,,,,,,,
P16422_and_P46095,0.3775690712893354,0.3345333244051506,0.14911087804784628,19.4495063469676,61.9913020833333,-7426.1214891256495,B_C,,,,,,,,,,,
P16422_and_Q15109,0.35912253735220134,0.33445175440200303,0.1629329933864274,17.11239224137929,65.3290277777778,-1652.3474282137686,B_C,,,,,,,,,,,
P16422_and_A0A5A6,0.4078458994351102,0.33434158450567564,0.080686729971135,16.96215932914047,64.41073529411763,-686.8387545534379,B_C,,,,,,,,,,,
P16422_and_Q8TDF6,0.38418457329705813,0.33412532587040134,0.06556366111404065,20.685522788203752,53.44864285714284,-3989.3546655611626,B_C,,,,,,,,,,,
P16422_and_O75882,0.39887344008885717,0.33383613817307367,0.08216932268052206,20.054491017964054,42.33737931034482,-4522.788221033825,B_C,,,,,,,,,,,
P16422_and_Q9UBM4,0.36669748659670043,0.3337869469769729,0.18711111150695955,20.198923679060663,64.0546511627907,-8155.769258374784,B_C,,,,,,,,,,,
P16422_and_Q8IZP9,0.3413767500457049,0.33368220117319153,0.20672527404605007,21.59128000000001,62.717237569060785,-2267.0373530875513,B_C,,,,,,,,,,,
P16422_and_P16619,0.4115187776236515,0.33361073852916134,0.17898144619301784,14.412384473197779,55.23454545454545,-945.0036267945335,B_C,,,,,,,,,,,
P16422_and_P09466,0.39678513099605117,0.33329805736553614,0.12068068418106107,15.023790322580636,61.572521739130444,-1112.3577591337212,B_C,,,,,,,,,,,
P16422_and_P51693,0.3420663019503517,0.33326277732703496,0.1522125806798017,21.769695044472666,53.42066666666666,-1823.524399082271,B_C,,,,,,,,,,,
P16422_and_A0A0K0K1A5,0.4072515072845405,0.33312586665891286,0.1221431040789637,15.016626794258386,68.77315384615385,-467.0909022940589,B_C,,,,,,,,,,,
P16422_and_B9A6J9,0.3545490793960819,0.3331083642904703,0.28907286346431305,23.57668539325848,65.98425619834715,-696.0282263137087,B_C,,,,,,,,,,,
P16422_and_P17538,0.3780158126674606,0.3326419944759086,0.1703852772440184,20.226829268292697,66.29885714285716,-9281.357222707713,B_C,,,,,,,,,,,
P16422_and_Q9NTN9,0.3922258224626852,0.332477771409341,0.15326610229358453,17.33005215123858,64.13242553191488,-5598.895471142125,B_C,,,,,,,,,,,
P16422_and_P43005,0.3805478755866003,0.33247212694800105,0.14665404955644057,21.66164179104478,61.1597142857143,-3736.7321751856366,B_C,,,,,,,,,,,
P16422_and_Q9NZP0,0.3903599662396632,0.3322914941698506,0.16584489953609902,16.387467018469653,72.11631147540986,-1162.5228150981268,B_C,,,,,,,,,,,
P16422_and_Q9UH65,0.3645122262879746,0.3320914426111693,0.21788883884008406,15.908620689655175,65.00083916083913,-667.7744279851267,B_C,,,,,,,,,,,
P16422_and_Q9BZF3,0.3527432975592881,0.33190472016263484,0.09056576630721554,22.997177419354816,56.62828571428571,-2995.717022835648,B_C,,,,,,,,,,,
P16422_and_P63092,0.39497383035144423,0.3316943061608792,0.15921562692351213,18.106666666666683,66.20006711409394,-1211.4270859197572,B_C,,,,,,,,,,,
P16422_and_P61586,0.3894217228920629,0.33142132390737444,0.1965114200519691,17.418299999999984,73.1986163522013,-2457.142712418404,B_C,,,,,,,,,,,
P16422_and_Q96PE1,0.34130807876925784,0.33134645480863545,0.08677207336380781,21.207301980198046,54.371059602649034,-1841.3079159041517,B_C,,,,,,,,,,,
P16422_and_P11142,0.4022735420150624,0.3310575256033519,0.28218437911141747,16.3930630630631,70.87877862595417,-1843.0419087647267,B_C,,,,,,,,,,,
P16422_and_O14654,0.3288472644008362,0.33099591182639476,0.14282418404094488,21.386697247706397,63.66670588235294,-1950.111474223435,B_C,,,,,,,,,,,
P16422_and_Q9P241,0.3894156524467231,0.33098499118406655,0.07977158943756027,23.994646924829155,60.06438709677414,-4556.865426054108,B_C,,,,,,,,,,,
P16422_and_Q15485,0.3615449605930744,0.33087493939697454,0.23845472119899117,20.652377972465604,62.84390374331555,-560.2114238329414,B_C,,,,,,,,,,,
P16422_and_P03986,0.38765566093767634,0.3304197961127868,0.13983718446748641,15.082294264339145,70.29460431654678,-1246.1770196606165,B_C,,,,,,,,,,,
P16422_and_Q8TCT0,0.40108132965203724,0.33037642782251003,0.17222282442608214,21.265482695810594,61.615864197530904,-4893.861587560722,B_C,,,,,,,,,,,
P16422_and_A0A075B6K2,0.39828258631746527,0.3302183856171621,0.16935514722871434,18.01396917148361,68.86787096774196,-675.9803717354933,B_C,,,,,,,,,,,
P16422_and_Q86Y30,0.4062012403618222,0.3297053753617075,0.06867194081280832,14.842618629174012,47.22532934131735,-442.9035699384549,B_C,,,,,,,,,,,
P16422_and_P43681,0.3516703402844852,0.3296588090812599,0.39871873569198735,24.919269269269332,65.22574074074072,-2696.2381643666067,B_C,,,,,,,,,,,
P16422_and_Q9Y6M7,0.37310090110782873,0.32924837463768086,0.05513863060092809,22.76599999999999,26.79000000000001,-4265.687893224662,B_C,,,,,,,,,,,
P16422_and_P14550,0.38649953052396624,0.32912242306100076,0.17410701179667856,21.489042553191517,66.04885135135135,-2996.9846462693486,B_C,,,,,,,,,,,
P16422_and_P22681,0.3441633315269688,0.3289291835138657,0.2722807745072537,19.302554179566563,58.71901408450704,-1539.8267415798618,B_C,,,,,,,,,,,
P16422_and_Q86YD5,0.35551247533977637,0.32890730177440386,0.0812687688948981,21.196082621082628,45.697900552486196,-1593.2497764840446,B_C,,,,,,,,,,,
P16422_and_Q96PX8,0.34219436352141097,0.32885198059772347,0.37091951226625314,21.536944444444437,52.68430167597767,-2567.32126618881,B_C,,,,,,,,,,,
P16422_and_A6NJ69,0.4195797258146292,0.3287136115497587,0.06348706716659201,14.948888888888865,30.80716417910447,-1331.029096691641,B_C,,,,,,,,,,,
P16422_and_Q12959,0.3400315544887298,0.328532711827775,0.37802647244784554,23.530732860520086,50.3417903930131,-1516.46497201304,B_C,,,,,,,,,,,
P16422_and_Q9HBW1,0.37242713169992325,0.32837274324423715,0.1611364760735227,21.558643617021314,55.38481751824818,-8463.756003199998,B_C,,,,,,,,,,,
P16422_and_Q9NS66,0.3675491726068661,0.32815409665879747,0.127301614605395,19.90629251700681,40.772931034482745,-1390.1172046814781,B_C,,,,,,,,,,,
P16422_and_Q9P244,0.3460106433932948,0.32814386947464014,0.2304939371006267,21.517367706919966,63.104429824561365,-2347.716795322849,B_C,,,,,,,,,,,
P16422_and_O95990,0.389104386118564,0.32772033998912464,0.0496351956734863,14.38159722222222,51.96886363636363,-1422.6383873340674,B_C,,,,,,,,,,,
P16422_and_A0A0A0MS02,0.39484903975051444,0.3275756977982714,0.28058677610627186,21.104134366925074,65.68994594594596,-806.3919763485328,B_C,,,,,,,,,,,
P16422_and_Q9NS67,0.36377319714570744,0.3274355169158005,0.13201532109052466,17.837409551374794,47.35345454545451,-1328.5398293781873,B_C,,,,,,,,,,,
P16422_and_Q9BQT9,0.3590898970439815,0.32716713548817666,0.13334962076399604,22.058565737051786,65.62732876712332,-2583.896509116679,B_C,,,,,,,,,,,
P16422_and_O75398,0.3385459703019834,0.3270945614145616,0.2829877174583973,21.82427745664739,57.130938967136146,-1835.2435582144535,B_C,,,,,,,,,,,
P16422_and_Q86Y29,0.40333045805467416,0.32688161358656054,0.07734852493112312,15.760126582278481,42.95100000000002,-817.3717300899443,B_C,,,,,,,,,,,
P16422_and_A0A087WT02,0.40284242100618856,0.32685750387351553,0.1184933601195939,16.461064718162845,59.61097744360902,-1506.1426064485697,B_C,,,,,,,,,,,
P16422_and_P08912,0.35209374894208617,0.32614567191031396,0.1732570055859579,22.46350855745723,60.4429487179487,-1675.7865108528931,B_C,,,,,,,,,,,
P16422_and_P01570,0.38904399806878476,0.3261086754673985,0.12078015704903741,16.556393861892595,67.8917213114754,-1392.3621822710675,B_C,,,,,,,,,,,
P16422_and_Q01638,0.3446075403097692,0.3260700988240711,0.24204394203868143,21.42724215246637,60.087399999999995,-2928.4076585764674,B_C,,,,,,,,,,,
P16422_and_Q8N307,0.3340621156186412,0.32600256953242046,0.06031218141019572,17.84765625,47.546148648648675,-3280.375322795924,B_C,,,,,,,,,,,
P16422_and_P01375,0.3690053551298207,0.3256815916239131,0.21261435250841546,20.621048632218876,63.522848484848495,-985.0589815619978,B_C,,,,,,,,,,,
P16422_and_Q86W26,0.38230957198262033,0.3254475093443036,0.15093347525046785,19.746264367816092,66.7355333333333,-1378.1569661499707,B_C,,,,,,,,,,,
P16422_and_Q6X4U4,0.375132044617002,0.3251927955449715,0.1324623420431735,15.495935960591154,55.41563025210082,-2166.243350982467,B_C,,,,,,,,,,,
P16422_and_P59861,0.4109423382808397,0.32503011180976915,0.06273874147901334,16.708708708708723,48.83429906542056,-5045.693620516986,B_C,,,,,,,,,,,
P16422_and_Q6NT32,0.40207331272348457,0.32502923184078314,0.16253649749342164,17.67154963680389,60.64327868852458,-2466.224567624485,B_C,,,,,,,,,,,
P16422_and_Q99674,0.35715818108862435,0.3249040951525598,0.26583199809323615,18.78321870701515,59.15889502762431,-635.446291450311,B_C,,,,,,,,,,,
P16422_and_Q7L804,0.3397771273150844,0.324807259094495,0.12638494179882478,18.015009746588692,58.75565714285713,-2326.461114800153,B_C,,,,,,,,,,,
P16422_and_Q99732,0.3816909214273343,0.3246431944157303,0.10639273922758458,15.668796992481212,42.652966101694915,-1132.1659598670403,B_C,,,,,,,,,,,
P16422_and_O14498,0.37138108770133155,0.3245996061178133,0.19681051319635584,19.407117117117117,68.83322981366457,-2887.53654949726,B_C,,,,,,,,,,,
P16422_and_Q6P4Q7,0.3381856117863401,0.3244666782774126,0.08846339685786211,21.857492795389046,62.97073394495411,-3434.4334563216125,B_C,,,,,,,,,,,
P16422_and_O71037,0.3669187044248252,0.32440006460669973,0.0958338234429566,19.076888217522647,60.524193548387125,-1875.3430406273437,B_C,,,,,,,,,,,
P16422_and_Q9Y2C9,0.37130938466925856,0.324367697929937,0.10595606332620877,17.930276381909543,64.59317460317462,-6417.1958104953965,B_C,,,,,,,,,,,
P16422_and_Q86VR8,0.37413032054549034,0.32421754465507213,0.22554925003451798,19.690593047034774,66.53885135135135,-1780.5521470853582,B_C,,,,,,,,,,,
P16422_and_P05060,0.33300109185618665,0.3238497030256373,0.08446805643181443,15.330187074829931,46.471719745222934,-869.3416120149777,B_C,,,,,,,,,,,
P16422_and_Q9NWF4,0.3750867070666565,0.32378535759490323,0.10014151547018424,22.97544326241133,63.10052023121385,-3557.8519552975745,B_C,,,,,,,,,,,
P16422_and_Q9Y5Q5,0.3650289064530997,0.3237676165925768,0.1025691718123465,21.65476839237059,47.319759036144575,-10538.488213710887,B_C,,,,,,,,,,,
P16422_and_Q8NHG7,0.40769092103612253,0.32367394370621305,0.11346421181128138,14.307793764988016,42.7653448275862,-1204.6440335221487,B_C,,,,,,,,,,,
P16422_and_Q96AE7,0.32192903746726187,0.32366716638717213,0.1437133098581273,24.974642289348175,62.17705882352935,-2533.740993700543,B_C,,,,,,,,,,,
P16422_and_P78524,0.3453162487580805,0.32356644654463995,0.0926754980778625,23.782860262008764,57.48561643835619,-2486.4207714422737,B_C,,,,,,,,,,,
P16422_and_Q86VH5,0.361018211033459,0.3235422285247732,0.10651586392437935,21.356303418803453,52.753470588235295,-13892.979105917188,B_C,,,,,,,,,,,
P16422_and_Q86YC3,0.3968594206264683,0.3235390820399097,0.18540614564984131,20.266791044776134,50.26240963855424,-10138.98417559237,B_C,,,,,,,,,,,
P16422_and_Q9H344,0.3839678717565621,0.32352800228766193,0.11451552782984914,19.19203036053133,61.584399999999974,-2573.6494822089007,B_C,,,,,,,,,,,
P16422_and_Q9NP58,0.36568302784394974,0.3231481981045413,0.055608968911879164,20.617864271457076,43.88797546012269,-2872.4791517674403,B_C,,,,,,,,,,,
P16422_and_P0CJ69,0.4227446945061093,0.3228549088661882,0.11956932347021951,13.532112676056324,19.75865979381443,-351.51566917261925,B_C,,,,,,,,,,,
P16422_and_P51684,0.3619587142998679,0.322751219717395,0.11371244389248335,20.47919407894739,58.37581521739129,-1389.011947869742,B_C,,,,,,,,,,,
P16422_and_O75711,0.4030597669402546,0.32273214166465736,0.09147508289734624,12.95323529411765,53.79042553191492,-611.052562650475,B_C,,,,,,,,,,,
P16422_and_P08648,0.383290369728408,0.3225071925752153,0.19180853363968647,20.767049808429114,66.56532163742698,-2130.6636651955428,B_C,,,,,,,,,,,
P16422_and_Q5VY43,0.3313570732160893,0.3223802408393536,0.045991913862885786,21.02705223880595,64.9128260869565,-3973.440102186374,B_C,,,,,,,,,,,
P16422_and_Q8NGU4,0.3828875224192483,0.3223365293297691,0.09976890482322803,18.181794195250653,63.624880000000005,-3163.322647149884,B_C,,,,,,,,,,,
P16422_and_Q15262,0.34858263093262665,0.32227225624971434,0.10637066431892261,25.00715935334874,56.58527607361963,-4000.686271654544,B_C,,,,,,,,,,,
P16422_and_P01591,0.38286137785306906,0.3219690816801609,0.309822900705295,20.78721436343851,57.89950226244345,-849.0567865253379,B_C,,,,,,,,,,,
P16422_and_P49863,0.37697168828417527,0.3217007291353173,0.14925722502069516,16.131302521008397,71.47787096774191,-1086.7805287162437,B_C,,,,,,,,,,,
P16422_and_Q8IZS7,0.3860664569818781,0.3215991991847124,0.07944317843830748,15.77428998505232,52.24109090909089,-858.1307272186605,B_C,,,,,,,,,,,
P16422_and_Q9BXM0,0.3128279617935304,0.3215901227765945,0.05144558412719939,19.410236220472434,44.141797752808976,-1625.0048241034965,B_C,,,,,,,,,,,
P16422_and_P0CJ77,0.42345119808336446,0.32156091480466487,0.08076229044927274,14.516099071207433,18.458350515463916,-1717.931568532681,B_C,,,,,,,,,,,
P16422_and_P82279,0.33378224427592246,0.32140985714898523,0.1622751633185208,24.521004243281467,52.560792079207936,-3777.028149998572,B_C,,,,,,,,,,,
P16422_and_P01286,0.39644964950581507,0.3213931837348108,0.10815675452057878,12.762439024390245,38.15881355932204,-1781.1689230181655,B_C,,,,,,,,,,,
P16422_and_Q86VB7,0.33612113838958846,0.3212898571742705,0.05814970948169296,24.20416666666666,44.815217391304344,-3677.5184728182794,B_C,,,,,,,,,,,
P16422_and_Q6ZMT1,0.3442414465982898,0.3212756059992655,0.27796636097268546,20.920449561403483,55.854239631336384,-1449.4327305757688,B_C,,,,,,,,,,,
P16422_and_Q969J5,0.368851271215935,0.32078079828698325,0.13488736245038258,16.568561278863204,65.10602339181283,-1141.0225803217763,B_C,,,,,,,,,,,
P16422_and_Q86UW1,0.373929728671656,0.3207558523269197,0.07496688059789951,18.25241187384049,58.417972027972006,-1820.532851430477,B_C,,,,,,,,,,,
P16422_and_Q5VUB5,0.3284066540400714,0.32075233688437904,0.2898888247903541,21.4940425531915,65.45740585774061,-1326.54557401505,B_C,,,,,,,,,,,
P16422_and_Q15714,0.31770471999558375,0.32059072455498144,0.041161734430528875,19.46340057636888,53.11273584905659,-1552.7045853968011,B_C,,,,,,,,,,,
P16422_and_Q96NX5,0.34774562253192776,0.3205605239036208,0.153224457080304,22.55990932642486,61.84423076923071,-2662.883905874347,B_C,,,,,,,,,,,
P16422_and_P46089,0.3722992018494479,0.3203299025110611,0.1363778763582601,19.17030254777072,61.41518324607331,-2535.8962683109357,B_C,,,,,,,,,,,
P16422_and_Q6UWW0,0.3847131230354709,0.3202679959235204,0.10147994306787582,16.185999999999993,70.68758928571428,-818.09701598416,B_C,,,,,,,,,,,
P16422_and_P48167,0.3453239970815062,0.3201628916510584,0.0746404411843694,18.791991341991334,31.57482269503547,-1943.152283785319,B_C,,,,,,,,,,,
P16422_and_P41594,0.35261730300473226,0.3201457852411586,0.1740859988896648,24.79491634491637,62.59851162790697,-2640.2729558762003,B_C,,,,,,,,,,,
P16422_and_P04432,0.39490901975941695,0.3199114066624266,0.1764778937722741,14.760227272727265,65.3906918238994,-1761.012114316828,B_C,,,,,,,,,,,
P16422_and_P01597,0.39490901975941695,0.3199114066624266,0.1764778937722741,14.760227272727265,65.3906918238994,-1761.012114316828,B_C,,,,,,,,,,,
P16422_and_O15056,0.3791477458555791,0.3199095374903226,0.1796179696316921,23.1443194600675,57.488540772532176,-4709.109853970047,B_C,,,,,,,,,,,
P16422_and_P01704,0.3866141170089392,0.31988859856939894,0.14550160849764143,18.944304857621443,64.5132142857143,-1270.1589968041808,B_C,,,,,,,,,,,
P16422_and_A0A576,0.39622973049233023,0.31981399750570677,0.12849481271613108,17.668101933216143,61.00261744966441,-3083.4235503069867,B_C,,,,,,,,,,,
P16422_and_P48029,0.3832886200466167,0.31975467631057125,0.33800246921829546,22.93785091965148,61.2818309859155,-5012.747224190487,B_C,,,,,,,,,,,
P16422_and_Q5VV43,0.31400099683381943,0.3197305682637371,0.20294924959603886,22.92661596958175,42.402885906040275,-1745.2634309015266,B_C,,,,,,,,,,,
P16422_and_Q9P2E7,0.33645747736120113,0.31961660695380834,0.07316668015354737,23.39285714285712,62.23841379310345,-2658.871805675226,B_C,,,,,,,,,,,
P16422_and_Q13253,0.3715089377311566,0.3196136179163381,0.18199982930272768,17.404153605015654,62.23024390243898,-3088.45571212234,B_C,,,,,,,,,,,
P16422_and_P01023,0.3912824222624356,0.31952841707901325,0.06167758382391489,23.721191135734102,59.86304687500001,-3866.959373430087,B_C,,,,,,,,,,,
P16422_and_Q9NZU1,0.35018806489072857,0.31948369807852184,0.10232982235469654,22.96198113207544,53.530760233918116,-2757.297377810586,B_C,,,,,,,,,,,
P16422_and_Q9H2Y9,0.3747494499396157,0.3194194330032232,0.08932567556545323,18.342535211267624,53.96740740740741,-2516.5111798464004,B_C,,,,,,,,,,,
P16422_and_Q9UQQ1,0.4093298114270164,0.3193265121944743,0.317763704583336,20.62376453488368,54.04810572687224,-3787.681219162119,B_C,,,,,,,,,,,
P16422_and_Q9NYA1,0.38679961550278374,0.3190969312354711,0.08539325485119756,15.661261261261277,60.951150442477875,-1549.6009527527813,B_C,,,,,,,,,,,
P16422_and_O95631,0.35799384136776796,0.3189801736795419,0.15817348060909361,15.713541666666652,58.41439252336448,-2194.82516860617,B_C,,,,,,,,,,,
P16422_and_P01871,0.3377358958742476,0.3185999828667058,0.23896306475522464,22.420133333333318,66.63656250000004,-2253.194395857601,B_C,,,,,,,,,,,
P16422_and_O15357,0.35907868345704014,0.3185023080333609,0.31503328420186394,24.926361529548092,65.74000000000001,-2473.1249583975004,B_C,,,,,,,,,,,
P16422_and_Q9H400,0.3526614050181784,0.318398601185335,0.06827871394398705,16.975285481239787,43.756830985915485,-1096.6900623780384,B_C,,,,,,,,,,,
P16422_and_Q9Y6R1,0.3517735859877625,0.3183970647647809,0.13545563656232795,26.01067477876105,53.087863636363636,-3830.521685376545,B_C,,,,,,,,,,,
P16422_and_Q8NBI5,0.3760547560851821,0.3178184835863209,0.2863414187822058,17.4872277227723,55.222638888888895,-2275.2910401876397,B_C,,,,,,,,,,,
P16422_and_Q16518,0.39827147116116923,0.31775774805424845,0.0839668130664068,18.032483552631586,60.40218749999999,-969.6722217301522,B_C,,,,,,,,,,,
P16422_and_Q9Y289,0.3793521777327643,0.3177098531360215,0.1865910196651421,23.37795275590551,63.463305439330526,-2894.3573939296875,B_C,,,,,,,,,,,
P16422_and_B3GLJ2,0.3969275830827982,0.3176356028365296,0.12419683490121601,15.617266949152539,55.972352941176496,-1514.908483103285,B_C,,,,,,,,,,,
P16422_and_A0A087WSY6,0.3932210145179086,0.31763101917075615,0.13622964661631018,16.97716049382718,63.99570469798662,-1387.8183593162482,B_C,,,,,,,,,,,
P16422_and_O94827,0.33511833751922304,0.31760247450641244,0.32900709093795283,26.052297165200397,66.09613138686132,-4657.440711246381,B_C,,,,,,,,,,,
P16422_and_Q9Y342,0.3770020842203416,0.3176007471416399,0.056244478809319515,16.83684210526317,53.96644736842105,-869.6928726516611,B_C,,,,,,,,,,,
P16422_and_P01033,0.37812589783862116,0.31754765789411615,0.18594510637435563,17.129290617848962,70.84208,-1353.4942785040637,B_C,,,,,,,,,,,
P16422_and_P05230,0.3872429989902648,0.3174914877056052,0.09181581393540532,17.378591160221003,64.78092436974791,-4654.523695639782,B_C,,,,,,,,,,,
P16422_and_Q5JWF2,0.33237953525021013,0.3173999788708798,0.17175637639370056,21.290077071290938,61.42200000000001,-7243.692453028358,B_C,,,,,,,,,,,
P16422_and_P0DJI8,0.39312734893273904,0.317394677584655,0.10561644686501762,18.337951807228865,56.16715328467156,-620.566505365779,B_C,,,,,,,,,,,
P16422_and_O43820,0.37905135543369084,0.3172762950614159,0.19914784515231268,23.006441048034915,65.9530864197531,-3374.7195436190987,B_C,,,,,,,,,,,
P16422_and_P22223,0.33285252251865777,0.3171105207359489,0.1467492472614537,25.81880466472304,65.49039370078738,-1875.6403841109204,B_C,,,,,,,,,,,
P16422_and_Q7Z5L7,0.3853439941671274,0.31680289186644384,0.5999809178182155,21.756989853438565,52.055707964601766,-2249.30954218516,B_C,,,,,,,,,,,
P16422_and_Q96PL5,0.3381133016077087,0.31665336825800194,0.3344447972002188,15.133205128205145,58.10241379310346,-881.1503030962394,B_C,,,,,,,,,,,
P16422_and_Q9UQP3,0.3144604991419697,0.316652316679362,0.33366433465903805,20.381849653808093,55.25412765957447,-4493.1495481127895,B_C,,,,,,,,,,,
P16422_and_Q5BKX6,0.35195058327967776,0.3166101003966256,0.1887140778383651,21.995743145743138,55.17844512195119,-1808.136147257952,B_C,,,,,,,,,,,
P16422_and_Q8TE57,0.345514696255947,0.31655225605927495,0.08836132870438995,23.583543417366958,46.55472222222223,-3693.9091306856353,B_C,,,,,,,,,,,
P16422_and_P20742,0.40101806995499983,0.31606494609407476,0.05824553320388051,26.5138888888889,60.34247933884296,-4485.243072340592,B_C,,,,,,,,,,,
P16422_and_A0A0A0MS00,0.39186070895458003,0.3158972427102564,0.07082941904691488,20.30700483091791,53.27865671641795,-1083.9954579124592,B_C,,,,,,,,,,,
P16422_and_Q9UHF1,0.35322443264903197,0.3158226738407133,0.06791586032269722,16.807441016333964,53.94259259259256,-1682.509918056262,B_C,,,,,,,,,,,
P16422_and_Q9Y5H3,0.34263516158102325,0.31579815964487407,0.06584846575277184,22.159578544061308,70.10704347826089,-1988.443041975097,B_C,,,,,,,,,,,
P16422_and_B2RN74,0.37191201781224725,0.3157958572307446,0.10513708192040669,18.408165548098427,65.95417266187052,-3527.9272145407617,B_C,,,,,,,,,,,
P16422_and_O75976,0.34055191641177723,0.31577308406933824,0.3760573691283881,25.97079953650056,48.621505376344096,-17390.54256087715,B_C,,,,,,,,,,,
P16422_and_Q8IWV1,0.33996199452307907,0.3157339115642882,0.10556087989210412,17.798531375166927,42.005227272727275,-623.8261260657528,B_C,,,,,,,,,,,
P16422_and_P16050,0.40666346392531183,0.3156633418815787,0.10287333877557596,19.926749999999956,61.30275362318836,-2615.0994594080794,B_C,,,,,,,,,,,
P16422_and_Q6GTX8,0.351875956360229,0.31565120722563855,0.19488859909635106,19.9919491525424,61.15247474747476,-2261.2578077279964,B_C,,,,,,,,,,,
P16422_and_P0CJ72,0.4183119966615205,0.3154940051264288,0.06819239275947213,14.28204697986577,22.296736842105265,-2284.0680245813905,B_C,,,,,,,,,,,
P16422_and_Q6UXA7,0.3471005238283221,0.3154277271837932,0.08188879697029477,17.638425302826356,43.9956914893617,-2781.6002046472568,B_C,,,,,,,,,,,
P16422_and_Q9Y5G7,0.33954545988109497,0.31524052715920003,0.05085568537551394,22.032093023255808,63.647303370786474,-1295.2189582874998,B_C,,,,,,,,,,,
P16422_and_Q8TAB3,0.32947559059834974,0.3151875198496078,0.0957107512212951,20.493561872909723,52.341556886227536,-2801.093265721036,B_C,,,,,,,,,,,
P16422_and_Q13496,0.3900332181675672,0.3149831687732064,0.31343092667497263,23.342610364683317,66.69502994011974,-2676.0001319694857,B_C,,,,,,,,,,,
P16422_and_Q5K4E3,0.39332399715005056,0.3149698306469999,0.40422862206111443,22.052000000000014,60.12546798029556,-2625.4270061575753,B_C,,,,,,,,,,,
P16422_and_Q13349,0.3571205757756578,0.31481431029236584,0.08254864575800044,20.821936274509792,49.49944055944056,-4458.153465239064,B_C,,,,,,,,,,,
P16422_and_Q5VWQ8,0.3459758544885331,0.31470176360754964,0.18093845004621362,23.874503816793883,57.58908045977012,-21366.34236071111,B_C,,,,,,,,,,,
P16422_and_Q14680,0.3566539266265966,0.31466332790950313,0.14380293757433685,19.60576592082615,54.83994152046786,-1817.4827109025573,B_C,,,,,,,,,,,
P16422_and_Q8NDX1,0.31389052358463115,0.31453493168463137,0.23754325020713524,22.970627802690565,54.966454183266926,-4390.646647433838,B_C,,,,,,,,,,,
P16422_and_Q5TAT6,0.31754478815706866,0.31437027668589834,0.08084963439438489,22.51716791979951,42.89241379310345,-2521.010962704786,B_C,,,,,,,,,,,
P16422_and_Q4G0G5,0.39627590425937564,0.3141901398732858,0.07319104181238122,16.405722891566285,50.9303448275862,-1122.8345925816357,B_C,,,,,,,,,,,
P16422_and_Q12929,0.33244379225628423,0.3141203134629596,0.10398391232888482,22.50937500000001,57.069571428571415,-1635.020478067403,B_C,,,,,,,,,,,
P16422_and_O00478,0.33035419185880394,0.3140572915878448,0.27646211837526374,23.03345021037865,65.36534782608697,-2088.1560769814396,B_C,,,,,,,,,,,
P16422_and_P21860,0.3244721350800745,0.3140344104853823,0.1857203755774343,24.029590017825292,57.38614942528737,-3798.0903543040986,B_C,,,,,,,,,,,
P16422_and_Q8IW00,0.3450057256045528,0.31402211148564374,0.2283343545898794,20.6339525283798,60.95718749999999,-1842.497246794852,B_C,,,,,,,,,,,
P16422_and_Q9Y5G9,0.3398421947172624,0.3139822765562461,0.05221350427711899,20.312765957446814,51.107227722772265,-1512.1101055252493,B_C,,,,,,,,,,,
P16422_and_P01303,0.3909254482940752,0.31394026113131057,0.06830779175198727,14.05560747663551,47.52696969696969,-1782.372322707628,B_C,,,,,,,,,,,
P16422_and_Q96FE5,0.36147124359308125,0.3139080393406317,0.23639439439704732,23.81098696461823,68.81591463414635,-1184.5134038093947,B_C,,,,,,,,,,,
P16422_and_Q7Z6M3,0.34174894525944055,0.3138659700991058,0.2687792164624174,22.053498542274042,68.38391534391532,-2786.522327171233,B_C,,,,,,,,,,,
P16422_and_P01599,0.38791720151548525,0.3138355532249565,0.21959725651764583,15.881378026070742,65.2686440677966,-1319.8885120582943,B_C,,,,,,,,,,,
P16422_and_O75326,0.3904516344796901,0.3137208300797817,0.10596163239171334,20.56626016260162,60.944228187919464,-9682.16112998593,B_C,,,,,,,,,,,
P16422_and_P0DOX5,0.33924434851456514,0.3135517193259766,0.3030637987936107,17.61353790613718,68.09739393939392,-1698.4188224564186,B_C,,,,,,,,,,,
P16422_and_P22897,0.35403726079051345,0.31352003163724884,0.19782927351337398,26.1249530956848,64.39023255813953,-10132.679355807264,B_C,,,,,,,,,,,
P16422_and_Q86SI9,0.3809479368687101,0.3134999457340111,0.0707924894943431,15.215255474452578,39.69587837837839,-1265.8425698085339,B_C,,,,,,,,,,,
P16422_and_Q8TDY8,0.3438136028309017,0.31339790018073305,0.09288336329900354,23.68368869936035,54.4181045751634,-5371.338132827645,B_C,,,,,,,,,,,
P16422_and_P00797,0.3798772426483831,0.3133827052449941,0.12048379175951868,19.25745283018864,60.390878378378396,-1937.4445554624563,B_C,,,,,,,,,,,
P16422_and_Q96LB1,0.36955631698072233,0.3133657332534203,0.10241723498022755,17.39471153846154,57.62493243243243,-1975.3730805893583,B_C,,,,,,,,,,,
P16422_and_P05023,0.38283862670125335,0.313359704810092,0.1097982379297145,22.504495614035065,60.74149606299213,-11398.263438056643,B_C,,,,,,,,,,,
P16422_and_Q5T5C0,0.385250354188857,0.31325729411678965,0.1898833267255993,23.16609281437129,55.82770491803279,-15029.469403572335,B_C,,,,,,,,,,,
P16422_and_P10745,0.36543965402531675,0.31316553202726116,0.11966977466680893,25.85645994832044,37.913205128205135,-4834.800878219279,B_C,,,,,,,,,,,
P16422_and_P03973,0.383460386550771,0.3131054374298452,0.13179586620253425,13.525625000000002,55.947837837837845,-1196.329287270898,B_C,,,,,,,,,,,
P16422_and_P40145,0.362093193618836,0.3130498383649811,0.0863396865642827,23.09438110749186,60.61016042780747,-16327.157568458759,B_C,,,,,,,,,,,
P16422_and_Q8IVN8,0.35257584087939176,0.3129250645692929,0.05166581903100424,21.282097186700742,54.375182481751835,-2137.488367508362,B_C,,,,,,,,,,,
P16422_and_O00548,0.31732602661889986,0.31269509467151,0.12321883936452478,22.358097165991914,56.62366863905324,-2554.13714662219,B_C,,,,,,,,,,,
P16422_and_Q15078,0.35410424008762936,0.31265783758142385,0.1710452499341971,16.771305182341667,70.62628205128206,-644.3936661557063,B_C,,,,,,,,,,,
P16422_and_A0A0A0MS03,0.39026518431385865,0.31259284871584264,0.12425304592630675,16.94134615384613,56.08419847328245,-1585.4825098098618,B_C,,,,,,,,,,,
P16422_and_Q9Y5G6,0.3418486759495776,0.3125206826140978,0.09568236196033571,22.141874999999988,59.550347826086956,-1443.0419747492488,B_C,,,,,,,,,,,
P16422_and_Q9NPC2,0.3417955225065848,0.3123808384182017,0.13079239258974573,18.188075313807545,43.052948717948716,-1502.1750091961276,B_C,,,,,,,,,,,
P16422_and_Q6UY09,0.32723608195889076,0.31228445044174846,0.08506227588225616,20.042117117117126,57.908787878787884,-5384.323304985919,B_C,,,,,,,,,,,
P16422_and_A0A0B4J263,0.39022622809192464,0.3121915271052572,0.10467120421547962,17.3921906693712,60.41602941176472,-986.0876837718388,B_C,,,,,,,,,,,
P16422_and_Q8NGT2,0.3698244144685832,0.31197997446091175,0.10755216120412435,19.85474576271185,63.326470588235324,-1529.4305702531651,B_C,,,,,,,,,,,
P16422_and_Q9Y5G2,0.33688596576633956,0.31193461711191584,0.07761067155052676,22.086858974358954,60.42008403361342,-1401.7020164215337,B_C,,,,,,,,,,,
P16422_and_Q16820,0.38344287490832124,0.311929053929637,0.16310524780903307,20.991714836223515,64.64703947368422,-1665.0557623901004,B_C,,,,,,,,,,,
P16422_and_P05814,0.3539482317900529,0.31181936697469403,0.06337605154002016,18.640392156862735,54.7356818181818,-5140.409402158684,B_C,,,,,,,,,,,
P16422_and_B0L3A2,0.3927596879054531,0.3116093793185586,0.06495117690355484,15.55944206008586,33.35589743589743,-491.96576931020536,B_C,,,,,,,,,,,
P16422_and_O43613,0.3604594149905278,0.31142314399021515,0.1566493192459434,17.908232235701917,63.7901104972376,-1034.917512781789,B_C,,,,,,,,,,,
P16422_and_Q16790,0.34305523211154604,0.31140913191111474,0.11096848233609918,19.26477272727275,69.81946969696972,-1948.656632609056,B_C,,,,,,,,,,,
P16422_and_O00481,0.33445121257240984,0.3112350785283469,0.1736369135582458,21.717513611615203,67.91409326424869,-1317.6562523456864,B_C,,,,,,,,,,,
P16422_and_A0A1B0GVD1,0.3826249338970835,0.3109586350799173,0.10242553964644435,14.728708791208804,39.93973214285716,-1892.883481905823,B_C,,,,,,,,,,,
P16422_and_Q96S59,0.34113479490845594,0.31083574674293285,0.2962488577365789,22.168772241992883,70.7424025974026,-5037.443389449843,B_C,,,,,,,,,,,
P16422_and_O00213,0.3222015717753005,0.3108304719781706,0.25742073938962784,23.006019656019692,45.19280405405404,-1743.4707805745857,B_C,,,,,,,,,,,
P16422_and_Q9Y6W5,0.3284203454679501,0.3107958020868028,0.10829726547153215,20.79481409001957,49.115732484076425,-1425.723704758464,B_C,,,,,,,,,,,
P16422_and_Q9UBT3,0.36241806401150034,0.31064419705707236,0.1870782736449995,15.784879032258065,52.50356250000002,-1009.1390890615253,B_C,,,,,,,,,,,
P16422_and_A0A0A6YYC5,0.3880785948218727,0.3104239922905377,0.15188235059961044,17.30361757105943,63.624920634920635,-968.2820276663247,B_C,,,,,,,,,,,
P16422_and_P02786,0.38441541401456625,0.31011929940536254,0.2591685513208263,22.81818181818181,68.6455828220859,-4832.806192106444,B_C,,,,,,,,,,,
P16422_and_H3BV60,0.3566991389260916,0.3100500255695015,0.1950860547305186,14.839382716049387,58.389579831932785,-793.8105875268675,B_C,,,,,,,,,,,
P16422_and_O75888,0.35733573102988586,0.3099753671805707,0.12768173605718838,14.953160919540219,66.7674074074074,-1313.977688928619,B_C,,,,,,,,,,,
P16422_and_Q86Y34,0.34767215934374984,0.3098748213491192,0.17429667484346015,21.19861111111109,66.6375471698113,-2052.7446011112143,B_C,,,,,,,,,,,
P16422_and_Q9H2A7,0.3558099091141021,0.30960853094849117,0.1487465125120338,14.621575984990617,56.38122448979593,-611.3131206740327,B_C,,,,,,,,,,,
P16422_and_O94875,0.30946187457609586,0.30957849285525263,0.11735586073161113,22.29300213675216,53.604453781512625,-2381.2201964271953,B_C,,,,,,,,,,,
P16422_and_Q5UE93,0.3727743856315716,0.3093946931278636,0.3886893368144606,24.284481424148648,63.20119565217392,-2935.715847616135,B_C,,,,,,,,,,,
P16422_and_O14931,0.36548297493763526,0.30907953018199924,0.11566420716410951,14.498750000000012,74.1008108108108,-1845.9966143473503,B_C,,,,,,,,,,,
P16422_and_Q14956,0.3523629685674304,0.3090332420030292,0.14965807309625448,17.87089041095892,61.40627450980392,-1695.1344886593743,B_C,,,,,,,,,,,
P16422_and_P78423,0.3356108906260435,0.30896682481828897,0.1622131327187847,15.173448275862079,52.562071428571436,-744.8436154148367,B_C,,,,,,,,,,,
P16422_and_Q5BKX8,0.3361203556186798,0.3087532311427198,0.0674510934712434,15.802694610778458,37.65205128205127,-2792.372119510743,B_C,,,,,,,,,,,
P16422_and_P20963,0.3646340555508807,0.30866211171194907,0.12373116977623323,16.565972222222214,40.48303571428571,-1909.019268911983,B_C,,,,,,,,,,,
P16422_and_Q9HCJ2,0.3543053873921611,0.308538652635861,0.23753755968201729,21.193079315707607,71.38725888324878,-4145.308764023732,B_C,,,,,,,,,,,
P16422_and_Q9Y334,0.3909751451029645,0.3085291791918448,0.29690568070081963,23.52203007518795,67.28694835680746,-1855.560794887455,B_C,,,,,,,,,,,
P16422_and_P0C854,0.3602263486533879,0.30852488938152245,0.07395655032831414,16.539076923076927,46.453767123287626,-748.8317352035665,B_C,,,,,,,,,,,
P16422_and_P0CJ68,0.4124179375455468,0.30848034396331897,0.06073305514066872,13.633393501805061,23.191481481481485,-434.07764117813076,B_C,,,,,,,,,,,
P16422_and_A2NJV5,0.3788236974282081,0.3083369942745912,0.23177393051356682,18.096808510638283,70.98615894039732,-1370.6901556085809,B_C,,,,,,,,,,,
P16422_and_A0A0G2JS06,0.377637642357721,0.3082119286476066,0.12308579198646348,18.55557768924302,59.735732484076436,-1064.7212435431102,B_C,,,,,,,,,,,
P16422_and_A0A804HLA8,0.3990843615160352,0.3081252705948363,0.11353487795068089,16.21865079365081,39.72604026845638,-2382.3792325758914,B_C,,,,,,,,,,,
P16422_and_P27169,0.37880673556929567,0.30808587007737154,0.3769755335896251,22.44711221122111,57.72836477987425,-1580.9618553727307,B_C,,,,,,,,,,,
P16422_and_Q8IVQ6,0.3673650285226764,0.3080482561598923,0.07927338999467443,16.30075987841945,50.365229357798164,-2221.298138210143,B_C,,,,,,,,,,,
P16422_and_Q07075,0.3993598000969346,0.3077052837680133,0.2364628356096436,22.96394686907021,70.02795918367345,-6984.774744962191,B_C,,,,,,,,,,,
P16422_and_O00339,0.3155456743735559,0.3074285605841486,0.1315813225200265,21.50386206896554,57.4586448598131,-3720.1042803142045,B_C,,,,,,,,,,,
P16422_and_Q8NGK1,0.36736029523234165,0.30735826060014165,0.10534662813780223,19.156431535269668,64.84862068965518,-1715.6340853656254,B_C,,,,,,,,,,,
P16422_and_O95164,0.38465717090397356,0.30727287462045405,0.12365760050178626,16.844854881266496,53.388660714285756,-1300.4928236688015,B_C,,,,,,,,,,,
P16422_and_Q9Y6M5,0.3235057656038735,0.3071953582735252,0.1527457434430741,22.959229747675938,54.77204301075269,-1849.296254045963,B_C,,,,,,,,,,,
P16422_and_P23508,0.308830290419043,0.3069606944176039,0.08058131064927757,21.610037878787857,40.48394557823129,-8767.119389099616,B_C,,,,,,,,,,,
P16422_and_P24394,0.3093056604493902,0.306913280338913,0.1887311994138968,21.756249999999984,49.30792452830189,-1718.1359162484514,B_C,,,,,,,,,,,
P16422_and_Q7RTW8,0.3897823900765265,0.306837237065617,0.08551651119532336,24.26995565410204,55.511162790697675,-5311.480711055256,B_C,,,,,,,,,,,
P16422_and_Q8NBP7,0.38642634436891354,0.30675140348311675,0.21135487274046136,20.974654956085352,62.758009950248756,-2204.2890754969776,B_C,,,,,,,,,,,
P16422_and_P21796,0.3644110220177894,0.30666851719020555,0.20640569294347152,19.160865874363314,46.119299999999996,-1999.3016473885107,B_C,,,,,,,,,,,
P16422_and_Q9Y5G3,0.32750415525132553,0.30655595252547585,0.03178829816615274,19.629166666666666,38.32197674418603,-2120.0581503108006,B_C,,,,,,,,,,,
P16422_and_O60330,0.3343171184652658,0.306413025390164,0.04867305544992824,20.80299145299145,53.94737864077669,-1384.9685296356492,B_C,,,,,,,,,,,
P16422_and_O94804,0.35294393601995294,0.3064037808205948,0.22268075678566834,22.7039351851852,67.54948148148146,-2144.1112340146137,B_C,,,,,,,,,,,
P16422_and_P10644,0.3425410066196056,0.30629520615728734,0.12507018598941697,19.721935483870976,60.352119205298,-1515.0701037580727,B_C,,,,,,,,,,,
P16422_and_P40967,0.33534779485420296,0.3062039938097717,0.21698405380035518,21.520370370370376,63.30540540540545,-1263.2342060373194,B_C,,,,,,,,,,,
P16422_and_O43687,0.38596783080209607,0.3061848014220301,0.13165742280103243,14.448574144486692,48.453430656934295,-1025.368756076049,B_C,,,,,,,,,,,
P16422_and_P42702,0.34088135969689615,0.3061231771157401,0.30873900940511523,25.688283582089564,55.675544041450785,-5622.971398260734,B_C,,,,,,,,,,,
P16422_and_P15941,0.3017890765647563,0.30610704808654954,0.4933009307769962,26.326056338028145,58.81008438818565,-1858.7091913206095,B_C,,,,,,,,,,,
P16422_and_P09958,0.3535638150359724,0.30609653882710536,0.4090902338570264,22.953194578896415,65.62741803278692,-7032.010028724148,B_C,,,,,,,,,,,
P16422_and_Q8TE60,0.3244252934455487,0.30603063764125266,0.1372782464173706,21.532234957020044,43.366147186147145,-2841.330109504852,B_C,,,,,,,,,,,
P16422_and_Q5W188,0.3756458473220304,0.3059274621454525,0.1498519732303198,15.35885947046846,62.31177777777778,-1047.1982612010668,B_C,,,,,,,,,,,
P16422_and_Q8IU80,0.3817367171450366,0.30591350035201326,0.2294490134193147,21.609574468085093,43.596403940886695,-7576.875065819015,B_C,,,,,,,,,,,
P16422_and_O95467,0.348311193735848,0.3057775742994604,0.04532344450571779,18.019070512820534,43.311875,-961.1114211684508,B_C,,,,,,,,,,,
P16422_and_Q9Y5H0,0.3332183390416112,0.30533817476939873,0.21410860159319378,26.665220588235286,44.55378378378378,-1391.9987938287613,B_C,,,,,,,,,,,
P16422_and_A0A075B6I6,0.38227063755593266,0.30523069367635597,0.14427877727648508,15.70183823529411,66.91589743589745,-1379.874354159398,B_C,,,,,,,,,,,
P16422_and_Q02383,0.32014423552506294,0.3052144741344041,0.05574100975637106,17.14168141592921,45.56735849056603,-926.4793824723602,B_C,,,,,,,,,,,
P16422_and_Q9H4L5,0.33259011425693585,0.3051006833873535,0.06718803651029637,22.444352941176472,60.98781249999998,-1677.6920115475623,B_C,,,,,,,,,,,
P16422_and_Q8TF17,0.36363495580697824,0.3050824223837615,0.11444985158190311,23.45497470489038,55.37254237288135,-4210.107463485127,B_C,,,,,,,,,,,
P16422_and_Q96GD0,0.3696817307417721,0.30481287564153214,0.1099203977186071,18.3762857142857,71.43447154471545,-1937.0401517788728,B_C,,,,,,,,,,,
P16422_and_Q9BUN1,0.33879340504645644,0.3045331628728769,0.12199526699778354,17.102372583479788,49.356956521739114,-842.3892840061126,B_C,,,,,,,,,,,
P16422_and_Q9P2W7,0.35500413524669006,0.30416707286878286,0.17050193016264809,19.91854304635761,61.701858974359,-1198.4764594039052,B_C,,,,,,,,,,,
P16422_and_Q5JTD0,0.3187650735507396,0.3040664900923036,0.11521270513341379,18.405245346869734,43.85459259259261,-1463.0021400541154,B_C,,,,,,,,,,,
P16422_and_P08173,0.3327732960436103,0.30392153683009476,0.1896142765743048,20.107015985790394,59.46639676113357,-2094.3177162164357,B_C,,,,,,,,,,,
P16422_and_P41145,0.35200643171131263,0.30380290456030734,0.1615040904586817,16.559900990099024,51.18620967741938,-1365.5250086252363,B_C,,,,,,,,,,,
P16422_and_Q03692,0.31185884757869126,0.3037239118422958,0.1648641504230193,20.2459706959707,52.85021126760566,-1737.6647881502504,B_C,,,,,,,,,,,
P16422_and_Q8NB16,0.3326143324592589,0.3035430671649974,0.16844138865076302,22.75700680272113,64.7742288557214,-2073.3995370718694,B_C,,,,,,,,,,,
P16422_and_Q8N6P7,0.32014767366044405,0.3035230799645129,0.16893769613052526,22.53933333333337,66.16924812030075,-7995.027310836311,B_C,,,,,,,,,,,
P16422_and_A8MV23,0.36232846615655667,0.3034284442486197,0.16509073862723853,18.839359861591703,64.55223529411765,-638.6070940228219,B_C,,,,,,,,,,,
P16422_and_Q6UXT9,0.35465442593298807,0.30341954577291663,0.27768015449971134,23.765279672578455,70.64953608247424,-3018.915211403997,B_C,,,,,,,,,,,
P16422_and_O43300,0.3469010067113753,0.30329072548070135,0.16822531912632935,23.376541095890424,60.79035000000001,-2868.400490819342,B_C,,,,,,,,,,,
P16422_and_Q969I6,0.356029627925449,0.30316273909933744,0.22358268839192993,21.38883812010443,54.0865425531915,-3682.359048151927,B_C,,,,,,,,,,,
P16422_and_P21815,0.3373495760988814,0.30315459881664775,0.07127078766170572,14.026366120218608,25.216166666666663,-758.3076302714326,B_C,,,,,,,,,,,
P16422_and_Q7RTM1,0.3507849514977903,0.3030953763066118,0.10910713461674272,20.219525547445283,63.7178125,-2327.414390463451,B_C,,,,,,,,,,,
P16422_and_Q9Y666,0.3532003104891235,0.3030289945890982,0.1116301354968518,22.809071117561686,53.17647058823528,-3473.8833995122986,B_C,,,,,,,,,,,
P16422_and_Q8TDI8,0.3602848522645918,0.3026999589700382,0.0783766123060936,19.92241054613938,47.67272727272728,-6283.570113158058,B_C,,,,,,,,,,,
P16422_and_Q9Y5G4,0.33215543559598626,0.3025868860033017,0.06628301182039223,25.623209876543232,42.20369696969697,-2213.8008061059736,B_C,,,,,,,,,,,
P16422_and_Q86WS5,0.3428379857080165,0.3025695867535433,0.3204148440569194,21.57214611872146,60.02579234972677,-1335.2435983605174,B_C,,,,,,,,,,,
P16422_and_Q99500,0.35177083617432264,0.30244292126688543,0.125505944661256,19.15779661016948,57.75999999999995,-1295.734782621812,B_C,,,,,,,,,,,
P16422_and_P17693,0.35041111441955064,0.3024422970806415,0.1865853534455335,21.304793028322447,61.60298780487807,-1383.132643742706,B_C,,,,,,,,,,,
P16422_and_O43194,0.3540910173849502,0.30241864858140255,0.09027864038551277,18.50890287769785,52.31124260355031,-1757.0165402997382,B_C,,,,,,,,,,,
P16422_and_P26012,0.32897580505182533,0.30235600457932166,0.15791112161042525,19.53442953020135,55.119323671497625,-3875.4961829640088,B_C,,,,,,,,,,,
P16422_and_B2RUZ4,0.3874127702332493,0.3022076996026201,0.07025433585763395,17.077437325905297,39.201065573770485,-1465.3757987405058,B_C,,,,,,,,,,,
P16422_and_Q9Y6J6,0.37072245949448757,0.30213268059943094,0.064654486130656,14.584496124030995,33.74078651685394,-1491.2585219898565,B_C,,,,,,,,,,,
P16422_and_Q8IVN3,0.3899026604840372,0.30211203814229887,0.10477671348333306,13.744089456869,42.987297297297296,-2776.9869915418712,B_C,,,,,,,,,,,
P16422_and_Q9Y5V3,0.3158580005670306,0.301998256824069,0.09238766626882833,20.0772651006711,57.269753086419755,-1045.571145900707,B_C,,,,,,,,,,,
P16422_and_Q12913,0.3143758283081492,0.3019061335968943,0.1013881107270862,23.02330917874398,65.27675159235667,-1755.4775086864047,B_C,,,,,,,,,,,
P16422_and_P05067,0.3128602465954271,0.30179399749448654,0.3415903910651589,22.03241816261877,64.30708333333331,-1626.1316222874302,B_C,,,,,,,,,,,
P16422_and_Q6UVM3,0.3571422241365865,0.3017838649511754,0.21807235081277318,24.095882352941175,53.49243654822335,-6507.0536732059545,B_C,,,,,,,,,,,
P16422_and_O95800,0.33158010615838185,0.3015217618384176,0.17821226242426935,20.194513888888878,50.78948717948718,-1089.9880936721238,B_C,,,,,,,,,,,
P16422_and_P08069,0.3153530226405077,0.30140067050758307,0.20381466549728283,23.734039548022643,53.28244444444441,-3563.8278221878863,B_C,,,,,,,,,,,
P16422_and_Q8N7J2,0.3117200304162404,0.30122582600862097,0.08871455580368917,17.17195121951219,39.58875,-1406.0556961520779,B_C,,,,,,,,,,,
P16422_and_Q9NT99,0.3433290477170785,0.30083955059601436,0.48008127491444585,23.3377102199224,64.24701492537311,-4690.060013328744,B_C,,,,,,,,,,,
P16422_and_Q9Y5F8,0.32379493636758133,0.3006039591120213,0.1010639489171195,24.536956521739143,69.1396688741722,-2154.970114429645,B_C,,,,,,,,,,,
P16422_and_O95490,0.3152038457431982,0.3005716423726211,0.2258051288198036,24.365547445255483,59.74010695187164,-12189.13544053903,B_C,,,,,,,,,,,
P16422_and_Q9UEF7,0.38793265440637725,0.3005298868559558,0.1621882774556086,24.439753320683135,53.835923913043494,-6295.976187267587,B_C,,,,,,,,,,,
P16422_and_P19235,0.3226025468703547,0.3003586887080827,0.15210006391068892,19.903794266441825,56.908313253012054,-1666.9129616216778,B_C,,,,,,,,,,,
P16422_and_Q96SM3,0.3765678036408525,0.3003581269589357,0.38486125336877713,23.297502972651625,58.0435680751174,-8022.258409201891,B_C,,,,,,,,,,,
P16422_and_A0A0A6YYK4,0.3789422395670561,0.30027112744405116,0.08835532839282577,17.359037900874636,57.74999999999998,-1588.2445388224005,B_C,,,,,,,,,,,
P16422_and_Q96CW1,0.33330514995663657,0.30020867162389775,0.21656213603333435,21.918656716417914,68.67565517241383,-1885.2874020563013,B_C,,,,,,,,,,,
P16422_and_Q9UK17,0.30598556853655,0.300151771861079,0.10693611174526173,24.744246861924687,45.044041095890414,-2896.242438781028,B_C,,,,,,,,,,,
P16422_and_Q6UXR4,0.34828435552470005,0.30011926639416203,0.17472577790118174,19.133626373626356,63.71578125,-711.2167825543934,B_C,,,,,,,,,,,
P16422_and_Q86SQ4,0.3076971834243047,0.3000993926785336,0.11425138331097452,24.259481481481483,58.65855813953488,-3138.1059835729975,B_C,,,,,,,,,,,
P16422_and_P41146,0.3521057697703549,0.30000846025117833,0.14359928238957503,17.620219780219742,57.16715231788079,-1144.8826254615979,B_C,,,,,,,,,,,
P16422_and_P15515,0.3949995735797698,0.2999968519071413,0.10540765985798277,14.019745958429565,28.496393442622946,-459.10146702011457,B_C,,,,,,,,,,,
P16422_and_Q5XG92,0.3864654639504358,0.2998449283812889,0.13123775023831252,22.863068181818182,72.24249999999998,-7025.466177407428,B_C,,,,,,,,,,,
P16422_and_Q8IVG9,0.40509275277751683,0.29961832165651614,0.08524947344822877,14.32706896551724,22.968735632183908,-2507.7128397439283,B_C,,,,,,,,,,,
P16422_and_P24855,0.349241079264722,0.29954992659014673,0.32258954070062307,22.964442413162708,73.63738853503182,-2419.2408329513064,B_C,,,,,,,,,,,
P16422_and_P53041,0.3688558493494625,0.29937314825850414,0.13481119180973103,18.972235023041478,63.82972027972031,-1774.3556213490338,B_C,,,,,,,,,,,
P16422_and_Q6UWY2,0.3482113822356666,0.29936073316592116,0.13180828958294596,16.853104212860305,59.33098765432098,-2222.2441952142326,B_C,,,,,,,,,,,
P16422_and_P15516,0.39658733194294105,0.2993297942272364,0.11900988755828225,13.144312796208538,26.0663025210084,-881.6918941442966,B_C,,,,,,,,,,,
P16422_and_Q9Y5G1,0.32412400913842926,0.29931261087493055,0.04539193253280962,20.83194945848377,41.159072164948455,-2121.5477538353043,B_C,,,,,,,,,,,
P16422_and_A0A075B6K0,0.378024014613145,0.2991691221101429,0.12509386649198628,16.210022026431723,67.33171428571431,-946.6339063479434,B_C,,,,,,,,,,,
P16422_and_Q6IE38,0.3824044892958708,0.2990973073027919,0.08309082672358256,13.755865102639305,59.78225490196081,-1896.930933153535,B_C,,,,,,,,,,,
P16422_and_P54707,0.3661310604635397,0.29899233541455084,0.07456327778485285,21.68478260869565,62.38609090909092,-26883.65363849077,B_C,,,,,,,,,,,
P16422_and_Q9HBW0,0.35332061261195113,0.298904332420021,0.06320218423863472,18.94505208333334,61.282462686567165,-981.66635069529,B_C,,,,,,,,,,,
P16422_and_O60503,0.3552827203816557,0.2988883698281805,0.11917547758292711,22.039161554192248,59.393958333333345,-18532.146709613204,B_C,,,,,,,,,,,
P16422_and_Q9BUR5,0.350766612714562,0.2988390104706285,0.03850265831085026,16.790283400809724,47.85313253012048,-1331.635500067693,B_C,,,,,,,,,,,
P16422_and_Q02487,0.31352062669474057,0.29868466898426754,0.21979379334253882,26.428523035230352,60.1526108374384,-2703.3456395389494,B_C,,,,,,,,,,,
P16422_and_A1KZ92,0.3485561083544144,0.29861635245565055,0.251161514389228,25.98087248322151,46.93281818181818,-10241.416057880808,B_C,,,,,,,,,,,
P16422_and_O14907,0.3744245467421703,0.29857027035562655,0.2221843333024849,19.17651757188498,66.17809248554916,-1125.3137127054733,B_C,,,,,,,,,,,
P16422_and_Q9Y5F9,0.32185061475076865,0.298556656495084,0.2220638787759827,21.935549872122778,47.134111111111125,-2278.667993467461,B_C,,,,,,,,,,,
P16422_and_Q14247,0.3146438377762612,0.2985516066639658,0.09842679327098412,18.827685325264778,55.04397790055247,-1361.2029818946612,B_C,,,,,,,,,,,
P16422_and_P00973,0.36161930219272054,0.29851221636797715,0.2974954049352388,18.063692307692303,63.459514563106794,-2385.3762473157376,B_C,,,,,,,,,,,
P16422_and_O14490,0.30103478090933233,0.29850249711637644,0.18022612593588286,21.559727385377936,52.87374384236453,-3157.5416757127823,B_C,,,,,,,,,,,
P16422_and_Q07912,0.3137440346748513,0.2984854780198923,0.2122130967805575,24.667875125881192,64.01067510548525,-2498.1998197480134,B_C,,,,,,,,,,,
P16422_and_P04433,0.37636245631888937,0.2983530481612914,0.1806979260160634,17.501694915254202,62.83895953757222,-1807.7964702889128,B_C,,,,,,,,,,,
P16422_and_Q5GAN4,0.37181860258387744,0.29802822816331337,0.11059671253796612,15.729264214046836,60.5014814814815,-1175.6432309817394,B_C,,,,,,,,,,,
P16422_and_Q8TB22,0.38910173787057345,0.29796800945908797,0.19406790854518066,23.403004622496148,65.78946808510638,-10623.34664936725,B_C,,,,,,,,,,,
P16422_and_O60312,0.3570654182059488,0.2978880282152838,0.0759809267857699,24.543880597014915,57.67491666666668,-6370.606661968093,B_C,,,,,,,,,,,
P16422_and_P30550,0.34589842550650174,0.29781843431233235,0.14520293565666156,16.50245901639345,58.527815126050456,-1399.6383074849628,B_C,,,,,,,,,,,
P16422_and_A0A0A0MRZ7,0.3707984064760427,0.2976892638393025,0.23456286615724578,17.62399999999999,66.91923076923075,-2170.2874957349554,B_C,,,,,,,,,,,
P16422_and_O60883,0.33665037539359743,0.2976530792668984,0.06883367554924733,21.471223021582723,59.45888111888112,-3542.167906882926,B_C,,,,,,,,,,,
P16422_and_Q8IUH2,0.34016664136676544,0.297646281320217,0.18333859093711627,21.095809414466146,49.87342592592594,-1117.4938541428182,B_C,,,,,,,,,,,
P16422_and_P56559,0.3596156137061923,0.29764065533139095,0.14665434442324293,16.51454545454546,69.80245614035087,-850.4319143530912,B_C,,,,,,,,,,,
P16422_and_Q9Y5G5,0.32552629859736687,0.2975967166714608,0.05325574859139828,22.25570032573291,50.58542857142858,-2527.452419363135,B_C,,,,,,,,,,,
P16422_and_P0CJ75,0.4036710532060839,0.29758687429148256,0.09664192007038333,12.992979452054806,18.432758620689658,-1057.5371626377153,B_C,,,,,,,,,,,
P16422_and_P0DMP1,0.4036710532060839,0.29758687429148256,0.09664192007038333,12.992979452054806,18.432758620689658,-1057.5371626377153,B_C,,,,,,,,,,,
P16422_and_P58215,0.36309948549589843,0.2974108646477802,0.129636395265327,21.00377551020408,56.18451807228917,-2093.802642873762,B_C,,,,,,,,,,,
P16422_and_A0A0B4J265,0.3772550544577041,0.29735075180689835,0.1444757488990322,16.131377551020407,63.31565573770493,-1176.5225524301827,B_C,,,,,,,,,,,
P16422_and_P0CJ71,0.40214505874805606,0.29733784725647944,0.07043011341115071,13.991818181818187,28.068076923076912,-450.91409479133335,B_C,,,,,,,,,,,
P16422_and_O15439,0.3714525468945217,0.297004611519292,0.1604684227002162,23.417641843971612,63.54670588235291,-7196.826306649417,B_C,,,,,,,,,,,
P16422_and_Q5GH77,0.35470453358800774,0.29670140416913326,0.08777681419181971,22.698109517601033,57.055300000000024,-2201.9884594958276,B_C,,,,,,,,,,,
P16422_and_A4D2P6,0.2998789007654837,0.2964051331247848,0.2836784179506929,24.42042577675491,56.61531120331952,-3372.0756065329915,B_C,,,,,,,,,,,
P16422_and_O15393,0.35522066413050263,0.2963088624487946,0.23686040805161135,18.66967545638944,62.39787500000001,-1914.1770169125066,B_C,,,,,,,,,,,
P16422_and_Q9UN71,0.3210828142239914,0.29606929561824047,0.05961372970887373,23.054907975460132,41.596544117647056,-2227.247130051148,B_C,,,,,,,,,,,
P16422_and_P13569,0.37229406028194006,0.29598476631836995,0.11560029082243714,23.362376237623753,52.476549295774625,-12788.595235767221,B_C,,,,,,,,,,,
P16422_and_Q9UIG8,0.36054281615938527,0.295975776300042,0.12394339070978656,22.160381355932245,59.109714285714304,-2522.5458371463355,B_C,,,,,,,,,,,
P16422_and_Q96NZ9,0.3589593985465494,0.29588445551887,0.08883463084190885,16.08701171874998,35.077416666666664,-817.2375183295735,B_C,,,,,,,,,,,
P16422_and_O43561,0.3359713072161284,0.29586663606993463,0.09768595555918526,18.431089743589748,35.391764705882366,-1365.5123906325543,B_C,,,,,,,,,,,
P16422_and_O14640,0.30671341684296316,0.2958289969682614,0.25151438258536163,22.37272727272727,55.96036437246965,-1887.3418059624673,B_C,,,,,,,,,,,
P16422_and_P35443,0.34308791863804616,0.2958142677861724,0.28895647942892666,23.380027173913053,65.17295336787568,-3756.5715979960696,B_C,,,,,,,,,,,
P16422_and_P37840,0.36727228606316287,0.2957106766376584,0.08917080485118122,14.452783109405,44.82007042253522,-283.7379428098793,B_C,,,,,,,,,,,
P16422_and_P16109,0.3036470426907084,0.29549797623128526,0.14539401939824936,19.627182044887764,70.54487999999998,-1351.9948566076346,B_C,,,,,,,,,,,
P16422_and_P09603,0.3154092760167318,0.2954512394781032,0.10452266099543281,21.800407331975567,64.00308176100629,-11170.08464906097,B_C,,,,,,,,,,,
P16422_and_O75022,0.3305435973869044,0.2954065189998108,0.16371979678770532,21.497585227272733,66.01434782608693,-882.9165298472944,B_C,,,,,,,,,,,
P16422_and_Q9BQI7,0.30732687439895057,0.29516916105089075,0.23530231074107483,24.337735004476276,45.400892193308536,-1662.4532100630167,B_C,,,,,,,,,,,
P16422_and_Q96LD1,0.3347165319113241,0.29508905123839,0.05492358793967313,21.091732283464555,56.12499999999999,-1048.5923300873872,B_C,,,,,,,,,,,
P16422_and_A0A0B4J249,0.37406185913261336,0.295036713673742,0.058628126936731556,19.92779369627509,59.039038461538446,-1482.6375797819317,B_C,,,,,,,,,,,
P16422_and_Q96J66,0.36969974001285344,0.2950333958939337,0.029248669914093944,22.713548387096758,36.471219512195105,-4986.735248828934,B_C,,,,,,,,,,,
P16422_and_P19827,0.3474627893695419,0.2950138383045927,0.049172133405985995,23.35462585034014,39.56525773195876,-3310.5546291538412,B_C,,,,,,,,,,,
P16422_and_Q9BXB1,0.35927923685479324,0.2950106283974316,0.12617169844843468,22.374140401146146,66.62436274509801,-2245.7493898569774,B_C,,,,,,,,,,,
P16422_and_Q8N158,0.3536073055363686,0.2949087060558211,0.130251904705125,22.32156862745096,69.8660975609756,-1725.1577658376864,B_C,,,,,,,,,,,
P16422_and_P08514,0.35164090588704855,0.2949061926855831,0.3911290295696746,21.253081232493006,49.98607361963188,-20014.389512393034,B_C,,,,,,,,,,,
P16422_and_P50993,0.36897271797426295,0.294740443436703,0.10305681263073342,21.39716049382715,65.6888,-3356.109710538374,B_C,,,,,,,,,,,
P16422_and_Q9NZU7,0.33063545260186206,0.2947195206054366,0.09601667496170536,19.98754693366707,52.97303482587066,-3046.3673013954394,B_C,,,,,,,,,,,
P16422_and_Q6UXK2,0.31907817055015847,0.2946661678598348,0.29394322876164486,23.540884279475993,64.70679425837321,-3101.125720138951,B_C,,,,,,,,,,,
P16422_and_P06213,0.31822380439250497,0.29425076387899785,0.2302968840017248,23.7772727272727,56.21071748878924,-2915.6516709985153,B_C,,,,,,,,,,,
P16422_and_P40225,0.33245785678381207,0.29413850277924625,0.0774358741219844,17.99424778761061,57.96836363636365,-4234.248798410248,B_C,,,,,,,,,,,
P16422_and_Q8N490,0.35388183046839305,0.2940742803138796,0.15796988294426814,19.42122708039492,65.87241176470587,-1345.4155552387965,B_C,,,,,,,,,,,
P16422_and_P43630,0.3208565677869121,0.2940199476629918,0.21571916088186505,19.164266487214007,65.2815934065934,-935.4339216251246,B_C,,,,,,,,,,,
P16422_and_Q86SU0,0.30962774240301466,0.2939735605944975,0.0931108815377003,20.078342749529206,45.09851063829789,-1226.825788133181,B_C,,,,,,,,,,,
P16422_and_P20231,0.33952726180327886,0.2937914879919637,0.3117639440655199,22.996972477064226,57.140740740740725,-3899.338525880103,B_C,,,,,,,,,,,
P16422_and_A6NHN0,0.3182894164371792,0.2936407591071836,0.076114421025648,16.209374999999994,60.17324074074073,-960.925728283597,B_C,,,,,,,,,,,
P16422_and_Q8NH85,0.35719261631334864,0.29355526757406536,0.14103457356267793,19.08293460925043,65.5662427745665,-1159.6044768462634,B_C,,,,,,,,,,,
P16422_and_Q6ZRH7,0.382688313922516,0.29354876789690804,0.3050315232601926,23.82755905511809,68.67411428571428,-8369.11239686168,B_C,,,,,,,,,,,
P16422_and_Q9HB40,0.37028881364275656,0.29352931079804256,0.23765644389296092,18.497132867132862,63.470555555555556,-1931.407957566511,B_C,,,,,,,,,,,
P16422_and_P41440,0.34440532327457735,0.2935153086940996,0.1289455947535382,21.72112860892387,63.49695652173913,-2068.2739730773174,B_C,,,,,,,,,,,
P16422_and_Q96L11,0.3678288741690635,0.2933743618738503,0.09145005738935266,13.842543859649123,43.68914062499999,-1006.2604113937496,B_C,,,,,,,,,,,
P16422_and_P05112,0.36558947461549574,0.2933510661030843,0.07469080178858187,13.352184466019432,48.82762500000002,-825.4916941078424,B_C,,,,,,,,,,,
P16422_and_Q13733,0.36319288545377443,0.2931279684642182,0.09601865260843505,20.781627296587892,63.285327868852455,-4651.891055646846,B_C,,,,,,,,,,,
P16422_and_Q9BTN0,0.33416811585537753,0.29300190790400094,0.11815419211670962,22.568546845124285,53.22204419889506,-5053.709617433569,B_C,,,,,,,,,,,
P16422_and_Q7LDG7,0.341675795003348,0.29297341596017373,0.4590529804457414,25.436310107948966,64.57986666666666,-2284.3155290067225,B_C,,,,,,,,,,,
P16422_and_Q3SXY8,0.3200632494149058,0.29280819274691383,0.14066500774488006,21.0664959016393,67.02791411042945,-4056.791237949892,B_C,,,,,,,,,,,
P16422_and_P02686,0.3305899155237549,0.292779271255564,0.05363731775882001,15.32961904761906,41.54492537313432,-628.6710221032336,B_C,,,,,,,,,,,
P16422_and_Q7Z410,0.3033902471705478,0.29274545688788883,0.3647782057939812,22.01141906873613,46.122007874015736,-3003.53884040063,B_C,,,,,,,,,,,
P16422_and_Q9NY56,0.3619015238569982,0.2927326703381495,0.16711508127661234,18.46374458874459,63.60838235294118,-1063.0113792578647,B_C,,,,,,,,,,,
P16422_and_Q8N9H9,0.3026511932051976,0.2926340027291184,0.1342811570112715,21.870717131474052,58.46292237442923,-1178.5416342279204,B_C,,,,,,,,,,,
P16422_and_A0A0A0MS04,0.37196778215395065,0.29254061013769683,0.10661127096963681,16.194840294840294,64.71736842105263,-773.8883536871977,B_C,,,,,,,,,,,
P16422_and_Q8NBN3,0.33977042689722403,0.29247592862502864,0.08978237812639364,22.753950953678466,58.240532544378695,-2551.5962748203237,B_C,,,,,,,,,,,
P16422_and_P29279,0.3316259720228981,0.2920483311225073,0.2340479545566689,19.969061962134226,53.07251012145749,-1832.916439916502,B_C,,,,,,,,,,,
P16422_and_Q6X4W1,0.31302614676330065,0.29203442021120796,0.16419581262087074,20.856070496083554,63.297577319587624,-1572.8597934079517,B_C,,,,,,,,,,,
P16422_and_Q86V24,0.3447869446946048,0.2919535905864165,0.1044654492099183,20.666361974405852,56.05642384105958,-811.336294122485,B_C,,,,,,,,,,,
P16422_and_Q08554,0.31127461028167314,0.2916889724408946,0.18744354304769878,22.774748322147623,65.86938650306745,-2826.963403273843,B_C,,,,,,,,,,,
P16422_and_P0CJ73,0.3988290263103713,0.29166747151828387,0.08582481652411313,13.588750000000013,22.84306818181818,-542.4368196942045,B_C,,,,,,,,,,,
P16422_and_O95256,0.30858617433925817,0.2916500017172711,0.17905459487619235,18.069410569105667,69.29565517241382,-2340.1373784430884,B_C,,,,,,,,,,,
P16422_and_P48751,0.3308331053361614,0.29155192978645295,0.07105899320115273,24.03398876404494,58.69360000000001,-13636.232402559577,B_C,,,,,,,,,,,
P16422_and_O15245,0.3615619599110734,0.2915486485753882,0.14939304974368744,22.207765667574954,61.084545454545484,-5564.075374811938,B_C,,,,,,,,,,,
P16422_and_Q99542,0.31824379415696263,0.2914320235289586,0.12269115610806736,21.656769983686804,57.716934673366865,-2489.3787418047505,B_C,,,,,,,,,,,
P16422_and_Q13822,0.38561096269540107,0.2913774051082811,0.3069184001499851,25.440909090909106,65.30954773869345,-10286.517654895162,B_C,,,,,,,,,,,
P16422_and_Q9Y5H2,0.3158847717987914,0.29124187461382534,0.19093706325286913,24.997919143876384,61.699642857142884,-2444.9614791036693,B_C,,,,,,,,,,,
P16422_and_Q8WWR8,0.35483217881708645,0.2911821285927462,0.2524279328463659,18.595502092050207,72.40287671232875,-1810.5862879607193,B_C,,,,,,,,,,,
P16422_and_Q8NH87,0.35501317308223984,0.2911386817942855,0.15639226129823877,18.10077951002229,61.067846153846155,-1687.6450508392604,B_C,,,,,,,,,,,
P16422_and_Q63HR2,0.30120325576385953,0.2911117313817413,0.16845918035742563,22.21469879518069,60.64,-8378.25816357047,B_C,,,,,,,,,,,
P16422_and_Q86Z14,0.37804408796839817,0.29094861440451353,0.1229260118526468,24.489752252252263,52.03532051282051,-17118.33307626535,B_C,,,,,,,,,,,
P16422_and_P42680,0.3421011631946393,0.29094674720281094,0.17741405174589372,21.023904761904763,57.16882716049383,-2132.910377315209,B_C,,,,,,,,,,,
P16422_and_Q96QR1,0.37175285564053306,0.29079541045555707,0.12895449986354135,14.05880102040816,44.20758620689656,-1058.5779809376982,B_C,,,,,,,,,,,
P16422_and_Q96A99,0.3130544224338981,0.2907516856457625,0.15214615590532818,20.350598802395183,65.29132653061227,-2291.8707392670367,B_C,,,,,,,,,,,
P16422_and_Q96PQ0,0.35134280245753546,0.29072534611925216,0.06080277961883976,24.640000000000043,58.411764705882355,-14475.316412474138,B_C,,,,,,,,,,,
P16422_and_O75915,0.35542501894492573,0.2906450347701406,0.10652562262660684,14.99891774891777,67.67081395348839,-1601.1204838256556,B_C,,,,,,,,,,,
P16422_and_Q5W0Z9,0.3389879751273956,0.29051551763461136,0.16983771385438842,22.532973805855157,68.12149758454106,-2318.1111354461564,B_C,,,,,,,,,,,
P16422_and_Q8N350,0.3043969249945286,0.29046577281726976,0.1105757368894995,20.157006092254093,48.04847457627118,-1089.0132715295767,B_C,,,,,,,,,,,
P16422_and_P49767,0.317631416414294,0.29045782754275157,0.17799959236575963,19.222084805653697,58.33708333333334,-2663.99563320326,B_C,,,,,,,,,,,
P16422_and_Q8NI17,0.3107354618218385,0.29043261434698725,0.1802593082600673,23.24280626780629,66.36961956521738,-2830.36295969451,B_C,,,,,,,,,,,
P16422_and_A0A0A0MT76,0.39183253456212497,0.2904136034722508,0.08617010442228844,15.486155378486057,31.089819819819827,-1603.5737730450837,B_C,,,,,,,,,,,
P16422_and_Q9NQ84,0.3148438313219687,0.29029271645765087,0.13033200895187527,20.978571428571414,52.757444444444424,-2013.481580432388,B_C,,,,,,,,,,,
P16422_and_P20396,0.34017426298502906,0.2902712103875463,0.06623802229276574,15.932346241457871,47.118403361344534,-974.4198202473854,B_C,,,,,,,,,,,
P16422_and_Q6UXR6,0.3496627344480108,0.2902676211781002,0.0866784288408941,16.8979797979798,35.94531914893617,-1087.5675099519012,B_C,,,,,,,,,,,
P16422_and_Q30KQ8,0.3714011206280544,0.29017013781236156,0.07265317851209853,17.316614420062702,44.891849710982655,-1049.2391543804415,B_C,,,,,,,,,,,
P16422_and_P02679,0.3254431355527304,0.29014587385256047,0.1617944529976924,16.71898395721925,60.113813559322026,-11589.829261727615,B_C,,,,,,,,,,,
P16422_and_P15248,0.3645004170286449,0.2900945891735165,0.10593142023735866,17.035778443113774,67.48115044247787,-916.2136045210267,B_C,,,,,,,,,,,
P16422_and_Q9BRK3,0.31479193300830643,0.29001536607036493,0.13888463977304716,23.206341107871726,60.581684782608725,-1046.7999587787126,B_C,,,,,,,,,,,
P16422_and_P01703,0.36775572833614456,0.2898764131755479,0.1881946751102702,16.36689189189187,63.52256756756757,-951.3065596959412,B_C,,,,,,,,,,,
P16422_and_Q9NQ76,0.3097495438253796,0.2897419958940688,0.07826070912659902,17.844803149606292,37.95372413793103,-804.2303359215584,B_C,,,,,,,,,,,
P16422_and_Q9HC29,0.3624389164242544,0.2897174131652031,0.09953004630769811,24.872211350293526,53.078877005347586,-8879.875006291408,B_C,,,,,,,,,,,
P16422_and_Q6UW10,0.37981968984328973,0.2897043876360591,0.06275128761564935,14.659706546275402,47.11691588785049,-816.039240720711,B_C,,,,,,,,,,,
P16422_and_A0A075B6I9,0.36683271716956667,0.28965750977341115,0.1746760213145648,18.75735042735045,62.35138554216871,-859.8273436119489,B_C,,,,,,,,,,,
P16422_and_Q8TDV0,0.3377357792979559,0.28956037580016714,0.13748682249138783,17.160746606334833,59.52598540145984,-1649.4391143196726,B_C,,,,,,,,,,,
P16422_and_Q86UL8,0.2914099464198724,0.2894943372403863,0.2940165521910771,27.667889447236178,56.80135922330098,-2893.5888853090873,B_C,,,,,,,,,,,
P16422_and_P39059,0.2910314676696217,0.2893929806503008,0.1605314989698134,23.748793363499246,63.577177033492795,-2092.3145908959996,B_C,,,,,,,,,,,
P16422_and_P02750,0.35568404896672706,0.2892039764460649,0.21899030128505684,21.552351916376317,51.72325842696626,-904.1727330560158,B_C,,,,,,,,,,,
P16422_and_Q9UPU3,0.3446314570775152,0.28908797216846405,0.23384219854958843,23.46379084967315,58.86162790697677,-4073.748673250946,B_C,,,,,,,,,,,
P16422_and_P63218,0.3826879323242641,0.28908043953118995,0.07694090320762065,18.265721649484533,38.194161073825505,-1199.9215428169664,B_C,,,,,,,,,,,
P16422_and_Q5JS13,0.3174112088562254,0.2889316458720622,0.39016631613873765,21.099476047904197,70.35640883977902,-868.277711688741,B_C,,,,,,,,,,,
P16422_and_P0CJ76,0.39603646624679617,0.28878693891453144,0.0800285955037794,15.673378378378372,17.042222222222225,-578.1111598048326,B_C,,,,,,,,,,,
P16422_and_Q3KNS1,0.36087175357034257,0.2887654035917868,0.22253003374596894,24.226226993865044,64.22891304347829,-3975.09226514858,B_C,,,,,,,,,,,
P16422_and_A0A087X0K7,0.3697486230376932,0.2886912121200591,0.08060062657978254,16.72405660377358,56.73084615384615,-786.2081221825356,B_C,,,,,,,,,,,
P16422_and_Q08174,0.30463627650195324,0.2886351255719265,0.11085285714024527,23.467307692307685,53.27752212389382,-2368.031319880458,B_C,,,,,,,,,,,
P16422_and_Q9HAR2,0.3004464877347773,0.28862251512560394,0.4455877762440976,24.42193661971828,61.457852564102595,-3183.129070201918,B_C,,,,,,,,,,,
P16422_and_Q9NWQ8,0.313378575519447,0.2884013685317114,0.06381027476053212,17.231927710843376,34.2446376811594,-1021.182869501441,B_C,,,,,,,,,,,
P16422_and_O14523,0.30570543648590087,0.2883870528260579,0.17605370738937434,21.280970149253786,59.564938775510186,-2107.1141194716365,B_C,,,,,,,,,,,
P16422_and_Q9H665,0.32587578182372406,0.28830278953038724,0.3230806875143572,20.926817640047677,57.859903381642496,-1902.3546795783695,B_C,,,,,,,,,,,
P16422_and_A0A0K0K1A3,0.3689879958953577,0.28823650684620306,0.08196374754096192,16.688511749347235,64.38953846153845,-1320.3158981587137,B_C,,,,,,,,,,,
P16422_and_O60262,0.3819202661219713,0.2881935503567397,0.08976204845645919,16.264821124361138,43.18290780141845,-1438.194801374766,B_C,,,,,,,,,,,
P16422_and_Q06418,0.30249814930481234,0.28817699497436977,0.16410482221114933,23.578076379066438,60.77902702702699,-2347.958584053922,B_C,,,,,,,,,,,
P16422_and_Q96LR9,0.3348360293066126,0.2880750983711286,0.1646944071332548,19.46218302094818,47.15545023696685,-1200.7314495850333,B_C,,,,,,,,,,,
P16422_and_Q9Y5I3,0.3147443728820555,0.28801245622932403,0.10496069360879427,24.67890946502059,66.69596026490068,-6089.9144160098695,B_C,,,,,,,,,,,
P16422_and_P29122,0.3303612272236577,0.2879688897289734,0.1681913500135118,23.352539912917262,56.812793522267235,-6463.394731772187,B_C,,,,,,,,,,,
P16422_and_P15018,0.3514431356958523,0.2879527424119941,0.11692428114220343,18.905232558139517,66.48954545454545,-1548.6651106167412,B_C,,,,,,,,,,,
P16422_and_Q6UXX5,0.32044202370138697,0.2878967338114974,0.18464292038849983,23.768665464382313,50.21958677685953,-7548.855979488784,B_C,,,,,,,,,,,
P16422_and_Q9P218,0.29549501612167056,0.2877079169493398,0.3066178988888967,24.747632468996624,49.35878151260501,-16040.910193333533,B_C,,,,,,,,,,,
P16422_and_Q969F2,0.31443504920733323,0.2875051567258334,0.11125515671225122,18.225794155019074,51.15752475247524,-1805.7466298178842,B_C,,,,,,,,,,,
P16422_and_P0DP57,0.3719115976698172,0.28738540623101055,0.13234489916228814,14.888786008230467,61.86556451612904,-1120.5366062648777,B_C,,,,,,,,,,,
P16422_and_Q9BZF2,0.3204191196091902,0.2872922075562734,0.09579555798254624,22.499084668192218,60.111148648648644,-4079.721929696967,B_C,,,,,,,,,,,
P16422_and_P30530,0.30393422631407635,0.28719833615196044,0.22686145179410128,24.445390524967973,49.109354838709656,-8063.39242813435,B_C,,,,,,,,,,,
P16422_and_P41221,0.3504985209853206,0.2871072374104053,0.264936731665899,20.420583717357914,64.73465517241381,-3480.531383151714,B_C,,,,,,,,,,,
P16422_and_P80511,0.3728777346770818,0.28690187144011653,0.11589379764990328,16.9514030612245,64.21965517241382,-1295.8149438251671,B_C,,,,,,,,,,,
P16422_and_Q96BF3,0.32783137092871495,0.2868014477875318,0.13046753036179973,20.537426210153484,58.23517045454546,-2868.816073095084,B_C,,,,,,,,,,,
P16422_and_A0A075B6T7,0.36326383965836817,0.2867837921897945,0.07072310098242604,16.262174940898337,52.30204545454545,-1195.451636484269,B_C,,,,,,,,,,,
P16422_and_O14966,0.35242625864839944,0.28669165491820003,0.11956015551158664,17.536956521739143,59.905984848484856,-932.582231130847,B_C,,,,,,,,,,,
P16422_and_P55008,0.36121909136812325,0.28647700013532,0.11922291445155726,16.495308924485112,49.97823529411767,-816.9974866791949,B_C,,,,,,,,,,,
P16422_and_O00175,0.3632303596193299,0.28645320426381843,0.06870345369638563,17.953530751708435,45.90875000000003,-474.4402915602964,B_C,,,,,,,,,,,
P16422_and_Q14314,0.3199062308187224,0.2863753205123899,0.2046709483158891,20.17984189723322,68.77680851063829,-2189.460517363197,B_C,,,,,,,,,,,
P16422_and_Q9UHC9,0.36896221690064124,0.28632912912939246,0.10496199040947093,23.584760956175263,50.18627906976744,-11314.999100557068,B_C,,,,,,,,,,,
P16422_and_Q8NH60,0.3500129524780188,0.2862553260178542,0.12634824459572627,21.45821018062393,58.27339393939394,-2493.7612249659514,B_C,,,,,,,,,,,
P16422_and_Q13753,0.2964834821467537,0.28600720216469716,0.07919307371667961,20.52333948339483,58.78529411764707,-6371.271381719769,B_C,,,,,,,,,,,
P16422_and_Q9BZW8,0.31836349844047973,0.28562049732771805,0.11612942320989524,20.952917232021672,57.26315789473689,-1311.1163796957517,B_C,,,,,,,,,,,
P16422_and_Q96P88,0.3316105934340581,0.28558855927485227,0.1582796010094848,19.749390243902475,50.918742138364756,-1475.6364533860396,B_C,,,,,,,,,,,
P16422_and_P29376,0.30763763128842947,0.28557121672465013,0.17018876805629318,24.01325443786984,59.07441295546557,-2530.6121301202,B_C,,,,,,,,,,,
P16422_and_O75473,0.3542537238413638,0.28553725346851316,0.49012206443677403,24.812837837837886,59.082200956937804,-5540.957559801696,B_C,,,,,,,,,,,
P16422_and_Q6ZN44,0.3156507842974766,0.28536824295888336,0.16650934712671706,24.292659758203804,57.332198952879594,-3812.819413608977,B_C,,,,,,,,,,,
P16422_and_Q9NS82,0.3550352225071774,0.28527250318294195,0.08561103299332562,21.616486486486494,54.9851871657754,-2659.744776264616,B_C,,,,,,,,,,,
P16422_and_A1L1A6,0.34526174720509734,0.28525853753142655,0.05972680251029211,16.944078947368418,55.02284210526315,-3643.3591333427444,B_C,,,,,,,,,,,
P16422_and_Q96I82,0.3281381148194763,0.28522852037370366,0.10513423952102359,18.391314031180432,66.39064748201439,-1604.476340893939,B_C,,,,,,,,,,,
P16422_and_Q96LB8,0.3272139633847848,0.2850434813253587,0.1371411835819112,19.412188365650966,61.391105769230755,-4962.885454022254,B_C,,,,,,,,,,,
P16422_and_P12277,0.3617117774256521,0.28504307542265384,0.28767468147091013,19.0824341279799,46.91278048780489,-2729.1631909401285,B_C,,,,,,,,,,,
P16422_and_Q7Z5L0,0.34897065391857734,0.28497504812204283,0.14927123180214794,20.31906028368793,57.86544217687076,-3411.0649983034027,B_C,,,,,,,,,,,
P16422_and_Q17R60,0.29460882947280154,0.2849375590071686,0.1845836274872319,21.226485461441243,61.740468750000026,-1449.732592939603,B_C,,,,,,,,,,,
P16422_and_Q96A83,0.3120982544787143,0.2847862702884508,0.11721914718167806,19.484147794994062,53.38634408602149,-819.5070745668781,B_C,,,,,,,,,,,
P16422_and_Q9UKJ1,0.3223809680670928,0.2846632006745302,0.13089177058521778,20.642644757433462,55.47576923076923,-1958.2821880523152,B_C,,,,,,,,,,,
P16422_and_Q6IEY1,0.34941684405179113,0.2846326244153874,0.10886599141771759,19.644389438943882,63.28798742138364,-3530.580046710475,B_C,,,,,,,,,,,
P16422_and_S4R3Y5,0.39348505573475684,0.284569647044582,0.12678882489474821,14.054601226993865,20.535104166666667,-971.8747576181271,B_C,,,,,,,,,,,
P16422_and_P01730,0.3202968617757231,0.2845086997703745,0.31688121412412606,23.151880341880304,71.02648648648646,-1597.2427969173286,B_C,,,,,,,,,,,
P16422_and_P55286,0.3110279540822609,0.28445638419485186,0.42482206277111106,23.293113342898128,64.04508982035927,-2811.1429096398097,B_C,,,,,,,,,,,
P16422_and_P26927,0.32286930065183506,0.28442566618995263,0.1087694583767635,22.72305194805193,52.57492537313432,-3705.9662350053222,B_C,,,,,,,,,,,
P16422_and_Q9ULC0,0.32544896322717504,0.2843956716302718,0.04455065949044859,18.697610921501717,31.38488636363637,-390.67272441429304,B_C,,,,,,,,,,,
P16422_and_Q075Z2,0.35646204894131595,0.284309266200317,0.2195319357170435,16.444082840236682,61.47857142857143,-392.802464445111,B_C,,,,,,,,,,,
P16422_and_Q13224,0.3052130709248867,0.28427903913326147,0.21245520713038835,24.763524590163918,59.61776470588238,-3663.222579702997,B_C,,,,,,,,,,,
P16422_and_Q695T7,0.3615576378553445,0.2837960226728864,0.12754416601102003,21.25666089965399,57.16546012269939,-5126.265792628568,B_C,,,,,,,,,,,
P16422_and_P55001,0.3416305538065059,0.2837681415535181,0.13659656709595194,20.974104234527687,50.78642384105961,-1369.2189104235022,B_C,,,,,,,,,,,
P16422_and_Q86VW2,0.31833571130086047,0.2834126535408879,0.23707673393980253,21.843839999999993,63.803850267379666,-15108.486872741685,B_C,,,,,,,,,,,
P16422_and_O75594,0.35101597789790073,0.2834025974411907,0.12307425665945128,17.92291666666668,75.08045871559632,-960.8650667495942,B_C,,,,,,,,,,,
P16422_and_P16860,0.3575173946018661,0.2832328473246988,0.16406982924050934,13.664701130856242,40.40945205479453,-421.52910536676427,B_C,,,,,,,,,,,
P16422_and_Q9UBN1,0.32700131211229577,0.28317856855197643,0.1461682492151426,17.768721461187212,60.3557142857143,-1550.0696198926526,B_C,,,,,,,,,,,
P16422_and_Q969G9,0.31198956950434575,0.2831640992781576,0.09058627243392499,17.892307692307664,49.51236966824646,-1170.8453833246895,B_C,,,,,,,,,,,
P16422_and_O95721,0.33243941516568304,0.28310465879245794,0.06517611041355799,18.590714285714284,50.270368098159516,-1297.8428330872193,B_C,,,,,,,,,,,
P16422_and_O15072,0.2959057028302809,0.2830187114192723,0.12036754148038327,24.19993548387096,49.71520179372197,-6347.713678720582,B_C,,,,,,,,,,,
P16422_and_Q76LX8,0.3075973818458201,0.2829947307096338,0.15537241730239787,23.882258064516137,61.952571428571474,-10546.003324496862,B_C,,,,,,,,,,,
P16422_and_Q9H3U7,0.31336243074251235,0.28295912518543825,0.26122385795491915,21.209066121336072,49.946713780918714,-2498.3198531920643,B_C,,,,,,,,,,,
P16422_and_P0C7M3,0.3699764865774927,0.28254787985479346,0.07081350404698866,15.341946902654879,40.53478571428571,-596.9028170352867,B_C,,,,,,,,,,,
P16422_and_Q6UWV6,0.35457726254474703,0.28251732687629977,0.20101192656767605,19.715606936416194,58.69913580246915,-5146.983387027529,B_C,,,,,,,,,,,
P16422_and_Q7Z4W2,0.35539139022605326,0.28249235210189366,0.16934673893657995,18.880708661417323,66.896275862069,-951.9185360444841,B_C,,,,,,,,,,,
P16422_and_P51795,0.3583610460524923,0.2823557250762352,0.18388464271916902,24.521763754045313,64.81088541666666,-4203.0875265336645,B_C,,,,,,,,,,,
P16422_and_Q8N370,0.34714354079450116,0.28216880798897953,0.17787907560058414,21.969237749546267,59.76748466257669,-3269.3637024070076,B_C,,,,,,,,,,,
P16422_and_Q5VW38,0.33327200063061024,0.2821121610399783,0.0828818594000986,22.182818930041158,58.536226415094305,-2442.7624952081533,B_C,,,,,,,,,,,
P16422_and_O60391,0.3047005791313875,0.2819585348093547,0.1114412718468471,24.554159132007204,55.53732954545451,-10545.293742275526,B_C,,,,,,,,,,,
P16422_and_Q29980,0.31702772378976063,0.2819552747185308,0.4621533481434246,23.8183962264151,50.438385650224205,-3352.070974340879,B_C,,,,,,,,,,,
P16422_and_Q01726,0.33399465090316904,0.28192492234625616,0.13408525276811464,20.28787037037036,58.16211180124225,-1661.3768173866154,B_C,,,,,,,,,,,
P16422_and_Q9Y264,0.30827217283805936,0.2817124981039655,0.16121485840127528,22.77330960854093,66.54677631578946,-1751.768399779392,B_C,,,,,,,,,,,
P16422_and_Q2M3M2,0.36040805121521824,0.2816079295747423,0.24605201138777638,19.795007342143915,62.071847826086945,-6099.251681937716,B_C,,,,,,,,,,,
P16422_and_Q8NGM9,0.34638193274153944,0.2815720813832894,0.11538104054537028,17.75866261398173,69.41769230769226,-1142.735066173213,B_C,,,,,,,,,,,
P16422_and_Q9HBB8,0.2994722360467038,0.28151534274904433,0.09178703641534271,22.774532224532233,51.223087248322166,-2568.4824738382085,B_C,,,,,,,,,,,
P16422_and_O75830,0.34506030711180835,0.2814371295095432,0.24891304432047046,22.396323529411735,68.83502857142857,-2288.0181513691987,B_C,,,,,,,,,,,
P16422_and_P07949,0.3194871484388613,0.2813893431481228,0.10452958013425911,25.792628205128217,59.90237885462557,-6491.502180872034,B_C,,,,,,,,,,,
P16422_and_Q9BYW1,0.357070548789056,0.2812854420924009,0.26937766459568363,22.393910256410223,65.50533018867921,-1719.0778406039717,B_C,,,,,,,,,,,
P16422_and_Q13651,0.29770736567871164,0.28123363832866277,0.10886255821941082,23.228556910569083,53.133178807947026,-3667.1701356208796,B_C,,,,,,,,,,,
P16422_and_P28827,0.31375746098822044,0.2811525010133652,0.08234442093813062,26.42357357357356,66.96774647887322,-2491.202405899312,B_C,,,,,,,,,,,
P16422_and_Q9UMX0,0.3030725296216161,0.281036421029245,0.10715803113807992,18.522674418604645,55.60011173184357,-1167.335588078713,B_C,,,,,,,,,,,
P16422_and_Q15846,0.30936233707833183,0.28099455461592143,0.0902411048119023,19.620415472779364,54.262090395480236,-695.7581940208402,B_C,,,,,,,,,,,
P16422_and_C9J798,0.3616380903834213,0.2809684529538148,0.24805511088689228,24.91422155688621,53.60827102803739,-4028.7864615642475,B_C,,,,,,,,,,,
P16422_and_Q99470,0.34553701016067434,0.28095736833713836,0.29254712647097797,18.85560747663551,73.74972027972031,-1352.5085149641227,B_C,,,,,,,,,,,
P16422_and_O15034,0.2928223537610747,0.2809159380598674,0.0888218045957782,25.29674329501917,51.58534031413612,-1853.0324654377473,B_C,,,,,,,,,,,
P16422_and_Q9BQS7,0.37840704218590715,0.28090111066557955,0.3488558590666828,24.668137254901943,75.06500000000003,-4539.671908403821,B_C,,,,,,,,,,,
P16422_and_K9M1U5,0.3495342657920294,0.28083181662695506,0.3762047704271531,19.027724358974364,57.62301980198026,-1147.9073376689175,B_C,,,,,,,,,,,
P16422_and_P25105,0.33845326803864945,0.2808223275490255,0.05925199079315656,19.76042253521126,48.09319327731092,-4636.091481934895,B_C,,,,,,,,,,,
P16422_and_Q6UWI2,0.3178638971747737,0.2807663887746312,0.08388873694549594,16.055416666666662,24.059166666666666,-607.7425355944761,B_C,,,,,,,,,,,
P16422_and_Q9HBM0,0.3062341674457466,0.28072475228253035,0.19920590702614893,22.119908814589643,61.03121693121692,-1991.256779524534,B_C,,,,,,,,,,,
P16422_and_Q16674,0.358482134819488,0.28070210256667805,0.1383024255372465,16.55262467191602,64.7625,-838.9987217711503,B_C,,,,,,,,,,,
P16422_and_Q9Y5F7,0.2994535897097759,0.28070182623028406,0.022720361553818586,18.178244274809174,27.22931034482759,-2191.6796290904385,B_C,,,,,,,,,,,
P16422_and_P25100,0.31417666249135756,0.2806769063164651,0.21282564659912415,22.423399790136475,55.909845360824754,-2076.179733003919,B_C,,,,,,,,,,,
P16422_and_P06315,0.3626950925138347,0.2806489348815394,0.11563672444638139,16.596005154639165,55.113442622950814,-1016.7731116522629,B_C,,,,,,,,,,,
P16422_and_P07711,0.3481392221989335,0.28063476226125794,0.4130892057533644,21.677786752827107,58.98326424870468,-1717.8639054265905,B_C,,,,,,,,,,,
P16422_and_P04430,0.3614110449580491,0.2805593961084653,0.15312495996623163,15.70391791044779,66.30934911242609,-1085.2842459803292,B_C,,,,,,,,,,,
P16422_and_Q8N146,0.345773173186802,0.28053452362771225,0.1822428338049096,19.92620232172471,60.181588235294136,-754.9050646804371,B_C,,,,,,,,,,,
P16422_and_P21246,0.3459134509992071,0.2805116219591843,0.12301536501984027,13.801445783132527,56.408951612903216,-909.8224922871786,B_C,,,,,,,,,,,
P16422_and_Q9Y4C2,0.3788550607064066,0.2804300479536587,0.28407461093180797,25.352193645990916,51.84886792452834,-11514.801629628144,B_C,,,,,,,,,,,
P16422_and_Q96P31,0.31187711702565457,0.28039346332465265,0.362350184910178,22.64371002132197,50.93194174757284,-1100.0154834571858,B_C,,,,,,,,,,,
P16422_and_Q8N2Q7,0.34321974240311637,0.28030616985938084,0.10841858703493089,23.655512422360243,56.54371287128713,-30070.531190592326,B_C,,,,,,,,,,,
P16422_and_P58400,0.3103662197450307,0.28024788218169716,0.1410525741736506,20.43761589403976,61.013841807909586,-4584.088085711759,B_C,,,,,,,,,,,
P16422_and_E2RYF7,0.3246228886246576,0.2802147727251515,0.0772548987839902,16.15202156334232,23.130000000000003,-3282.759537269263,B_C,,,,,,,,,,,
P16422_and_Q9BVT8,0.3305459902911529,0.2801840527498507,0.11648725077795093,16.683381088825215,54.551981981981996,-1358.3113730574378,B_C,,,,,,,,,,,
P16422_and_P0DMU2,0.3455307879022004,0.2800910521398419,0.14201088127398925,17.34209621993129,64.48361904761907,-1324.13639083124,B_C,,,,,,,,,,,
P16422_and_P05106,0.33026208212564373,0.2800060963712011,0.14771220680874456,22.528426395939082,59.157421875000004,-3722.133429297699,B_C,,,,,,,,,,,
P16422_and_Q96QD8,0.34315933821236994,0.2797723718426104,0.15024678698361918,22.068276374442803,47.14703517587939,-1537.6164449853359,B_C,,,,,,,,,,,
P16422_and_A0A0B4J276,0.362983511662344,0.2797054090374507,0.10209600863291411,17.99929435483871,55.62043165467627,-1580.9916510192406,B_C,,,,,,,,,,,
P16422_and_O75387,0.34702732637883504,0.27940983108575745,0.11658874378554424,22.160040160642588,52.44540669856463,-2524.459899460757,B_C,,,,,,,,,,,
P16422_and_Q70E73,0.2871609575270055,0.2793316770198758,0.2508838634531828,24.348822143698463,63.3603738317757,-2092.3111604477162,B_C,,,,,,,,,,,
P16422_and_A0A0B4J272,0.36080775196784887,0.2793232845387633,0.13938678068883575,16.502351485148534,50.679105691056904,-857.2554434833196,B_C,,,,,,,,,,,
P16422_and_P01019,0.35808362726556664,0.27919385753465065,0.12432922859383443,17.953464566929128,61.25235602094242,-1286.2129278910943,B_C,,,,,,,,,,,
P16422_and_Q16478,0.31499092653016375,0.2788937672364833,0.1010913194301446,24.322795698924697,61.17734693877552,-19324.8116906612,B_C,,,,,,,,,,,
P16422_and_Q9GZV3,0.35297670693297356,0.2788432408470796,0.1114333987994668,21.570244821092285,63.38999999999999,-2774.29668217517,B_C,,,,,,,,,,,
P16422_and_Q9Y250,0.29477902306179915,0.2787500701667931,0.05754737439672704,22.78618739903069,49.97461077844311,-1666.4977049996087,B_C,,,,,,,,,,,
P16422_and_P35346,0.3245606064177466,0.27873343462127204,0.21908272085182706,22.25370370370372,62.059171270718224,-1091.636376383045,B_C,,,,,,,,,,,
P16422_and_A0A0A6YYK6,0.3617404738056458,0.278717505181732,0.06528175157035837,17.644197530864183,54.23777777777778,-2706.964144628229,B_C,,,,,,,,,,,
P16422_and_P52797,0.3333742682827503,0.2786700362763244,0.09193616769115182,14.8829181494662,69.26705357142856,-2141.4968847600367,B_C,,,,,,,,,,,
P16422_and_P17081,0.34280282420893576,0.27852982702873696,0.1817192778210672,18.09263157894738,59.752905027932925,-504.79497644483763,B_C,,,,,,,,,,,
P16422_and_Q9ULC3,0.33772495774017985,0.2784447860134743,0.1338162525267946,18.325096525096544,58.09019607843138,-1401.6040103895546,B_C,,,,,,,,,,,
P16422_and_Q6UX68,0.3122181808919935,0.2783920341171739,0.21820016777787057,23.77705696202531,53.32265217391305,-2847.3691873600073,B_C,,,,,,,,,,,
P16422_and_A0A0B4J262,0.360481963592969,0.2783481640643256,0.0883415657738107,18.289068825910903,58.235511811023585,-583.2214608570366,B_C,,,,,,,,,,,
P16422_and_P01601,0.3596613724421259,0.2782388142048392,0.13285839978764774,17.088636363636354,65.395,-2377.9879729728805,B_C,,,,,,,,,,,
P16422_and_Q9HC56,0.2917728713156196,0.2781552206148129,0.14412842412182483,24.277586206896533,32.88037974683544,-2674.402634816335,B_C,,,,,,,,,,,
P16422_and_Q9HBX8,0.34090209798272053,0.27812469176845567,0.29981260494836437,24.55706618962432,53.4497435897436,-4843.678503434004,B_C,,,,,,,,,,,
P16422_and_P48764,0.317384187899286,0.2781244987306857,0.09305898638058904,21.74647540983606,50.0018947368421,-3028.666888817992,B_C,,,,,,,,,,,
P16422_and_Q14833,0.3291315172238391,0.2780725260665956,0.3670676199951728,23.61424167694206,65.48251207729471,-6734.139599797988,B_C,,,,,,,,,,,
P16422_and_O75056,0.30235494167235927,0.2780375279186562,0.0378801912340753,22.205395683453222,41.58008928571429,-1521.6706643075813,B_C,,,,,,,,,,,
P16422_and_Q92626,0.332197390788895,0.27803388994177347,0.3229505446415245,28.992218350754953,67.47268907563027,-5506.849026132371,B_C,,,,,,,,,,,
P16422_and_P23528,0.3492575166338565,0.27801638830977626,0.21266456509710321,16.675570776255725,54.05448275862069,-1656.3527404213905,B_C,,,,,,,,,,,
P16422_and_P01036,0.3546169015454421,0.2779343890502818,0.14193791410860912,16.99237472766885,68.11000000000004,-1298.2184179910041,B_C,,,,,,,,,,,
P16422_and_Q7Z6A9,0.3165658152649118,0.2779304468196706,0.20273837664090708,22.983230958231015,59.13152284263959,-1478.5875457795973,B_C,,,,,,,,,,,
P16422_and_Q96C24,0.29268651408204205,0.277858311283535,0.25527338112038667,24.05715440582053,51.56766550522646,-2090.208771819176,B_C,,,,,,,,,,,
P16422_and_P62937,0.35074999721734557,0.27784742485515457,0.18195459175609743,16.317514124293776,70.99165217391302,-3488.8973697459055,B_C,,,,,,,,,,,
P16422_and_O00206,0.3417529394478009,0.2777780716092617,0.3120798944889708,25.659005628517786,48.870555555555555,-6715.775324228897,B_C,,,,,,,,,,,
P16422_and_Q8NBJ9,0.35801040884403446,0.27774414289672567,0.0966898553447605,19.941192660550445,60.25728813559323,-1978.5624392626005,B_C,,,,,,,,,,,
P16422_and_Q9UNQ0,0.3507999445623464,0.2777268044104766,0.10886913759443939,20.528705882352952,61.74599999999997,-3031.91655614573,B_C,,,,,,,,,,,
P16422_and_B1AL88,0.31012669610492943,0.2776969730862433,0.1355492235783686,17.853950103950094,56.51527522935778,-2154.679642375606,B_C,,,,,,,,,,,
P16422_and_Q9BTW9,0.3671472488154677,0.2776780502740541,0.2959674291950204,26.680385852090033,41.91243781094526,-6130.44565278966,B_C,,,,,,,,,,,
P16422_and_Q2MJR0,0.31208561070998997,0.2776009330703764,0.21401774326588918,20.994279475982573,59.86557195571955,-1211.4379477488183,B_C,,,,,,,,,,,
P16422_and_P29371,0.32402521640802384,0.27753406466369723,0.10925588228725226,16.921529411764713,58.896496815286646,-1734.7080543629882,B_C,,,,,,,,,,,
P16422_and_Q86TH1,0.28427824927486856,0.27746748387405906,0.21290797856825452,22.828384279476,55.54088888888889,-2289.0158046210126,B_C,,,,,,,,,,,
P16422_and_P01567,0.3459411982564723,0.277419511825148,0.12350687735018887,17.889182058047485,65.14911290322578,-1427.1688408744901,B_C,,,,,,,,,,,
P16422_and_Q86T26,0.34322585690595786,0.2773391645370868,0.2953139146382634,22.059680000000032,64.0154761904762,-7111.247087558684,B_C,,,,,,,,,,,
P16422_and_O15146,0.29753415391794524,0.2772730234126122,0.2583608461497348,23.071234939759034,63.96456852791879,-2300.5802800093115,B_C,,,,,,,,,,,
P16422_and_P01189,0.32858053862841485,0.27704964423069245,0.07673813157555412,15.803164556962018,45.9470588235294,-824.5950364665332,B_C,,,,,,,,,,,
P16422_and_Q8IUB3,0.3697363837502627,0.2770354108990228,0.09832584007299244,15.557868525896414,41.83338461538461,-498.0803543949637,B_C,,,,,,,,,,,
P16422_and_Q9NYV7,0.33843442133650276,0.27702906775906116,0.10706592407279805,20.22652439024393,59.799935897435866,-3537.6427432137702,B_C,,,,,,,,,,,
P16422_and_Q9BQR3,0.3282746248201546,0.2770182519541782,0.18570122357533803,18.716309523809517,52.814014084507036,-1742.1859991928509,B_C,,,,,,,,,,,
P16422_and_Q9NVL8,0.32135906363247535,0.27695876013974857,0.06567587644451509,16.36725978647687,51.54788079470202,-839.9055231390666,B_C,,,,,,,,,,,
P16422_and_Q8NFZ4,0.3413212761275269,0.2769468476465753,0.12271159336315621,22.573422562141506,66.4279411764706,-13186.139625778538,B_C,,,,,,,,,,,
P16422_and_Q6ZWE6,0.28871472312880603,0.27690631611867944,0.25095383868178506,23.58778751369112,66.68475982532752,-4224.7244132954,B_C,,,,,,,,,,,
P16422_and_P07996,0.3219465554280964,0.2768272719855043,0.20395649478613628,24.85024311183147,64.04289017341041,-10740.820196404104,B_C,,,,,,,,,,,
P16422_and_P10721,0.3007050298751156,0.27681151049776476,0.2211552850784954,24.228169014084546,58.54290780141841,-1804.0597080154184,B_C,,,,,,,,,,,
P16422_and_Q9Y6C2,0.2822928339338075,0.27679356481998457,0.09052520282933725,22.41772793053547,57.095235294117614,-1768.452441291418,B_C,,,,,,,,,,,
P16422_and_A6NKQ9,0.33959466721047105,0.276777313318027,0.13185380684497855,17.60505617977526,57.76797687861275,-2799.4085262347644,B_C,,,,,,,,,,,
P16422_and_Q16625,0.29773666700804946,0.2766559202694658,0.1461967567547999,23.256645056726136,51.16797927461136,-2076.6326967870264,B_C,,,,,,,,,,,
P16422_and_Q8N690,0.366174681326369,0.27649596365691054,0.11833454454805692,14.296035805626595,42.28508620689655,-986.5307772151755,B_C,,,,,,,,,,,
P16422_and_P10145,0.36258374814897004,0.2764327804645638,0.13558389185671166,14.059531249999996,59.692673267326725,-871.2675657705857,B_C,,,,,,,,,,,
P16422_and_Q9NZH6,0.33890274000869963,0.2763959036887254,0.08924298871745882,16.299529411764706,56.2281560283688,-937.2009193345543,B_C,,,,,,,,,,,
P16422_and_P61020,0.3411614241086123,0.276394617821901,0.18229312862826982,16.21056338028168,54.56656716417909,-823.3828981127813,B_C,,,,,,,,,,,
P16422_and_Q9NRM0,0.3503792554874125,0.27621467816772016,0.17303316552292905,22.32121951219513,66.67384615384614,-3385.7720165371134,B_C,,,,,,,,,,,
P16422_and_O43520,0.35673077048745283,0.2761880782403392,0.1057016289860132,25.170841300191192,58.55343949044583,-4516.17581964328,B_C,,,,,,,,,,,
P16422_and_Q8NGS9,0.33670864931378847,0.2761725558485043,0.11723306814039339,20.68554327808471,61.85460526315788,-1494.8079526815231,B_C,,,,,,,,,,,
P16422_and_P10909,0.31047612618489295,0.2761381369986001,0.11855707795419039,19.948983739837374,54.99056451612903,-1602.924072792248,B_C,,,,,,,,,,,
P16422_and_Q7Z304,0.34079400660212655,0.27613241421380136,0.20101663820069474,22.170782726045896,55.73911894273128,-3423.0597712915032,B_C,,,,,,,,,,,
P16422_and_P0DTU3,0.3249562414330553,0.276122650197142,0.25141026161528723,21.310179153094463,67.02006451612903,-1531.4461074797814,B_C,,,,,,,,,,,
P16422_and_Q00889,0.3060840683654452,0.27608997607617325,0.10977900947023392,22.419912472647713,65.40813333333332,-1631.6286839683435,B_C,,,,,,,,,,,
P16422_and_Q6GPH6,0.3320202869490926,0.27604622552800945,0.15318619633155175,19.993508287292823,67.33863636363638,-3843.5916110048706,B_C,,,,,,,,,,,
P16422_and_Q05996,0.29002967454515005,0.27598961398465977,0.18313178571411767,21.84485815602836,57.543375527426164,-2879.684820593822,B_C,,,,,,,,,,,
P16422_and_Q8NB49,0.354927752472158,0.27592158575040937,0.0929851943470065,25.018192771084337,56.97471830985912,-5299.985577416122,B_C,,,,,,,,,,,
P16422_and_P20916,0.31708542467816164,0.27586629788582906,0.1773158520920591,21.020854700854706,59.73603773584906,-4602.044960955717,B_C,,,,,,,,,,,
P16422_and_A0A0K0K1G8,0.3580902138901416,0.27582572202082484,0.08650554579653913,17.844392523364498,61.885289855072436,-996.930372762064,B_C,,,,,,,,,,,
P16422_and_Q9NR80,0.29799767538664557,0.2757230730967436,0.29449711416915153,25.617206863679712,65.09349650349655,-2117.962703375313,B_C,,,,,,,,,,,
P16422_and_P05013,0.3443758633963798,0.27570559753114715,0.07411921430926446,17.731024930747935,64.200737704918,-1783.6315488098708,B_C,,,,,,,,,,,
P16422_and_A2RUU4,0.3563895883111465,0.27560331473112176,0.13211687859005544,16.70722120658136,63.02094339622645,-990.991873745777,B_C,,,,,,,,,,,
P16422_and_Q15849,0.3452260917466409,0.2755994058969991,0.08944286838699216,25.15223097112861,64.10984848484848,-5550.13441688738,B_C,,,,,,,,,,,
P16422_and_P0DTE2,0.358318604696315,0.27557645372917655,0.06483102506956914,17.283333333333335,55.68285714285714,-923.6406528318912,B_C,,,,,,,,,,,
P16422_and_P49862,0.3287540339046967,0.27550218669941273,0.17682468731855808,17.722199170124487,52.8468309859155,-1313.52122523031,B_C,,,,,,,,,,,
P16422_and_P08697,0.3379353694413123,0.2754412154160719,0.20718108510330327,18.75977891156465,60.156490066225146,-771.7995176154791,B_C,,,,,,,,,,,
P16422_and_P29973,0.3045362428956649,0.27536363910884937,0.1426287158900893,23.77927509293682,59.90513661202186,-2485.113973287168,B_C,,,,,,,,,,,
P16422_and_Q9BYF1,0.35322089027932246,0.27533761971100446,0.2694699542957643,23.039808558558562,53.17464114832539,-5233.255079896593,B_C,,,,,,,,,,,
P16422_and_Q9UKP5,0.3160160441439766,0.2752817734839047,0.07016613230213868,25.900375939849607,56.359518716577554,-3649.38849290245,B_C,,,,,,,,,,,
P16422_and_Q9UBC2,0.28393615443771925,0.27524211736844145,0.11832820712063623,22.47619542619542,52.12904761904763,-7241.276611361289,B_C,,,,,,,,,,,
P16422_and_P59768,0.3699659837177863,0.27522430292218925,0.09168415449135298,17.294816053511738,41.93624113475177,-993.1121490485748,B_C,,,,,,,,,,,
P16422_and_Q96S37,0.34865984166884845,0.2751561108216363,0.11115404721755086,23.32023988005997,63.009301075268795,-2724.3939650390403,B_C,,,,,,,,,,,
P16422_and_Q8IU99,0.3080435605414711,0.2751051061788484,0.23927628253778785,22.92258566978188,56.31757575757575,-2568.185908660478,B_C,,,,,,,,,,,
P16422_and_Q7L591,0.30006383328835207,0.2750221657614715,0.172126052343378,22.714056939501752,57.22871508379889,-1325.3995538808667,B_C,,,,,,,,,,,
P16422_and_Q8WUX1,0.3429490851668011,0.2748920175418087,0.20063136365120549,21.451136363636326,49.6115384615385,-1932.9035247101783,B_C,,,,,,,,,,,
P16422_and_Q12836,0.303045345488043,0.27479532519990174,0.20230042488184138,23.2164695945946,42.06366101694914,-2576.999958542001,B_C,,,,,,,,,,,
P16422_and_Q6UXM1,0.322540970099818,0.2747915669669537,0.058485225781707256,25.160837438423655,60.35285714285714,-2987.7025331772893,B_C,,,,,,,,,,,
P16422_and_Q05901,0.33076350139508465,0.27468486085999977,0.13092103576874775,18.82753759398497,57.241028571428586,-1807.9738296997584,B_C,,,,,,,,,,,
P16422_and_Q8IXE1,0.339344119640989,0.27466899567988246,0.13602805519745859,17.885918003565074,59.83880503144658,-1908.1311359677704,B_C,,,,,,,,,,,
P16422_and_P09172,0.3554382084826506,0.27466145125891533,0.29644957734704047,20.898435374149656,45.237004830917826,-2424.8852883126992,B_C,,,,,,,,,,,
P16422_and_Q02643,0.3214933475752212,0.2746487249283558,0.27916686093184695,20.489528795811527,54.31637837837844,-1845.6920678865754,B_C,,,,,,,,,,,
P16422_and_P14384,0.35153416985234565,0.2745829192453998,0.23097129355363125,22.358598130841163,62.70826923076918,-4474.196581948128,B_C,,,,,,,,,,,
P16422_and_Q6GTS8,0.34326831414481057,0.27454175681958004,0.2776152312983322,20.96879432624114,69.10000000000001,-1693.6363577782126,B_C,,,,,,,,,,,
P16422_and_Q8TAG6,0.33305564860792974,0.27454041115851924,0.08993109008309215,14.54077901430843,40.04902097902098,-1193.9173021153401,B_C,,,,,,,,,,,
P16422_and_Q9NZH8,0.3454802931449916,0.2745278992322707,0.13785023354534495,16.531652360514993,52.13174242424245,-1340.6270669086914,B_C,,,,,,,,,,,
P16422_and_Q8NGD0,0.33796221512454694,0.27452667382727525,0.15753183454535524,17.69692556634304,58.5833888888889,-2281.5175325202504,B_C,,,,,,,,,,,
P16422_and_Q8TDM5,0.35358222484582263,0.27451597805701594,0.14859703667284363,16.063086419753105,70.75511450381677,-1075.4071063321744,B_C,,,,,,,,,,,
P16422_and_A0A0B4J1Z2,0.352415246120129,0.27450117988665196,0.19664878265827204,19.276936936936924,68.55543209876544,-3856.8420823266774,B_C,,,,,,,,,,,
P16422_and_P01782,0.35584456570311873,0.2744637445266735,0.24956715682948,16.350414364640876,71.99239583333333,-943.8473908313517,B_C,,,,,,,,,,,
P16422_and_P08603,0.28541093039532994,0.2744567588720325,0.22711614723153745,26.46666666666667,68.49487804878045,-1862.0753538162935,B_C,,,,,,,,,,,
P16422_and_Q4KMG0,0.29346858408670823,0.2744273819100656,0.15457009256449863,24.82361538461538,50.39727272727272,-4978.886374108828,B_C,,,,,,,,,,,
P16422_and_O75298,0.2931525867561492,0.2744077270937266,0.06916453992158014,17.000391644908614,24.320833333333333,-969.8200246361084,B_C,,,,,,,,,,,
P16422_and_Q8N271,0.3302268899659738,0.2741148952620116,0.10303201134790456,20.706834532374113,46.331438848920854,-3631.792171078617,B_C,,,,,,,,,,,
P16422_and_Q3MIW9,0.29606900032950567,0.2740128779101047,0.055295333327567156,14.619031141868524,23.581634615384612,-994.6217325805337,B_C,,,,,,,,,,,
P16422_and_Q7Z444,0.33221845314561055,0.2739246892668104,0.07239393656949895,18.032222222222217,59.06765822784813,-653.836558636649,B_C,,,,,,,,,,,
P16422_and_Q9H3T3,0.33167017867688836,0.2739055470627315,0.2812038748538579,24.454458598726145,63.45035175879396,-2533.352900018348,B_C,,,,,,,,,,,
P16422_and_Q3MJ16,0.3583766107893015,0.2738283591093256,0.07093432174822246,24.338705035971206,48.91661971830986,-5799.006532953164,B_C,,,,,,,,,,,
P16422_and_P54793,0.36265003945264085,0.27382760499973413,0.20303888206917528,19.189046653144043,71.0985135135135,-3526.1429471061756,B_C,,,,,,,,,,,
P16422_and_Q86VL8,0.339201405092185,0.27373788122896175,0.27917725516027286,23.440096153846135,60.60771186440675,-6372.953673467011,B_C,,,,,,,,,,,
P16422_and_P60893,0.32786662103016023,0.2736861961819128,0.09394542558019627,18.54389920424403,44.6825581395349,-1625.783183385447,B_C,,,,,,,,,,,
P16422_and_P13796,0.34478493822324996,0.2736012859788062,0.36196244409925593,22.247156862745058,66.0826937269373,-4784.611755939902,B_C,,,,,,,,,,,
P16422_and_Q96P48,0.2901283974323614,0.2735958839384234,0.19647985561655906,25.450836820083683,45.21580645161288,-2215.4287182674598,B_C,,,,,,,,,,,
P16422_and_P25089,0.3343121929704104,0.2734654552444249,0.20892226551430704,21.40828690807801,65.64295081967217,-1907.0893883518997,B_C,,,,,,,,,,,
P16422_and_Q9BXP2,0.3324246820021931,0.2734601192740667,0.03449236648890036,23.973529411764712,30.248611111111106,-2729.864463806065,B_C,,,,,,,,,,,
P16422_and_P42261,0.3052916386678922,0.2734436927758277,0.14501159886060563,23.899218749999996,64.5125625,-7858.28899977939,B_C,,,,,,,,,,,
P16422_and_Q96DR5,0.3311294516781076,0.27344026243000097,0.08222323394447044,18.90733788395901,54.84167630057805,-1684.2028890243355,B_C,,,,,,,,,,,
P16422_and_P19021,0.2969961158801852,0.2733764495002669,0.2078291274987833,25.314578313252994,59.07949806949808,-3190.7615087054837,B_C,,,,,,,,,,,
P16422_and_Q8IZD6,0.34112448889370756,0.27333078156673773,0.11614588139953035,21.44283121597096,57.20420382165602,-2980.621167291048,B_C,,,,,,,,,,,
P16422_and_P01737,0.3566581012652177,0.27331353246856877,0.0999390074634234,19.965245901639356,55.117753623188406,-1407.1531606140616,B_C,,,,,,,,,,,
P16422_and_Q86VH4,0.3180700077839709,0.2733120268852124,0.13973802118306322,23.10990338164252,53.692781456953625,-7038.589292038204,B_C,,,,,,,,,,,
P16422_and_Q8NH00,0.334574476809963,0.27330060018836655,0.12517510468234666,18.163037634408603,65.99919354838707,-3473.8366307727833,B_C,,,,,,,,,,,
P16422_and_P51790,0.35480190451041915,0.27329124164338675,0.07403485045393789,25.013113006396583,58.61793939393941,-9479.20165520069,B_C,,,,,,,,,,,
P16422_and_P21754,0.3096111283492231,0.2732757284262337,0.13115585298869603,19.918608169440223,62.16366492146598,-1066.2627394756892,B_C,,,,,,,,,,,
P16422_and_P06703,0.3604326675289464,0.2730475912188095,0.08013483891503481,16.619072164948452,59.13255555555557,-796.6089819958088,B_C,,,,,,,,,,,
P16422_and_P00450,0.3797114613633741,0.2730075230416672,0.16250049191593322,25.80061082024432,59.50914438502675,-24171.950164268543,B_C,,,,,,,,,,,
P16422_and_O00634,0.32003789979564085,0.2730001625453633,0.1804940675479741,21.66829745596871,68.0423134328358,-14002.399893941809,B_C,,,,,,,,,,,
P16422_and_O43869,0.33787334981774186,0.2728868276999551,0.11890133576275913,18.87074742268038,66.76395522388057,-4200.6034709193345,B_C,,,,,,,,,,,
P16422_and_P0C8F1,0.359654611792651,0.27285334978281406,0.17107579456896313,16.593012048192776,56.969207920792094,-1389.4806509790653,B_C,,,,,,,,,,,
P16422_and_P18825,0.31505922524196966,0.27265494808290025,0.4064376537129799,23.576937799043034,58.51321428571426,-2265.4955793255594,B_C,,,,,,,,,,,
P16422_and_A0A0B4J280,0.3577607241813108,0.27254825437595387,0.1286287686636708,16.599305555555542,59.62755395683453,-453.54265106333514,B_C,,,,,,,,,,,
P16422_and_Q8N5G0,0.3688280238443944,0.27249924156139343,0.10244105974622496,16.371755725190837,31.134814814814828,-1441.4132973759786,B_C,,,,,,,,,,,
P16422_and_O00222,0.32323675744050095,0.27249266477022366,0.3780701256508707,23.90943012211669,66.45247422680409,-3556.8295104489084,B_C,,,,,,,,,,,
P16422_and_Q9Y5H5,0.30490672783941575,0.272125616719985,0.11186316902434588,24.80664335664332,60.22135678391958,-2702.0025886838266,B_C,,,,,,,,,,,
P16422_and_Q9P2W3,0.3688441466334504,0.272123359659132,0.08844385365534337,14.02208588957055,33.65558823529412,-701.9024488957257,B_C,,,,,,,,,,,
P16422_and_Q9ULD2,0.2739229657483747,0.27208550513390456,0.3178190428514136,24.433820840950627,30.38965986394559,-1532.6009789813543,B_C,,,,,,,,,,,
P16422_and_Q9HCL0,0.2960960674731135,0.2719804775011365,0.0722158264069814,24.30135135135139,59.12484126984127,-2517.233059266775,B_C,,,,,,,,,,,
P16422_and_Q02818,0.3018430806525767,0.2719493999595421,0.12700387781737896,21.05092081031307,50.07351851851851,-1503.3000532611495,B_C,,,,,,,,,,,
P16422_and_Q86VI4,0.31355208232515536,0.27178706763312876,0.1191200748633433,17.93420195439742,41.175437499999994,-798.3998212222214,B_C,,,,,,,,,,,
P16422_and_Q99755,0.32238103105109805,0.27178471472746135,0.11866642511167946,17.950165562913945,52.89386503067484,-1236.226526383496,B_C,,,,,,,,,,,
P16422_and_Q9UMF0,0.29427764154616315,0.2717458968331027,0.3058292293683665,21.178686868686885,70.18022058823536,-1516.967652284271,B_C,,,,,,,,,,,
P16422_and_Q99469,0.30319164571013735,0.27164108064904346,0.13562278601806327,20.760812672176307,56.33559405940592,-1236.2926510681318,B_C,,,,,,,,,,,
P16422_and_O75116,0.2932546208841861,0.27162711425862734,0.27371502873126646,24.58807947019866,62.51830769230767,-4881.95338524241,B_C,,,,,,,,,,,
P16422_and_Q05469,0.3265675974769482,0.27162225777315435,0.18353824689009435,25.17936979785971,52.18334745762708,-4018.852771821439,B_C,,,,,,,,,,,
P16422_and_Q86YS7,0.34981145846758016,0.27155220113373024,0.19406039313688228,24.169356955380557,65.98901960784312,-18566.386712686613,B_C,,,,,,,,,,,
P16422_and_Q9NQ90,0.34879133981380156,0.27148466679292577,0.3231497507442022,24.334511784511722,67.92281045751629,-4409.689710448452,B_C,,,,,,,,,,,
P16422_and_P58401,0.2908237694772447,0.2714756310243384,0.11459020128398732,20.494039735099356,56.44484276729558,-1986.6904085031783,B_C,,,,,,,,,,,
P16422_and_P35858,0.35385869595239827,0.2714753081863709,0.05302814366814884,23.696311475409857,40.87390243902439,-8838.292897982928,B_C,,,,,,,,,,,
P16422_and_Q9H4A4,0.36365078006988893,0.2714712235441027,0.31928019485809567,22.794992412746605,64.64577889447236,-7549.8430561221785,B_C,,,,,,,,,,,
P16422_and_P50151,0.3676955005373608,0.2713589064706543,0.12404785545580102,15.76382783882782,34.44818897637794,-964.617795763148,B_C,,,,,,,,,,,
P16422_and_Q2Y0W8,0.3316500660974864,0.2712206512208065,0.05140195786947581,22.301456310679598,30.64225,-3374.9831789986365,B_C,,,,,,,,,,,
P16422_and_P01762,0.3527481464892088,0.27121982450515636,0.2057484931435829,16.30766016713091,66.12324324324325,-1235.9356062112768,B_C,,,,,,,,,,,
P16422_and_Q6UWY5,0.3216910545305141,0.271203714203859,0.1740049962445849,22.775000000000027,62.12459302325583,-14551.619735749578,B_C,,,,,,,,,,,
P16422_and_Q12879,0.29862223560275447,0.2711977418553978,0.21149948439427563,24.861149228130394,48.79586666666668,-4346.065148570691,B_C,,,,,,,,,,,
P16422_and_Q8TDU5,0.3364680286861449,0.27117738556245885,0.08435594783037599,17.863796909492276,55.666691176470586,-1621.595957738787,B_C,,,,,,,,,,,
P16422_and_O14638,0.36841254310214006,0.2710904663639912,0.1702757000780032,23.92322274881518,70.03155844155842,-3823.621571950889,B_C,,,,,,,,,,,
P16422_and_Q92854,0.3396111860717489,0.27106878061790163,0.11331542996999101,24.630800000000026,62.94374358974362,-15780.28552166445,B_C,,,,,,,,,,,
P16422_and_Q9H1P3,0.3405298631808485,0.2709852410753246,0.1321640844497579,18.73760129659642,60.61732558139534,-1239.7510932477762,B_C,,,,,,,,,,,
P16422_and_Q9Y2E5,0.3770977075935102,0.2708895617660787,0.2567835561114044,24.271607378129108,60.22449074074072,-13794.347803940347,B_C,,,,,,,,,,,
P16422_and_A0A087WSX0,0.3510868205460605,0.2708813301938111,0.13999394163644951,17.9460817717206,65.82605882352938,-2657.1123663252515,B_C,,,,,,,,,,,
P16422_and_P30825,0.3476956377195135,0.27088084778868304,0.1473113497682092,22.318932655654375,57.28406926406924,-3204.096455247636,B_C,,,,,,,,,,,
P16422_and_Q9UGH3,0.3361069262365643,0.2708479096954911,0.15106427876812895,24.231842966194133,56.01077294685991,-3523.9712020238694,B_C,,,,,,,,,,,
P16422_and_Q8N119,0.341969325676885,0.27075666237334933,0.2735206564490724,22.091171171171162,62.07810344827582,-1749.5384098401737,B_C,,,,,,,,,,,
P16422_and_A0A087X0M5,0.35312101955659303,0.2706262416578358,0.1478545483160742,17.83441666666666,54.11542483660129,-1148.5154878733247,B_C,,,,,,,,,,,
P16422_and_Q7Z4H4,0.341853272414121,0.2705566111440028,0.13071533583979347,12.347841726618697,33.9591743119266,-799.4250920631239,B_C,,,,,,,,,,,
P16422_and_P32418,0.3147207868196718,0.2704772248382956,0.07770223604062766,23.85000000000001,52.683483146067424,-5585.236330299755,B_C,,,,,,,,,,,
P16422_and_P08493,0.3572701069508276,0.2704621300706724,0.12863112730043902,14.904545454545458,48.193706293706306,-1334.5817860196803,B_C,,,,,,,,,,,
P16422_and_O95497,0.3536132202761817,0.27028164605085864,0.15952757550203908,22.144480519480506,76.85525862068967,-6161.072855846668,B_C,,,,,,,,,,,
P16422_and_Q9NPB3,0.3330953948440642,0.2702377955560417,0.08901844060425147,17.2238484398217,58.25666666666665,-1683.016908142923,B_C,,,,,,,,,,,
P16422_and_Q8NH69,0.33748438000602904,0.27023178214737764,0.1227360895763016,18.494101123595495,63.97661157024793,-3364.6460110229095,B_C,,,,,,,,,,,
P16422_and_P04279,0.29849371875853825,0.2701682434728996,0.03731196680111046,17.301224489795928,42.139407407407404,-1589.2811362510183,B_C,,,,,,,,,,,
P16422_and_Q6XE38,0.3628441440693946,0.2701156951430922,0.059949416921092055,14.999839743589723,47.98595744680851,-483.75377170725915,B_C,,,,,,,,,,,
P16422_and_Q6UWL6,0.29308077772451907,0.2701110620524969,0.1699932216492395,25.70912762520194,63.05355029585796,-1108.8644625212837,B_C,,,,,,,,,,,
P16422_and_P47887,0.333942301609594,0.27001691423780133,0.09583623983653174,17.514338235294108,64.75054263565893,-1961.6643538241797,B_C,,,,,,,,,,,
P16422_and_Q8NFN8,0.29076774339113376,0.2700074177647179,0.12797915227619494,23.236592178770916,55.60698795180723,-2150.270457644845,B_C,,,,,,,,,,,
P16422_and_P80303,0.30396016240396695,0.2699994041418984,0.1757100671632348,20.540876565295175,58.095555555555535,-1177.784495941405,B_C,,,,,,,,,,,
P16422_and_Q9BYE9,0.2788803109331516,0.2699631856381173,0.022632709336906497,20.95909090909091,26.21612244897959,-2312.986637700429,B_C,,,,,,,,,,,
P16422_and_Q92633,0.3252665740557862,0.2699072167535254,0.1182648699049229,21.805226480836247,62.790061728395074,-4180.188366442954,B_C,,,,,,,,,,,
P16422_and_O15296,0.36887184793939576,0.26985590078730365,0.09989581095465248,20.31982323232323,65.94046511627909,-2286.376619004991,B_C,,,,,,,,,,,
P16422_and_Q9UHI7,0.3389696251495947,0.26985336734360066,0.21753907915341805,25.713934426229542,64.41380434782612,-6680.869229658162,B_C,,,,,,,,,,,
P16422_and_P25101,0.31910217358734894,0.26980508641140866,0.14673342811165183,20.47640144665463,65.2598113207547,-1063.2711791847478,B_C,,,,,,,,,,,
P16422_and_Q8NGG4,0.33713107397479325,0.2698039316945663,0.14241146137902558,19.95469348659004,60.070909090909055,-4618.418280196585,B_C,,,,,,,,,,,
P16422_and_O00341,0.3235145848618216,0.2697868180188111,0.09134781010380376,21.45551601423488,51.36514285714288,-1989.1770321305576,B_C,,,,,,,,,,,
P16422_and_Q9Y239,0.3417356559887353,0.26975886220891165,0.21540150890326795,25.496916666666674,51.519519230769205,-4364.729462522395,B_C,,,,,,,,,,,
P16422_and_Q14CN2,0.36564711673703604,0.26960964382797403,0.4077036447470015,23.518872549019633,80.05660194174759,-3106.99276466207,B_C,,,,,,,,,,,
P16422_and_Q9ULZ9,0.2984231978641058,0.26959562596081926,0.1697911681618993,20.146131528046464,68.62217687074833,-2776.175260740645,B_C,,,,,,,,,,,
P16422_and_Q9UHN6,0.37445906642745685,0.2694119919318798,0.041864782595813166,27.04115853658537,41.802592592592596,-16179.667216684997,B_C,,,,,,,,,,,
P16422_and_Q15389,0.29777869601921925,0.2694034890337428,0.13875122359748615,21.22855670103094,66.56741721854304,-1809.4811015549676,B_C,,,,,,,,,,,
P16422_and_Q96I34,0.3038124871707648,0.26926812103583403,0.09747501284209563,19.79577259475217,65.52346456692918,-2227.0597292338716,B_C,,,,,,,,,,,
P16422_and_Q0VD83,0.2762171480439192,0.269255789524471,0.05827586655288583,22.45181598062955,47.76514492753625,-1440.5779517304763,B_C,,,,,,,,,,,
P16422_and_Q9Y345,0.33292899487121225,0.26921281673071634,0.2000275331339426,18.12536982248521,45.99350993377483,-1746.5373618297672,B_C,,,,,,,,,,,
P16422_and_O75575,0.343973795549653,0.26911621619720344,0.08615187775610209,17.56600346020759,51.18953020134229,-1525.3811587731034,B_C,,,,,,,,,,,
P16422_and_Q9P2K2,0.29739346207062595,0.26908798022084357,0.35719943096422807,25.14250764525995,55.0859607843137,-6469.285917005836,B_C,,,,,,,,,,,
P16422_and_O95866,0.32657568931516284,0.2690294067733702,0.1767821685751699,17.760493827160516,57.39599999999995,-1217.4928035990743,B_C,,,,,,,,,,,
P16422_and_Q8N436,0.34572856244895345,0.26901927373745865,0.26524008548817685,23.92455012853472,59.17128440366972,-13972.761031157122,B_C,,,,,,,,,,,
P16422_and_A0A0B4J241,0.35397931496292,0.2689905564858822,0.1386744591729351,19.106722689075617,66.46437037037037,-754.9825782799621,B_C,,,,,,,,,,,
P16422_and_Q9NRY4,0.2965741614613447,0.2689765356677803,0.36859261349663774,24.553655352480412,65.52118343195262,-6015.505037937241,B_C,,,,,,,,,,,
P16422_and_P0C0P6,0.3582729720948502,0.26893454591963906,0.10846387093369489,13.525287356321847,37.0010447761194,-247.00434053447498,B_C,,,,,,,,,,,
P16422_and_P00749,0.31158436360398223,0.2689330503455006,0.41492305828030646,21.789619164619175,70.66005263157895,-7790.38307230908,B_C,,,,,,,,,,,
P16422_and_P01225,0.34794397770512286,0.26890269272081874,0.07668482652333412,17.800174216027873,59.09368750000002,-2171.8861521040594,B_C,,,,,,,,,,,
P16422_and_O43155,0.3074283079295079,0.2688416217242626,0.17540818332898295,25.18109161793375,69.93408376963356,-4057.1207154945187,B_C,,,,,,,,,,,
P16422_and_Q9UK08,0.36514084811252584,0.2687767756452788,0.06574106004604417,17.607692307692314,44.41451388888891,-688.3330448330853,B_C,,,,,,,,,,,
P16422_and_P21554,0.3145580485998178,0.26877525749406217,0.073459283741321,20.67848557692304,55.5911188811189,-1397.0280658857982,B_C,,,,,,,,,,,
P16422_and_Q9BTY2,0.34450041918409857,0.26840645840068045,0.2382284382478362,24.147538860103662,54.65204225352112,-3180.9007189093354,B_C,,,,,,,,,,,
P16422_and_Q9BXX0,0.2751245603347477,0.26828498964836506,0.15403608682085768,23.313597972972996,64.61999999999999,-1887.97075117215,B_C,,,,,,,,,,,
P16422_and_Q7Z5L3,0.3168346014854664,0.26826060112719524,0.11289541498525872,19.031271777003475,54.456723163841836,-1016.3315837094196,B_C,,,,,,,,,,,
P16422_and_P0DOY2,0.35334464096098284,0.2680711609603241,0.15175801254530635,18.95455665024632,64.67246031746029,-693.9765528166663,B_C,,,,,,,,,,,
P16422_and_Q8NGZ0,0.3329444356069026,0.2680249540409354,0.14135925348344522,18.35848329048844,66.87387096774194,-2278.6566116804524,B_C,,,,,,,,,,,
P16422_and_Q7RTX1,0.3352691599840734,0.26795548716730433,0.058858899294679995,24.616797900262466,59.08046875000001,-2070.3847912276324,B_C,,,,,,,,,,,
P16422_and_Q14993,0.2737631509056452,0.26790796631748326,0.252123591856803,23.354714142427287,63.602284482758655,-1897.564241859378,B_C,,,,,,,,,,,
P16422_and_Q9Y5E2,0.3122870139035029,0.2678995294893709,0.18856864338048449,21.53409506398535,65.32853333333334,-4417.351726241288,B_C,,,,,,,,,,,
P16422_and_A0A0B4J238,0.35379771015573025,0.26788446656097586,0.1248570434237126,17.97570498915401,60.81382352941176,-2815.5548622392553,B_C,,,,,,,,,,,
P16422_and_Q5J5C9,0.36146163987891333,0.2677762896254459,0.07908958484091538,15.052076677316265,45.32683168316833,-975.5299187184252,B_C,,,,,,,,,,,
P16422_and_Q16099,0.3026205659936443,0.26767853677151887,0.15695474069308055,24.231162324649286,56.843636363636385,-6266.229809763736,B_C,,,,,,,,,,,
P16422_and_Q86YJ6,0.3553656701927117,0.2676771874775303,0.3819890507828125,21.496690140845068,61.60753694581281,-1967.9360897773126,B_C,,,,,,,,,,,
P16422_and_Q96SN7,0.31946306395707436,0.2676456801421131,0.07075577091668846,17.66081794195249,45.33266666666666,-2042.9734637295196,B_C,,,,,,,,,,,
P16422_and_Q9UBX5,0.298018585052825,0.2675849812744061,0.47789699163333815,19.42399999999999,72.97225,-1725.7390250991366,B_C,,,,,,,,,,,
P16422_and_Q8WTQ1,0.36153542837120534,0.267429494054891,0.06875434251468601,13.550940438871468,46.65476190476191,-691.7684556368836,B_C,,,,,,,,,,,
P16422_and_Q99218,0.3268433486040876,0.2674184080934067,0.1128037814506312,15.045454545454538,36.050447761194015,-378.9469981203292,B_C,,,,,,,,,,,
P16422_and_Q6UXZ4,0.2949315846194461,0.2673396605980169,0.3465034785564499,24.951607717041796,62.27275510204078,-2304.891531924877,B_C,,,,,,,,,,,
P16422_and_Q9Y694,0.34548470496897876,0.26731784338920356,0.16639729439246795,19.598082822085892,54.97017341040461,-2107.697285799912,B_C,,,,,,,,,,,
P16422_and_Q6P1J6,0.31222124924688066,0.2672970941379924,0.3150719926135371,26.6756876227898,57.946133333333385,-11345.171436830284,B_C,,,,,,,,,,,
P16422_and_P04180,0.33685152617737957,0.2672857999198586,0.10659086142323498,20.12278911564625,58.344678362573084,-1227.878348012503,B_C,,,,,,,,,,,
P16422_and_A0A0B4J266,0.35210650842728,0.26715416432234806,0.1940124052817801,19.351076320939335,64.53027210884353,-625.9327783054628,B_C,,,,,,,,,,,
P16422_and_O43699,0.3108472078769776,0.2671136726045376,0.08434354547093581,19.999777282850786,46.91603305785123,-5273.250087551922,B_C,,,,,,,,,,,
P16422_and_P02790,0.33988472932391584,0.26708971350774036,0.15872617057625707,21.396584699453584,62.43525252525254,-6126.919809448046,B_C,,,,,,,,,,,
P16422_and_A0A0A6YYD4,0.3492692512923615,0.2670794604431196,0.0911584894547947,17.872281449893404,58.128285714285724,-2670.0792508994145,B_C,,,,,,,,,,,
P16422_and_P78504,0.2766784196310332,0.2670194856896877,0.08749736602693782,25.120818505338068,53.04141242937856,-3248.9867053837806,B_C,,,,,,,,,,,
P16422_and_Q8IWU4,0.3000946962604688,0.26700692542702786,0.3004611582446275,23.353480589022773,60.59960227272723,-1059.440693846257,B_C,,,,,,,,,,,
P16422_and_Q6DN72,0.30381414092100434,0.2669983010413245,0.12439672614045084,19.021863799283153,45.87342465753426,-2166.336923330964,B_C,,,,,,,,,,,
P16422_and_P60852,0.29051174944220287,0.2669870632875081,0.13551311990354,23.504358353510884,53.141133603238856,-2879.417544739914,B_C,,,,,,,,,,,
P16422_and_Q8TCU3,0.34245737210749605,0.2669786459171103,0.1307468322301367,21.053904761904768,59.74687116564418,-5625.825525068595,B_C,,,,,,,,,,,
P16422_and_Q8NGD3,0.33022103200011277,0.2669028946326835,0.11271395689846322,19.495032397408202,64.18347826086955,-3817.684113526695,B_C,,,,,,,,,,,
P16422_and_O95342,0.3402672578173279,0.26688717624747643,0.22476686534656098,25.300520833333366,58.746760563380285,-7964.603479600493,B_C,,,,,,,,,,,
P16422_and_P09683,0.34536219323784034,0.2668433445434016,0.11191302965178053,14.004500000000014,38.508677685950424,-1092.7970525080518,B_C,,,,,,,,,,,
P16422_and_P20309,0.3003244776605343,0.26681029413732527,0.15158582955201957,21.358045112781962,57.46713592233012,-2575.4777134524957,B_C,,,,,,,,,,,
P16422_and_P63215,0.36148953096984837,0.2666148952784296,0.12768922184777776,16.87067474048444,36.493288590604024,-3323.348450718482,B_C,,,,,,,,,,,
P16422_and_Q8WXS5,0.29778381983305147,0.26655215344036903,0.22512771750196942,23.028515624999958,55.625714285714295,-1354.688435110169,B_C,,,,,,,,,,,
P16422_and_Q2UY09,0.27728085451672313,0.2665197979086896,0.1410128497986055,25.307982456140337,48.82341040462427,-5900.615562307015,B_C,,,,,,,,,,,
P16422_and_A0A0J9YX75,0.35021345273420423,0.26649502361829325,0.12260709525957976,18.262551440329204,63.81075342465753,-769.5564058752097,B_C,,,,,,,,,,,
P16422_and_P0CF74,0.3520144993125992,0.2664911442378165,0.15649435495953748,18.718581907090474,64.77119047619045,-737.1343070391881,B_C,,,,,,,,,,,
P16422_and_P15169,0.3417048561463766,0.26645891712108316,0.3605951540528801,22.87809187279154,66.52528301886791,-1900.4615372513417,B_C,,,,,,,,,,,
P16422_and_Q9NZK5,0.3522080160235225,0.2663655799418715,0.24153033112187755,24.478305400372452,68.79886904761904,-5425.613772702528,B_C,,,,,,,,,,,
P16422_and_Q8N387,0.3018056404512639,0.26634718593617956,0.05534464173029961,16.913947368421056,24.479439252336444,-614.8086710757852,B_C,,,,,,,,,,,
P16422_and_A0A0C4DH67,0.34981843521110706,0.2662939591020725,0.16173066431965624,19.493492063492024,58.80432926829268,-1402.876544279248,B_C,,,,,,,,,,,
P16422_and_P02655,0.3539799434979889,0.26627419008496167,0.08392904751444884,14.919699812382731,46.53769230769232,-975.4514080129075,B_C,,,,,,,,,,,
P16422_and_Q8WUA8,0.3354247575970226,0.26625826688968673,0.22548838853365083,19.758249641319935,63.071404494382016,-2170.8239886440924,B_C,,,,,,,,,,,
P16422_and_Q96LA6,0.2939849815501462,0.26624976799392763,0.4877777907248096,24.756949152542365,63.52605809128632,-1280.85410843102,B_C,,,,,,,,,,,
P16422_and_Q5T2D2,0.3121980934120532,0.2661658211324197,0.15709438361046923,20.127803203661305,61.12096590909091,-956.7803584918875,B_C,,,,,,,,,,,
P16422_and_P50897,0.3329311544007418,0.2661162231715634,0.14632774663710935,17.71735357917569,64.62585937499999,-809.5928402635983,B_C,,,,,,,,,,,
P16422_and_Q96L15,0.3191024135638253,0.26600420837659844,0.31495208146052334,21.46952141057937,67.38454999999999,-1436.6893870511947,B_C,,,,,,,,,,,
P16422_and_A0A597,0.3498699720236942,0.2659129398200529,0.16521200610132977,19.53385036496351,59.7867142857143,-1060.8563437313032,B_C,,,,,,,,,,,
P16422_and_Q96CX2,0.3075259370307154,0.2658141822375058,0.13036838551860228,20.366393442622925,61.03357541899438,-703.1109212950632,B_C,,,,,,,,,,,
P16422_and_Q9UJ42,0.3278726124705487,0.26554343491187987,0.07637006669978785,19.174777975133228,58.22638709677418,-1677.0421284047989,B_C,,,,,,,,,,,
P16422_and_Q76B58,0.28256105634707496,0.26541434695293853,0.2606464942421345,27.042360163710786,65.38010362694303,-2714.365257842568,B_C,,,,,,,,,,,
P16422_and_O43603,0.32049583883621935,0.2653461444920947,0.24239053161249413,21.734915474642367,66.83800000000002,-1571.745568144161,B_C,,,,,,,,,,,
P16422_and_Q5VST6,0.32054544673623175,0.2653368824431639,0.1742394925816208,22.672079207920795,56.27144578313253,-3032.306815141608,B_C,,,,,,,,,,,
P16422_and_Q9BQY6,0.3466670637479583,0.2652831106663628,0.09144633182341864,16.410556464811776,43.29940789473685,-1551.5179465170804,B_C,,,,,,,,,,,
P16422_and_Q8TE59,0.2856313560945374,0.2652779231892868,0.06745847658153055,23.168352365415963,50.14506787330316,-2249.128579970871,B_C,,,,,,,,,,,
P16422_and_Q99217,0.32568605196429923,0.26523829958544787,0.10811155478098693,16.26001890359169,39.88842105263157,-896.2538065827284,B_C,,,,,,,,,,,
P16422_and_Q9UBI4,0.3013643244633344,0.26519100699432335,0.06676820665241918,22.94889502762431,61.3457894736842,-3198.171533697656,B_C,,,,,,,,,,,
P16422_and_Q68BL7,0.2908118926453689,0.26517745414191796,0.1530441633164669,21.555829903978065,57.821022222222254,-808.7891776378383,B_C,,,,,,,,,,,
P16422_and_A8MXU0,0.36035757486691594,0.26513587873726474,0.11575652030432765,14.786866359446995,43.88206896551724,-810.0985002524299,B_C,,,,,,,,,,,
P16422_and_Q86UU9,0.3488335889234718,0.2651131990417767,0.16694516720054678,12.302642706131074,40.64812949640289,-1119.2251883124718,B_C,,,,,,,,,,,
P16422_and_Q0P5P2,0.355286015954016,0.26504911082024846,0.07851255900610705,17.013133333333354,41.90124999999999,-1651.60221478944,B_C,,,,,,,,,,,
P16422_and_Q99624,0.33198443713579817,0.26499786799494407,0.4557215203468277,26.065735641227366,64.88555555555553,-2034.0732900305798,B_C,,,,,,,,,,,
P16422_and_Q01650,0.33375292920293453,0.26494470520836005,0.1159855797632673,23.128402366863895,59.763618090452226,-3118.906360492012,B_C,,,,,,,,,,,
P16422_and_P41586,0.29594353217557223,0.2649125922207879,0.11427525388593675,21.590033783783763,55.92511904761905,-1772.0399261224848,B_C,,,,,,,,,,,
P16422_and_Q92581,0.3220651042112672,0.26483962634515346,0.07053418692062692,24.779729729729752,57.35611464968153,-2006.590444043106,B_C,,,,,,,,,,,
P16422_and_Q9NQ79,0.34724368698681296,0.26475100058060586,0.18002619089850833,21.91926994906625,55.09203488372093,-9179.557047074817,B_C,,,,,,,,,,,
P16422_and_P48960,0.2985336201408563,0.264745631729173,0.1392890783074185,22.37198364008177,50.797115384615374,-4628.252630085079,B_C,,,,,,,,,,,
P16422_and_Q8IYS0,0.2846831322670909,0.26474216967219744,0.1658754504490211,22.72196261682243,68.20300699300698,-927.3143409056902,B_C,,,,,,,,,,,
P16422_and_Q6IE37,0.31240839140997834,0.2645975061205812,0.03025268172876812,27.417407407407403,29.57613445378152,-5008.951636177255,B_C,,,,,,,,,,,
P16422_and_Q96SB3,0.27737014631983026,0.26449657963219375,0.22266590254105245,21.10917691579938,60.022457627118634,-2213.5715831350753,B_C,,,,,,,,,,,
P16422_and_Q8NFY4,0.3119099739042293,0.2644713158833165,0.16620145227861016,24.199904942965755,63.49742690058477,-3371.6395399931425,B_C,,,,,,,,,,,
P16422_and_O00590,0.3130432318177173,0.26440341393948597,0.37711160671234245,22.965450643776833,69.86834782608695,-1801.8819547188086,B_C,,,,,,,,,,,
P16422_and_Q8NHC6,0.33207537359467987,0.2643868232821736,0.21395229631367838,18.911785095320614,69.54739130434781,-3067.0535823376235,B_C,,,,,,,,,,,
P16422_and_P50150,0.35985964690265687,0.2643740631784164,0.08772174170634957,14.716053921568632,35.27573913043477,-964.4258634749804,B_C,,,,,,,,,,,
P16422_and_Q9UBC7,0.3476199268069574,0.26432566694623516,0.11656279996256903,12.654507337526217,42.97219512195121,-1354.4983319348603,B_C,,,,,,,,,,,
P16422_and_Q5HYA8,0.34938237102715286,0.26426794255707453,0.12808049626069423,23.581115459882593,63.591637426900554,-5712.833438047302,B_C,,,,,,,,,,,
P16422_and_Q6UWX4,0.3444022325916096,0.2642406528660255,0.2799781586509437,22.98760757314976,61.88762499999996,-4592.099599915518,B_C,,,,,,,,,,,
P16422_and_P47989,0.38018670801410753,0.26419171252666324,0.29164680199527404,24.86682692307692,67.72353293413177,-14640.78681766968,B_C,,,,,,,,,,,
P16422_and_A0A0C4DH26,0.3473120916111778,0.26416620920828127,0.17974202966610367,17.614718162839246,70.1346052631579,-2516.9681007936197,B_C,,,,,,,,,,,
P16422_and_Q8IY33,0.2853095606321184,0.26414582969622263,0.19110572737885317,23.041542288557128,65.3065071770335,-1936.0862909435964,B_C,,,,,,,,,,,
P16422_and_Q6UXH9,0.2972332805521243,0.26411697101142,0.21038626050385192,22.991304347826095,52.68070370370371,-1933.0993270834151,B_C,,,,,,,,,,,
P16422_and_Q969F8,0.31560426155249094,0.26410850299673017,0.14111257648775635,19.44565217391301,62.28874125874124,-1415.5163749619924,B_C,,,,,,,,,,,
P16422_and_Q15615,0.32588488943186933,0.2640355689849987,0.09517913481542623,19.325000000000014,58.59007352941177,-6884.115332179436,B_C,,,,,,,,,,,
P16422_and_Q14641,0.3435983730863963,0.2640167922127613,0.08320842983597193,14.462606473594532,43.92175182481752,-804.009869713409,B_C,,,,,,,,,,,
P16422_and_Q9NZU0,0.3039881347428248,0.2638523352554349,0.44315553821631726,25.635136612021853,64.95938271604939,-2098.0256103502834,B_C,,,,,,,,,,,
P16422_and_Q92619,0.28504505539849456,0.2636867917903594,0.12750720499462612,25.408347386172018,53.88360215053762,-2671.731997482457,B_C,,,,,,,,,,,
P16422_and_P04156,0.316058001261794,0.2636323792766366,0.18141982208229632,18.18116975748931,58.04857142857141,-465.86672439272115,B_C,,,,,,,,,,,
P16422_and_Q8NGX2,0.3297754939317273,0.26350181961251473,0.12305210205098421,18.27326869806095,66.19444444444441,-3106.524622527798,B_C,,,,,,,,,,,
P16422_and_Q02763,0.30446209764093213,0.2634934024884171,0.20727702259396347,25.60653889515224,55.818440366972425,-4860.2607911467285,B_C,,,,,,,,,,,
P16422_and_Q04756,0.31365348140585314,0.26348941415601046,0.35881008154762467,23.83072747014111,69.58741071428567,-3967.016374756373,B_C,,,,,,,,,,,
P16422_and_Q8IZM9,0.33760471255104396,0.26346729657763224,0.08580515831871481,21.08261339092872,49.326708860759496,-3559.1173260769524,B_C,,,,,,,,,,,
P16422_and_Q16832,0.2925631598987159,0.26339077745237877,0.28706379306937363,24.303399258343624,61.2214732142857,-3847.8664692775637,B_C,,,,,,,,,,,
P16422_and_Q8NGT1,0.32718540277709185,0.2633593884642005,0.08665181723335923,18.431152647975082,59.059734513274336,-1689.534144393085,B_C,,,,,,,,,,,
P16422_and_O43692,0.31474700461753,0.2633467259057774,0.17423126126870225,16.312499999999986,70.67646153846155,-1941.515588387296,B_C,,,,,,,,,,,
P16422_and_Q13326,0.3130379676698268,0.2633078442392822,0.031281984931470705,19.442241379310346,42.040000000000006,-1496.3787126791808,B_C,,,,,,,,,,,
P16422_and_Q6ZRU5,0.3403381576665278,0.26330256500591503,0.06688804986251869,18.535847797062743,44.36295857988166,-925.199059028746,B_C,,,,,,,,,,,
P16422_and_P48066,0.33830550470886755,0.26328875006373936,0.13165341555353668,24.244789915966365,62.95672316384176,-2511.5692639319095,B_C,,,,,,,,,,,
P16422_and_Q68DD2,0.35363281410838754,0.2632070119607156,0.06428318044909348,23.5909937888199,56.49956521739133,-3117.5939969640967,B_C,,,,,,,,,,,
P16422_and_O43405,0.3180766341036503,0.2631196295195019,0.2223546936460089,21.33063973063972,70.4243870967742,-5427.786188088999,B_C,,,,,,,,,,,
P16422_and_Q8NH02,0.331361829791772,0.26311160512104925,0.15372786982988698,18.026643192488258,67.09442748091602,-6602.005042522208,B_C,,,,,,,,,,,
P16422_and_Q6PEZ8,0.34023021620385235,0.2631043211009528,0.5427911344442587,22.132534246575347,54.93597938144331,-3473.4966636409686,B_C,,,,,,,,,,,
P16422_and_P81534,0.3598236421788593,0.2630777264093845,0.16035785846193984,17.53730337078651,43.741570247933865,-840.5378412499273,B_C,,,,,,,,,,,
P16422_and_O14610,0.36042076274317847,0.26301721279895235,0.12352422907335603,13.849202127659561,36.648867924528304,-1008.7275887156638,B_C,,,,,,,,,,,
P16422_and_Q14005,0.26979072876578225,0.26271192408197286,0.23072581808481413,25.656499488229304,57.17498293515362,-2564.876592275483,B_C,,,,,,,,,,,
P16422_and_Q5GJ75,0.3146152334348853,0.2626573081858723,0.11324211117518196,17.270246085011173,57.4120895522388,-1225.847693471731,B_C,,,,,,,,,,,
P16422_and_O14493,0.3290667360516626,0.2625435213276794,0.17595156553157076,17.407007299270063,47.35880503144653,-1058.0383311360047,B_C,,,,,,,,,,,
P16422_and_Q9HCN3,0.3389384563523681,0.26245270520595665,0.19894634992421042,22.600931677018618,45.77059602649008,-7456.18538847269,B_C,,,,,,,,,,,
P16422_and_Q6UY13,0.35183639335613737,0.26237537897322094,0.04726498172137063,16.218068181818182,42.95042016806722,-1042.993125912406,B_C,,,,,,,,,,,
P16422_and_Q9P0K1,0.3152711421586095,0.26233955200693493,0.33486379504245556,24.496464143426333,53.34677419354839,-4390.350838770351,B_C,,,,,,,,,,,
P16422_and_Q8NGH7,0.32407396251675014,0.2623000980423485,0.09144070515214477,20.898168498168513,54.88782051282051,-2068.5987648815913,B_C,,,,,,,,,,,
P16422_and_P35542,0.34365585389185677,0.2622480310297939,0.09631956404130147,17.63888888888887,49.51101351351351,-1242.0860018460962,B_C,,,,,,,,,,,
P16422_and_A0A0A6YYJ7,0.3470375997309215,0.26213876782055473,0.07554214808519387,17.605316742081445,55.376060606060605,-648.6989202680998,B_C,,,,,,,,,,,
P16422_and_Q14957,0.2865590030876464,0.26213720328946266,0.20245682176720986,26.228784860557766,55.96460000000002,-2873.6582692797965,B_C,,,,,,,,,,,
P16422_and_Q9Y4D2,0.3137447811348284,0.2621032606609661,0.07255915147936128,24.088180272108875,51.544566473988425,-15376.262842860473,B_C,,,,,,,,,,,
P16422_and_Q15286,0.3287220211218213,0.2620250337518048,0.10021026960333407,17.060020449897745,63.76493333333331,-885.0431794373621,B_C,,,,,,,,,,,
P16422_and_Q9P0L9,0.310192766963434,0.26184844594013323,0.3283353692879035,26.439237967914444,58.10490099009903,-6980.983950639725,B_C,,,,,,,,,,,
P16422_and_Q6U736,0.32365860201884755,0.26170125584121917,0.20578237221907048,20.577695167286244,61.020891719745215,-1427.0055320848087,B_C,,,,,,,,,,,
P16422_and_Q9ULB1,0.31775481712915926,0.26169431337790416,0.05667792179347565,27.498768472906395,63.127252747252754,-2791.7261000650687,B_C,,,,,,,,,,,
P16422_and_Q8WXA2,0.3429075714150311,0.26165838197517066,0.0816845810966205,15.582363013698622,68.57764150943395,-1405.007998326454,B_C,,,,,,,,,,,
P16422_and_P0DML3,0.32436068745943203,0.26165686811447664,0.11190337331575814,19.648686679174485,62.797897727272726,-3581.8826081816155,B_C,,,,,,,,,,,
P16422_and_Q9P1P4,0.32860634661470006,0.26162035244952236,0.2396884432916759,22.15992010652461,61.22515789473684,-2076.617201152178,B_C,,,,,,,,,,,
P16422_and_Q7RTX0,0.3244844951711695,0.26152657931898327,0.05465843402001955,24.163121546961325,49.43804347826087,-5268.77964799356,B_C,,,,,,,,,,,
P16422_and_P04437,0.34411430176498053,0.2613562663343532,0.09153077433864062,18.198654244306436,59.78525547445253,-893.2106401752508,B_C,,,,,,,,,,,
P16422_and_O15530,0.3108321820996147,0.2612659379362485,0.2159637383392672,23.160786106032898,58.27085227272726,-9944.167141459306,B_C,,,,,,,,,,,
P16422_and_Q9Y5H1,0.29861785236152605,0.2611389177289354,0.03736789512795782,22.170720720720727,56.97099009900993,-2139.9094003230184,B_C,,,,,,,,,,,
P16422_and_Q96AC1,0.33382792518002125,0.2610250618354858,0.17337403804889123,23.250763888888905,61.21742857142861,-2345.231308856015,B_C,,,,,,,,,,,
P16422_and_P02808,0.3609746100761131,0.26093444079758893,0.10604836634153351,14.114748201438841,28.056446280991736,-1254.7781922764366,B_C,,,,,,,,,,,
P16422_and_Q8NEV9,0.323093596393629,0.26092354510699384,0.15425979583581734,21.260962566844924,60.998121212121205,-6419.8403286847915,B_C,,,,,,,,,,,
P16422_and_Q9NY64,0.33374623930825653,0.26084211633871357,0.07027935949669593,20.4788499025341,59.869695121951224,-2453.879255512812,B_C,,,,,,,,,,,
P16422_and_O75078,0.3312624602886672,0.2608306585156819,0.15495209289392728,23.891686893203875,57.33106481481482,-13568.816678026331,B_C,,,,,,,,,,,
P16422_and_P10912,0.2792432577655247,0.26079096551676584,0.1270730237668877,23.09496644295302,58.87810055865925,-3260.233265231989,B_C,,,,,,,,,,,
P16422_and_P35125,0.28940515916280796,0.2607420614451058,0.10086638224766742,27.028880866425958,52.72123015873016,-2472.1447870500997,B_C,,,,,,,,,,,
P16422_and_Q9H0H5,0.28577206591619214,0.2606585283679087,0.19355452560005634,24.79034431137723,68.47989189189191,-3242.5315342419017,B_C,,,,,,,,,,,
P16422_and_Q9NNX1,0.2963502361514966,0.2606427308587671,0.11745711870531417,19.98375224416517,42.00108280254779,-1127.9392952667658,B_C,,,,,,,,,,,
P16422_and_Q9Y3Q4,0.28200791367364675,0.26039441661556717,0.0611392860724409,23.518552036199132,59.441724137931004,-1779.337331901268,B_C,,,,,,,,,,,
P16422_and_Q9UHW9,0.31953012235265255,0.2603399639549142,0.09275759543734712,25.35377855887521,51.59331325301205,-12636.370779307344,B_C,,,,,,,,,,,
P16422_and_O75110,0.3444094138466409,0.26029625854125926,0.18495349640260583,25.708548707753522,67.35850649350647,-7321.2322661726275,B_C,,,,,,,,,,,
P16422_and_Q92974,0.2944713346551232,0.26025554419705105,0.3245934108379553,23.31986754966888,63.51677631578949,-1857.9562946222286,B_C,,,,,,,,,,,
P16422_and_Q9NP91,0.3458392625348399,0.260244744857564,0.21750617313537823,22.610143442622952,68.94866666666668,-3667.6713453866823,B_C,,,,,,,,,,,
P16422_and_A0A0C4DH43,0.3429406618700451,0.2602039412572329,0.1486341986613021,17.806768953068573,57.69208860759494,-968.7299543778399,B_C,,,,,,,,,,,
P16422_and_P22894,0.32589533804852766,0.26010070894039417,0.16043330612866927,22.891084558823533,65.74825842696626,-1915.4939904350517,B_C,,,,,,,,,,,
P16422_and_Q14210,0.33791702265845547,0.2600873715082881,0.17141043518069135,16.386111111111102,57.646058394160605,-498.26005560042154,B_C,,,,,,,,,,,
P16422_and_Q8WUJ3,0.3542974637235129,0.26006340573059833,0.2691060119538506,27.726868829337125,52.6665581395349,-11355.87751163624,B_C,,,,,,,,,,,
P16422_and_Q9UQF0,0.288301615241127,0.259976166081917,0.09115521782426855,20.636433649289092,51.94516279069768,-4074.0177740209474,B_C,,,,,,,,,,,
P16422_and_O15354,0.2974157890430125,0.2598722314677949,0.10268914524156464,22.751612903225766,60.556257668711645,-3634.3422686090416,B_C,,,,,,,,,,,
P16422_and_Q96RD3,0.32419808879620976,0.25984467989807414,0.17269802030087686,20.02883435582822,61.74087209302323,-3401.1360424685245,B_C,,,,,,,,,,,
P16422_and_A0A0A0MS06,0.34457875734848253,0.25981341896182064,0.10795529230744022,18.964690265486745,61.3817880794702,-1842.44176850652,B_C,,,,,,,,,,,
P16422_and_P01764,0.33983588427014855,0.2597910587776333,0.23381466816553367,18.767771883289154,64.27366972477061,-1344.5970456633656,B_C,,,,,,,,,,,
P16422_and_P25106,0.3155428715476635,0.25973023941113543,0.06068902772378175,18.175619834710737,56.13418300653595,-1772.1900354841164,B_C,,,,,,,,,,,
P16422_and_A0A075B6L2,0.3433623731495826,0.25966744767589484,0.08597014237137911,17.943537414965963,55.754807692307715,-1090.5183266699441,B_C,,,,,,,,,,,
P16422_and_Q9UBQ6,0.3176060459441311,0.2596222032831825,0.1602639947611872,18.842194092826972,65.54549295774646,-2068.457662684433,B_C,,,,,,,,,,,
P16422_and_Q9H6B4,0.297702111016403,0.2595845417066174,0.10175229542149139,19.798645598194152,56.24067164179105,-1770.1165181115948,B_C,,,,,,,,,,,
P16422_and_P40337,0.3246371349374051,0.2595129798036126,0.09654986915220942,17.50355932203391,68.4645283018868,-2842.0904789935803,B_C,,,,,,,,,,,
P16422_and_Q9H4A6,0.3142666906370903,0.25949630017035846,0.2850961763816765,21.642819148936166,65.08424528301887,-1410.9940874806362,B_C,,,,,,,,,,,
P16422_and_Q9Y4X3,0.34503131403020026,0.259483693709845,0.11197142055842717,17.791869300911827,51.86698113207551,-770.7004946253655,B_C,,,,,,,,,,,
P16422_and_Q9H2E6,0.3114663944552198,0.25941250866269217,0.3200926346320458,25.0894859813084,65.20487046632128,-17820.43722988489,B_C,,,,,,,,,,,
P16422_and_O43353,0.29695229070393964,0.2593480309687588,0.27999620055791513,23.491099476439754,63.067463414634155,-2221.3323204681183,B_C,,,,,,,,,,,
P16422_and_Q8NGF0,0.3228300399730447,0.25926747430614744,0.12036441105899673,21.696642335766423,54.836075268817204,-1975.0308736484108,B_C,,,,,,,,,,,
P16422_and_Q96QA5,0.3016414787490009,0.25924772324801115,0.09005775785829839,20.807951070336404,53.22117647058823,-2119.1909005147063,B_C,,,,,,,,,,,
P16422_and_O95196,0.28161356414888183,0.25924277698612064,0.09859638357592848,17.377283372365362,47.147264957264944,-1541.1842502878644,B_C,,,,,,,,,,,
P16422_and_A0A0K0K1G6,0.34371465264528495,0.25920581338254634,0.1027697439882552,17.054857819905216,65.47768656716418,-903.3067191886771,B_C,,,,,,,,,,,
P16422_and_Q9UM54,0.31655138795690796,0.2591887692051769,0.046507267538742625,27.39058823529413,55.45435643564353,-4061.243643052905,B_C,,,,,,,,,,,
P16422_and_Q8N5H7,0.2830449329509589,0.2591051473983381,0.421346522546734,24.56951340615692,69.73013043478258,-3121.876585513215,B_C,,,,,,,,,,,
P16422_and_Q9NTI2,0.3433419431869674,0.2590702277585827,0.07056266430921715,24.604106280193246,57.41256756756758,-5513.489454125692,B_C,,,,,,,,,,,
P16422_and_Q8NGD1,0.32371901914524437,0.25900245407557354,0.13130830418397502,19.505055147058812,64.75356687898089,-1800.2120385418075,B_C,,,,,,,,,,,
P16422_and_O95450,0.27751865614143045,0.2589031532915572,0.20691957681881426,24.333247950819676,37.40785714285712,-1767.37254331226,B_C,,,,,,,,,,,
P16422_and_P21918,0.30747457133019385,0.2587174419052823,0.13211587077236567,21.673692307692328,60.88267015706807,-3555.9303370202015,B_C,,,,,,,,,,,
P16422_and_Q96DA0,0.3329559008877186,0.25861495944012447,0.11874444120193968,16.68017857142857,61.30694736842106,-738.6162897933699,B_C,,,,,,,,,,,
P16422_and_Q30KQ4,0.3455238567322666,0.2585614523012334,0.06675831686490385,15.08451443569553,51.867476635514045,-1311.762982804547,B_C,,,,,,,,,,,
P16422_and_O43653,0.3434184869290301,0.2585506458588977,0.14307514219813125,16.17236842105262,63.561428571428586,-458.9136476498402,B_C,,,,,,,,,,,
P16422_and_P29475,0.30895604205668104,0.25853590930952136,0.23095570074560967,26.218814729574255,61.134621848739485,-7496.410702640958,B_C,,,,,,,,,,,
P16422_and_Q9HBW9,0.28716846933569906,0.25853079630240566,0.19884468289590096,23.65714285714288,58.530227272727295,-2478.8925774126546,B_C,,,,,,,,,,,
P16422_and_P01817,0.3414897196208004,0.25845461768595035,0.09918609590298803,17.973940677966077,61.86595744680853,-1125.8276930069267,B_C,,,,,,,,,,,
P16422_and_Q14831,0.3079353428217827,0.25839813643660625,0.3739308077328826,25.213002364066163,60.65829493087558,-3287.9975436093027,B_C,,,,,,,,,,,
P16422_and_Q9Y272,0.3145509464816364,0.2583721935179845,0.10180212181793709,21.01531531531531,57.780103626943,-1380.2584222509295,B_C,,,,,,,,,,,
P16422_and_P05556,0.31223011324891514,0.2583452164404295,0.13738021836246284,22.40731995277446,57.36559585492226,-18692.55779043273,B_C,,,,,,,,,,,
P16422_and_P08575,0.3012719707178978,0.2583038931190139,0.15752517139507988,26.145413669064748,55.3812755102041,-2815.050791035843,B_C,,,,,,,,,,,
P16422_and_P53621,0.3016937626364954,0.25825312572487924,0.21180013517428994,25.755555555555567,59.099367088607586,-5409.250417283869,B_C,,,,,,,,,,,
P16422_and_Q8NGU9,0.295528138301134,0.2582431681162744,0.18353017852092068,22.955827263267427,55.847619047619055,-1821.0432245547927,B_C,,,,,,,,,,,
P16422_and_Q9H3T2,0.31388349411004257,0.2582392465863037,0.1160715779070919,24.25172101449273,63.456373056994806,-4678.051919521371,B_C,,,,,,,,,,,
P16422_and_Q8IUA0,0.31578403676468586,0.2582173803021785,0.12105966095644569,19.17293080054271,54.88105527638192,-6535.595212204461,B_C,,,,,,,,,,,
P16422_and_P0DP03,0.34208131638257455,0.25816450819841164,0.1830790113660585,16.62037617554857,67.99424242424243,-2242.056684353155,B_C,,,,,,,,,,,
P16422_and_P01768,0.34208131638257455,0.25816450819841164,0.1830790113660585,16.62037617554857,67.99424242424243,-2242.056684353155,B_C,,,,,,,,,,,
P16422_and_Q6IF00,0.3240726506822745,0.258137956312543,0.14935663664183416,19.758495821727013,63.66452173913046,-1406.196766520348,B_C,,,,,,,,,,,
P16422_and_Q8TBE7,0.3015983326829725,0.2580832305665599,0.10253634566735716,22.559119999999997,57.262960893854725,-2355.752261060552,B_C,,,,,,,,,,,
P16422_and_Q9Y5I2,0.2943415851723658,0.2579457539927673,0.13450343665795542,24.179716312056723,41.51616352201259,-6693.018130429904,B_C,,,,,,,,,,,
P16422_and_P07478,0.31572245666852966,0.2579407545252669,0.2554582758331279,19.49404761904763,57.67625806451616,-5050.103860581186,B_C,,,,,,,,,,,
P16422_and_Q8NET5,0.30901447659784925,0.25792543681365576,0.14683160863823463,18.578260869565216,57.350695652173926,-4672.023453046963,B_C,,,,,,,,,,,
P16422_and_P51153,0.3253605999968896,0.2578564808281834,0.09031723064033359,16.973672055427254,59.554615384615396,-795.2970949366968,B_C,,,,,,,,,,,
P16422_and_P10147,0.34713039105042176,0.2578515666864098,0.15863890107576387,16.96982071713145,52.81118518518519,-910.4248345423499,B_C,,,,,,,,,,,
P16422_and_Q9ULF5,0.27203732652605095,0.25780519250915745,0.10811334825806189,20.013537117903933,51.0467724867725,-1825.2260735692107,B_C,,,,,,,,,,,
P16422_and_A0A0B4J264,0.342553090617981,0.25769766559208546,0.09028404043684153,18.236118598382756,62.92645161290321,-633.5563289909851,B_C,,,,,,,,,,,
P16422_and_P26006,0.31997977804997624,0.25766401607556066,0.555767680090471,26.45962072155414,55.20027272727271,-4161.91550342156,B_C,,,,,,,,,,,
P16422_and_P54826,0.29881218287234207,0.2576555592971332,0.14845863975619714,20.330367647058875,54.77505263157896,-2821.1464915514644,B_C,,,,,,,,,,,
P16422_and_Q9NR61,0.2728642594164158,0.2576237435323093,0.5198524662021636,27.851838235294153,46.27707112970711,-4410.776294790732,B_C,,,,,,,,,,,
P16422_and_Q7RTY1,0.3171467379356655,0.25745397651166124,0.17621837325249803,22.916500711237564,62.11365,-2989.9537642743066,B_C,,,,,,,,,,,
P16422_and_P12838,0.34621268101952324,0.2574268235787899,0.10967534861113844,14.601582867783984,45.745384615384594,-1499.2464092914652,B_C,,,,,,,,,,,
P16422_and_Q8NGH6,0.3213467559882062,0.25742321509635435,0.1167303530255612,18.128891509433963,64.65451612903227,-1232.8772728985987,B_C,,,,,,,,,,,
P16422_and_Q8NGB8,0.32547382251649803,0.25738106845499525,0.16774398474779223,18.0927777777778,59.74535211267602,-1739.3656260327748,B_C,,,,,,,,,,,
P16422_and_Q8NHJ6,0.2867460486783436,0.25726331147449033,0.27975523911051625,24.007975113122207,64.35120930232554,-1267.9478280545154,B_C,,,,,,,,,,,
P16422_and_Q14542,0.3216854433352475,0.25724254412021563,0.1599811674945776,21.03409090909091,61.151761006289334,-1727.9327443996117,B_C,,,,,,,,,,,
P16422_and_Q8IZF4,0.29799230681573674,0.2572283875860567,0.14948434722166148,21.64679089026917,64.06931034482756,-2450.737350602467,B_C,,,,,,,,,,,
P16422_and_P35414,0.31564965960359614,0.25718998495381,0.2983477907349795,19.120193548387114,69.81857843137257,-2824.6966886791806,B_C,,,,,,,,,,,
P16422_and_Q9Y5I0,0.2935432919041505,0.257142545321475,0.08730002333492594,26.50154826958105,60.82430232558145,-3356.1452379617585,B_C,,,,,,,,,,,
P16422_and_Q5T3U5,0.34253445248010217,0.25714057338061874,0.0400766875590586,26.301957295373665,46.48032786885244,-15032.340789041531,B_C,,,,,,,,,,,
P16422_and_P55089,0.339365529353347,0.2570361788009012,0.1228607305692051,13.215000000000005,36.786642335766416,-916.2243392463988,B_C,,,,,,,,,,,
P16422_and_Q18PE1,0.2898121669463235,0.2570090991733899,0.21901541135270816,19.71557550158391,63.376793248945155,-1553.7714159166208,B_C,,,,,,,,,,,
P16422_and_Q8NGN8,0.324584691164868,0.2568582272251052,0.133482375283394,20.380510204081666,64.00692307692304,-1361.457038999842,B_C,,,,,,,,,,,
P16422_and_P0DOX2,0.28804713799997816,0.2567959765158696,0.5477008954484153,24.79568181818178,69.50889999999998,-2518.9948071660456,B_C,,,,,,,,,,,
P16422_and_Q12851,0.29124642915758403,0.25677663363871495,0.16514195627803757,25.335385572139323,52.2755357142857,-5508.906206968328,B_C,,,,,,,,,,,
P16422_and_Q9Y5H6,0.2927779729726566,0.2566231160264729,0.06974635455564925,26.10176056338028,53.44324999999996,-1494.5246679525299,B_C,,,,,,,,,,,
P16422_and_A6NNB3,0.3352303836460231,0.2565954137210389,0.09979671934833322,13.917838541666649,37.8204854368932,-2020.6115566878125,B_C,,,,,,,,,,,
P16422_and_P04899,0.3273550664568094,0.2564305368366266,0.2506715445179373,20.446162790697674,70.24795620437955,-3103.602955541742,B_C,,,,,,,,,,,
P16422_and_Q9UM01,0.32880410406006655,0.2563807315218021,0.06641680245363514,22.698558558558567,53.75089820359281,-1975.9008465023908,B_C,,,,,,,,,,,
P16422_and_P02776,0.3452690926113584,0.25628834514010185,0.11795919119556923,15.37689873417721,55.345,-4079.7427625424048,B_C,,,,,,,,,,,
P16422_and_P21453,0.3129608760123902,0.2562784719952383,0.09688786260203332,21.589310344827574,59.50061643835612,-1427.252380592994,B_C,,,,,,,,,,,
P16422_and_P02461,0.2617143529571741,0.25627103477642665,0.3598897641826579,24.88219178082197,60.90188888888886,-2655.312188590673,B_C,,,,,,,,,,,
P16422_and_P01009,0.3263784291017991,0.25625119695905024,0.1617737652582491,19.190960451977407,59.92726027397257,-939.4067222577523,B_C,,,,,,,,,,,
P16422_and_Q30KQ9,0.3545532524528695,0.25616379628832914,0.08769996267411549,16.185193133047207,42.67770642201834,-694.0308446229446,B_C,,,,,,,,,,,
P16422_and_Q6IPM2,0.2731121570799456,0.25612880510166375,0.038575917621638825,20.66713709677419,49.614466019417485,-1470.1359238919395,B_C,,,,,,,,,,,
P16422_and_P16233,0.33923825565997356,0.2560612368945839,0.11330155231365403,18.221454219030527,67.47319999999999,-2126.919087708069,B_C,,,,,,,,,,,
P16422_and_Q495M3,0.33028065548992047,0.25597531261204054,0.20416022536386197,20.882006920415222,60.29210526315792,-3273.794970016561,B_C,,,,,,,,,,,
P16422_and_P18564,0.300004884097972,0.25593271357881664,0.09768350693922168,21.0747264770241,57.058516129032256,-7782.466583722338,B_C,,,,,,,,,,,
P16422_and_Q5H8A3,0.3342170036231259,0.2557452161160532,0.060601229436517995,15.64216027874563,48.231249999999996,-676.7935722143593,B_C,,,,,,,,,,,
P16422_and_Q96S42,0.3030517529597112,0.25573185971874224,0.0682212165214746,22.692737430167607,61.10861788617887,-851.3554243258213,B_C,,,,,,,,,,,
P16422_and_Q8NFM4,0.32514577856668536,0.25563447970671876,0.1163969111464785,24.195253164556906,58.575120481927705,-22190.57924581456,B_C,,,,,,,,,,,
P16422_and_P48357,0.2883061275516104,0.25562287133269895,0.14694567267832667,27.488668224299083,58.06056451612902,-2236.247708002924,B_C,,,,,,,,,,,
P16422_and_P01854,0.2810081851550536,0.25543283171327286,0.10435789114497077,21.700877192982453,61.214475138121585,-1465.270144965656,B_C,,,,,,,,,,,
P16422_and_Q86Y22,0.2804411814159907,0.25542867164157296,0.06315658605595807,18.572700587084153,41.911643835616445,-1648.8907517654152,B_C,,,,,,,,,,,
P16422_and_Q13464,0.278871035610291,0.2553874576774395,0.1994432299546169,25.18288135593219,60.25271186440677,-6992.683053566507,B_C,,,,,,,,,,,
P16422_and_P78333,0.31964322913742815,0.25534649463161946,0.07982143735923257,20.343161434977574,69.14687898089173,-1947.931279129918,B_C,,,,,,,,,,,
P16422_and_Q12794,0.32965421439264064,0.25527394300317935,0.6107695277724509,26.474130190796878,76.9722488038278,-3084.324583497952,B_C,,,,,,,,,,,
P16422_and_A0A0K0K1C0,0.33948255396334537,0.2552531488341745,0.06897399694684596,18.175644028103044,59.17321167883211,-871.0493502814998,B_C,,,,,,,,,,,
P16422_and_Q8IZ08,0.302042465041335,0.25517276519516996,0.16888566804827007,18.98812111801243,47.40759259259257,-988.1051963840073,B_C,,,,,,,,,,,
P16422_and_Q5GH73,0.30672191840098634,0.25508356789104303,0.07963266299585842,22.035450061652273,51.94428571428571,-2546.5362176785275,B_C,,,,,,,,,,,
P16422_and_Q9Y5W5,0.2974042364891603,0.25490223104235415,0.19961616838418167,19.805487053020965,48.617019230769216,-1685.27548358098,B_C,,,,,,,,,,,
P16422_and_Q8NG35,0.3498368968116573,0.2548587201075232,0.08241143236513616,14.688101265822802,39.24263157894736,-563.6143579299023,B_C,,,,,,,,,,,
P16422_and_Q96GW7,0.27928334185073345,0.25483002728106724,0.1494688187963063,26.078825136612018,42.84990697674419,-5927.343405664717,B_C,,,,,,,,,,,
P16422_and_Q14624,0.3347964560615085,0.25481843534758475,0.14654787292175409,25.69372163388807,48.275113636363656,-3683.065922879621,B_C,,,,,,,,,,,
P16422_and_Q8TF62,0.3444236094227112,0.25480598764410944,0.11483436708739234,25.616791744840512,55.49453987730062,-7412.138888911208,B_C,,,,,,,,,,,
P16422_and_Q96DZ5,0.2875734844520049,0.25476759849679786,0.14497839165134144,20.27318634423898,65.93779342723009,-941.3207819818999,B_C,,,,,,,,,,,
P16422_and_Q6UXV3,0.3288649113605658,0.254758818941978,0.044941054204080205,15.942450765864326,44.29782608695652,-797.634297619763,B_C,,,,,,,,,,,
P16422_and_P14151,0.2992824090099034,0.25474980035282857,0.1213977200120298,19.909927140255036,65.10923529411765,-1343.8139597898517,B_C,,,,,,,,,,,
P16422_and_P34972,0.31489789865655365,0.2547335710178877,0.1373770835541508,20.53187499999999,66.51296052631578,-2289.612213203204,B_C,,,,,,,,,,,
P16422_and_P35368,0.29788963852686634,0.2547314848553206,0.19424390545944,18.816666666666666,62.032694300518145,-1497.4808320734064,B_C,,,,,,,,,,,
P16422_and_Q9NZP8,0.300279184730869,0.2547212951087914,0.3053528977390338,20.92078189300412,61.02623655913976,-2643.1274881201025,B_C,,,,,,,,,,,
P16422_and_Q92835,0.31214514003815863,0.2547211688799466,0.29771325091489387,25.720701168614344,42.59396551724137,-8673.380641957549,B_C,,,,,,,,,,,
P16422_and_Q9UEY8,0.27880285630445495,0.2546661726347853,0.19167659377731835,22.338739573679337,59.32749003984068,-2046.9799924846593,B_C,,,,,,,,,,,
P16422_and_P63010,0.30726771823234744,0.2546494487290729,0.162930231954401,24.56808252427189,65.7141935483871,-3875.9871705963324,B_C,,,,,,,,,,,
P16422_and_P02671,0.2711856981538048,0.25461914617101067,0.11668442473544492,22.27332015810275,65.26685185185185,-2379.040331241282,B_C,,,,,,,,,,,
P16422_and_P53618,0.30872993346595234,0.25458855802788394,0.1932090638787164,22.436206896551738,48.897462686567174,-3029.346556391032,B_C,,,,,,,,,,,
P16422_and_P06307,0.34036519823552774,0.25453884033435026,0.09903378208966601,14.623880597014931,43.540536912751655,-1416.8454877517215,B_C,,,,,,,,,,,
P16422_and_Q8NGC3,0.3234309710168592,0.2544988367201134,0.10305980365309429,18.147285714285736,63.56745901639342,-1497.5002168409314,B_C,,,,,,,,,,,
P16422_and_O43614,0.30101417293939386,0.25444322127628705,0.13626174665320945,19.04320137693631,56.41100719424461,-1543.6809647895825,B_C,,,,,,,,,,,
P16422_and_Q9Y4G8,0.2981627669951756,0.2542342368623803,0.09425046767925983,25.460965435041725,51.096206896551756,-5560.514886565055,B_C,,,,,,,,,,,
P16422_and_Q13433,0.27074404042543376,0.2542308246196171,0.10244178153675335,23.576072234762957,55.06021582733811,-1980.66728977998,B_C,,,,,,,,,,,
P16422_and_O95968,0.3467356316160994,0.25415123218123153,0.08383824706485339,17.309448818897636,56.92422413793105,-2013.3375561835896,B_C,,,,,,,,,,,
P16422_and_Q8NH01,0.32232866084083867,0.2541405149007046,0.14359337915401707,18.948050458715596,67.9641911764706,-2601.773260155167,B_C,,,,,,,,,,,
P16422_and_Q96JK4,0.3263896229721358,0.2540602287988465,0.19517152725994902,25.581239092495622,57.92741935483871,-16088.147982651735,B_C,,,,,,,,,,,
P16422_and_A0A0K0K1D8,0.33863058002100044,0.2540565083201394,0.08829685161031892,17.052283653846146,61.71526315789473,-801.1663726989154,B_C,,,,,,,,,,,
P16422_and_Q96KX0,0.3321771650070833,0.2540403342032184,0.09641089731541282,18.549553571428596,65.46097345132742,-648.4674257489108,B_C,,,,,,,,,,,
P16422_and_P58062,0.3460453447279541,0.2540274106543774,0.1323986923127668,16.44907407407407,45.14955223880596,-1171.8309775939663,B_C,,,,,,,,,,,
P16422_and_A0A0B4J237,0.3389006016594076,0.2540261402369503,0.09768065141437683,18.111544850498337,58.251830065359506,-1049.5084009207094,B_C,,,,,,,,,,,
P16422_and_P98198,0.33831840029634,0.2539471687628697,0.06555113048985918,24.365593220339,53.80771653543307,-6160.890013195688,B_C,,,,,,,,,,,
P16422_and_P01848,0.3341757265895795,0.25393088532660585,0.12826581721144054,18.06517189835574,57.97615384615385,-1294.8747552556888,B_C,,,,,,,,,,,
P16422_and_Q7Z6G3,0.29461623640024254,0.25392647517550043,0.17640486220004653,20.716520100502514,58.31591743119267,-1633.964887395039,B_C,,,,,,,,,,,
P16422_and_A6NMU1,0.3089808556344722,0.25392303811799366,0.11731870194423326,20.934071550255503,45.39031250000001,-1808.455020021759,B_C,,,,,,,,,,,
P16422_and_Q9BUD6,0.308947616982916,0.25392274526707365,0.15280497241234647,20.718912337662346,63.58263736263738,-10457.913396473275,B_C,,,,,,,,,,,
P16422_and_O75751,0.33444465079594443,0.25385507195138984,0.2586585744998489,22.468876860622462,66.47994565217392,-1674.1842667980882,B_C,,,,,,,,,,,
P16422_and_A6NHG9,0.3238216381483183,0.253828799603255,0.14517632021972257,18.953348729792147,66.31602941176469,-1965.1945038763295,B_C,,,,,,,,,,,
P16422_and_P01733,0.33879238856939947,0.2538036023572315,0.07898092474037001,19.06758620689655,60.71082706766916,-1039.7420469535064,B_C,,,,,,,,,,,
P16422_and_P0DP09,0.33766990752188586,0.2538011050287573,0.20575762327663935,17.225088339222587,67.92154761904764,-1063.8170964551348,B_C,,,,,,,,,,,
P16422_and_A0A0B4J2D9,0.33766990752188586,0.2538011050287573,0.20575762327663935,17.225088339222587,67.92154761904764,-1063.8170964551348,B_C,,,,,,,,,,,
P16422_and_A0A0C4DH72,0.33450064979813643,0.25376677526873653,0.1228625275247274,21.069406392694063,66.743537414966,-1422.8015025961108,B_C,,,,,,,,,,,
P16422_and_Q9HCE9,0.30311815315881097,0.25373353001436677,0.2515509781988335,25.739314516129056,53.35716049382717,-3103.3882255172066,B_C,,,,,,,,,,,
P16422_and_Q86UE6,0.3063075511488001,0.2536241639269898,0.38097759095821165,25.144040697674413,51.054634146341456,-7215.829189509622,B_C,,,,,,,,,,,
P16422_and_P55085,0.31325769100612266,0.253598574630843,0.0791918088336778,20.998318385650244,57.50097402597401,-1228.8650875759959,B_C,,,,,,,,,,,
P16422_and_Q15758,0.3115586567102518,0.25343151758955557,0.16145771883620375,23.834848484848507,57.757073170731715,-3128.3645673028873,B_C,,,,,,,,,,,
P16422_and_P08123,0.2607035565625448,0.2534299402215957,0.11003494996241812,22.637187499999968,67.23707482993196,-1681.7510871044942,B_C,,,,,,,,,,,
P16422_and_P25067,0.27045423309527167,0.25341082030768347,0.20606458429061697,22.3223867595819,62.6963522012579,-1544.2071448581264,B_C,,,,,,,,,,,
P16422_and_O43374,0.3370729454349082,0.2533873664341408,0.3029707195196678,25.58314917127074,51.63504587155963,-4853.755170784149,B_C,,,,,,,,,,,
P16422_and_Q07837,0.33958169782036096,0.2533687282218154,0.2517975016862776,24.474856596558357,68.55653333333336,-7071.690089676782,B_C,,,,,,,,,,,
P16422_and_P51164,0.3088041940002113,0.2533109384399558,0.3700212750982913,21.363823529411786,78.8989795918367,-1370.9342755184755,B_C,,,,,,,,,,,
P16422_and_Q68DH5,0.31864597412258294,0.25327520748739085,0.06923716983539159,22.28567567567567,44.6759813084112,-3445.845031969624,B_C,,,,,,,,,,,
P16422_and_P58294,0.33840709040004036,0.253242971749964,0.10675048668631575,17.361778290993072,38.669682539682526,-4489.1477454422275,B_C,,,,,,,,,,,
P16422_and_P51582,0.31219455979952226,0.2532113909247291,0.10034791099025532,23.001079136690596,60.76988095238097,-1145.8407903540483,B_C,,,,,,,,,,,
P16422_and_O43493,0.28344041255715013,0.2531873789965422,0.032634988156361774,18.047039473684208,46.63525423728814,-1163.301927863493,B_C,,,,,,,,,,,
P16422_and_O60431,0.31720454177085433,0.25317533504064516,0.09226276115056346,19.1289389067524,61.48189655172413,-4491.839384900247,B_C,,,,,,,,,,,
P16422_and_O43921,0.3177188868813704,0.2531288878749057,0.09463292225701785,17.392248062015508,65.86458333333333,-894.065172088176,B_C,,,,,,,,,,,
P16422_and_Q6TCH4,0.3235862918295518,0.25311177105882315,0.13517033774795323,20.231933438985724,51.935326086956515,-2277.5372858406445,B_C,,,,,,,,,,,
P16422_and_Q68DX3,0.27295309990176486,0.2530389337518853,0.28402823433200086,26.996742857142895,55.116360424028265,-3289.289261239697,B_C,,,,,,,,,,,
P16422_and_Q99467,0.34233576944687294,0.25291509629713793,0.132172427397083,24.63743386243388,50.89706666666667,-4162.463476267739,B_C,,,,,,,,,,,
P16422_and_P02452,0.2583866307021641,0.25289488459608056,0.12318963012668505,24.710386473429978,67.83846153846157,-1916.409222901595,B_C,,,,,,,,,,,
P16422_and_Q6JVE6,0.32468778117522556,0.25284743198101506,0.08008123937132135,18.237123745819396,57.68154285714286,-730.4751615074083,B_C,,,,,,,,,,,
P16422_and_P30301,0.3182601790965015,0.2528362603491941,0.0948496432718393,20.17115384615385,57.30137931034481,-1426.5455794495874,B_C,,,,,,,,,,,
P16422_and_P01825,0.3379056529409997,0.25281756879701917,0.15575275111126274,17.535946745562136,63.24638095238096,-576.7775669845023,B_C,,,,,,,,,,,
P16422_and_Q9P296,0.3123333350594266,0.25279557919393586,0.09715133887752223,20.694677419354846,62.28465116279072,-2675.621930455491,B_C,,,,,,,,,,,
P16422_and_P04118,0.33922203951626745,0.25274304125330105,0.12712980585406664,16.05072463768116,53.30624113475179,-339.2735170371061,B_C,,,,,,,,,,,
P16422_and_A0A0B4J268,0.33894282406300347,0.2527368976887201,0.09873577914487161,19.054307692307713,63.732735849056596,-523.2618974080101,B_C,,,,,,,,,,,
P16422_and_P33241,0.2927616677649851,0.2526917751804869,0.07666397764908882,16.133597285067868,32.26959349593496,-2470.4409627035493,B_C,,,,,,,,,,,
P16422_and_P02654,0.34757242055372006,0.25266119466676085,0.12267155590494581,19.96895695364238,37.315547945205466,-1420.2413104085936,B_C,,,,,,,,,,,
P16422_and_P61018,0.32043510632246247,0.2526501188277114,0.16433129028660126,21.469734789391595,63.687790697674394,-891.3446706541023,B_C,,,,,,,,,,,
P16422_and_Q02246,0.2863466217632187,0.25258203065287566,0.02117094614961293,27.147590361445793,52.00228070175438,-2827.468675130859,B_C,,,,,,,,,,,
P16422_and_P12821,0.3229464114919024,0.2525388867420675,0.060674882320358337,27.45769230769231,59.084504504504494,-6679.711102513853,B_C,,,,,,,,,,,
P16422_and_Q9UNA0,0.30018386129883773,0.25249187801190615,0.15758559858811483,22.441860465116267,55.24855345911951,-4373.319593089971,B_C,,,,,,,,,,,
P16422_and_O14791,0.29042563033208446,0.2524016585004364,0.09324632088301812,19.53751686909584,44.51307228915664,-988.5735290251469,B_C,,,,,,,,,,,
P16422_and_Q9NRI6,0.3644130911499377,0.2523633595355721,0.060062297589276836,13.324757281553392,26.345492957746465,-928.3274088192896,B_C,,,,,,,,,,,
P16422_and_Q8NES8,0.34978056744519825,0.2522992752137077,0.12927508795332956,16.24902506963787,50.48814159292038,-2247.754827177017,B_C,,,,,,,,,,,
P16422_and_P06850,0.31903759676440274,0.2522814635791252,0.13888465086627802,14.267192982456114,42.85729729729731,-1968.7483627035963,B_C,,,,,,,,,,,
P16422_and_Q96QV1,0.31120708529717556,0.25217660817176146,0.14264329720179378,22.716347826086928,66.04371428571429,-6234.937198261186,B_C,,,,,,,,,,,
P16422_and_A0A0C4DH29,0.3361673082985412,0.25217115182789607,0.08871476307128688,17.98830334190233,63.16666666666664,-977.7064417340895,B_C,,,,,,,,,,,
P16422_and_Q99835,0.3075464882558938,0.25212967604095765,0.07938914785798103,23.91663747810857,56.82849462365591,-4393.471421615686,B_C,,,,,,,,,,,
P16422_and_Q9C0B5,0.27404708912694,0.2521261956346183,0.10692022500580493,21.749674267101003,60.1561111111111,-3067.660304650639,B_C,,,,,,,,,,,
P16422_and_P03372,0.282263837054627,0.25209671202467127,0.10978195483812084,21.0786170212766,57.27111801242238,-5684.311881556117,B_C,,,,,,,,,,,
P16422_and_Q9H3R2,0.27646065870929576,0.2519506591552864,0.15388308864301467,25.099673202614376,61.48615044247793,-1120.4530565704936,B_C,,,,,,,,,,,
P16422_and_P30273,0.34587862475723147,0.251943121266733,0.0615626112572374,14.330338983050847,30.804795918367347,-646.3618564557837,B_C,,,,,,,,,,,
P16422_and_A0A0B4J277,0.3384554993270352,0.2519261265791188,0.15069856968854914,18.115430861723446,68.23102040816325,-881.7948440474732,B_C,,,,,,,,,,,
P16422_and_P15056,0.27757664890728495,0.2519057844930781,0.213553214228002,24.59671052631576,58.236408839779,-1650.8226431379517,B_C,,,,,,,,,,,
P16422_and_Q6UWN5,0.30383175362106296,0.25183363097543954,0.26966920886784024,17.232793522267198,61.00684563758391,-4206.668885335343,B_C,,,,,,,,,,,
P16422_and_Q8IV16,0.31851951486377184,0.2517705501130198,0.19342786374437645,19.088728813559317,64.54578231292517,-1140.51591810432,B_C,,,,,,,,,,,
P16422_and_Q6UWQ7,0.3367474667228062,0.2517219126920976,0.07426294850862294,15.426219512195111,51.12264900662253,-1815.8090134881547,B_C,,,,,,,,,,,
P16422_and_Q8WXS8,0.27419407394825523,0.2516557799532835,0.5018175478839986,25.486824512534838,59.29063063063067,-2948.8650474785827,B_C,,,,,,,,,,,
P16422_and_O75556,0.3433839283589253,0.25162872528263375,0.08549673084154652,17.1159383033419,47.96955357142856,-770.2481360680613,B_C,,,,,,,,,,,
P16422_and_Q86UN2,0.303460455740726,0.25159517803906145,0.1568098768396097,22.27397094430991,44.387006802721075,-1209.5031862695432,B_C,,,,,,,,,,,
P16422_and_Q2MKA7,0.3055462899016881,0.2515550017376074,0.18139144312342828,20.083589385474856,52.518888888888895,-1147.7892718848689,B_C,,,,,,,,,,,
P16422_and_P41222,0.32260141783324686,0.2515322321207272,0.22747637419548447,19.926716917922974,58.085759493670885,-777.8365568389812,B_C,,,,,,,,,,,
P16422_and_Q49SQ1,0.3164687042473887,0.2515252839577594,0.11688707294108013,21.98542654028435,66.90589928057558,-1235.7263580641925,B_C,,,,,,,,,,,
P16422_and_Q9Y6M0,0.31216061693719405,0.25145914650845425,0.09473126436868859,17.518952618453877,61.21900763358779,-741.5771175211576,B_C,,,,,,,,,,,
P16422_and_P35410,0.3090107505389145,0.25143859688354314,0.16561287696023932,21.50676429567646,50.974293478260904,-1381.8048297160294,B_C,,,,,,,,,,,
P16422_and_P00533,0.2795396799035647,0.25134682272530556,0.3114755230426804,25.88361290322582,46.31387665198237,-21375.044125667977,B_C,,,,,,,,,,,
P16422_and_Q5T742,0.3360864186147175,0.25131908344090753,0.06429960134397497,18.552714285714288,43.29323863636363,-1350.7314672985303,B_C,,,,,,,,,,,
P16422_and_P27448,0.2865338794400521,0.2512736268052984,0.20123152544505615,22.46795069337446,67.6453846153846,-7874.041559641657,B_C,,,,,,,,,,,
P16422_and_A0A075B6V5,0.3372274457854071,0.2512611418212649,0.12114930362972393,19.588623326959873,52.565538461538466,-2049.7863545822825,B_C,,,,,,,,,,,
P16422_and_Q2M2I8,0.2766397941519396,0.25125119390759754,0.1784423596704943,24.206564551422304,60.672531645569585,-2778.1794813275774,B_C,,,,,,,,,,,
P16422_and_Q8TEH3,0.2833526310771457,0.2512407409893207,0.2838581688214534,24.167464114832516,69.18169642857141,-5411.651443050141,B_C,,,,,,,,,,,
P16422_and_Q5JQD4,0.34956277982945205,0.25121569459596105,0.05658834987130343,15.732548476454296,34.744424778761065,-732.2040244225127,B_C,,,,,,,,,,,
P16422_and_P09228,0.3315399426543395,0.2512026464665845,0.14792069026300686,17.70705128205127,67.75702898550726,-607.134386339539,B_C,,,,,,,,,,,
P16422_and_P07550,0.3068736874340763,0.251157384201481,0.18182672921497126,21.25508317929758,59.46724550898205,-2504.3845270882425,B_C,,,,,,,,,,,
P16422_and_P00747,0.3302054589413081,0.2511246038635575,0.23883832417499465,24.022714486638503,57.643027027027024,-9594.224357915853,B_C,,,,,,,,,,,
P16422_and_Q5JZY3,0.2702907257774065,0.25108971458029994,0.17598648137190095,26.355936819172083,61.251802575107256,-2402.023839928799,B_C,,,,,,,,,,,
P16422_and_Q9UKU9,0.2820879354339576,0.2509501734567815,0.1714394367934269,22.684621451104096,64.1581818181818,-7676.822244095085,B_C,,,,,,,,,,,
P16422_and_Q9UKP6,0.29769896480499486,0.25083640592352335,0.3783959098977987,22.640558659217863,69.97227053140098,-3235.226077736519,B_C,,,,,,,,,,,
P16422_and_Q96PL2,0.2969242695389382,0.2507724727377239,0.057644277102333,20.77151162790696,59.23271739130433,-723.2348966800309,B_C,,,,,,,,,,,
P16422_and_P01210,0.30487317392989677,0.25075795143299107,0.061463387242970444,15.679166666666667,44.58529850746269,-1597.7958231537923,B_C,,,,,,,,,,,
P16422_and_P34969,0.3006672535668313,0.2507198155438447,0.09077993407781626,22.591798107255517,52.2159375,-7986.883268682998,B_C,,,,,,,,,,,
P16422_and_P98196,0.33165242603990114,0.2507176109724637,0.07370007737972396,26.441770573566043,60.51570469798658,-5554.99750431151,B_C,,,,,,,,,,,
P16422_and_A8MTL9,0.3316063803432333,0.25070326130293213,0.06165879601328483,18.80821782178221,50.79054421768705,-818.667914437734,B_C,,,,,,,,,,,
P16422_and_Q8NCS7,0.3300894620282865,0.25066948754924007,0.11402809528017048,22.44015544041453,61.231333333333346,-2532.4245526760033,B_C,,,,,,,,,,,
P16422_and_Q13018,0.31737548917914016,0.25064545117575976,0.04177023247528362,27.90037453183519,50.07469387755103,-4782.160475451623,B_C,,,,,,,,,,,
P16422_and_Q6PFW1,0.30802184435499697,0.2506360411540413,0.09712524968099065,24.561166007905157,56.782974683544275,-4331.623052432427,B_C,,,,,,,,,,,
P16422_and_P63146,0.3280025334534581,0.25058279165231834,0.17015664075450232,17.79621621621622,65.01066666666665,-772.6743361457895,B_C,,,,,,,,,,,
P16422_and_Q9C0H2,0.31542580272708176,0.2505521494021997,0.16879001471693186,23.89583333333338,64.58737430167596,-3433.633621468286,B_C,,,,,,,,,,,
P16422_and_Q06033,0.30865811196471254,0.25050103946608276,0.14397865247320185,25.501308900523547,48.35175925925926,-6254.0645983252,B_C,,,,,,,,,,,
P16422_and_Q9UKH3,0.30262075378620845,0.2504889322726132,0.16551838207817077,24.00278637770897,61.79466292134836,-4022.197775663284,B_C,,,,,,,,,,,
P16422_and_Q9UN73,0.29373511707888195,0.2504695749868977,0.4484327077518893,23.358827404479566,61.489271523178815,-1890.1272581384364,B_C,,,,,,,,,,,
P16422_and_Q8N688,0.34895851913530906,0.25046332009957734,0.06423106097965356,15.831805929919138,45.86461538461537,-717.5657312317205,B_C,,,,,,,,,,,
P16422_and_Q8NH51,0.31885869730807403,0.2504475710209691,0.15714853822163344,22.872019077901466,62.752485207100605,-1711.4973730060804,B_C,,,,,,,,,,,
P16422_and_P48146,0.315883377551211,0.25042409935223797,0.18503437365619424,17.992491467576798,58.94617977528087,-1449.3715615673864,B_C,,,,,,,,,,,
P16422_and_Q9HCM4,0.2875938668182051,0.25037651015411566,0.23508103445848508,24.007737104825267,63.80946236559145,-1787.5442535521943,B_C,,,,,,,,,,,
P16422_and_P27815,0.2945131546098141,0.25033441800667255,0.15975040509154187,24.40395913154531,51.39412017167381,-2106.856555457456,B_C,,,,,,,,,,,
P16422_and_Q92597,0.3092341174949806,0.25030969627213995,0.2653123176415788,20.900783475783463,69.62447368421056,-1759.8536045995015,B_C,,,,,,,,,,,
P16422_and_P31947,0.3143059144136845,0.25023232676471013,0.1356131754900209,18.258385093167707,64.81167701863355,-1668.6808396431957,B_C,,,,,,,,,,,
P16422_and_Q86X27,0.2830691539903822,0.25020482377770087,0.15955868265677176,21.95208333333333,65.37369318181817,-1908.256160466779,B_C,,,,,,,,,,,
P16422_and_P04233,0.2987271058593085,0.25013152896816937,0.12464128284580674,16.46908866995073,57.404354838709665,-1167.235818429308,B_C,,,,,,,,,,,
P16422_and_P0DTL4,0.3316205490338192,0.25012365210352755,0.09815245716277128,17.990786516853944,51.97821705426356,-1182.458740405151,B_C,,,,,,,,,,,
P16422_and_O00264,0.3185097425115767,0.2500184182559296,0.08660963795693093,16.013179916317977,64.53977272727273,-881.0844764093677,B_C,,,,,,,,,,,
P16422_and_A6NF89,0.31930073382576196,0.2500164740238441,0.1776416652862935,20.201196172248817,65.93100775193797,-1466.9156338062785,B_C,,,,,,,,,,,
P16422_and_O43915,0.2902587174489386,0.25000980790933675,0.16388868193627001,20.19795486600846,48.42752873563217,-1192.9604776293345,B_C,,,,,,,,,,,
P16422_and_A0A1B0GX49,0.33563166796647387,0.24994959327111402,0.16113234924205214,16.86772300469482,65.93040650406503,-760.3491092565328,B_C,,,,,,,,,,,
P16422_and_O75787,0.3061291052912348,0.24992592816462925,0.21383572127045594,19.797052845528473,72.33205673758866,-1625.6073481017247,B_C,,,,,,,,,,,
P16422_and_Q8NH56,0.31814685103457013,0.24989780850353172,0.16054634675736584,20.06780366056574,62.68134146341462,-3956.1783482392707,B_C,,,,,,,,,,,
P16422_and_O15123,0.2801351541308288,0.2498663441474968,0.3973861217190574,23.138051282051308,70.40278301886795,-1871.8463107881398,B_C,,,,,,,,,,,
P16422_and_Q8NGN3,0.317344720600906,0.24980773738792345,0.11547653841162979,19.651381909547748,62.759212598425194,-2463.1825946396657,B_C,,,,,,,,,,,
P16422_and_P10997,0.3440046511381573,0.2497944199523842,0.08810953671201255,15.33243055555556,37.5826845637584,-423.3582461448241,B_C,,,,,,,,,,,
P16422_and_P11215,0.30954004219832254,0.24978072416883207,0.2069483456891374,24.407943925233695,38.52570621468928,-4411.514842146731,B_C,,,,,,,,,,,
P16422_and_P47710,0.32090679545961776,0.2497633693036207,0.1318916683333121,16.67296686746988,51.871329479768775,-1117.8526178927132,B_C,,,,,,,,,,,
P16422_and_P05408,0.3137248409953878,0.24966362345517007,0.08143136489105698,17.600981873111827,43.64268571428572,-1213.095258118552,B_C,,,,,,,,,,,
P16422_and_Q8N6F1,0.3146071916505294,0.24963582959574726,0.11589341013128318,17.18270348837211,45.38555555555558,-1283.3278215610117,B_C,,,,,,,,,,,
P16422_and_Q08462,0.319849861081436,0.24957914637093886,0.1280078537807127,23.929815100154077,61.02416184971101,-13927.68299642969,B_C,,,,,,,,,,,
P16422_and_Q6SPF0,0.2766561259159118,0.2495222765202702,0.13093867819283272,20.474718196457317,59.82731428571429,-2084.095293795297,B_C,,,,,,,,,,,
P16422_and_Q8NGG5,0.32020745885185387,0.24943233224925723,0.20552727818769717,20.725466666666673,68.98319672131149,-1341.954827517705,B_C,,,,,,,,,,,
P16422_and_Q9C0K1,0.28098747130219226,0.2494039352541514,0.1457748365584346,23.21174402250352,61.7382142857143,-2051.2234100897276,B_C,,,,,,,,,,,
P16422_and_Q14289,0.27704124866898977,0.2493885337341323,0.06029934012278802,26.31581508515815,40.74496598639457,-2349.3966723946287,B_C,,,,,,,,,,,
P16422_and_P15391,0.282846375145567,0.24938251009365753,0.1731641181209049,22.014327485380107,57.59991701244812,-1147.8445590655028,B_C,,,,,,,,,,,
P16422_and_Q9UL52,0.32589612752747793,0.24933735289434955,0.4037404963584472,19.86894171779143,61.50626315789473,-3055.0000658116974,B_C,,,,,,,,,,,
P16422_and_P50406,0.3009255936321159,0.2493349676002078,0.12997681054996738,21.519679633867263,64.15750000000001,-2095.1043161756734,B_C,,,,,,,,,,,
P16422_and_P40189,0.2953617588881707,0.24933146314881285,0.10836760854941821,26.613535911602202,62.03062015503878,-11690.892987617997,B_C,,,,,,,,,,,
P16422_and_Q8TAX9,0.30246203473995653,0.2492978798273055,0.05666992640141105,18.355844155844174,50.52275641025643,-1808.4419195328464,B_C,,,,,,,,,,,
P16422_and_P04196,0.296145474145138,0.24927196786132208,0.13601350337723925,21.356026365348406,64.47777777777779,-2823.0583027417524,B_C,,,,,,,,,,,
P16422_and_P49765,0.31207086883154983,0.24921833377933403,0.09945609275184067,15.895024271844674,49.81172413793105,-1020.2498853834277,B_C,,,,,,,,,,,
P16422_and_P01116,0.3190279767784416,0.2492082588361022,0.11306638953127543,18.482009925558327,68.79700000000003,-992.6799928745203,B_C,,,,,,,,,,,
P16422_and_P05156,0.33313908592235203,0.24919162012284266,0.3251145787038779,23.069055944055943,59.414755555555566,-1901.445976659501,B_C,,,,,,,,,,,
P16422_and_A0A087WWS6,0.32118096777889205,0.24918264114015798,0.10911507635664078,18.61102620087334,63.097866666666654,-1388.7701656781912,B_C,,,,,,,,,,,
P16422_and_O95813,0.3055832045337544,0.24917114632760096,0.1008018004253543,18.138293650793635,55.699104477611954,-1553.9474412119962,B_C,,,,,,,,,,,
P16422_and_Q96H15,0.2885443932657408,0.2490749217405329,0.11504750364260204,18.429329004329034,64.54050359712235,-1907.4861292457354,B_C,,,,,,,,,,,
P16422_and_Q96GR2,0.3313653170684334,0.2490642492456411,0.22626798106484436,19.2561440677966,59.17293650793649,-1833.5321068586145,B_C,,,,,,,,,,,
P16422_and_O00754,0.35618828905946354,0.2490641655035782,0.41237916788769685,26.38049645390073,64.91056994818653,-8655.532276355463,B_C,,,,,,,,,,,
P16422_and_Q6PI78,0.30534541380898644,0.24905303833854484,0.05763980844010792,19.19943396226415,51.812555555555555,-965.293059874708,B_C,,,,,,,,,,,
P16422_and_Q8IZP1,0.28775372155349205,0.24887261741866898,0.29919427230026546,23.36015169194866,68.07504273504276,-1354.7068529034477,B_C,,,,,,,,,,,
P16422_and_Q6IPX1,0.28775372155349205,0.24887261741866898,0.29919427230026546,23.36015169194866,68.07504273504276,-1354.7068529034477,B_C,,,,,,,,,,,
P16422_and_P46379,0.26141171172259525,0.24887109830070286,0.2701794966619445,24.20031128404667,53.10553435114504,-1675.6162719422864,B_C,,,,,,,,,,,
P16422_and_Q8NH18,0.30736466023526215,0.2488666299843214,0.08118964306591514,20.547643979057618,57.09969325153374,-1759.8060369866162,B_C,,,,,,,,,,,
P16422_and_P16442,0.31295986125162156,0.24882566108887202,0.2636975549728679,18.43610169491529,64.87288343558282,-3064.9687096167386,B_C,,,,,,,,,,,
P16422_and_Q8WV28,0.28088626803913025,0.24874724803834586,0.18690728869185622,20.340026773761714,55.30244897959184,-2606.88095924152,B_C,,,,,,,,,,,
P16422_and_Q5R387,0.32795390161232574,0.2487274398922802,0.053512415713001846,18.786781609195433,52.85699999999999,-637.083283815311,B_C,,,,,,,,,,,
P16422_and_Q8NGX0,0.3182688289748263,0.24865991165526682,0.12979099737900512,18.706813417190766,61.36986301369864,-2215.7800840619657,B_C,,,,,,,,,,,
P16422_and_P22459,0.2709797419196579,0.2486555975228012,0.19171755712331673,23.10535390199641,57.62024691358025,-1954.3786546808715,B_C,,,,,,,,,,,
P16422_and_P07237,0.30445153254490115,0.24864483297321527,0.29465208592457215,23.911913357400703,68.90082969432316,-5353.752983430602,B_C,,,,,,,,,,,
P16422_and_P52569,0.3236345382651361,0.24861014011435517,0.091594940529957,22.913582342954168,51.06732558139537,-4903.246828484086,B_C,,,,,,,,,,,
P16422_and_Q15661,0.31130637817415197,0.24860419882065407,0.2038155913031611,21.486486486486452,62.47261904761906,-605.6944539185567,B_C,,,,,,,,,,,
P16422_and_Q8WVF2,0.3274061125146972,0.24858940841203225,0.11593769457981255,17.761304347826076,48.5234188034188,-694.3362790593819,B_C,,,,,,,,,,,
P16422_and_Q5JQS5,0.3174187314945782,0.24857990319529227,0.14676760733800384,18.55757918552035,61.32532846715331,-1834.0169576304108,B_C,,,,,,,,,,,
P16422_and_Q9BZJ8,0.29780943614921157,0.2485767458732206,0.3760384046617786,23.79685886402758,53.96884892086332,-1411.583471498394,B_C,,,,,,,,,,,
P16422_and_O14939,0.3525963663443544,0.24854535910174397,0.1702284353988123,24.25615015974438,55.89829145728644,-4588.336841462089,B_C,,,,,,,,,,,
P16422_and_Q9GZY6,0.30377693966005015,0.24849328917986835,0.06994363396310181,17.778966789667894,42.23467153284669,-1654.3607544676124,B_C,,,,,,,,,,,
P16422_and_O95832,0.31582871710574495,0.24846474394366486,0.13182358107235564,17.982780082987542,42.13520958083835,-1047.868239431924,B_C,,,,,,,,,,,
P16422_and_Q8TAA1,0.31290657025736823,0.24843986688525188,0.07845703082083502,15.28806262230919,41.695179856115125,-5014.72885150135,B_C,,,,,,,,,,,
P16422_and_P04090,0.3174939968130658,0.2484288945814599,0.06463541906476954,15.074251497005998,47.74858585858585,-865.2370584934761,B_C,,,,,,,,,,,
P16422_and_P11166,0.329131881798585,0.2484004766508383,0.15457226833295135,23.134546925566347,61.17675977653633,-2694.9032989747575,B_C,,,,,,,,,,,
P16422_and_P28335,0.29219802236675574,0.24835375960167108,0.19212760983462895,23.02828025477706,62.59821596244136,-3482.7157849508985,B_C,,,,,,,,,,,
P16422_and_Q9NSA1,0.31079365275804555,0.24828513304269623,0.14210284010396426,19.818548387096794,55.885086705202305,-2538.311682596581,B_C,,,,,,,,,,,
P16422_and_O95841,0.28258822229304237,0.24828353984994947,0.1124115244014765,21.682589285714265,61.6737222222222,-8738.668419045069,B_C,,,,,,,,,,,
P16422_and_Q96DN2,0.26153259585631705,0.2482741452835676,0.1201349114610444,23.687198067632853,40.56227272727273,-2975.9149604414997,B_C,,,,,,,,,,,
P16422_and_A0JD36,0.3347910676510241,0.24824593026137942,0.15253008618397296,15.933478260869565,66.92220338983049,-993.6226318409164,B_C,,,,,,,,,,,
P16422_and_Q96IF1,0.2747377315400989,0.24818732409890057,0.21186687825791714,22.270107794361525,52.13211764705882,-2233.8301703668258,B_C,,,,,,,,,,,
P16422_and_Q96EP9,0.29281036961527773,0.24816933525701296,0.18786001046225678,22.85060810810811,62.20263959390869,-1887.5637602988681,B_C,,,,,,,,,,,
P16422_and_P47898,0.3058608279603148,0.24813019667981343,0.09182770612147453,22.38905263157897,59.407552447552476,-2057.528116641953,B_C,,,,,,,,,,,
P16422_and_O14641,0.2676923557903726,0.2480587083589889,0.33315124730770374,23.004999999999967,61.44842105263156,-1284.8374266285537,B_C,,,,,,,,,,,
P16422_and_P17948,0.2676163184782918,0.2480433897189821,0.09044042614605859,28.02141089108911,62.92738853503185,-8561.543368628561,B_C,,,,,,,,,,,
P16422_and_P10321,0.29661669407238134,0.24800940503472899,0.22149597748298738,22.633920704845835,53.86773584905661,-5170.585338567078,B_C,,,,,,,,,,,
P16422_and_Q7Z2D5,0.2692009753107986,0.24796704478953444,0.18189546561700892,24.08568281938328,58.89543478260867,-2365.9295897911215,B_C,,,,,,,,,,,
P16422_and_P01213,0.3031655427460954,0.24795270531591312,0.06368025583554736,16.66233644859814,48.242447552447565,-451.2893569441003,B_C,,,,,,,,,,,
P16422_and_A6NJW9,0.3140241852812171,0.2479448829451872,0.172915180225209,17.195341614906848,60.77900709219858,-483.6174907489017,B_C,,,,,,,,,,,
P16422_and_Q9H1Y3,0.3026040646809771,0.24792207037575123,0.09223851331305556,20.003671706263507,53.931463414634145,-1610.7443910555367,B_C,,,,,,,,,,,
P16422_and_P14778,0.2726970265873796,0.24784813549361392,0.07451797556836137,24.460918114143926,66.57464705882353,-4382.787275278505,B_C,,,,,,,,,,,
P16422_and_Q8TE54,0.3180511047386261,0.2477922695009243,0.12128065220025838,21.726931106471817,65.01958041958042,-2737.7989159175886,B_C,,,,,,,,,,,
P16422_and_Q9HBX9,0.314277781467225,0.2477622910739056,0.43936209585411873,25.60507088331517,52.54197424892705,-5733.252180690619,B_C,,,,,,,,,,,
P16422_and_O95622,0.3133137133401578,0.24766687056457906,0.10035567877018989,25.691382765531067,61.95587878787878,-6137.314767501697,B_C,,,,,,,,,,,
P16422_and_Q8NGG7,0.31575305723494856,0.2476467859544172,0.14367276326223,18.979158110882942,64.86072463768116,-3747.2572400254685,B_C,,,,,,,,,,,
P16422_and_Q9BY10,0.3025225416418511,0.24762678286961656,0.1172637365281256,20.581630971993388,52.58111111111109,-3786.655478435262,B_C,,,,,,,,,,,
P16422_and_P01880,0.28252776140247365,0.24761726792401925,0.20235204621509867,24.327833001988065,49.99526530612248,-7192.0840014329515,B_C,,,,,,,,,,,
P16422_and_Q9BWV1,0.27200206502282437,0.2475932374001684,0.2614798203070514,25.08610465116282,55.066085106382964,-4474.567703747889,B_C,,,,,,,,,,,
P16422_and_O15294,0.3362060639681388,0.2475890825623474,0.307145931303026,25.738958990536243,58.632899408284054,-5299.790687843969,B_C,,,,,,,,,,,
P16422_and_Q53EL9,0.27067024249429356,0.24757969409189512,0.12210757748817852,25.48983903420522,52.55570680628271,-2556.9330176539006,B_C,,,,,,,,,,,
P16422_and_O15552,0.3127029794472528,0.24755174259224894,0.057091747295654,19.877948717948726,50.61279069767443,-1403.1478788986972,B_C,,,,,,,,,,,
P16422_and_A0A0C4DH25,0.3328108835337211,0.24753469457835506,0.13767946544477755,17.63346693386774,64.83025316455699,-1483.5373140341112,B_C,,,,,,,,,,,
P16422_and_Q8NDX9,0.3180984295330866,0.24747726477526316,0.061384998874069216,17.471901709401713,50.363378378378385,-986.6247828149171,B_C,,,,,,,,,,,
P16422_and_Q902F9,0.300383122715704,0.2474552256776488,0.1426382739297644,23.766750841750834,57.098636363636366,-4318.803207894591,B_C,,,,,,,,,,,
P16422_and_A2IDD5,0.28440709592478663,0.247427539628027,0.0641556630931293,17.79933333333334,50.85966666666666,-1187.1524640100833,B_C,,,,,,,,,,,
P16422_and_A6NFQ2,0.34667573201889024,0.2472779604788934,0.09325233537998441,26.563480392156883,60.535764705882364,-9518.125998336094,B_C,,,,,,,,,,,
P16422_and_P35348,0.2963164998515609,0.2472654725669129,0.2415786020341302,20.7397186147186,56.959668246445496,-2096.3817938634966,B_C,,,,,,,,,,,
P16422_and_Q8IVM8,0.33024670724360006,0.24725013071311364,0.19851091032324675,19.9989811912226,59.01857988165681,-3276.217541209438,B_C,,,,,,,,,,,
P16422_and_Q8NH40,0.31438684620525026,0.24719399773102346,0.15442704301466795,20.346296296296295,68.25877862595419,-1866.4938814620052,B_C,,,,,,,,,,,
P16422_and_P05981,0.322865521410612,0.2471581139799814,0.401397126745974,21.409647979139542,62.183553299492374,-3824.2312578258247,B_C,,,,,,,,,,,
P16422_and_Q8NH19,0.31807536287190735,0.24708550305370108,0.12023225079244655,19.36876574307303,65.5873015873016,-1963.8753286709536,B_C,,,,,,,,,,,
P16422_and_P56750,0.3116876235368007,0.24708509108146015,0.06982565779048212,16.973345935727806,53.87222972972971,-1195.9145713306825,B_C,,,,,,,,,,,
P16422_and_Q9Y446,0.2968268662391405,0.2469757297506868,0.6463297994012532,27.01060606060604,75.64263636363638,-9006.104035969382,B_C,,,,,,,,,,,
P16422_and_Q8WTR8,0.28468888557996064,0.24695188138567917,0.13760590462351174,20.907157894736855,66.6542142857143,-1261.4676635091791,B_C,,,,,,,,,,,
P16422_and_O43306,0.32032128346686817,0.24692351351557018,0.22503318442130738,25.351834862385317,64.09057324840762,-9598.020891945605,B_C,,,,,,,,,,,
P16422_and_P20337,0.3122581399131127,0.24691626059087204,0.0949017027174727,18.949699398797595,64.63405063291141,-901.9842032049619,B_C,,,,,,,,,,,
P16422_and_Q8NGB6,0.31005811295568037,0.24690972834051525,0.1837274273603191,20.86521418020681,60.97385474860334,-3581.4187708251566,B_C,,,,,,,,,,,
P16422_and_Q9HC57,0.30546478145885897,0.246840908897708,0.19575952885357573,19.595398773006163,60.77702564102562,-501.37714425436207,B_C,,,,,,,,,,,
P16422_and_Q8NGV6,0.3148159884587413,0.24681466145667932,0.15321484571895477,20.869284064665134,65.30772727272725,-2886.2199836375785,B_C,,,,,,,,,,,
P16422_and_Q8TDB8,0.3237069022513922,0.24678971629709137,0.21908639262435808,23.99748822605965,59.01872928176796,-4434.961809529245,B_C,,,,,,,,,,,
P16422_and_Q6N075,0.33046387786280185,0.24672387508533378,0.054801270387207696,19.549032258064518,52.34898148148147,-4875.0670717257935,B_C,,,,,,,,,,,
P16422_and_Q9BX59,0.3107668664191967,0.24668713510248597,0.4403850967402952,24.50433884297518,55.95061983471076,-2365.2820692118476,B_C,,,,,,,,,,,
P16422_and_Q5T0N5,0.2766179401569705,0.24668563605798496,0.07340199980674643,21.725671140939614,57.326640625,-2266.53707037562,B_C,,,,,,,,,,,
P16422_and_Q8NGI2,0.31832530234713996,0.24666965129912774,0.19958920318535167,20.71365422396856,69.7133103448276,-2707.7475007080143,B_C,,,,,,,,,,,
P16422_and_O76027,0.3177525441389413,0.24654035429290438,0.10290208011336785,21.005273833671403,63.798479532163746,-1272.058413166703,B_C,,,,,,,,,,,
P16422_and_Q8IZA0,0.25870713977676296,0.2464870897227689,0.2872029203470926,25.441913214990116,71.26586466165412,-3040.826310491473,B_C,,,,,,,,,,,
P16422_and_Q13639,0.30761793082167377,0.24641916542719652,0.15583051784937627,23.142043399638347,60.890960451977435,-3301.920022784684,B_C,,,,,,,,,,,
P16422_and_Q8NHC8,0.3188579289760362,0.24621948130827578,0.1093246931011197,18.421919770773645,64.73128205128202,-2257.4294395952566,B_C,,,,,,,,,,,
P16422_and_P04435,0.33301628331216737,0.24620303179061617,0.09417998795973978,19.46467780429592,60.769921259842526,-1052.5272822166335,B_C,,,,,,,,,,,
P16422_and_P25929,0.2989562233151335,0.2462008863216329,0.21176716034845014,21.40510752688169,58.69035532994925,-1256.954313758235,B_C,,,,,,,,,,,
P16422_and_P09471,0.31934488793118837,0.24619832787846108,0.17666455932396247,17.654568527918762,72.27779527559052,-3740.6337925788102,B_C,,,,,,,,,,,
P16422_and_Q9NSD7,0.3005322972421457,0.24618137103434867,0.2774418788695114,24.430772811918114,59.261713147410326,-1685.3738752826457,B_C,,,,,,,,,,,
P16422_and_P29474,0.31207197758108773,0.24611289046980847,0.1278270707416823,25.623583569405085,47.33427966101697,-5446.357410855402,B_C,,,,,,,,,,,
P16422_and_P08138,0.2806965419517661,0.24603542241151719,0.11713340775328614,22.08199513381993,59.403720930232566,-2205.9022122434535,B_C,,,,,,,,,,,
P16422_and_Q9H159,0.2754787697801795,0.24603053975664949,0.07267981998433824,22.149141221374016,59.50195121951216,-1656.2399438719513,B_C,,,,,,,,,,,
P16422_and_Q96P66,0.29051023764187706,0.24600263874854125,0.13902207954637733,22.428426051560393,58.80341584158413,-2452.4591351171275,B_C,,,,,,,,,,,
P16422_and_P40818,0.278205590654375,0.24599282627232041,0.16139642458132158,23.826622137404595,66.10645348837207,-4865.680702977981,B_C,,,,,,,,,,,
P16422_and_P53985,0.31552635668477474,0.24598262014682895,0.14277993157070573,23.164150943396216,65.36008333333334,-3792.280846346961,B_C,,,,,,,,,,,
P16422_and_Q8NG97,0.31719712393916905,0.24594408869958545,0.10048631207317935,18.65232843137256,68.52917293233084,-3237.833719653284,B_C,,,,,,,,,,,
P16422_and_P48546,0.292633666837362,0.24591759024788074,0.10191360130644214,24.06763668430336,56.95776699029126,-2344.0174647353874,B_C,,,,,,,,,,,
P16422_and_Q8NH08,0.3127653589281462,0.24583577622282493,0.17332413983256706,21.27588339222615,62.39339622641509,-1352.7855458688446,B_C,,,,,,,,,,,
P16422_and_O00622,0.2876353607582706,0.2458255954046774,0.1417028204975552,20.57167216721669,55.05259259259254,-2437.8018078255154,B_C,,,,,,,,,,,
P16422_and_Q8IVT5,0.26334239225657774,0.2458242589798736,0.3323333821373641,27.922657657657588,62.816569037656876,-4082.070197582885,B_C,,,,,,,,,,,
P16422_and_P00751,0.3018205858747173,0.24582414925314114,0.40793031218194187,24.364857530529175,72.57907608695656,-1048.0165991258764,B_C,,,,,,,,,,,
P16422_and_Q8NAC3,0.26892746924160704,0.24573904053208545,0.14710485767780512,26.597194719471943,54.63205714285718,-5223.689646171137,B_C,,,,,,,,,,,
P16422_and_P01833,0.30478655245900227,0.24573628197001332,0.30874189570216193,24.472466960352403,66.887949790795,-4692.2856522371185,B_C,,,,,,,,,,,
P16422_and_Q9NPG4,0.2800569713258847,0.2457144996742512,0.07053194421972517,26.150522648083637,63.6065441176471,-2542.4107063306,B_C,,,,,,,,,,,
P16422_and_Q9BQ08,0.33264409829441655,0.24571391280248536,0.10311421389978419,14.833894230769236,51.153474576271186,-1366.8248303551977,B_C,,,,,,,,,,,
P16422_and_O95969,0.33914438389371054,0.2457034037899824,0.08013446955625611,18.388781163434906,47.19348623853212,-692.2131629851647,B_C,,,,,,,,,,,
P16422_and_Q8NGL2,0.316238973933507,0.24568693782149773,0.16023799348188825,20.137558139534896,68.68458646616543,-2039.008614243264,B_C,,,,,,,,,,,
P16422_and_P32247,0.295559388429229,0.2455844636443227,0.16468832708554407,23.704451612903256,59.595588235294144,-2192.9273908670366,B_C,,,,,,,,,,,
P16422_and_Q8NGF8,0.31110217663613815,0.24551100147381544,0.17278526455058277,23.19807370184252,65.32299999999994,-2836.680419521219,B_C,,,,,,,,,,,
P16422_and_Q96P65,0.30650194321224267,0.24545583515837646,0.29939122732812046,20.429321808510625,59.95753768844221,-12333.11603271263,B_C,,,,,,,,,,,
P16422_and_Q2VPA4,0.2689931787612286,0.24541666462372788,0.10496141340657544,22.201133144475914,62.455564516129016,-3167.463290731357,B_C,,,,,,,,,,,
P16422_and_O95661,0.31156983622654943,0.245406971021726,0.08144525128588179,18.680324400564142,50.407977528089894,-1051.2977798505162,B_C,,,,,,,,,,,
P16422_and_Q9HBT6,0.28009505231269655,0.24538514682055285,0.25700499537315796,25.18992890995258,55.76036082474226,-3182.9905095565337,B_C,,,,,,,,,,,
P16422_and_P58418,0.30706199761657016,0.24537524512209005,0.1728687920540026,18.503578732106348,56.135703703703705,-5606.663866402325,B_C,,,,,,,,,,,
P16422_and_Q6IEZ7,0.3152127954284718,0.2453123595125526,0.15355134379653096,19.22394014962594,67.10763779527561,-3011.9305860794248,B_C,,,,,,,,,,,
P16422_and_P31645,0.3232977157685858,0.2452524045673415,0.25518226135617494,24.335637663885525,60.746930232558164,-5558.326476444316,B_C,,,,,,,,,,,
P16422_and_Q6P9H4,0.2728706867142485,0.24518282144002307,0.2129388093499874,23.85490375802019,58.449148936170175,-2408.752806231587,B_C,,,,,,,,,,,
P16422_and_Q96N96,0.2854421586807593,0.24514838251665377,0.17077277666809107,21.899602543720224,59.016629213483164,-1002.3032493726023,B_C,,,,,,,,,,,
P16422_and_Q92956,0.29358575006664706,0.24514024248026425,0.16771261066212073,21.397951582867815,57.899774436090205,-9207.996519305212,B_C,,,,,,,,,,,
P16422_and_A8MWY0,0.29827610324557774,0.24505908773922863,0.14770171116769332,26.174655963302694,57.06241666666668,-3672.855313373084,B_C,,,,,,,,,,,
P16422_and_P81274,0.29200316371690604,0.24504575495603853,0.14004512602095584,25.55457433290978,55.89216101694916,-1319.3202652370746,B_C,,,,,,,,,,,
P16422_and_Q13304,0.30567160236769786,0.24503212470379998,0.12567682631726193,21.7846507352941,51.500062111801235,-1777.6376974305617,B_C,,,,,,,,,,,
P16422_and_Q0D2K0,0.2975427668919548,0.24498383441220098,0.10135102869988068,20.134135472370765,51.80993827160494,-2169.426708300734,B_C,,,,,,,,,,,
P16422_and_Q5UAW9,0.30544602405061816,0.24493787676807918,0.10998173197088695,17.550700280112075,44.85080357142858,-930.5879864207545,B_C,,,,,,,,,,,
P16422_and_Q8WUG5,0.31246149021350966,0.24492703278668357,0.08087307903310598,25.186200000000003,57.87182389937107,-3229.92832377621,B_C,,,,,,,,,,,
P16422_and_Q96JW4,0.30608850894000916,0.2448944659294455,0.15450062895315544,23.52913616398243,53.866145251396645,-3159.069870946074,B_C,,,,,,,,,,,
P16422_and_Q8NFF2,0.3002052108386661,0.2448690045862448,0.04426064183833991,23.501923076923056,51.37658227848102,-2542.5320926228196,B_C,,,,,,,,,,,
P16422_and_Q96P44,0.2783425937472057,0.2448604547679225,0.2985447562269511,22.96233993015136,66.43879227053134,-13249.597356075396,B_C,,,,,,,,,,,
P16422_and_Q92484,0.3289855232579675,0.24485800223383025,0.2352374473322149,20.77373646209389,60.18662983425413,-5418.039325836422,B_C,,,,,,,,,,,
P16422_and_P49146,0.29967659337930574,0.2447843151912541,0.21759951706823638,20.77418524871357,52.590857142857175,-1935.4458136069816,B_C,,,,,,,,,,,
P16422_and_Q86XS5,0.2871702560804271,0.24477836984471762,0.2575493300190282,22.168694362017806,69.46093922651933,-6044.464439026457,B_C,,,,,,,,,,,
P16422_and_P55058,0.32078537713889566,0.2447620950353381,0.25530233631855387,18.140556492411488,55.92055555555555,-961.4896753866988,B_C,,,,,,,,,,,
P16422_and_Q8NGZ9,0.31657311825526896,0.24475849264883212,0.20360167749128258,19.07168141592919,67.34703703703705,-6587.249249810622,B_C,,,,,,,,,,,
P16422_and_O76082,0.32174142044475473,0.24472667115752894,0.20686497467484036,24.670500782472587,52.16640522875815,-2243.6262646975624,B_C,,,,,,,,,,,
P16422_and_P17405,0.32406207799119763,0.24471680794347,0.14650997757626752,23.31586314152408,58.63765624999999,-19633.69346039449,B_C,,,,,,,,,,,
P16422_and_P35367,0.2885938428912356,0.24470800406650683,0.10164836564602167,22.180352644836308,63.895362318840576,-1900.975959152216,B_C,,,,,,,,,,,
P16422_and_P11169,0.32402912992206223,0.24466910464678696,0.1952982860492055,23.491314553990584,60.34281767955801,-2752.2244388591666,B_C,,,,,,,,,,,
P16422_and_A0A3B3IS91,0.2993351481903659,0.24463517513377528,0.07607174427445006,16.737229862475438,41.089765625,-1616.4530163443123,B_C,,,,,,,,,,,
P16422_and_P10720,0.33403000616456197,0.24456026897061883,0.09118868230861457,16.701140684410646,47.69284671532848,-2203.70217717754,B_C,,,,,,,,,,,
P16422_and_Q8NGR2,0.3072552473305085,0.2445566865306674,0.09026804398138388,21.974561403508783,61.43646616541353,-1004.5955203963481,B_C,,,,,,,,,,,
P16422_and_Q9Y240,0.2868690123244103,0.2444960652203058,0.163565049269547,23.34723707664882,60.09621118012422,-4824.589565713276,B_C,,,,,,,,,,,
P16422_and_P30954,0.312779590489781,0.2444919098283094,0.1486750138562665,20.080285035629444,62.87999999999997,-1880.0387789781505,B_C,,,,,,,,,,,
P16422_and_P49019,0.2987323233444905,0.244448633839027,0.08690341946074599,21.207605633802803,50.35196261682242,-5036.32236723324,B_C,,,,,,,,,,,
P16422_and_A6NM03,0.316001416525348,0.24443914980410292,0.15256943455344682,19.1816831683168,64.08937931034484,-3915.157778338561,B_C,,,,,,,,,,,
P16422_and_Q92729,0.2820114681682051,0.24435922016018757,0.05359637181808416,27.695625,56.48751724137932,-3559.5819501472724,B_C,,,,,,,,,,,
P16422_and_P20783,0.30308042220766807,0.2443458652099808,0.08338595314279956,20.24937500000001,63.76748387096774,-15224.480774915526,B_C,,,,,,,,,,,
P16422_and_P35326,0.3430728422078963,0.24430695441780165,0.05570278351755935,16.266986301369858,32.85898148148147,-1144.7226874447506,B_C,,,,,,,,,,,
P16422_and_P09429,0.3056420539699014,0.2441800514304523,0.1280248130948771,19.64137500000001,58.18142857142857,-1285.2315207591505,B_C,,,,,,,,,,,
P16422_and_Q9GZV7,0.31071246103282,0.24415959745803947,0.2866866017747235,20.794981412639437,64.56209756097562,-2229.2252695287298,B_C,,,,,,,,,,,
P16422_and_P58180,0.3120202517797226,0.2441249857902139,0.16586099944537502,19.753156822810595,62.421148648648646,-4266.0868359404985,B_C,,,,,,,,,,,
P16422_and_Q9Y258,0.3363284716118331,0.24400794986972296,0.07764824175341797,15.557591623036645,53.943826086956506,-1197.3834254812878,B_C,,,,,,,,,,,
P16422_and_A0A5B0,0.33119821352895856,0.24388784407744324,0.14072335116418527,20.29216867469879,61.600928571428554,-482.72977117191886,B_C,,,,,,,,,,,
P16422_and_P34096,0.32408045692784854,0.24386065806421575,0.15723005749241334,19.87352297592999,66.65840579710144,-1475.0561111187892,B_C,,,,,,,,,,,
P16422_and_Q8NGY3,0.3052107330128566,0.24385011546106589,0.16120451475180542,19.84570135746604,64.64610294117647,-3001.822965989902,B_C,,,,,,,,,,,
P16422_and_P10451,0.2905343077576402,0.24376087456180626,0.07896629381593423,15.546482412060309,41.3300787401575,-967.1581683228869,B_C,,,,,,,,,,,
P16422_and_Q8NGI9,0.3097118671684971,0.24371234837620506,0.17897027300760504,21.295142857142864,66.26794285714288,-1160.8057871652982,B_C,,,,,,,,,,,
P16422_and_A0A1B0GX95,0.3307010217549473,0.24371165099823577,0.08649556936351906,19.48211845102508,60.13453846153846,-561.1736971317696,B_C,,,,,,,,,,,
P16422_and_Q8N7Q2,0.31635263516054124,0.24367635290879197,0.06714481910295883,18.881681514476618,45.60411214953267,-1518.0579697958747,B_C,,,,,,,,,,,
P16422_and_Q6P1S2,0.30082357637854146,0.24358634286407913,0.10171409530561357,20.922019077901417,54.647806451612915,-1649.6203008340453,B_C,,,,,,,,,,,
P16422_and_Q8NGG3,0.3070102382876373,0.24358157812542502,0.14780097567832667,20.682679738562097,65.97649999999997,-2658.3837305568236,B_C,,,,,,,,,,,
P16422_and_Q6PJW8,0.26130422550919363,0.24357659140872917,0.0954615188394103,20.78211845102502,35.350325203252034,-6996.1556359986425,B_C,,,,,,,,,,,
P16422_and_Q96GS6,0.30891117251347905,0.2435341294896491,0.13693384982461687,20.328441754916806,63.01421686746987,-1498.291637291421,B_C,,,,,,,,,,,
P16422_and_Q8NGX1,0.3120273227849324,0.24347744899573187,0.17403763019894397,20.24522613065325,67.9936641221374,-1613.0535469423144,B_C,,,,,,,,,,,
P16422_and_Q9UI40,0.29171016686787965,0.24347138329950052,0.24219808821201302,22.663070283600543,61.45579908675796,-4675.184684693208,B_C,,,,,,,,,,,
P16422_and_A6NDS4,0.2833182765886793,0.2434640108576376,0.33149926855588246,23.605326460481113,69.23591489361702,-2284.448613794484,B_C,,,,,,,,,,,
P16422_and_Q5GH76,0.29270906733710084,0.24346215978859714,0.1183042578893541,23.848681318681287,50.34678733031673,-4714.005982675473,B_C,,,,,,,,,,,
P16422_and_P61952,0.3430246874864201,0.2433899696838088,0.061178669318759496,14.398381294964036,40.77317073170733,-912.7795373849222,B_C,,,,,,,,,,,
P16422_and_P01160,0.3197808901995256,0.24337761965151855,0.14451476225703577,14.70731292517007,34.25335664335665,-1777.9007777642892,B_C,,,,,,,,,,,
P16422_and_Q92563,0.2799379840131461,0.24336843191571705,0.18862769326119314,22.09987421383648,58.21236453201968,-1133.3768059959912,B_C,,,,,,,,,,,
P16422_and_O00212,0.3124559046434752,0.24328753141680876,0.08327732371626455,18.769572368421027,66.18717948717949,-1445.371556858252,B_C,,,,,,,,,,,
P16422_and_Q8NG80,0.31602215542552714,0.2432629145766061,0.14563429592498392,19.91224226804124,67.04440944881888,-2643.0616872210157,B_C,,,,,,,,,,,
P16422_and_Q9H207,0.31210897120050873,0.24323832525921046,0.1541762479403314,20.416227180527383,64.3244827586207,-4244.528524149025,B_C,,,,,,,,,,,
P16422_and_Q8IVJ1,0.3114590581860599,0.2431945442313987,0.23530979521035986,24.56433990895299,60.019589743589705,-2785.9802396454115,B_C,,,,,,,,,,,
P16422_and_P59537,0.3094572525743621,0.2431783512873101,0.14301143414058906,21.43516949152543,58.70209150326797,-3410.7608631726016,B_C,,,,,,,,,,,
P16422_and_O14525,0.28167490771125475,0.24314762724805628,0.2314446767351663,25.020979020978995,48.67668831168831,-5135.285079673937,B_C,,,,,,,,,,,
P16422_and_Q6IEV9,0.3127370732971674,0.24313484783980685,0.1320354970258025,19.693078758949884,59.74283582089555,-3925.595617567018,B_C,,,,,,,,,,,
P16422_and_Q8NH72,0.3123423175378889,0.24310028003986572,0.14148268815521045,19.108700000000006,61.34317241379308,-4031.282143095076,B_C,,,,,,,,,,,
P16422_and_P12110,0.25697779181250957,0.2430847594337072,0.13164575854497476,24.439022369511157,52.51828671328668,-2859.3583807524556,B_C,,,,,,,,,,,
P16422_and_Q8NGC0,0.300690688785895,0.24303596958375795,0.1391825054925548,22.759221658206446,62.01123456790122,-1193.6414484780767,B_C,,,,,,,,,,,
P16422_and_A0A2R8YED5,0.31500784318938324,0.24303439815779004,0.11368288529535675,18.738461538461543,65.82252032520327,-2459.6040967436743,B_C,,,,,,,,,,,
P16422_and_Q6PP77,0.3152901436275924,0.24302121367809884,0.23988593463727742,23.023664122137404,60.780888888888875,-3657.8888315534623,B_C,,,,,,,,,,,
P16422_and_A0A075B6T8,0.33045296442587485,0.24293222236273695,0.09791942710966528,19.66028446389498,62.88146153846153,-1813.7967131232408,B_C,,,,,,,,,,,
P16422_and_P32248,0.298093506384345,0.24292289070581705,0.08727784981844976,22.438054187192098,61.22233576642336,-4031.4701489401714,B_C,,,,,,,,,,,
P16422_and_Q8WXD0,0.3120866819355733,0.24288589204619995,0.06265653145790061,24.827904328018242,42.823954802259884,-4924.350334892517,B_C,,,,,,,,,,,
P16422_and_Q8WY07,0.3257365093173099,0.24281875357136787,0.13222330102731106,22.843012422360253,56.300408163265324,-3050.790362891754,B_C,,,,,,,,,,,
P16422_and_P49758,0.2779135594503641,0.24280559024270504,0.18710663568708374,20.887478991596616,64.81329268292684,-1732.7402135121101,B_C,,,,,,,,,,,
P16422_and_P80108,0.3438681929344479,0.24276648109837762,0.1429147530492828,23.999245852187013,55.95327683615822,-5465.288421315614,B_C,,,,,,,,,,,
P16422_and_Q8N4F4,0.3218473872741586,0.24274836935269772,0.17999652197922605,23.849135802469096,62.919138755980896,-3200.8923874516763,B_C,,,,,,,,,,,
P16422_and_O60755,0.29827877174102446,0.2427342026586562,0.23698673077947305,20.40509745127438,65.91855555555559,-1923.5798032595003,B_C,,,,,,,,,,,
P16422_and_Q9H299,0.33421709015485024,0.24272923777774896,0.10592393866954414,18.620347003154574,58.9107920792079,-1537.9089189263218,B_C,,,,,,,,,,,
P16422_and_Q08431,0.28337668575655617,0.24271427894409017,0.32875809758614266,21.840509915014188,70.34231884057972,-1243.8316738665972,B_C,,,,,,,,,,,
P16422_and_Q6UXB2,0.3301109647524005,0.24265765409223614,0.072967398729532,16.84892857142857,46.852567567567576,-526.3542056855804,B_C,,,,,,,,,,,
P16422_and_Q9Y625,0.3117708924066917,0.2426084368581853,0.21475154244030217,24.19660120845922,59.21627659574469,-3262.3260740586047,B_C,,,,,,,,,,,
P16422_and_P16070,0.2613254978490208,0.24260604676118994,0.33257992140880205,24.223466257668733,66.96631578947368,-1964.82187250282,B_C,,,,,,,,,,,
P16422_and_P07911,0.2654542842371716,0.2425772490356831,0.11179488271537188,25.642518248175165,51.50143589743591,-3847.308109610185,B_C,,,,,,,,,,,
P16422_and_O75077,0.31170168079061394,0.2425631369587076,0.21650074646333065,25.157725587144643,59.706208530805704,-14766.012174996707,B_C,,,,,,,,,,,
P16422_and_P14222,0.32459931189552615,0.2425319170556063,0.35175225211414113,22.854825174825205,59.128875739645,-1419.7011846146422,B_C,,,,,,,,,,,
P16422_and_Q6IF82,0.31373795573643914,0.2422777643896707,0.1527418810366134,21.23318345323742,64.82636363636367,-3347.8786807414444,B_C,,,,,,,,,,,
P16422_and_Q13258,0.307264926800093,0.24221884205798527,0.06630659595961519,22.639215686274515,58.658092783505154,-2044.7709631833714,B_C,,,,,,,,,,,
P16422_and_P23229,0.3077076122489076,0.24217643587780624,0.1934627645724709,25.73372966207756,57.39211267605632,-2132.3738669997583,B_C,,,,,,,,,,,
P16422_and_Q9BZA7,0.26251572874797635,0.2421436880515072,0.022588902837225686,29.62999999999998,48.75884615384616,-4688.464123105565,B_C,,,,,,,,,,,
P16422_and_P0DMR2,0.333975006413082,0.2421380966986447,0.03983304934285545,18.191810344827594,44.25511627906976,-2336.777613564029,B_C,,,,,,,,,,,
P16422_and_P36382,0.28675155126158675,0.24212338839049632,0.053967263663468504,19.303225806451632,42.74508771929825,-1672.1208920740464,B_C,,,,,,,,,,,
P16422_and_Q6UX52,0.3001021916815688,0.2421114621968753,0.1253398876825527,17.619626168224308,63.119208633093535,-825.4124414638254,B_C,,,,,,,,,,,
P16422_and_P01566,0.31452042808871783,0.24206438127156552,0.24394444837740198,19.03254113345523,67.20285714285718,-3611.573781563451,B_C,,,,,,,,,,,
P16422_and_Q8N6U8,0.28252031641216485,0.2420470864712185,0.09437373207152462,24.2851886792453,59.834692737430146,-2106.0892499600523,B_C,,,,,,,,,,,
P16422_and_Q14916,0.3239285297803689,0.24204424816946146,0.12476421074573911,23.839506172839506,64.09729032258062,-2339.685369395263,B_C,,,,,,,,,,,
P16422_and_Q9BX79,0.31112943940709825,0.24203466247413602,0.08908437529952314,24.042840375586856,49.25329192546585,-3489.4607950049794,B_C,,,,,,,,,,,
P16422_and_P49286,0.30660337741448984,0.24185536917808215,0.11090986444318555,18.9065934065934,53.879461538461555,-1453.3764216312288,B_C,,,,,,,,,,,
P16422_and_A0A087WSZ9,0.3301350104109769,0.24185073406804045,0.15544970788857504,18.750593824228044,66.89983999999998,-1699.627038307428,B_C,,,,,,,,,,,
P16422_and_P04049,0.2736098276947002,0.2418283767713564,0.21847873459751863,22.589565217391296,68.35940476190474,-914.0320142050041,B_C,,,,,,,,,,,
P16422_and_P56748,0.306853377114328,0.24182027194815983,0.07458234466466812,17.19077669902912,55.557046979865746,-1251.032474635138,B_C,,,,,,,,,,,
P16422_and_P35612,0.268353513579453,0.24181534755314432,0.19882815133524084,21.34832802547771,67.94732142857137,-1350.4088210218652,B_C,,,,,,,,,,,
P16422_and_Q8IVI9,0.28629246403598685,0.24181268067631603,0.09917487590656643,22.02202898550725,63.25230088495579,-1904.8284070729208,B_C,,,,,,,,,,,
P16422_and_Q7Z2H8,0.31797824772777095,0.24181227514306144,0.14425971381808803,21.683988764044948,60.636084656084684,-2016.0645923041234,B_C,,,,,,,,,,,
P16422_and_Q8WZ84,0.31099004873433145,0.24177828971990772,0.1170622314895649,22.246259124087633,63.04538461538459,-1197.9279534808338,B_C,,,,,,,,,,,
P16422_and_Q8TBE1,0.3159027750486786,0.24177638747149577,0.23610398950417888,17.686690647482017,49.6067272727273,-1416.129526226885,B_C,,,,,,,,,,,
P16422_and_P20339,0.31010819414061846,0.24176373347208632,0.1346033506413876,18.30110663983903,60.1674829931973,-1291.590009377028,B_C,,,,,,,,,,,
P16422_and_Q8NGJ1,0.30938021597204457,0.24175644289349718,0.1606034160240712,19.881378026070745,64.6347682119205,-3353.7478479956903,B_C,,,,,,,,,,,
P16422_and_Q5KSL6,0.2950925675197343,0.24169156970304173,0.0940205156041833,23.962427184466048,58.81762237762238,-2719.9319538992786,B_C,,,,,,,,,,,
P16422_and_P02787,0.33576509774958185,0.24167709319415498,0.19880669901990258,26.098657024793386,56.34822784810128,-6980.9843622319295,B_C,,,,,,,,,,,
P16422_and_O95006,0.3118673032360404,0.24159932486515062,0.14553380035764232,21.129886685552407,70.75934959349595,-1286.1498039692538,B_C,,,,,,,,,,,
P16422_and_P19634,0.28958261718866685,0.24157677047988355,0.09248653668891893,24.354999999999983,45.871156069364154,-2626.626394641313,B_C,,,,,,,,,,,
P16422_and_Q6IFH4,0.30571787092551966,0.2415433728521214,0.09604763902452602,19.360393258426956,67.51609756097562,-2085.7216770724026,B_C,,,,,,,,,,,
P16422_and_Q5XXA6,0.3248705222439342,0.24147576646851285,0.05476017187928271,24.01785714285717,58.772222222222226,-5083.566375811044,B_C,,,,,,,,,,,
P16422_and_A6NLE4,0.3117554466504475,0.24146382078638967,0.034991962701167806,18.332439024390258,57.132527472527485,-1095.0771831464526,B_C,,,,,,,,,,,
P16422_and_P22692,0.2940252883495998,0.24146349179091753,0.18163907435160254,23.907114093959706,56.970353535353524,-2981.5186124512547,B_C,,,,,,,,,,,
P16422_and_O00421,0.30166520683674924,0.2414366632969649,0.09453222973731164,20.680235602094214,51.4772,-1352.5840065771145,B_C,,,,,,,,,,,
P16422_and_Q9UBI6,0.34136846992186454,0.24142842022453334,0.07520756907761633,16.422450980392163,37.32547619047619,-1557.6849227964085,B_C,,,,,,,,,,,
P16422_and_Q9NPH5,0.3238251549323065,0.24142461139788696,0.17107162640437173,20.894800884955753,68.05678832116787,-3528.421572111291,B_C,,,,,,,,,,,
P16422_and_Q6E0U4,0.27507468699529664,0.24141885782556505,0.08662095618009406,17.223042704626323,44.66929078014185,-1146.4644744746256,B_C,,,,,,,,,,,
P16422_and_Q9UHF0,0.3274930479816929,0.2412901599445417,0.062076218667205946,13.972769953051655,40.0609917355372,-1322.0317612170256,B_C,,,,,,,,,,,
P16422_and_Q9Y4F9,0.2678817261959817,0.24127596061572568,0.12603639632341965,24.315652951699445,65.19451807228913,-10211.635925194721,B_C,,,,,,,,,,,
P16422_and_A0A1B0GTR0,0.32008034326490853,0.24126433692993676,0.09372115084776224,15.600366032210855,47.637560975609745,-598.5749845356368,B_C,,,,,,,,,,,
P16422_and_Q9HC23,0.3243370405335408,0.24124610947755218,0.05997565602686164,18.94611398963731,58.1581203007519,-737.1088996575199,B_C,,,,,,,,,,,
P16422_and_Q9NRR3,0.33693919218972757,0.24124207084940635,0.12395510054545784,14.75,35.570314960629915,-341.57251016303053,B_C,,,,,,,,,,,
P16422_and_P14207,0.3005839204239854,0.24123231505301565,0.10172512401341367,20.125612472160345,65.23601449275365,-1493.5129012013829,B_C,,,,,,,,,,,
P16422_and_Q8TDI7,0.2986030941023615,0.24119427017178766,0.037103662094720026,25.266052631578933,38.83882352941176,-5114.999721791166,B_C,,,,,,,,,,,
P16422_and_Q69384,0.2962055429536303,0.24118202468076427,0.15666944867483076,24.006727574750816,62.77780346820809,-2951.223806086966,B_C,,,,,,,,,,,
P16422_and_O43184,0.28357245589363245,0.24116873456908122,0.1718682450638339,24.439973787680238,50.573990147783256,-15788.439568207488,B_C,,,,,,,,,,,
P16422_and_P61565,0.2963804763831519,0.24107512510501505,0.08761056143588676,22.92747068676721,55.04638418079099,-2091.617457984423,B_C,,,,,,,,,,,
P16422_and_Q6ZSA7,0.2937216452702946,0.24099659604710175,0.29695838726970547,20.678713768115937,64.62373417721518,-1685.567443997408,B_C,,,,,,,,,,,
P16422_and_O14786,0.2847285055579707,0.2409818721604667,0.3210355103307389,25.267338282078434,64.1113913043478,-8965.874572898878,B_C,,,,,,,,,,,
P16422_and_P01137,0.2832623997818886,0.24096337711012386,0.10698442820663338,18.856033287101273,57.49127071823207,-869.2693898392245,B_C,,,,,,,,,,,
P16422_and_Q13507,0.3106046086272847,0.24094002452753221,0.030688209573133354,26.049999999999994,45.884561403508755,-4140.981229404016,B_C,,,,,,,,,,,
P16422_and_Q9UDY2,0.2675639363239214,0.2407595617981999,0.13097298872050192,25.22511700468021,63.684805825242734,-1934.7856057595636,B_C,,,,,,,,,,,
P16422_and_Q9UI42,0.32125911529474244,0.24073515316859717,0.3394175287000892,20.514173228346486,55.21212871287127,-1702.5370345818676,B_C,,,,,,,,,,,
P16422_and_A0A0B4J1U6,0.32773262709403295,0.24068821219478748,0.10295972392329993,19.961377245508977,63.460078124999974,-2088.599707494714,B_C,,,,,,,,,,,
P16422_and_Q08357,0.29279467817627003,0.24068467040929412,0.0485797030811968,24.52255985267038,52.24612244897956,-3050.118641195784,B_C,,,,,,,,,,,
P16422_and_Q9H295,0.28871649065225974,0.24066320774959715,0.0497431767287166,18.508891752577338,39.880080645161286,-992.6757582257505,B_C,,,,,,,,,,,
P16422_and_H3BQJ8,0.3208020347137672,0.24064729118510364,0.3032976039042053,19.5114423076923,68.47972602739728,-1492.8974536646194,B_C,,,,,,,,,,,
P16422_and_P0C617,0.30780520627361846,0.24056030310127374,0.1460539266258465,19.893193069306914,70.1167175572519,-3253.29210075994,B_C,,,,,,,,,,,
P16422_and_O75348,0.3287411251366751,0.2405516201331667,0.17943759828654812,12.700921658986191,37.34862903225806,-1764.1123251633198,B_C,,,,,,,,,,,
P16422_and_Q9UFP1,0.2930658525813642,0.2405498580338153,0.14554701169478265,23.478137651821854,63.41684848484848,-8963.873734141589,B_C,,,,,,,,,,,
P16422_and_Q9BU40,0.27689642799312536,0.24053954966295948,0.13338088516737837,21.492273534635896,50.696557971014535,-1999.9444712640288,B_C,,,,,,,,,,,
P16422_and_A0A0B4J2E0,0.3275781659891991,0.2405010105913881,0.13376787339101032,19.675438596491237,61.91458904109588,-897.3693557539609,B_C,,,,,,,,,,,
P16422_and_Q30KP8,0.33832080380128193,0.24048676639577748,0.06641767635562998,15.39668246445497,51.42999999999998,-837.0808479091514,B_C,,,,,,,,,,,
P16422_and_P35916,0.2611949252613634,0.24042228134202165,0.11977851987365687,26.056362672322376,46.34171806167399,-3546.3837150771433,B_C,,,,,,,,,,,
P16422_and_Q9NR71,0.3363652655993362,0.24041891564999343,0.3030915237615906,24.319673405909793,50.365053191489366,-4119.417749035081,B_C,,,,,,,,,,,
P16422_and_P24001,0.3055306554160627,0.24040056149538447,0.09100106065674382,19.935929319371702,51.613097826086985,-989.7880122329989,B_C,,,,,,,,,,,
P16422_and_Q8NGI3,0.30869605186440036,0.2403979369085849,0.14932038743585985,20.689594356261033,64.04603896103896,-2926.4169877303616,B_C,,,,,,,,,,,
P16422_and_P47972,0.2784578066399016,0.2403734245599971,0.17432582685780593,19.72365010799137,69.03583941605841,-815.7468432559199,B_C,,,,,,,,,,,
P16422_and_Q8NG76,0.31007830927981217,0.24034584010920163,0.18271238433255496,21.11732283464567,66.0618604651163,-2608.611874389161,B_C,,,,,,,,,,,
P16422_and_P41143,0.29681007289888406,0.24032339643586775,0.1306755046168168,18.39645390070923,47.75918032786881,-1387.0815851634338,B_C,,,,,,,,,,,
P16422_and_P49757,0.26528370829336306,0.24030379543611913,0.1217596354416405,21.20919811320754,61.16582417582417,-1173.8465052248139,B_C,,,,,,,,,,,
P16422_and_A0A0C4DH28,0.32726858933299,0.24027250540947964,0.12785663441022016,20.60149532710277,58.57606666666669,-999.5208651322537,B_C,,,,,,,,,,,
P16422_and_Q8NGH5,0.3077161118866056,0.24023146538441234,0.13316304555549643,20.919126213592218,64.62866666666665,-3784.395867567831,B_C,,,,,,,,,,,
P16422_and_P10599,0.32925222446558,0.2401263018220456,0.13714243539163629,16.23671875,63.05659574468088,-968.0844277547435,B_C,,,,,,,,,,,
P16422_and_O00187,0.29504093496441364,0.24012158650005017,0.2050701409056141,23.269624217119002,65.21506410256413,-1333.417205180358,B_C,,,,,,,,,,,
P16422_and_Q8NGU2,0.30328842309813886,0.24007646990948514,0.18524296052509878,21.13831282952552,61.288376623376635,-1600.8341240575562,B_C,,,,,,,,,,,
P16422_and_Q8NGL0,0.3105724677435133,0.2400452960029434,0.15414021565797292,20.001540284360185,67.68333333333331,-2763.7613229167755,B_C,,,,,,,,,,,
P16422_and_Q8NF86,0.30285739813890317,0.23983625718201104,0.184082853123465,17.3668058455115,60.92753521126761,-1817.5945853130597,B_C,,,,,,,,,,,
P16422_and_Q9Y2K9,0.3223081607534024,0.23982501626255195,0.1059807891964137,26.688554216867487,41.08404411764704,-3980.7142410056204,B_C,,,,,,,,,,,
P16422_and_Q92832,0.28470820309376293,0.23973862924353606,0.2229013583390297,25.914527503526084,52.4251196172249,-4699.212355738176,B_C,,,,,,,,,,,
P16422_and_Q15743,0.29965400484834315,0.239726940698806,0.18418437009341918,22.617668488160287,62.20967741935484,-1706.9024020721217,B_C,,,,,,,,,,,
P16422_and_Q8WWI5,0.32005465894772134,0.2396422771653347,0.16726570204789618,23.085974499089264,66.76295454545453,-2252.8912917763937,B_C,,,,,,,,,,,
P16422_and_Q8NHG8,0.2968999379790797,0.23962925706022947,0.11310485250877345,19.275462304409658,53.4939156626506,-954.8069144713081,B_C,,,,,,,,,,,
P16422_and_O94768,0.30157655344180595,0.23952358433648932,0.16938394167967044,21.415554156171293,62.94399999999998,-7707.270315256677,B_C,,,,,,,,,,,
P16422_and_Q8N7C0,0.291049404586727,0.23951665194069444,0.13185411966155802,21.154755043227667,62.55313559322032,-1646.466106419205,B_C,,,,,,,,,,,
P16422_and_Q9Y4A9,0.3097136374848659,0.23948840549657668,0.19799020970277176,20.345371900826454,68.31068750000001,-2350.831859807386,B_C,,,,,,,,,,,
P16422_and_P0DN80,0.31035844738845225,0.23948364346722462,0.14416214438720504,20.024161073825503,65.32044117647058,-2748.6810361009975,B_C,,,,,,,,,,,
P16422_and_P09619,0.2665279625838699,0.2394536867761972,0.1075323427465878,24.328242677824264,56.97775641025638,-5872.3553813028775,B_C,,,,,,,,,,,
P16422_and_Q9UP95,0.2986352973424989,0.23937413372526473,0.11673552365242289,25.90455820476858,56.63903508771929,-5219.93041005086,B_C,,,,,,,,,,,
P16422_and_P14780,0.29271417512830167,0.2393600554529896,0.31867912360278156,23.877244389027435,58.742621722846394,-4549.765662309893,B_C,,,,,,,,,,,
P16422_and_Q13410,0.26509558107429765,0.23931862967069703,0.22373267995750867,23.682803180914526,67.06031446540877,-5240.2167183926795,B_C,,,,,,,,,,,
P16422_and_Q8N3Z0,0.3051360501332316,0.23931546206559262,0.07870306033999022,21.814246323529417,48.48423728813561,-6667.998136206188,B_C,,,,,,,,,,,
P16422_and_P13866,0.3294052687689561,0.23931469644146752,0.16638965334032813,24.117810880828994,51.87845,-3545.47845310725,B_C,,,,,,,,,,,
P16422_and_Q9HB63,0.29446930257036613,0.23921255095188937,0.17499063297679213,23.744457547169823,58.74201492537314,-4804.564077043218,B_C,,,,,,,,,,,
P16422_and_Q9UBH0,0.3183385411109776,0.23918932376748928,0.1412302146713466,16.52025862068967,61.107796610169494,-731.1482825017499,B_C,,,,,,,,,,,
P16422_and_Q96JJ6,0.2821697346851235,0.23912104132005055,0.19546749717279827,24.12234042553189,70.18565217391306,-745.3274993834821,B_C,,,,,,,,,,,
P16422_and_Q92629,0.28993917170479233,0.23911535923635735,0.05091798024710094,19.32068273092369,55.62714285714285,-1612.3597003428954,B_C,,,,,,,,,,,
P16422_and_A0A0A0MS05,0.32592908088063266,0.23899956208828382,0.07728215301702562,19.84735812133074,55.679295774647905,-2300.1336977515075,B_C,,,,,,,,,,,
P16422_and_O43150,0.26239270709359397,0.23893229058949259,0.4921493827461509,24.60919175911248,59.041374045801525,-1752.1050343680254,B_C,,,,,,,,,,,
P16422_and_Q9UEW3,0.2702646881271318,0.23890927334460285,0.119512386211171,19.44799999999998,58.33374999999998,-777.1842398179615,B_C,,,,,,,,,,,
P16422_and_Q96MK3,0.3135723818503685,0.2388521947545274,0.09849538879235717,22.39483985765127,60.09424418604652,-1255.4366311150134,B_C,,,,,,,,,,,
P16422_and_Q5VWW1,0.2979627585663507,0.23884017013319492,0.09060463169940426,16.858966565349565,59.45618181818182,-2497.7847760194313,B_C,,,,,,,,,,,
P16422_and_P43251,0.32586647036819383,0.23883774407637254,0.20346097575581198,23.37912087912089,75.63694214876033,-4942.2752536039925,B_C,,,,,,,,,,,
P16422_and_Q9NYI0,0.252959046107628,0.23882749269322207,0.19441001015516365,25.478596491228075,59.375991902833974,-5186.906062048336,B_C,,,,,,,,,,,
P16422_and_Q99677,0.301011006966944,0.2387969030107192,0.19497061460818654,19.70620155038759,62.372231404958676,-1408.2778543314512,B_C,,,,,,,,,,,
P16422_and_Q9NYM4,0.29547954896557277,0.2387908317111586,0.11875119733006827,21.565978456014328,60.59091503267974,-5408.35009895479,B_C,,,,,,,,,,,
P16422_and_Q8NH06,0.30199011586599,0.2387158839810855,0.15908007650458533,21.80116861435731,63.228639053254454,-3404.3617721353667,B_C,,,,,,,,,,,
P16422_and_O14511,0.2565380049485477,0.2387144798853058,0.18838557736162678,24.994192307692316,55.49342205323191,-1943.7190441162675,B_C,,,,,,,,,,,
P16422_and_Q8TB68,0.2894297041573023,0.23867244407903,0.08136947271923131,17.02300531914893,30.114913793103455,-1287.4085652371214,B_C,,,,,,,,,,,
P16422_and_A0A075B6K6,0.32410046982350676,0.23862280975598088,0.18015919812905637,21.201787994891454,57.14847457627117,-929.1496867562946,B_C,,,,,,,,,,,
P16422_and_Q8NGL1,0.3093534721073957,0.23854801870574097,0.09798767842868701,19.692352941176463,65.25060344827588,-1053.5482654001946,B_C,,,,,,,,,,,
P16422_and_Q7Z5J1,0.2952952411522307,0.23853600648849357,0.10821807822908898,19.672890173410398,57.230264317180556,-2198.7279108803923,B_C,,,,,,,,,,,
P16422_and_Q16842,0.30383128394078374,0.23852343893247752,0.21081169917892087,17.84447415329767,65.32930817610064,-1130.9088788101985,B_C,,,,,,,,,,,
P16422_and_Q9UGF7,0.3064867978438126,0.23838492814420803,0.14154471634630753,20.78863198458578,62.81876712328768,-3159.267898148266,B_C,,,,,,,,,,,
P16422_and_Q6DKI7,0.28767772645842754,0.2383570447773505,0.24450745781248417,18.583901292596966,58.52759999999998,-799.5447350097675,B_C,,,,,,,,,,,
P16422_and_O43164,0.26017202450003535,0.23833063089897186,0.0996540917964581,22.04524772497475,55.55218884120172,-1452.0178484297576,B_C,,,,,,,,,,,
P16422_and_P25090,0.3057317722290549,0.23830968306823655,0.2847897324550443,22.19014778325124,68.79388059701493,-1784.8490249838405,B_C,,,,,,,,,,,
P16422_and_Q96D53,0.2981004515047153,0.23827891180092226,0.1533071514969162,22.484029712163398,46.32957446808513,-3547.998906132285,B_C,,,,,,,,,,,
P16422_and_O60779,0.3128654569921549,0.23823698239632635,0.12921368424998564,21.846581875993653,58.80951086956521,-2113.9727408811814,B_C,,,,,,,,,,,
P16422_and_Q96NT5,0.3152673037735329,0.2382266410520333,0.24174618413666438,23.145409429280384,66.22425000000004,-2303.5436611076216,B_C,,,,,,,,,,,
P16422_and_P35613,0.27755439498923556,0.23822310726012885,0.12565510157031237,21.037903225806456,65.3599342105263,-2131.601244387611,B_C,,,,,,,,,,,
P16422_and_Q9UHI5,0.3106430615025044,0.23819714414187626,0.14297030692921733,23.695093945720238,57.57059999999999,-3491.4532011545043,B_C,,,,,,,,,,,
P16422_and_Q8NH54,0.3068450240588796,0.23816520473435948,0.18754490187716163,21.394026974951835,67.32026490066224,-2557.953369015296,B_C,,,,,,,,,,,
P16422_and_Q8NGH8,0.3068144556061827,0.23816297756493654,0.13734668184425725,20.63097514340345,65.4264864864865,-1958.28892932148,B_C,,,,,,,,,,,
P16422_and_Q9NYB5,0.3160833635236634,0.2381265099285183,0.17737871764859348,25.041986644407345,58.13703296703296,-2985.9272371870757,B_C,,,,,,,,,,,
P16422_and_Q8NH76,0.30589390054663534,0.23807058500850947,0.20002694154989367,21.143879173290934,64.0761212121212,-4047.934898328642,B_C,,,,,,,,,,,
P16422_and_Q9H2C5,0.3104906176855289,0.23805105050981085,0.15076279369995263,20.139041095890427,65.90945578231292,-2717.778948145059,B_C,,,,,,,,,,,
P16422_and_P0CG01,0.3117075115526373,0.23805041476098268,0.18708264678914663,19.917047184170467,60.222631578947365,-1507.53271259758,B_C,,,,,,,,,,,
P16422_and_Q8NGE0,0.3053088908516048,0.23804263880431725,0.1137374594543875,21.101353965183762,61.34473684210527,-2299.3615695695653,B_C,,,,,,,,,,,
P16422_and_Q04656,0.28699226348782697,0.2380297985599221,0.30673425991968917,25.889571263035876,51.03648351648354,-4744.195777595614,B_C,,,,,,,,,,,
P16422_and_Q6UXQ8,0.3202000428664506,0.23801429778092847,0.10343424094204579,12.54288990825688,32.29234782608696,-1039.225529403071,B_C,,,,,,,,,,,
P16422_and_P01701,0.32385494494926786,0.23799020842212087,0.12830811782942594,19.518550368550343,60.262432432432426,-1410.382077530694,B_C,,,,,,,,,,,
P16422_and_Q6UWP8,0.2630020201328994,0.23797089211459863,0.05759210289830838,18.973992322456763,36.94315789473683,-2566.9891352344785,B_C,,,,,,,,,,,
P16422_and_O14625,0.3305763705938969,0.23796739823011367,0.11631990123037161,16.643049327354266,57.18581967213113,-1047.060509905204,B_C,,,,,,,,,,,
P16422_and_Q8TDF5,0.2648875813967336,0.23792699015339602,0.14558190967229498,24.312976022566982,60.959855072463725,-2910.9502304367015,B_C,,,,,,,,,,,
P16422_and_P32249,0.30102308991540655,0.2379264245250211,0.10111891705190812,22.260308056872056,61.979142857142854,-4587.609109064724,B_C,,,,,,,,,,,
P16422_and_Q8NGG2,0.3044037677129857,0.23788342919479952,0.07557654687947016,20.922336065573763,60.969490445859876,-2322.4542729839627,B_C,,,,,,,,,,,
P16422_and_O14713,0.3055371532884226,0.2378683263445423,0.11919880997008798,19.484913793103463,55.243131868131876,-2479.649992362496,B_C,,,,,,,,,,,
P16422_and_P02741,0.30422823096552126,0.23773999018863745,0.12653013015984713,22.14299242424239,64.04289655172416,-5165.8207478482145,B_C,,,,,,,,,,,
P16422_and_Q8IUB2,0.2995392866064624,0.23765028088549167,0.07554772905021488,17.702857142857148,58.89145454545459,-752.7831530487747,B_C,,,,,,,,,,,
P16422_and_Q6ZMB5,0.28768741986048907,0.23757875260246208,0.07554151676731782,21.127732793522267,58.69384146341463,-2107.4963370882106,B_C,,,,,,,,,,,
P16422_and_O75427,0.26460381781287495,0.23756207062935622,0.36786756178852215,22.92869918699189,73.23549668874173,-1475.2711068259887,B_C,,,,,,,,,,,
P16422_and_P22732,0.32549115895022745,0.23752205910272595,0.3470071009738681,24.53927272727276,70.95337931034481,-4307.431613421234,B_C,,,,,,,,,,,
P16422_and_P41220,0.30589090668784874,0.23750562786320836,0.19452948584019175,20.584526112185692,59.05197452229296,-5551.256022039877,B_C,,,,,,,,,,,
P16422_and_Q8TD20,0.3010938603847229,0.23750504819572293,0.09652300107479024,24.134595070422534,57.40645962732916,-4557.214603665529,B_C,,,,,,,,,,,
P16422_and_Q14246,0.2611022038264216,0.2374780868228205,0.10300792840187482,21.014686098654703,42.86522727272726,-2028.5833423207823,B_C,,,,,,,,,,,
P16422_and_P23280,0.295127599710042,0.23745943668023348,0.3179402120812846,22.150302114803623,63.315425531914926,-1439.3923299468677,B_C,,,,,,,,,,,
P16422_and_Q4G0N8,0.30837000563451844,0.2374336253291726,0.09481348166045818,26.175212464589215,44.66615999999999,-4786.976249293439,B_C,,,,,,,,,,,
P16422_and_Q8TDT2,0.2853552565558522,0.2373319853399367,0.14968112156756438,24.310300925925915,52.17674074074076,-2484.669555176135,B_C,,,,,,,,,,,
P16422_and_Q496F6,0.3050550759719777,0.23725885508971628,0.12215772330015509,16.792808988764037,56.99195652173915,-644.6044950126761,B_C,,,,,,,,,,,
P16422_and_P28223,0.28629224755054605,0.2372472916654802,0.19779527506594388,21.631458966565326,62.10868020304569,-1549.3499119868593,B_C,,,,,,,,,,,
P16422_and_P22735,0.3258778617951928,0.2372380483581995,0.2017015221901688,23.504926108374413,54.61183246073298,-4883.817401744464,B_C,,,,,,,,,,,
P16422_and_Q5FYB1,0.319860159303006,0.237196366454502,0.18095338427553542,22.95812500000001,64.93389140271499,-1589.3890526235173,B_C,,,,,,,,,,,
P16422_and_Q14CZ8,0.2734812672735778,0.23718436363073592,0.16582380045911027,23.3412757973734,63.72280821917808,-3620.507395696981,B_C,,,,,,,,,,,
P16422_and_A0A0B4J274,0.3246675947475045,0.23717955231677632,0.07435087768795556,19.74918224299065,53.35823076923078,-1106.8978948378872,B_C,,,,,,,,,,,
P16422_and_O43895,0.33030204323980716,0.23714891795536036,0.41150918172390605,25.006782945736433,49.96588516746413,-7219.086612952315,B_C,,,,,,,,,,,
P16422_and_Q8IXH8,0.2637533809881756,0.2371457273827637,0.17367865252031076,24.9542360060514,56.62719999999998,-4355.960856871639,B_C,,,,,,,,,,,
P16422_and_O60443,0.29592075448329414,0.2371361407638126,0.22831881836867512,24.017635843660656,61.01549763033176,-1308.8237511171246,B_C,,,,,,,,,,,
P16422_and_Q8NH07,0.3072956458234322,0.23695039683512575,0.1223074803583948,21.041106719367573,63.065071428571436,-4180.8880927934415,B_C,,,,,,,,,,,
P16422_and_Q6P9F7,0.30281270564201623,0.23691388415656117,0.21917573631969928,25.073672055427274,69.69447154471547,-3284.776557475458,B_C,,,,,,,,,,,
P16422_and_O15551,0.30451333022819893,0.23690766948468397,0.1680688339633452,18.708161865569267,44.74556818181814,-1200.8944901134619,B_C,,,,,,,,,,,
P16422_and_Q9BZM6,0.30015147887847393,0.2368250396158283,0.11288822178400536,16.629314159292036,58.77185714285715,-3533.717127978798,B_C,,,,,,,,,,,
P16422_and_Q9NXK6,0.31402839248767833,0.23680172656446233,0.15438095913587055,20.377003484320582,55.674294117647065,-2261.0473843799473,B_C,,,,,,,,,,,
P16422_and_Q96J84,0.26942619615408403,0.23678200851055078,0.10568106935705304,26.57612732095495,63.99222222222225,-3019.537779526934,B_C,,,,,,,,,,,
P16422_and_Q9Y4K0,0.3159531679888966,0.23677209160305157,0.2042693669751207,22.874112149532692,57.14975903614456,-2442.812805749449,B_C,,,,,,,,,,,
P16422_and_P20366,0.3235508796335681,0.23670423082213943,0.12407489892696723,15.105975794251119,45.69302631578949,-735.1268032244807,B_C,,,,,,,,,,,
P16422_and_Q6PEW0,0.2776216657290554,0.23669071537657457,0.09488201021676972,23.42227101631114,57.95131979695432,-3166.1085408486833,B_C,,,,,,,,,,,
P16422_and_Q66K66,0.2767901909464266,0.23662169344422773,0.11046585338737942,19.17544031311155,51.159591836734705,-1185.8495350873563,B_C,,,,,,,,,,,
P16422_and_O60235,0.31450120390193187,0.23661219173726536,0.33378608557018424,19.449470899470903,59.40315476190476,-1447.7160538654584,B_C,,,,,,,,,,,
P16422_and_A0A1W2PPG7,0.3277330814030892,0.23652216688930333,0.05692719699627914,15.410460251046034,41.43894039735101,-1672.4663427085288,B_C,,,,,,,,,,,
P16422_and_P22413,0.3317798663464445,0.2364853774369069,0.2809248540644321,25.786605657237942,60.07834146341459,-3558.466836892818,B_C,,,,,,,,,,,
P16422_and_Q9UL62,0.30753152057114064,0.23648227202259925,0.08694821215737143,25.884782608695676,61.274285714285746,-8248.96883820143,B_C,,,,,,,,,,,
P16422_and_Q99983,0.3007443363219988,0.23644597365598313,0.2538543645985709,23.3797709923664,62.673067484662575,-3752.4505335223694,B_C,,,,,,,,,,,
P16422_and_Q9UJJ9,0.29037331849052617,0.236413056621457,0.1201029623967168,21.981768953068574,62.52038834951459,-4531.240442429674,B_C,,,,,,,,,,,
P16422_and_P23945,0.29936388808631953,0.236375404404299,0.16420768193851118,25.25830769230771,57.97258620689656,-2712.7031604826643,B_C,,,,,,,,,,,
P16422_and_P0DP74,0.3342688491295662,0.23635199705471474,0.08384854692939216,16.025972222222226,39.04785714285713,-761.2188454526504,B_C,,,,,,,,,,,
P16422_and_P0DP73,0.3342688491295662,0.23635199705471474,0.08384854692939216,16.025972222222226,39.04785714285713,-761.2188454526504,B_C,,,,,,,,,,,
P16422_and_Q8IWU6,0.2947030635204182,0.23633951698954164,0.293253995763687,24.07626689189186,62.365000000000016,-1987.6327254240896,B_C,,,,,,,,,,,
P16422_and_Q8NH63,0.3021715332965403,0.23633871848434182,0.0842886069853305,21.502380952380932,57.0999346405229,-1475.3208619915995,B_C,,,,,,,,,,,
P16422_and_Q30KQ1,0.3400842673982425,0.23632563842158938,0.06682331000025697,17.022897196261685,42.94081632653061,-1500.7245289960722,B_C,,,,,,,,,,,
P16422_and_Q9HC58,0.29052988630514975,0.23631658921319407,0.0662479375141407,24.690700218818353,57.19949152542376,-2425.264771430404,B_C,,,,,,,,,,,
P16422_and_P51671,0.32818558585124924,0.23631084369958902,0.1450885284632688,17.919157088122603,54.637421874999994,-1585.924664378983,B_C,,,,,,,,,,,
P16422_and_Q9NPG8,0.30227532409996194,0.23629801580860488,0.08326285599875667,24.119491525423673,61.64919540229884,-2410.879840995258,B_C,,,,,,,,,,,
P16422_and_Q8NGS6,0.30140356885408237,0.23621992094713024,0.12360663736799893,21.005932203389833,64.82088888888889,-1983.1506247921784,B_C,,,,,,,,,,,
P16422_and_Q9H4E7,0.28234466358739646,0.2361884014198539,0.29477084495489997,22.110741687979562,69.30296089385476,-1729.4860040144122,B_C,,,,,,,,,,,
P16422_and_Q9H3S1,0.3207965109321397,0.2361874992222762,0.1812731968703855,25.24145873320539,65.76514450867052,-4669.46032594588,B_C,,,,,,,,,,,
P16422_and_Q9UBY5,0.2935078669268036,0.2361842032947754,0.07278610359459833,22.199671052631537,52.34514705882353,-3587.48485910761,B_C,,,,,,,,,,,
P16422_and_Q6PJF5,0.2913947190809481,0.23611879064533972,0.21636991482970072,24.372138964577623,65.83250000000004,-9925.324875288088,B_C,,,,,,,,,,,
P16422_and_Q86YD1,0.278677718744622,0.23606930296539125,0.14031167189728214,22.67836411609497,54.37824120603015,-1544.118662158624,B_C,,,,,,,,,,,
P16422_and_Q9BY14,0.29886082971107075,0.2360676504487001,0.27654480825433375,21.147982708933707,64.52053892215567,-6206.890195371361,B_C,,,,,,,,,,,
P16422_and_Q8IUX8,0.26433800595943807,0.23606685280193831,0.27842095068170974,21.511326442721774,50.500991735537205,-1412.8993590296122,B_C,,,,,,,,,,,
P16422_and_Q9Y5Z0,0.303273187672007,0.23606384784731857,0.34715192735145173,23.233359872611445,71.27744318181814,-4040.360011954981,B_C,,,,,,,,,,,
P16422_and_P0DN82,0.30560619467875916,0.23602613325463867,0.16783988915470638,20.802682926829288,59.29476923076922,-1978.760129233511,B_C,,,,,,,,,,,
P16422_and_P02768,0.32670992921622566,0.23602200477093752,0.14127373443146476,24.552351916376313,64.34616666666669,-4098.373809272609,B_C,,,,,,,,,,,
P16422_and_Q9UNW1,0.31999217080870845,0.23601461176300914,0.18449015046154066,23.424568965517224,64.55682539682543,-3488.311454123534,B_C,,,,,,,,,,,
P16422_and_Q8NGI1,0.30600356614535856,0.23600593743994333,0.1519222352614487,20.874571428571443,61.26120805369126,-3105.93743935583,B_C,,,,,,,,,,,
P16422_and_Q6NUJ1,0.2709204326407663,0.2358935324393086,0.17907490775221496,21.045536519386868,53.8241517857143,-2215.518040774965,B_C,,,,,,,,,,,
P16422_and_Q13508,0.2863079652254078,0.23583045834855454,0.15362140433721602,20.140220820189274,72.34466019417475,-1778.865520018573,B_C,,,,,,,,,,,
P16422_and_P14174,0.32332459095218624,0.23577142135498014,0.1309008088068598,18.633706070287527,67.03211538461538,-780.2499189889004,B_C,,,,,,,,,,,
P16422_and_P01571,0.3090500800454181,0.23574894850703393,0.13259439052523486,19.043428571428592,68.77208333333334,-971.2012456442385,B_C,,,,,,,,,,,
P16422_and_Q96R30,0.30369514577986423,0.23573822705717362,0.15009079950176754,21.091888297872345,70.19248000000002,-3147.745661834162,B_C,,,,,,,,,,,
P16422_and_P60022,0.3367449316714694,0.23572482778785156,0.08659514912804271,15.187265415549586,41.67991379310344,-1801.8691177896285,B_C,,,,,,,,,,,
P16422_and_Q9H346,0.3073102135415585,0.23569106014071847,0.100938745140741,19.649863013698628,64.6904724409449,-1912.9249834667703,B_C,,,,,,,,,,,
P16422_and_Q9H3Z4,0.30362760954719653,0.23567265015630204,0.13025552224213416,17.178322784810124,55.57938775510204,-830.1123696179029,B_C,,,,,,,,,,,
P16422_and_O00270,0.29795028704485504,0.2356499112921964,0.16415980487209517,21.35772058823529,56.857485714285744,-2987.068623925379,B_C,,,,,,,,,,,
P16422_and_O95500,0.30122141432624355,0.235644495128205,0.16035109649608165,18.11828254847648,43.3848275862069,-1013.000992838337,B_C,,,,,,,,,,,
P16422_and_P50895,0.2892646925769629,0.23563821655917422,0.5162190062324157,24.20772980501395,66.47088435374152,-2781.628152522826,B_C,,,,,,,,,,,
P16422_and_P26010,0.2903808604563225,0.23562704395175676,0.13261688417309028,23.274426934097445,57.401444444444415,-14046.423614127956,B_C,,,,,,,,,,,
P16422_and_P61550,0.28132565570691487,0.23558790937693522,0.23390945573474253,25.2118044515103,53.99943319838058,-4278.724347961628,B_C,,,,,,,,,,,
P16422_and_P04003,0.2586087187535019,0.23556186042306815,0.1916275957868407,25.123735955056162,65.97155963302752,-3254.6588708632644,B_C,,,,,,,,,,,
P16422_and_Q96D31,0.2902541531294301,0.23555225348435177,0.08020557895066052,15.776525198938996,46.05701923076923,-1349.465439513102,B_C,,,,,,,,,,,
P16422_and_A0JD32,0.3237378912218424,0.23551932640013326,0.13354665947819974,18.590446650124093,67.70137096774195,-843.8045167920883,B_C,,,,,,,,,,,
P16422_and_Q8IYL9,0.302807508109339,0.23546826678378885,0.15789444964498248,21.316806722689105,66.28531468531463,-3683.746391257394,B_C,,,,,,,,,,,
P16422_and_P43657,0.29743734466246413,0.23544553352301245,0.14597211251222922,19.78850267379678,55.17193277310924,-1246.6557801687595,B_C,,,,,,,,,,,
P16422_and_Q08828,0.30700777258392764,0.23542377013078958,0.11972097083743348,24.7115894039735,56.527388535031854,-14283.066637004804,B_C,,,,,,,,,,,
P16422_and_Q01628,0.3207341253175896,0.23537855730828036,0.0747467795983936,12.1595567867036,34.10432432432432,-684.3593838487395,B_C,,,,,,,,,,,
P16422_and_Q9UKY3,0.2954075831836731,0.23533411806064147,0.1322545450978001,20.109904912836775,60.64648809523808,-1001.3807061923471,B_C,,,,,,,,,,,
P16422_and_O43557,0.30002110668011966,0.2352467628699029,0.149446498280411,18.028473413379125,67.21157232704408,-1149.017814491081,B_C,,,,,,,,,,,
P16422_and_Q07065,0.2593182494598186,0.23500315326811186,0.08365225631801564,23.903278688524605,55.403649635036516,-1990.0210758500216,B_C,,,,,,,,,,,
P16422_and_Q9NZQ7,0.2867189206454319,0.23496475291414187,0.13695463674936717,19.343195266272215,70.55419047619051,-1431.8000504254076,B_C,,,,,,,,,,,
P16422_and_A0A075B6L6,0.3226468268021866,0.23495399451026774,0.0834789827920146,20.33611111111107,56.45398648648648,-1219.5589734888326,B_C,,,,,,,,,,,
P16422_and_Q08722,0.2864946952442505,0.23493819790575715,0.12638527533606722,19.42805676855898,51.364153846153854,-1607.5448948687813,B_C,,,,,,,,,,,
P16422_and_P41968,0.28790605678459114,0.2349378754064524,0.11528092522675898,20.990051903114203,62.34922619047618,-2262.3496138958753,B_C,,,,,,,,,,,
P16422_and_O95445,0.30802042096307153,0.23493474419220034,0.20215958515869448,21.139239130434756,63.35559701492536,-3327.8957573223784,B_C,,,,,,,,,,,
P16422_and_Q9GZK3,0.29831236230719804,0.234841559103353,0.15463625460465336,21.19364303178485,66.4129230769231,-1568.0424573932657,B_C,,,,,,,,,,,
P16422_and_Q92536,0.31014596846215087,0.2347994708967128,0.06925736569550178,22.96450381679386,55.661333333333346,-2895.3230715264935,B_C,,,,,,,,,,,
P16422_and_Q5T601,0.2809678230527695,0.2347840307691397,0.2841262404907832,25.164542294322136,57.44654822335027,-2394.3769587190272,B_C,,,,,,,,,,,
P16422_and_Q10588,0.2940573857719795,0.23473263752623488,0.19100577666808657,22.8183185840708,67.83794444444446,-6825.615031998375,B_C,,,,,,,,,,,
P16422_and_P18089,0.2801529084488312,0.23472229950699433,0.2824093876915219,21.10924225028699,62.774263959390865,-2682.800604100612,B_C,,,,,,,,,,,
P16422_and_Q8NGF1,0.3001665669798901,0.23470250195969808,0.10902533096097909,22.2796931407942,56.05863095238095,-4763.096193934703,B_C,,,,,,,,,,,
P16422_and_P02774,0.3192231474780989,0.234670250612997,0.2337195161524396,23.454520795660024,64.13666666666667,-2906.9541649418907,B_C,,,,,,,,,,,
P16422_and_Q9BXA5,0.30194091126930844,0.23466935919105245,0.08949252341306502,21.881328320802012,62.749197080291964,-1198.7256390254597,B_C,,,,,,,,,,,
P16422_and_Q01629,0.3197590731570887,0.23461845696001227,0.09275103207703916,12.012625,32.236134453781524,-760.4921355965871,B_C,,,,,,,,,,,
P16422_and_Q6ZT62,0.25741285411195886,0.2345923998042182,0.16043435688616542,23.574917491749186,47.47127049180331,-1985.3324241468217,B_C,,,,,,,,,,,
P16422_and_Q8NH67,0.303511072047431,0.23456062812712744,0.13761109077732955,20.08380855397149,61.25492857142857,-5432.531632635919,B_C,,,,,,,,,,,
P16422_and_Q9Y2Q0,0.32987309580888047,0.23456053952063588,0.07567020714533246,24.85712290502794,58.1879104477612,-5093.844241382824,B_C,,,,,,,,,,,
P16422_and_Q1W4C9,0.3280255349668747,0.23454950323329907,0.07205211169304793,17.915353260869566,55.387387387387356,-795.2586434969833,B_C,,,,,,,,,,,
P16422_and_O76099,0.30604384886193814,0.2345229969070602,0.13161449226595043,18.576478873239452,68.40147540983608,-1815.5454424537509,B_C,,,,,,,,,,,
P16422_and_A0A0B4J273,0.32343422354570345,0.23452034743537548,0.14805132326903242,18.74535398230088,60.90872180451128,-1698.8055963463717,B_C,,,,,,,,,,,
P16422_and_A0A0B4J235,0.32261453332997037,0.23449265882275733,0.12162015387167602,18.168847006651905,60.17182539682541,-1292.5128591846656,B_C,,,,,,,,,,,
P16422_and_Q5IJ48,0.2724324149005979,0.23445051414923868,0.025771136886751124,28.990697674418612,50.00481927710844,-3202.0371858309227,B_C,,,,,,,,,,,
P16422_and_Q9UN75,0.2748315718146611,0.2343927103898435,0.10399812900335303,25.75898876404492,55.71477707006371,-2992.133887767668,B_C,,,,,,,,,,,
P16422_and_Q8NH80,0.3045486405494142,0.23437408489276518,0.18225621076850232,20.28152709359606,63.48931677018635,-2507.013034424044,B_C,,,,,,,,,,,
P16422_and_O95858,0.2911373337425792,0.2343626051798045,0.1582962576854073,20.860249554367197,63.168941176470604,-2104.8876214357597,B_C,,,,,,,,,,,
P16422_and_Q92496,0.25789140069311756,0.23431126055039872,0.06068903015820974,25.9104229607251,59.357251908396925,-2876.8992383027867,B_C,,,,,,,,,,,
P16422_and_Q6PXP3,0.3137725575604992,0.23427450705182826,0.20301504972559628,24.981777777777783,63.43840764331211,-4774.580669321092,B_C,,,,,,,,,,,
P16422_and_Q8NGA5,0.3040243168492376,0.23422034317814228,0.13100097123067372,20.53769751693003,60.592835820895516,-3805.9201714019728,B_C,,,,,,,,,,,
P16422_and_Q7Z7B8,0.3281190095709142,0.234178623059239,0.10761318640590885,13.674565756823814,41.26833333333332,-842.3802911493103,B_C,,,,,,,,,,,
P16422_and_P41231,0.29301072266255146,0.2341749927871266,0.0748866499118058,22.59847222222222,63.11282442748094,-1227.9093756085795,B_C,,,,,,,,,,,
P16422_and_P33032,0.2846017088571945,0.23417443122270482,0.09975154382081858,21.37937788018435,59.19193103448272,-1885.1285173813885,B_C,,,,,,,,,,,
P16422_and_Q8NH16,0.3059005762938693,0.23413510927501752,0.14659264568329095,20.192706131078232,66.16355704697988,-1853.4548691977473,B_C,,,,,,,,,,,
P16422_and_Q8NGT0,0.3021039212672518,0.23413174025793682,0.147628594179209,21.004638009049742,67.54744360902258,-2916.51123585131,B_C,,,,,,,,,,,
P16422_and_Q8NGQ1,0.30415548699325134,0.2340982462036523,0.15455372105113752,19.303091397849457,69.66561983471075,-1927.9117193523166,B_C,,,,,,,,,,,
P16422_and_Q00604,0.3179193113495913,0.2340881400760359,0.14808787716621713,17.14750499001998,61.518562091503256,-987.8543805241752,B_C,,,,,,,,,,,
P16422_and_O95907,0.29898677023826287,0.23408489919662645,0.12630025174197132,23.63001930501929,54.38075581395348,-2820.1351732594576,B_C,,,,,,,,,,,
P16422_and_Q8NBI3,0.2798162551454151,0.23408018491872276,0.09689702646988246,19.93819444444448,58.12335260115609,-1182.45859771932,B_C,,,,,,,,,,,
P16422_and_Q5DX21,0.2727794272439168,0.23407388440605256,0.2748465608720853,20.776322115384627,66.5548704663212,-3295.862935855792,B_C,,,,,,,,,,,
P16422_and_Q8NGI7,0.30716769794875826,0.23406213576407736,0.1331152249985248,19.35865671641789,67.51727272727273,-1467.1997167395284,B_C,,,,,,,,,,,
P16422_and_Q8IWA5,0.3095215581598074,0.23405997509570434,0.07742755805779424,21.726806083650178,55.36359477124182,-2841.814907341548,B_C,,,,,,,,,,,
P16422_and_Q9UP79,0.2963873853767275,0.23396372621728057,0.2272092029247595,22.592712177121772,50.744000000000014,-2124.9393095036594,B_C,,,,,,,,,,,
P16422_and_P09693,0.30696733845203045,0.23395722339979586,0.08912520709885384,16.23753117206982,57.103951612903245,-858.7968874944854,B_C,,,,,,,,,,,
P16422_and_O95970,0.3007587869529099,0.23395384303283745,0.2353349564629188,23.31264822134388,64.09410256410258,-8369.675590988738,B_C,,,,,,,,,,,
P16422_and_Q8NGL4,0.3049033685033619,0.23388873205962257,0.1306598018758148,19.737995049504963,64.04102362204723,-2245.3775770952766,B_C,,,,,,,,,,,
P16422_and_Q8NH03,0.30483108451422414,0.2338878490734593,0.1336078296467129,19.61231884057972,68.54125925925925,-2689.106880509279,B_C,,,,,,,,,,,
P16422_and_O15440,0.31678691127474157,0.2338809321022135,0.0917833870496834,26.96107266435986,58.34640000000003,-8179.054727124409,B_C,,,,,,,,,,,
P16422_and_A0PK11,0.2970513116810896,0.23387374161461227,0.1509692611351049,18.709118236472957,53.80954887218043,-1644.7452145799803,B_C,,,,,,,,,,,
P16422_and_P12318,0.2848679395989958,0.2338679579013052,0.15441110986010737,18.954601226993873,58.45466019417475,-4844.653628512281,B_C,,,,,,,,,,,
P16422_and_Q06495,0.2874066682920382,0.23385793382243802,0.2118426526339149,23.13914590747331,61.571767441860466,-4335.683500998404,B_C,,,,,,,,,,,
P16422_and_Q96G91,0.29983081894783203,0.23384859528934823,0.12025327452617524,21.220650095602338,66.07333333333332,-2994.9323905406036,B_C,,,,,,,,,,,
P16422_and_Q8IU54,0.3069147208295307,0.2338057243707102,0.2804706036258267,19.387826961770628,66.21683453237407,-885.6640754076332,B_C,,,,,,,,,,,
P16422_and_O96009,0.30597508692747577,0.23371758767335027,0.12384582635672794,20.791074380165284,61.38348837209305,-1754.3074495833584,B_C,,,,,,,,,,,
P16422_and_Q9NYY1,0.3094507416547986,0.2337151936715262,0.16256092266172015,20.627541371158376,68.70569105691058,-4543.010977256677,B_C,,,,,,,,,,,
P16422_and_Q6IFN5,0.30047810438169176,0.23370573650233772,0.15574466614612145,20.84414784394249,68.35868965517241,-1599.8355116289115,B_C,,,,,,,,,,,
P16422_and_Q8NH04,0.3041422958727783,0.23354438371176012,0.15271012214478025,19.222616407982276,65.7044285714286,-4304.258359851321,B_C,,,,,,,,,,,
P16422_and_Q8NHC4,0.307577115230392,0.2334427672749794,0.15273926178094388,19.274643584521396,64.32965277777777,-2460.5373591953426,B_C,,,,,,,,,,,
P16422_and_A0A087WXS9,0.2754120544632492,0.23343029143170796,0.3490390617495464,24.014656212303986,69.70387234042555,-1122.1733580822693,B_C,,,,,,,,,,,
P16422_and_P01148,0.32830170037249773,0.23342705005267225,0.09532669131049791,15.0723650385604,42.07732283464566,-554.1400770192286,B_C,,,,,,,,,,,
P16422_and_O15244,0.31587698251595486,0.2334050401825651,0.1439900402981488,23.81273381294965,57.467349999999996,-2497.454256555323,B_C,,,,,,,,,,,
P16422_and_Q9Y5F3,0.2777679088051834,0.23339927367948354,0.1182898131312125,24.354790940766534,63.67265432098765,-3811.0903509659274,B_C,,,,,,,,,,,
P16422_and_Q9BTU6,0.29477720813201214,0.23335696675827902,0.1448081732678191,23.058246073298424,58.93500000000001,-1410.744404014189,B_C,,,,,,,,,,,
P16422_and_Q96DX4,0.3023546148349779,0.23333438140076368,0.3318539716986818,25.48159065628479,43.013199999999976,-4780.219875617714,B_C,,,,,,,,,,,
P16422_and_Q9Y226,0.31617689021613316,0.23332785007403262,0.23793905515909905,19.662499999999994,57.871301369863005,-3053.943661184375,B_C,,,,,,,,,,,
P16422_and_P08174,0.2773881111518475,0.2332680924768448,0.16689715404788358,21.130320366132732,64.30246268656715,-571.3244674088219,B_C,,,,,,,,,,,
P16422_and_P55017,0.3071312252631956,0.23324532904429573,0.049063790926415884,23.970523415977993,50.177627118644054,-4382.781428293872,B_C,,,,,,,,,,,
P16422_and_P01743,0.3210255115650248,0.23323933822775952,0.19798920943921436,17.647814910025716,63.31009174311927,-692.2560967350162,B_C,,,,,,,,,,,
P16422_and_Q8TAV3,0.322706592291478,0.23320712431424762,0.33394664946249575,23.931850282485875,66.16903846153846,-2176.3806559474765,B_C,,,,,,,,,,,
P16422_and_P0DP06,0.3196370598082384,0.2331725474943954,0.09744088591463042,18.599204545454537,60.406230769230795,-1581.0238924244525,B_C,,,,,,,,,,,
P16422_and_Q8NHA4,0.30450272784395854,0.23309493673510123,0.1409569427556918,19.9056561085973,62.339545454545494,-3775.620033906793,B_C,,,,,,,,,,,
P16422_and_O95754,0.31453786670593936,0.2330549696040793,0.2056500379364115,25.265032679738592,64.30980198019802,-2221.905509737322,B_C,,,,,,,,,,,
P16422_and_P05015,0.30672990892997354,0.23301622739415523,0.13845165385299613,20.03455284552846,63.33007194244604,-1569.1753659818853,B_C,,,,,,,,,,,
P16422_and_Q30201,0.28221842902573946,0.23300554910250637,0.18048613434372385,22.10975000000002,65.71493827160492,-3725.418943738787,B_C,,,,,,,,,,,
P16422_and_Q9H7B7,0.32064346870558713,0.23298794508635565,0.07272728051253449,16.058847402597376,46.02745222929934,-1724.9561271607854,B_C,,,,,,,,,,,
P16422_and_P57773,0.26367968701627365,0.23295525423527663,0.13362765854734132,21.504129464285743,61.3068,-4138.653482070171,B_C,,,,,,,,,,,
P16422_and_Q8NDV2,0.3008178667811578,0.2329128928201562,0.07538091064199799,19.686885245901653,56.69678321678322,-800.0557754223546,B_C,,,,,,,,,,,
P16422_and_Q9NTU4,0.3008494614042227,0.2329051669375278,0.2056225474493101,17.521449275362308,57.371490683229844,-1959.0390609515562,B_C,,,,,,,,,,,
P16422_and_Q12866,0.255685587530853,0.23284498016226757,0.13825461607059022,21.459538784067117,66.87375757575761,-1802.211048742709,B_C,,,,,,,,,,,
P16422_and_Q8N6Y2,0.27466727671190516,0.23284280009775501,0.11922983651161535,23.11788793103449,59.54299516908213,-2181.7572140602133,B_C,,,,,,,,,,,
P16422_and_Q9H015,0.31401343912436375,0.23281641254270857,0.09052318552305862,23.637676767676794,61.07268750000001,-1848.47592426543,B_C,,,,,,,,,,,
P16422_and_P23634,0.2986907988083857,0.23270734761888284,0.3446281123629859,26.722933884297444,50.02208823529411,-6853.333178626832,B_C,,,,,,,,,,,
P16422_and_P63211,0.3334819803458611,0.23267651748895918,0.08201275170465593,13.763993710691835,33.63811881188119,-844.8940946866242,B_C,,,,,,,,,,,
P16422_and_Q96RJ0,0.30661997237844035,0.232655477077007,0.20915604744030783,23.149999999999984,62.027784090909066,-1806.728240135506,B_C,,,,,,,,,,,
P16422_and_Q8NH64,0.30121438918651433,0.23265500482718976,0.0991149422106504,22.54703476482618,61.11577181208055,-1160.6818738932516,B_C,,,,,,,,,,,
P16422_and_Q8IVW8,0.30645390033105535,0.23265427756431845,0.43670741797063617,24.38980929678189,57.86620689655173,-2240.1886775918447,B_C,,,,,,,,,,,
P16422_and_Q5T3F8,0.31339776676484576,0.23264474229895588,0.1209519301339075,25.089036544850515,55.648159509202465,-3150.9191204004164,B_C,,,,,,,,,,,
P16422_and_Q12934,0.2582022745479193,0.23264167007359812,0.08594690992554999,20.634025559105428,53.023233532934114,-2080.0613971547573,B_C,,,,,,,,,,,
P16422_and_P46093,0.29735914762303856,0.2326362921090584,0.25296613553721786,23.10184331797234,62.05000000000002,-2009.0665226868073,B_C,,,,,,,,,,,
P16422_and_Q9NP59,0.30609019751663313,0.23262925057149406,0.19647128345025394,24.884098639455825,55.041269035533,-4250.438379707582,B_C,,,,,,,,,,,
P16422_and_P30988,0.2810702145862066,0.23262305482876502,0.15096882796043284,21.97090163934425,56.50755555555556,-2175.303593908272,B_C,,,,,,,,,,,
P16422_and_P38405,0.3084270938715715,0.232609325440702,0.19357906591813528,21.537182741116766,66.98425373134327,-1784.4947353611024,B_C,,,,,,,,,,,
P16422_and_Q32M45,0.31870942364757704,0.23260129685514622,0.29056058338626206,25.199668508287377,59.534186046511635,-3755.504438138849,B_C,,,,,,,,,,,
P16422_and_O95876,0.3085700674157397,0.23259965310928646,0.4694235151995411,24.01881856540088,66.40599221789887,-2324.5553138857176,B_C,,,,,,,,,,,
P16422_and_O15068,0.2564193484968343,0.23254031834794125,0.08183019331172883,25.386784140969144,55.39876623376623,-5488.215133508518,B_C,,,,,,,,,,,
P16422_and_O15375,0.30523557997623696,0.2325340076753884,0.10505513148867705,23.941353383458644,63.309481481481434,-9509.964372502982,B_C,,,,,,,,,,,
P16422_and_O60575,0.32794293687068343,0.2324506646661573,0.11175049066791017,17.075330812854435,47.359705882352934,-1596.8250542866876,B_C,,,,,,,,,,,
P16422_and_Q6UXI7,0.27522364506528946,0.23235184341201548,0.41657212087832846,24.47058486238532,61.5624170616114,-2408.5907542126297,B_C,,,,,,,,,,,
P16422_and_A0A5A2,0.3208510413453324,0.232346860050642,0.13111457615238548,20.96898625429557,61.540540540540526,-1874.556806365189,B_C,,,,,,,,,,,
P16422_and_Q9NZN1,0.26838411896320385,0.23234197989008135,0.0529183416319656,23.82769607843137,57.34024844720497,-2760.609295337563,B_C,,,,,,,,,,,
P16422_and_Q9BZR6,0.2852573613365154,0.23229695772484976,0.21427433718706443,23.985699373695194,46.136928104575155,-3492.4527826558588,B_C,,,,,,,,,,,
P16422_and_Q13574,0.28435369926579557,0.23228109374544578,0.19808701986893448,26.46380597014922,48.803772727272744,-4466.516087895659,B_C,,,,,,,,,,,
P16422_and_Q9HCX4,0.30803604681053764,0.23226884788497212,0.02904975894733787,26.03333333333333,50.88483333333334,-3917.8255784034423,B_C,,,,,,,,,,,
P16422_and_P04054,0.31367926541947405,0.23226113150189576,0.0660318225860809,17.824918032786897,62.11692307692309,-1372.529285313341,B_C,,,,,,,,,,,
P16422_and_P22362,0.32556318020013664,0.23218157923845353,0.1913921736356719,17.47836812144211,52.171875000000014,-357.8380609687217,B_C,,,,,,,,,,,
P16422_and_Q16581,0.27980828041777145,0.23214816621292028,0.18391750171722962,24.19661508704059,66.09474683544305,-1279.7695449632138,B_C,,,,,,,,,,,
P16422_and_Q7Z5A4,0.2880859201329721,0.23207090085968124,0.16289686633156034,22.295,51.95576354679801,-1830.8176828921214,B_C,,,,,,,,,,,
P16422_and_Q96SA4,0.30429358832279385,0.23203495162357746,0.19247741728020631,23.05910326086956,44.19418079096046,-1877.8908638445046,B_C,,,,,,,,,,,
P16422_and_Q9H209,0.3043132171210536,0.23192360731468947,0.16770813745972407,20.84756871035942,66.88521428571428,-3640.376850973582,B_C,,,,,,,,,,,
P16422_and_Q8NGC2,0.301613137654366,0.2318920490259215,0.1554899057825426,20.759514563106766,61.088993288590544,-3864.9668401765557,B_C,,,,,,,,,,,
P16422_and_Q8TDW0,0.2938954330334388,0.23188712619333612,0.19834694927416152,25.78012295081971,69.37187499999996,-4018.3156192208767,B_C,,,,,,,,,,,
P16422_and_Q96R27,0.3021076185997835,0.23183540740316178,0.10527638292549783,20.530684596577004,60.22367187499999,-2905.3760055892317,B_C,,,,,,,,,,,
P16422_and_Q99584,0.3244387121577933,0.23182973818274508,0.09633782816395707,19.03583569405098,57.961785714285725,-967.6588764500857,B_C,,,,,,,,,,,
P16422_and_Q86U90,0.29242477775557374,0.23180102682214881,0.19296387334041795,21.209690553745933,69.8662569832402,-4400.514801674251,B_C,,,,,,,,,,,
P16422_and_Q8N130,0.29103394896770235,0.23175018852434837,0.12826563134006005,25.153851851851833,59.92739795918363,-2181.3170357656427,B_C,,,,,,,,,,,
P16422_and_Q9GZM7,0.3002986962931287,0.23171780728508717,0.1122579477615864,24.24175531914894,64.4241116751269,-2507.2373923018977,B_C,,,,,,,,,,,
P16422_and_P32245,0.286502377796756,0.23170346223892416,0.11593038573311278,21.93567073170733,63.01862499999997,-3295.78711234013,B_C,,,,,,,,,,,
P16422_and_Q9UQ49,0.3113175446519627,0.23168543885343568,0.24254674806823884,17.43699596774194,58.576938775510186,-1215.8984173566994,B_C,,,,,,,,,,,
P16422_and_Q17RY6,0.3095999988510735,0.23166176004793915,0.09185692343787544,18.565843270868793,52.39072727272729,-1183.4932278494543,B_C,,,,,,,,,,,
P16422_and_O15218,0.2926598742302321,0.23162423990756514,0.3289485441267254,23.911554621848712,62.60236559139786,-2860.356456715379,B_C,,,,,,,,,,,
P16422_and_P49223,0.3273483906608362,0.2315815252441684,0.138597149202497,16.24713896457767,54.66351351351352,-727.6208083404704,B_C,,,,,,,,,,,
P16422_and_Q8NGY9,0.30509258066923123,0.23156805889693893,0.13699035243775767,21.159975062344152,63.78900763358778,-3223.187655412289,B_C,,,,,,,,,,,
P16422_and_Q96RD0,0.30231942172607307,0.23152315295460715,0.0986593123362518,20.958865248227006,65.21365671641794,-2321.873234932472,B_C,,,,,,,,,,,
P16422_and_Q92692,0.27820823180473736,0.23147050715211148,0.07027318327912228,23.888853503184723,64.18821839080461,-2325.416713784093,B_C,,,,,,,,,,,
P16422_and_Q8NGS8,0.2931838515500803,0.23145641065362266,0.14347103637333436,21.340667976424335,61.48883561643832,-3855.383443464886,B_C,,,,,,,,,,,
P16422_and_A0A075B6T6,0.3204550935840932,0.2314130147401081,0.12951840712770427,19.894354838709653,63.96743589743592,-978.517672826642,B_C,,,,,,,,,,,
P16422_and_Q08J23,0.3119053665148972,0.23140011696066182,0.5605948848508685,25.306091954023067,62.75203619909501,-1806.410472876405,B_C,,,,,,,,,,,
P16422_and_P01563,0.3053468729404114,0.23138381254203147,0.15172547796731814,19.794089834515386,68.27024193548388,-755.8627342574713,B_C,,,,,,,,,,,
P16422_and_Q8NGV5,0.2970312878973282,0.23135757260607895,0.1549060338423418,20.702570093457968,66.32795620437956,-2697.6540776430074,B_C,,,,,,,,,,,
P16422_and_P15692,0.2684971418705957,0.23128889697179222,0.2645981773052109,22.65189243027889,66.45343749999998,-1247.2530231063574,B_C,,,,,,,,,,,
P16422_and_Q2TAP0,0.3092962302546013,0.23127093887478978,0.04567910805713131,20.26468926553673,57.944330708661454,-1566.4363583046643,B_C,,,,,,,,,,,
P16422_and_Q9GZN0,0.2857242461582359,0.23124656714467057,0.17044511116563332,19.567710049423383,57.72021390374331,-1737.1430044319022,B_C,,,,,,,,,,,
P16422_and_Q9HBU9,0.27568298976891115,0.23120294670457942,0.11734398769278777,20.54320486815416,68.41588235294118,-1510.4317590292776,B_C,,,,,,,,,,,
P16422_and_Q9NZH0,0.2759033507286618,0.2311453877675681,0.22323545185125138,22.668195956454163,63.260059523809545,-1454.4994353834422,B_C,,,,,,,,,,,
P16422_and_P0DPF4,0.3212193102800818,0.23112041054055066,0.12004844815238334,20.754672897196283,55.980606060606064,-3297.0672655233793,B_C,,,,,,,,,,,
P16422_and_Q8NG77,0.3014485630650349,0.23111167099634125,0.14761646946678925,21.30824607329843,64.39720930232558,-2251.3204765995247,B_C,,,,,,,,,,,
P16422_and_P0DTW3,0.31813104239752654,0.23109652297426922,0.08089830656809958,19.3210920770878,58.30466165413536,-878.3135812363053,B_C,,,,,,,,,,,
P16422_and_Q08380,0.3003325742687102,0.2310542605783416,0.1479985114546989,23.31184615384615,54.31258620689655,-1121.2301243620627,B_C,,,,,,,,,,,
P16422_and_O95136,0.2888126976919697,0.2310067080789468,0.1194857095964696,22.68773584905662,60.31147651006709,-1886.818864669941,B_C,,,,,,,,,,,
P16422_and_Q50KZ9,0.2968745383424139,0.23098630968234923,0.12582977436810502,22.156496519721568,57.70123287671234,-2597.254815234883,B_C,,,,,,,,,,,
P16422_and_Q8IVE3,0.28399396839336877,0.23096798802733665,0.24843934014023594,27.260930232558184,62.31217391304348,-3414.3757511898,B_C,,,,,,,,,,,
P16422_and_Q8NFK1,0.28743010428919374,0.23092348749510938,0.12085903050259582,17.422319201995023,42.548437499999984,-2041.965846560839,B_C,,,,,,,,,,,
P16422_and_Q10471,0.2998337871213188,0.23092043860669417,0.1611809683224386,21.43669724770644,62.679356435643584,-2135.228712092541,B_C,,,,,,,,,,,
P16422_and_P53816,0.30982446976513256,0.2308982079591139,0.11304456490936077,18.59448529411765,51.96828571428572,-1010.0941215131097,B_C,,,,,,,,,,,
P16422_and_A0A075B6U4,0.319639219160096,0.23087610242423495,0.09096316010418408,19.503483606557385,55.431205673758896,-1102.29942381189,B_C,,,,,,,,,,,
P16422_and_P14672,0.3113663916938754,0.23084826883483275,0.16874408845690944,24.96978417266188,57.36994082840237,-2420.751620398807,B_C,,,,,,,,,,,
P16422_and_Q08116,0.2986568833874004,0.2308129012058283,0.07577028025230725,19.409604519773975,61.534921874999995,-1170.4898968530688,B_C,,,,,,,,,,,
P16422_and_A0A599,0.31910740383139813,0.23079218654584444,0.13554605684089813,20.8044483985765,59.679801324503345,-1207.9813226280567,B_C,,,,,,,,,,,
P16422_and_Q9Y6Y9,0.3085939283051091,0.2307485585655223,0.15522640704019797,19.39295634920633,64.28518518518518,-1106.8645390663132,B_C,,,,,,,,,,,
P16422_and_Q66K79,0.295020967458002,0.2307030048033655,0.1990320051411327,25.15936995153474,54.79277486910997,-2307.452681987984,B_C,,,,,,,,,,,
P16422_and_Q9H341,0.2975813322488728,0.23069600522919514,0.151423769717591,20.886518046709106,63.95338028169017,-1707.4442191788994,B_C,,,,,,,,,,,
P16422_and_P60509,0.26762353854898896,0.23067337907821167,0.08774305956961556,22.960139416983527,50.73297169811319,-1364.007371902746,B_C,,,,,,,,,,,
P16422_and_Q9BYG8,0.28688267491948566,0.23056546240584846,0.11298209520473185,21.9793216630197,67.20221518987348,-1414.7195723517598,B_C,,,,,,,,,,,
P16422_and_P35247,0.2703939669734353,0.2305530625461841,0.23390900766578973,22.07431271477665,56.90645161290321,-1185.3240961191714,B_C,,,,,,,,,,,
P16422_and_Q9BZJ6,0.28453210138840357,0.23051537750952644,0.23849494747969005,23.604213483146072,66.07686363636365,-3017.8260571116443,B_C,,,,,,,,,,,
P16422_and_P21917,0.28408506937996153,0.23048022890296152,0.20515381571302674,23.316202090592324,66.35970588235293,-1995.6904071437239,B_C,,,,,,,,,,,
P16422_and_P04211,0.314224861447871,0.23046142771526024,0.1683298586964412,21.902401746724898,66.44494382022474,-1251.381371683096,B_C,,,,,,,,,,,
P16422_and_A0A087WSZ0,0.31841302400963756,0.23039675517920033,0.14134333553170614,18.74123931623935,68.4648051948052,-2350.547627794523,B_C,,,,,,,,,,,
P16422_and_Q8IUX7,0.28555063740706743,0.2303915404858044,0.4181670272171307,27.356030701754367,57.6216956521739,-6141.043756735824,B_C,,,,,,,,,,,
P16422_and_O95484,0.2987532798595711,0.230375411484744,0.165874844185825,18.43091503267975,42.78331491712708,-1211.5041895626582,B_C,,,,,,,,,,,
P16422_and_P10092,0.31782461314479743,0.23035001972944422,0.14703245214617458,15.500332446808535,40.54784810126583,-509.13587300013023,B_C,,,,,,,,,,,
P16422_and_P59827,0.279727366575396,0.2302439303834998,0.20488966115554405,23.211418918918934,46.98999999999999,-2015.8095001576603,B_C,,,,,,,,,,,
P16422_and_Q9H7T0,0.3278679260123397,0.23024158166493555,0.22888873133262047,25.655808383233552,58.289090909090916,-20946.460379410473,B_C,,,,,,,,,,,
P16422_and_P30872,0.28799270439590996,0.23023747621030166,0.18834547293079826,23.604454545454523,66.606625,-2767.463764221449,B_C,,,,,,,,,,,
P16422_and_Q9H7M9,0.28277208674732623,0.23021398828575837,0.14474510441010185,19.774367622259714,62.14533333333332,-780.4175876343998,B_C,,,,,,,,,,,
P16422_and_Q9NYW5,0.2948651949402802,0.23018196421255305,0.08848638276412533,20.33322368421052,60.66585526315789,-1229.0837323218607,B_C,,,,,,,,,,,
P16422_and_Q86UN3,0.2897651789339535,0.23018078883728263,0.0907870959434853,24.64058219178081,49.95251968503937,-3340.535302900547,B_C,,,,,,,,,,,
P16422_and_Q9Y5H7,0.27731514706910027,0.2301789719116053,0.21559022314662196,23.920731707317042,66.79492537313436,-2270.523159542139,B_C,,,,,,,,,,,
P16422_and_O00220,0.2634776942683411,0.23017370989287766,0.2851550840418252,24.160104986876625,62.56986046511631,-2320.130889023989,B_C,,,,,,,,,,,
P16422_and_A8K7I4,0.33217057136553674,0.2301037269587839,0.2028507553061799,25.95762910798122,73.56379844961243,-5232.309582647133,B_C,,,,,,,,,,,
P16422_and_I3L3R5,0.28903621596087226,0.2300724284551361,0.10963373683321992,17.928595600676857,49.10033707865168,-863.6454444502597,B_C,,,,,,,,,,,
P16422_and_A0A0K0K1E9,0.319013630364801,0.23004388949736568,0.230198065426405,20.797610619469022,62.034109589041094,-1079.0198571155254,B_C,,,,,,,,,,,
P16422_and_Q8WUJ1,0.28323286396401365,0.23002629498346971,0.1343917658565088,23.812307692307673,63.0373888888889,-5829.2606999261525,B_C,,,,,,,,,,,
P16422_and_Q6MZM9,0.29202429064200813,0.23001291792782133,0.08179104471306714,17.523327305605807,34.088633540372676,-3107.5049838238047,B_C,,,,,,,,,,,
P16422_and_P0DY56,0.30411727641491904,0.2300092638915212,0.257495444703145,20.612182741116744,67.30214285714284,-1401.5278959569239,B_C,,,,,,,,,,,
P16422_and_Q9NQ40,0.3002604626971518,0.22995919105223858,0.22372003809000182,23.420344506517722,63.23310502283103,-2415.9696288470095,B_C,,,,,,,,,,,
P16422_and_P12109,0.2522508853858819,0.22994281092000943,0.2860364541701266,26.972586520947154,54.39474402730375,-4370.23124115869,B_C,,,,,,,,,,,
P16422_and_Q9Y5P0,0.30131700018413876,0.22992944186911704,0.1254768738606551,21.065111111111076,57.50458646616543,-3370.456290108764,B_C,,,,,,,,,,,
P16422_and_Q14511,0.2506364795066657,0.22992479984953013,0.08429085517982943,25.138203463203478,50.911530612244896,-1540.4475435654604,B_C,,,,,,,,,,,
P16422_and_Q9NZP5,0.3021208655539211,0.2299155364995718,0.14694366147932336,21.053661327231115,62.79231343283585,-2324.863558647215,B_C,,,,,,,,,,,
P16422_and_P01615,0.3170171987727065,0.2299075632474958,0.11863711737979182,19.238185654008433,60.68496644295299,-791.6649687774598,B_C,,,,,,,,,,,
P16422_and_A0A075B6P5,0.3170171987727065,0.2299075632474958,0.11863711737979182,19.238185654008433,60.68496644295299,-791.6649687774598,B_C,,,,,,,,,,,
P16422_and_A6NCI4,0.2530805161317211,0.2299064224691007,0.3414235064618042,26.119999999999983,55.12724324324323,-6345.766505689993,B_C,,,,,,,,,,,
P16422_and_P40879,0.3133681789002136,0.229887561539833,0.09841830896061902,24.40601145038168,56.96558620689654,-2391.705207149993,B_C,,,,,,,,,,,
P16422_and_Q9H7Y0,0.30574840987120155,0.2298392716176843,0.11193258415135267,21.855577689243024,59.35565476190476,-3815.629130832813,B_C,,,,,,,,,,,
P16422_and_Q9Y3N9,0.2997304959334526,0.22983233167894626,0.14456239345889196,20.819764705882353,66.93288888888888,-3836.409458343864,B_C,,,,,,,,,,,
P16422_and_Q8NGE7,0.29825044178461285,0.2297760409415876,0.14208358823772688,20.470824053452116,64.12919708029195,-3116.30308048736,B_C,,,,,,,,,,,
P16422_and_P30989,0.2902443677948726,0.22975760466462644,0.23063357745892157,22.690581542351403,58.80428571428573,-4661.443392274331,B_C,,,,,,,,,,,
P16422_and_P54315,0.3164793993349714,0.22970342327283974,0.14900535099681614,21.28842519685038,63.37233128834356,-2419.7466239618616,B_C,,,,,,,,,,,
P16422_and_Q8NI99,0.26492580676790467,0.22962026817406406,0.18780985516681822,23.74963436928699,66.89395061728396,-8040.317962215361,B_C,,,,,,,,,,,
P16422_and_A0A1B0GXF2,0.3181747364862531,0.22960655868648366,0.13564729000017536,19.958722358722355,61.06743801652892,-2557.4945453810465,B_C,,,,,,,,,,,
P16422_and_O15529,0.29513306440046927,0.22960519235525212,0.07157202442780551,21.589252336448602,57.33978494623657,-4857.205721442614,B_C,,,,,,,,,,,
P16422_and_A0A0A0MT36,0.3171063703555548,0.2296047625175583,0.21259147484027888,19.906017699115047,69.21174193548384,-3713.2480419233198,B_C,,,,,,,,,,,
P16422_and_Q8NGA0,0.3035268486313488,0.22958045322576898,0.1930596323763123,19.951585820895545,68.05986754966881,-2803.642966540821,B_C,,,,,,,,,,,
P16422_and_Q15617,0.3015826637877992,0.22955697940191122,0.14679717061649408,20.09583333333332,64.11366197183101,-2637.0547777978422,B_C,,,,,,,,,,,
P16422_and_Q99527,0.2849331094753177,0.22951718292613002,0.18611592872619212,22.113844936708897,61.87676470588238,-3153.170322792921,B_C,,,,,,,,,,,
P16422_and_Q6ZSS7,0.281409118450312,0.22946656395864434,0.10156668402167468,25.311617312072904,62.02107142857138,-2914.204829623468,B_C,,,,,,,,,,,
P16422_and_Q9H324,0.2742065210217368,0.2294504828348397,0.14063972221834853,24.505862533692646,57.071447963800935,-5671.523032471909,B_C,,,,,,,,,,,
P16422_and_Q8N628,0.29967215090593846,0.229429197572851,0.16412511058232615,20.429153354632586,63.58584337349401,-2213.7577579849285,B_C,,,,,,,,,,,
P16422_and_P14735,0.335168265275357,0.22942477377522796,0.7281004436165812,26.579571234119804,56.41293560606061,-17129.759991633528,B_C,,,,,,,,,,,
P16422_and_A0A589,0.3186416176511872,0.22940418716925928,0.08468933677900022,20.726082474226803,54.71953488372091,-1308.9861732267473,B_C,,,,,,,,,,,
P16422_and_P12830,0.2579035753255823,0.2293808883777128,0.04069636951234272,23.39640883977901,43.94100000000002,-1565.220333843794,B_C,,,,,,,,,,,
P16422_and_Q9Y2T5,0.28858346662588236,0.2293473604263653,0.13935273793299266,23.940180032733217,63.13693181818185,-2326.4199448409518,B_C,,,,,,,,,,,
P16422_and_Q8IUB5,0.32408179870626097,0.22933029873654714,0.10086162569038476,15.645566037735868,44.82538461538459,-1530.9180713408132,B_C,,,,,,,,,,,
P16422_and_P02652,0.32285291448137093,0.2293092562773992,0.10049520322180573,17.66982248520709,42.33097014925374,-1308.8627690864869,B_C,,,,,,,,,,,
P16422_and_Q96JB6,0.30282795123117606,0.2292799524683433,0.16721798572913787,23.849600638977638,57.193463687150825,-13216.327435253928,B_C,,,,,,,,,,,
P16422_and_P30411,0.2905114754159258,0.22925975523742181,0.2408046474484344,22.948106712564524,64.32887499999995,-1512.281996565729,B_C,,,,,,,,,,,
P16422_and_Q9Y251,0.3222152277625866,0.22922951936513467,0.28902928598942307,24.79515828677842,73.22308176100627,-2550.357007322875,B_C,,,,,,,,,,,
P16422_and_Q9UP65,0.31169752138758783,0.22922506336376253,0.18098248518845012,22.706684027777804,59.44162790697677,-1721.4020786634646,B_C,,,,,,,,,,,
P16422_and_Q6QNK2,0.25793678715791835,0.2290931830380486,0.3191748713254002,23.984241573033678,42.464790996784544,-2991.6674016294273,B_C,,,,,,,,,,,
P16422_and_Q9UMX6,0.30064636957825563,0.22906403968828,0.05971719149803323,20.187159533073917,51.830955414012735,-1280.2471478132502,B_C,,,,,,,,,,,
P16422_and_Q7Z4W1,0.29651666766119555,0.22901967081417235,0.33358429196360484,19.760364842454408,68.38478260869563,-1510.68772438012,B_C,,,,,,,,,,,
P16422_and_Q8NGY0,0.29919284278121355,0.229001243673962,0.12446111081924714,21.26681514476615,67.4878985507246,-3523.558473863723,B_C,,,,,,,,,,,
P16422_and_Q8WUM9,0.2837684514701426,0.22893644092535942,0.1030868517129159,23.036445444319487,54.305650406504064,-4682.736170141883,B_C,,,,,,,,,,,
P16422_and_P31025,0.30493599490209505,0.2289315097073234,0.24260806129004672,21.038911290322613,67.36536723163839,-1215.9379095921195,B_C,,,,,,,,,,,
P16422_and_Q8WVZ1,0.2833212364640965,0.22891333833745556,0.12964731894576675,21.93370165745857,56.81974999999999,-1728.1620489936922,B_C,,,,,,,,,,,
P16422_and_P46937,0.26094136004051116,0.22882278342670886,0.11959880814286648,21.92057851239668,59.77077319587625,-1041.6979796312662,B_C,,,,,,,,,,,
P16422_and_P32970,0.30217674086971985,0.2288130396771652,0.12143998569224099,18.75999999999997,53.31166666666668,-924.5230273051839,B_C,,,,,,,,,,,
P16422_and_P80098,0.3218761354170327,0.22880788487563977,0.16037026317720132,17.456153846153846,53.51512195121951,-1087.9603692224337,B_C,,,,,,,,,,,
P16422_and_P01569,0.3014567111379813,0.2287933856679696,0.12256918627939077,20.310721247563343,68.17333333333332,-1456.5203386570151,B_C,,,,,,,,,,,
P16422_and_Q8TDV5,0.29292962950380236,0.22877332210088022,0.09856956556971974,22.361563876651992,58.42372549019606,-3522.378647447824,B_C,,,,,,,,,,,
P16422_and_P05014,0.30271036798891304,0.22876949957962983,0.14120192982026009,19.32824074074076,65.37646616541355,-1447.435325905216,B_C,,,,,,,,,,,
P16422_and_P05107,0.27853850861412377,0.22875042178700333,0.166493449234271,21.57128129602359,63.05278787878793,-2891.3494500044644,B_C,,,,,,,,,,,
P16422_and_O76001,0.29906095191060694,0.22874659588307944,0.1661999561200637,21.174404761904775,63.86095238095236,-4412.036270566148,B_C,,,,,,,,,,,
P16422_and_Q96AP7,0.2692879748676129,0.22869912737204776,0.30399189157821704,22.41570294784584,63.61341772151898,-2868.6722678348433,B_C,,,,,,,,,,,
P16422_and_P46020,0.3207003315963606,0.2286983321303254,0.16079979228193056,26.451413043478265,55.88126506024098,-3282.8365485060776,B_C,,,,,,,,,,,
P16422_and_Q5VY80,0.29399451353661965,0.22869682638180716,0.12791344623672082,19.393627450980375,64.62982142857146,-1069.1564167602683,B_C,,,,,,,,,,,
P16422_and_Q14055,0.24990704080390969,0.22869255694516227,0.057536486081560104,23.25364431486881,33.022803738317755,-3317.663426561696,B_C,,,,,,,,,,,
P16422_and_A6NH00,0.29937694413089755,0.22867258951231342,0.1629410398803479,21.243069306930714,64.01469230769231,-2478.130998401402,B_C,,,,,,,,,,,
P16422_and_A0A075B6X5,0.3186580998944899,0.2286674097511339,0.12254080724703842,19.993321299638993,55.411884057971015,-2193.1940629726946,B_C,,,,,,,,,,,
P16422_and_Q8NBS3,0.2954614991511565,0.2286297002143215,0.06883788972122268,22.02090163934431,52.87219354838709,-3311.1404425709006,B_C,,,,,,,,,,,
P16422_and_Q8IZF2,0.2755072393627629,0.22861175441339127,0.02120609073916604,28.144736842105274,46.87586206896552,-4956.278639128948,B_C,,,,,,,,,,,
P16422_and_Q13641,0.28588087339193446,0.22858019775636199,0.16820492445657464,23.194171220400722,54.51917197452231,-6138.015373403971,B_C,,,,,,,,,,,
P16422_and_Q8N148,0.2994758609310437,0.22856289369056376,0.15260178662462456,20.034101382488473,68.67631578947369,-1377.8613124178748,B_C,,,,,,,,,,,
P16422_and_P23142,0.2509666591669275,0.2283818589906268,0.09991968793121093,24.187417763157907,49.38835443037974,-17442.809874089486,B_C,,,,,,,,,,,
P16422_and_Q9BQL6,0.2982907028667644,0.2283487248424876,0.15595110564106215,22.99826589595378,60.91633165829142,-1589.5100697668431,B_C,,,,,,,,,,,
P16422_and_Q13634,0.2622029747498302,0.22830047026441547,0.050227503830758094,23.986526946107766,49.79966942148759,-1478.2772091677143,B_C,,,,,,,,,,,
P16422_and_Q9GZK7,0.29560251836434553,0.22827955112765172,0.13891443192287553,21.110335195530762,63.39473684210524,-2055.71676287284,B_C,,,,,,,,,,,
P16422_and_Q7Z5R6,0.2605829381930486,0.22822430421047715,0.12495180710817395,24.03068669527898,67.39860294117648,-15178.028248166913,B_C,,,,,,,,,,,
P16422_and_Q7Z6J2,0.2698993022381453,0.22819433508129044,0.16690132876449912,21.112461300309622,55.56978947368423,-1332.2958639971766,B_C,,,,,,,,,,,
P16422_and_Q8NGS5,0.29782714719470377,0.22819215581725344,0.1525018829082849,20.939414414414408,66.82057553956837,-3323.6072993854596,B_C,,,,,,,,,,,
P16422_and_Q8N323,0.31436715557844397,0.2281825879479039,0.25438490904891076,24.67115384615385,62.98456250000002,-4829.236059833414,B_C,,,,,,,,,,,
P16422_and_Q7Z601,0.27415750221126833,0.22815920202242473,0.07738168958042348,23.43892921960077,56.42177914110432,-3410.202377512909,B_C,,,,,,,,,,,
P16422_and_Q8NG85,0.3022097415707383,0.2281425074572218,0.19602403363351287,21.015437788018456,64.83096296296297,-2034.3396912252788,B_C,,,,,,,,,,,
P16422_and_Q9Y6H8,0.2664007441594839,0.22811230788342446,0.08968220835365863,19.554481792717088,46.512523364485986,-1912.1844181272481,B_C,,,,,,,,,,,
P16422_and_P43119,0.2907430848067728,0.22811178868263446,0.18767551235289967,21.419945848375455,66.82690322580645,-2197.773961870461,B_C,,,,,,,,,,,
P16422_and_O95259,0.2662034635818238,0.22807035083163277,0.15107636456152274,24.780168269230806,65.6512396694215,-2776.4209933088587,B_C,,,,,,,,,,,
P16422_and_O94985,0.28372515383629276,0.22803064582558277,0.37294446121662167,26.760042964554213,68.08922727272733,-2809.3745924356153,B_C,,,,,,,,,,,
P16422_and_P18084,0.2802741177122177,0.2280083196374371,0.17413670123906685,24.74710280373833,61.270807453416154,-2644.0800405184273,B_C,,,,,,,,,,,
P16422_and_O76002,0.29879338988439524,0.22794956054119933,0.15586789726510952,20.744999999999983,68.76744525547444,-2782.395502089655,B_C,,,,,,,,,,,
P16422_and_Q8N729,0.302822234849182,0.22793666235468568,0.0807510222500396,15.489976689976691,37.83384615384616,-643.418661065396,B_C,,,,,,,,,,,
P16422_and_Q8NGZ5,0.2952519053856745,0.2279279042895569,0.13169363955405486,20.645283018867882,62.73559440559437,-3878.022449535038,B_C,,,,,,,,,,,
P16422_and_P31323,0.26918879268416795,0.2277851160675494,0.15056857341811997,22.952069536423792,59.91528205128208,-1616.9056700272404,B_C,,,,,,,,,,,
P16422_and_Q9Y5H8,0.274017279905684,0.22777334919936054,0.215479604252194,24.265340909090874,62.20338345864663,-2072.645406668653,B_C,,,,,,,,,,,
P16422_and_Q92963,0.292998290627037,0.22776205436940822,0.17209610980634243,20.96424474187379,69.3166025641026,-1511.0179336840881,B_C,,,,,,,,,,,
P16422_and_Q92959,0.30851838344838967,0.2277523915781929,0.30175706936460134,25.170410156249996,64.01344398340244,-2961.4054134422527,B_C,,,,,,,,,,,
P16422_and_P01772,0.3148724238510012,0.2277284721049379,0.16262453824895728,17.389908256880734,73.65792079207921,-3180.1318452207597,B_C,,,,,,,,,,,
P16422_and_P0C7T3,0.2956124099866212,0.22771312637191077,0.10705973776631776,20.8157464212679,62.431824324324324,-1967.5692366543713,B_C,,,,,,,,,,,
P16422_and_Q9Y3R0,0.2509721982492651,0.2276791418415952,0.07376141341769718,25.082634730538928,52.601756756756735,-1930.4026883705883,B_C,,,,,,,,,,,
P16422_and_P02810,0.2996156703197744,0.22762954917619294,0.07206025765113513,14.688652482269505,31.665340909090897,-416.87313890235237,B_C,,,,,,,,,,,
P16422_and_P06881,0.3145614228380921,0.22761315075617505,0.10734265157784098,17.295417789757384,43.69295597484279,-1614.7104076085998,B_C,,,,,,,,,,,
P16422_and_P41595,0.2769125454028786,0.22760306174642153,0.3877108536932753,24.286561743341426,57.16690265486728,-1664.4198264240113,B_C,,,,,,,,,,,
P16422_and_Q8NGX3,0.2997748409463028,0.22753592090095018,0.17032141156664504,20.713333333333328,63.05298780487803,-2073.346684050717,B_C,,,,,,,,,,,
P16422_and_P56856,0.2882034600859665,0.22747650316723017,0.09571598400161734,19.731121833534374,51.94875706214686,-798.1677135179998,B_C,,,,,,,,,,,
P16422_and_Q8NHC7,0.29906015126025287,0.22743470405543212,0.13845740965094816,20.642821782178235,63.53186046511624,-2053.0734008178542,B_C,,,,,,,,,,,
P16422_and_P19397,0.2948313435920782,0.2274322045616481,0.1426614493156742,20.227941176470598,58.13840909090908,-1110.549528801594,B_C,,,,,,,,,,,
P16422_and_P00740,0.27962263627024564,0.22742455907396156,0.147477648037208,19.894602272727266,52.83795918367347,-2379.0267315320325,B_C,,,,,,,,,,,
P16422_and_A0A075B6N4,0.31625942740670154,0.22740475602675314,0.10874015172560601,19.836686390532506,59.09633093525176,-1087.9064664012149,B_C,,,,,,,,,,,
P16422_and_P42566,0.24354250170358452,0.22739161790201728,0.08849914736484475,25.396651270207848,59.22944827586207,-6478.840320584779,B_C,,,,,,,,,,,
P16422_and_Q8NGS4,0.29846525843851907,0.22737862538253276,0.14593252111230764,20.135668103448292,64.26882758620691,-2490.446092151021,B_C,,,,,,,,,,,
P16422_and_P01138,0.29134895758557233,0.22736287891910456,0.10890756052093029,19.833545454545455,61.8618787878788,-3242.13985560349,B_C,,,,,,,,,,,
P16422_and_Q8WWL2,0.25171961167799295,0.22735409924113462,0.11539408223235668,24.237391841779946,55.57390697674418,-2821.6575136696338,B_C,,,,,,,,,,,
P16422_and_Q15818,0.269807460596562,0.22733560923994559,0.1660413212827011,23.86901098901099,57.49497777777776,-5692.031916033743,B_C,,,,,,,,,,,
P16422_and_A6NKK0,0.30087514056626435,0.2273328955045071,0.151528348618202,20.33075221238941,65.9799264705882,-1783.7056809799608,B_C,,,,,,,,,,,
P16422_and_O75309,0.2706180477556261,0.2273163987491403,0.33702625526026486,26.322987616099052,63.101466666666695,-14259.648780882955,B_C,,,,,,,,,,,
P16422_and_Q13296,0.3220067164436128,0.22731442891260817,0.054208516691471365,19.395984455958544,48.92959016393444,-894.4043352779499,B_C,,,,,,,,,,,
P16422_and_Q5SRR4,0.3046431399158368,0.22727253619596727,0.11479629784437777,20.035137795275595,63.648582089552264,-2976.803589410092,B_C,,,,,,,,,,,
P16422_and_Q9UBH6,0.2875189140725628,0.22727217136381822,0.18584670462877398,24.728956521739125,56.243505154639195,-2476.3776502576475,B_C,,,,,,,,,,,
P16422_and_Q9BSF0,0.32274488999143414,0.22723836716029255,0.09050469348137208,16.97243243243243,39.564305555555535,-1560.8485275693051,B_C,,,,,,,,,,,
P16422_and_Q8NGE1,0.3012399050230788,0.22723585147672348,0.23465272936202208,20.70563139931742,68.9687341772152,-2886.2971847896615,B_C,,,,,,,,,,,
P16422_and_P03979,0.31526040807910594,0.2272161251151862,0.10427743108695316,19.219273127753297,58.80703703703701,-1037.734573976339,B_C,,,,,,,,,,,
P16422_and_P35968,0.2467187562154684,0.227214914637134,0.07591520835688513,26.021250000000002,53.535321100917436,-12902.22155118674,B_C,,,,,,,,,,,
P16422_and_O75173,0.2879585679328268,0.2271658459138003,0.39816135776038897,25.97364130434784,71.44961748633875,-4474.712757079745,B_C,,,,,,,,,,,
P16422_and_Q969P0,0.2729665591078798,0.22716440308731647,0.33847181514888514,23.415452261306534,67.48717948717947,-7071.006926137967,B_C,,,,,,,,,,,
P16422_and_Q8NGC4,0.29981092777550433,0.22716010456412505,0.13012648331467144,21.00889570552146,64.85344594594595,-2818.6773115024853,B_C,,,,,,,,,,,
P16422_and_Q13368,0.27456979519149427,0.22715612259824647,0.17001782314154126,24.042890262751172,59.787880434782615,-1268.4451288911696,B_C,,,,,,,,,,,
P16422_and_Q6S5L8,0.25494456090794426,0.22710466556359374,0.27354431931576906,24.159336941813265,62.61153061224486,-1338.7222286595133,B_C,,,,,,,,,,,
P16422_and_Q9Y217,0.3110732148876063,0.2270946630667802,0.11028786120592637,22.343854748603324,60.440125786163556,-2510.9475211314884,B_C,,,,,,,,,,,
P16422_and_A0A0B4J1U4,0.31550129802021254,0.22704264892203757,0.10029404184764089,19.89225621414913,55.07181159420289,-1288.9237960374057,B_C,,,,,,,,,,,
P16422_and_A6NM76,0.29639049971119114,0.22702427189012983,0.20880140867424024,21.841467889908255,67.39324503311259,-3634.459496801791,B_C,,,,,,,,,,,
P16422_and_Q9H255,0.29993907586893787,0.22695371113580204,0.2166448732663968,21.376512455515996,65.58450331125827,-4304.915914518792,B_C,,,,,,,,,,,
P16422_and_Q9Y6T7,0.3013058473534162,0.2269391456201859,0.3863851728783439,23.79954904171367,71.10461904761908,-1430.6258617679596,B_C,,,,,,,,,,,
P16422_and_P29274,0.28121447122928045,0.22691970742485962,0.1515310461211461,21.507562076749448,58.05076388888889,-2100.7577434526793,B_C,,,,,,,,,,,
P16422_and_O95047,0.29424058228922667,0.22691759780219994,0.13817246179370332,19.581308411214945,63.52535483870965,-6996.918519428643,B_C,,,,,,,,,,,
P16422_and_O95971,0.30236567596139285,0.2269131750648622,0.0793678296948661,19.749285714285712,57.479340659340615,-928.8764494921797,B_C,,,,,,,,,,,
P16422_and_Q8NGW6,0.2935923082287911,0.22683969816440946,0.15394122904581545,20.777505330490417,67.51217391304351,-2521.2787663604076,B_C,,,,,,,,,,,
P16422_and_P56747,0.29457509990373143,0.22679493189181793,0.11716891838344144,18.932784636488314,52.514863387978146,-840.1406292688043,B_C,,,,,,,,,,,
P16422_and_P59540,0.2935700281194048,0.22678228349773158,0.15182204487672085,22.3916114790287,60.150529801324524,-4200.96236134291,B_C,,,,,,,,,,,
P16422_and_P21452,0.2830316351553835,0.2267791587488594,0.19563449128892055,22.390090090090094,58.15079365079366,-1723.2764462539144,B_C,,,,,,,,,,,
P16422_and_P0C645,0.2982808842539144,0.2267767303829728,0.16000280615874268,19.896252676659547,63.0061428571429,-3515.4935144667284,B_C,,,,,,,,,,,
P16422_and_P15291,0.28439132620524327,0.22675456210403322,0.29031740724949,22.797889908256867,73.65390410958904,-1872.9113463014019,B_C,,,,,,,,,,,
P16422_and_Q8NH55,0.2904657907109278,0.2267502318389055,0.12194844273607201,21.288367346938774,60.77635135135135,-3657.9987190018524,B_C,,,,,,,,,,,
P16422_and_P55056,0.3137025447862421,0.2266894831018973,0.06804165716563912,16.276064908722116,50.22231788079469,-1291.7096094700664,B_C,,,,,,,,,,,
P16422_and_P07477,0.2918633768392208,0.226677847587138,0.21718647361925703,19.27408759124089,57.17610389610389,-6198.2528743668445,B_C,,,,,,,,,,,
P16422_and_O43193,0.28705078930845285,0.22667278034430166,0.12855023774391658,22.968446601941757,58.759000000000015,-2729.197321064332,B_C,,,,,,,,,,,
P16422_and_Q8IUH5,0.3030909655243361,0.22666957995048512,0.6192523835255983,24.608306188925106,44.10031413612566,-3452.9278747257895,B_C,,,,,,,,,,,
P16422_and_P11233,0.2924622864714282,0.2266590295281225,0.1327410169839509,22.18078324225862,63.13554838709676,-1836.5729343417115,B_C,,,,,,,,,,,
P16422_and_Q6JVE9,0.30261594979424306,0.2265134752731655,0.15046521009352815,20.394507575757586,63.98171232876714,-2170.53401291643,B_C,,,,,,,,,,,
P16422_and_P61006,0.2971417695487012,0.2265123186010662,0.11961909624169591,20.00796064400715,59.25796178343949,-1100.9118854710894,B_C,,,,,,,,,,,
P16422_and_Q9NRR1,0.3108370752857904,0.22650701726271757,0.09261098476581522,18.860084745762727,56.54873239436618,-1537.8295738582706,B_C,,,,,,,,,,,
P16422_and_P36021,0.2875684667254177,0.2265018331763171,0.1375077716136455,25.415989847715704,60.497905759162336,-3898.0920688911774,B_C,,,,,,,,,,,
P16422_and_Q9UHM6,0.2772062471768503,0.22647625213122652,0.14908478522008656,24.568013468013437,56.63765060240961,-2114.7693464308813,B_C,,,,,,,,,,,
P16422_and_P18206,0.315770655829844,0.22642998728919897,0.06668701546622811,26.13167701863356,51.97226666666667,-5779.690169011077,B_C,,,,,,,,,,,
P16422_and_P13762,0.2854639622803003,0.22641997758810503,0.06499721619503258,18.841834170854266,57.56020689655173,-1514.0752471485412,B_C,,,,,,,,,,,
P16422_and_P78395,0.30514848803118105,0.22641212914034703,0.13951074502590505,23.702611940298482,52.99959595959595,-7215.202334542445,B_C,,,,,,,,,,,
P16422_and_Q9H343,0.3002274973080521,0.22635966218257322,0.1629631711687378,20.183609958506217,65.99780821917808,-2971.0384750895078,B_C,,,,,,,,,,,
P16422_and_Q5SY80,0.3233730697391606,0.22634536174753123,0.28334551352709214,24.35876777251185,69.70362499999999,-4780.723469248417,B_C,,,,,,,,,,,
P16422_and_Q08AE8,0.25176387365788216,0.22633779392804654,0.11543397236502084,24.939918032786903,49.28382653061224,-1677.8804445949645,B_C,,,,,,,,,,,
P16422_and_Q8NH53,0.299223517700998,0.22628592440215897,0.19064699220771353,21.340466926070036,68.52027210884351,-3124.617398036553,B_C,,,,,,,,,,,
P16422_and_O00241,0.2748519319171604,0.22621569938577088,0.24402456098288136,23.880813008130087,67.6815882352941,-1459.2755478573836,B_C,,,,,,,,,,,
P16422_and_Q96G30,0.28815561940215434,0.22620700806799227,0.04168441168600863,18.371016483516488,30.587378640776695,-1557.2191213256992,B_C,,,,,,,,,,,
P16422_and_A0A1B0GTQ4,0.324631746037397,0.22619754006788154,0.053940385762010754,17.144833333333334,44.20440860215054,-2942.415779960604,B_C,,,,,,,,,,,
P16422_and_Q9H5Y7,0.24991319757458427,0.22619264504191577,0.4651680470926933,25.488883034773412,61.04687224669606,-4478.547971095715,B_C,,,,,,,,,,,
P16422_and_Q9BXC0,0.28838031962142724,0.22617157403030044,0.17765990169787232,20.77748815165876,63.28522727272727,-2587.780819711695,B_C,,,,,,,,,,,
P16422_and_Q9Y5E6,0.2734890078737863,0.2261242566552198,0.06057270892287636,24.516329966329945,63.84820754716981,-1939.0557033507557,B_C,,,,,,,,,,,
P16422_and_Q6UXX9,0.2847626666192794,0.22611206362613578,0.20195467367506295,21.315675675675678,61.91909090909091,-690.625803349518,B_C,,,,,,,,,,,
P16422_and_Q8NHA8,0.2947087157281878,0.22610924096444054,0.15007312629754674,22.479931506849297,63.167354497354495,-2539.0552442907456,B_C,,,,,,,,,,,
P16422_and_O14745,0.2745074250263332,0.22609728792409933,0.22021728765017634,22.011805555555533,60.02631818181816,-965.3172913260423,B_C,,,,,,,,,,,
P16422_and_P48165,0.26385176230670027,0.2260956380515225,0.07593412449882662,20.327195467422097,53.45628318584069,-5108.813781793174,B_C,,,,,,,,,,,
P16422_and_Q9UIJ5,0.2857722712740623,0.2260849653103305,0.29135466578587477,24.024113009198427,59.77876712328769,-3391.0444334301396,B_C,,,,,,,,,,,
P16422_and_Q9ULW2,0.27963800309541054,0.2260254662667619,0.11164964755913219,23.874592391304333,66.62946564885495,-2982.565881305166,B_C,,,,,,,,,,,
P16422_and_P30740,0.2967512078520902,0.22595909618693205,0.2544266521319423,22.766044260027677,59.41738372093022,-3554.465755966541,B_C,,,,,,,,,,,
P16422_and_Q8NE01,0.2523074073660279,0.22595424204131073,0.1406545106299183,24.04245283018871,66.03440000000002,-4221.906383105128,B_C,,,,,,,,,,,
P16422_and_O00144,0.27953848312561397,0.22592473946624947,0.12325142548508838,23.60953038674034,70.95912000000001,-2109.7799886134226,B_C,,,,,,,,,,,
P16422_and_Q86YQ2,0.30115218441776426,0.22590287024318834,0.07603366253373404,20.72113237639553,53.25964705882352,-1286.3869307063032,B_C,,,,,,,,,,,
P16422_and_P13861,0.26926697905423713,0.2258928833081952,0.2704650965932975,22.924812967581015,65.61077720207251,-1640.6040339157844,B_C,,,,,,,,,,,
P16422_and_Q9Y2J2,0.24019794357060484,0.22588705615369306,0.07929633573397885,24.726452599388363,52.60557575757577,-3307.235750206397,B_C,,,,,,,,,,,
P16422_and_Q96P20,0.29417284716694314,0.2258680850050926,0.14379120733646794,27.519088319088354,60.55930434782608,-13685.07396626611,B_C,,,,,,,,,,,
P16422_and_Q5FYB0,0.30671410811643396,0.22586358590118802,0.2989988837830232,24.24546153846157,68.04396907216496,-1477.7341913414248,B_C,,,,,,,,,,,
P16422_and_A0PJK1,0.31916910900362305,0.22585605576563164,0.23682451159090978,25.181865284974087,59.92923469387755,-8000.628618371549,B_C,,,,,,,,,,,
P16422_and_P62502,0.3051878145290116,0.2257741394719907,0.09827641243741055,18.970362473347507,61.42348148148151,-2179.0899271976177,B_C,,,,,,,,,,,
P16422_and_P09923,0.31880900877872065,0.225765483613872,0.5138739520286404,24.88331125827815,53.48370558375634,-4600.85354217712,B_C,,,,,,,,,,,
P16422_and_Q05397,0.27159187488563113,0.2257287474486771,0.3458839856407966,25.035178351783532,62.44790000000001,-2094.9660495267126,B_C,,,,,,,,,,,
P16422_and_P08913,0.27830566200514534,0.2257284643266144,0.18392422261260727,23.624523809523808,68.5005479452055,-2981.757113299879,B_C,,,,,,,,,,,
P16422_and_Q6ISS4,0.30449917823442074,0.2257258156144248,0.21180389091419988,19.89849290780143,65.287950310559,-1174.9651954232454,B_C,,,,,,,,,,,
P16422_and_P82251,0.3056662455662621,0.22570346547358613,0.10419395283081304,24.13899858956274,58.16510309278351,-2390.774238806538,B_C,,,,,,,,,,,
P16422_and_P31391,0.28415406874389104,0.22568437280663192,0.21156226022724572,20.697639484978534,54.65919354838708,-1453.031419789375,B_C,,,,,,,,,,,
P16422_and_Q6XR72,0.26138672501308385,0.22568372081925464,0.3250002404885786,24.292172073342698,65.98926829268297,-1760.8767675423533,B_C,,,,,,,,,,,
P16422_and_B2RNN3,0.274996408128241,0.22566694408215254,0.08419372105087737,19.2128612716763,50.97946902654869,-1162.876575336104,B_C,,,,,,,,,,,
P16422_and_P08709,0.27931845115995974,0.22566220302913578,0.2192881535747556,23.581355932203387,52.14467391304348,-4749.1839489379745,B_C,,,,,,,,,,,
P16422_and_A0A087WSY4,0.3098774459120244,0.22559032069533164,0.1597683142091042,20.7760180995475,65.09182539682541,-1553.5758852711706,B_C,,,,,,,,,,,
P16422_and_P11362,0.2574440398308906,0.22558109578321633,0.16158207445244946,24.37586206896548,61.526565656565666,-13247.549906189859,B_C,,,,,,,,,,,
P16422_and_Q7RTY7,0.2603663721693919,0.22556171442165773,0.20028653241127253,25.208464285714317,41.896633986928094,-4262.54996074189,B_C,,,,,,,,,,,
P16422_and_Q5GAN6,0.2916018166418869,0.22551876447224523,0.14448299417175467,19.71215953307393,48.60373134328359,-4575.107138913371,B_C,,,,,,,,,,,
P16422_and_Q9UGF5,0.2967971001667786,0.22546628523024964,0.2153229312490349,21.214480408858574,68.7031736526946,-2395.283075042894,B_C,,,,,,,,,,,
P16422_and_Q9H2R5,0.2897532470554426,0.2254623994445933,0.14226447407713094,17.09813186813188,61.07645569620251,-2008.8857082147454,B_C,,,,,,,,,,,
P16422_and_P15531,0.30563528427980396,0.22544847064589826,0.11541916798092075,19.278804347826103,61.016222222222225,-784.3585494905576,B_C,,,,,,,,,,,
P16422_and_Q13873,0.25272151877361626,0.22538030940939258,0.27131154669841734,25.67973231357554,56.07280172413792,-1892.1362965567314,B_C,,,,,,,,,,,
P16422_and_Q93052,0.25193728807466864,0.22537872360565142,0.15458992825378598,20.01597796143252,51.000793650793646,-1329.8553959751735,B_C,,,,,,,,,,,
P16422_and_Q14500,0.2616848435178157,0.22537769391694046,0.19771555841750704,23.127080291970795,60.18639784946239,-3299.7290158892483,B_C,,,,,,,,,,,
P16422_and_Q9Y2E8,0.2975259889698628,0.22537432991822604,0.04648009493297191,24.370977011494276,57.388712121212116,-2358.415884734687,B_C,,,,,,,,,,,
P16422_and_Q8NH92,0.2977600931665516,0.2253530916379976,0.18706354046995857,21.17899159663864,66.76149068322981,-3505.913577671517,B_C,,,,,,,,,,,
P16422_and_Q8WXX5,0.28520992080807483,0.22529810228924146,0.3130339682895721,21.845833333333346,67.1922598870056,-1028.2922657496529,B_C,,,,,,,,,,,
P16422_and_Q9UJA9,0.2961788577238072,0.2252965712837455,0.22297915999225418,22.974557522123902,62.76863636363638,-3529.69303415182,B_C,,,,,,,,,,,
P16422_and_Q6ZVN8,0.2759531114013028,0.2252722377526379,0.09941396565145538,21.609830866807616,64.1130263157895,-2835.895817760899,B_C,,,,,,,,,,,
P16422_and_Q7Z6L0,0.27345728446442785,0.2252162729012116,0.10075200670391592,13.263742690058482,37.93515789473684,-815.5277546013785,B_C,,,,,,,,,,,
P16422_and_Q9H6D8,0.2860343338412841,0.22518351211336535,0.08718634192714154,18.537581699346408,63.53154411764705,-1180.6373728512713,B_C,,,,,,,,,,,
P16422_and_Q13093,0.3045695598051449,0.22517644628675906,0.11153513202917063,19.265726495726494,61.433087248322124,-752.2042570422436,B_C,,,,,,,,,,,
P16422_and_Q9HDB9,0.2511985747293265,0.22515196789449543,0.17854940185055163,22.979312424607954,59.73229357798171,-4919.5909128737585,B_C,,,,,,,,,,,
P16422_and_Q8NGR8,0.2928494508723774,0.22514501129970738,0.1500591630109152,19.53713080168773,65.12950354609933,-2040.7280794397427,B_C,,,,,,,,,,,
P16422_and_F5H094,0.3080096537464587,0.2251062351224426,0.24513312789454839,24.321807967313568,58.491818181818175,-3147.143890825256,B_C,,,,,,,,,,,
P16422_and_P41597,0.2837229041922577,0.22509486178037433,0.29890021608058837,25.096878483834974,49.66129807692308,-1417.5022426926753,B_C,,,,,,,,,,,
P16422_and_P49913,0.30331652225828687,0.22509103389776308,0.12924518818702402,19.468557692307698,63.267515527950366,-779.4496818921234,B_C,,,,,,,,,,,
P16422_and_P32239,0.2747393742959753,0.22502651588046027,0.1905766370930476,22.745662535748323,59.609918699186935,-2229.565960426582,B_C,,,,,,,,,,,
P16422_and_Q16206,0.24877298951705762,0.2249774427237232,0.06296916464117017,23.073622047244104,60.37772151898736,-1857.53808871205,B_C,,,,,,,,,,,
P16422_and_Q8NG94,0.29558294375515437,0.22497104347546631,0.16850232830684725,20.762000000000047,67.39240000000002,-3034.429939661633,B_C,,,,,,,,,,,
P16422_and_Q5GAN3,0.30556600890868924,0.22496687461827686,0.1317038023662904,18.799339207048465,61.69869230769231,-1068.2010737153178,B_C,,,,,,,,,,,
P16422_and_A0A539,0.31487436315340434,0.22496521222604846,0.1525808674375115,20.06131178707225,62.79443708609272,-992.1800578363932,B_C,,,,,,,,,,,
P16422_and_Q96BI1,0.29782996253336913,0.22494972231522561,0.1882459172016501,23.117377049180323,67.78043478260868,-3776.1714699512618,B_C,,,,,,,,,,,
P16422_and_P05000,0.2988102206641687,0.22494805253461686,0.07175055251816409,19.73002577319589,62.05615384615385,-1558.6831254778472,B_C,,,,,,,,,,,
P16422_and_P83859,0.3051881751317078,0.2248959040006992,0.09432221364904239,16.790019011406827,34.63571428571428,-502.6196741712847,B_C,,,,,,,,,,,
P16422_and_Q13702,0.3106491225267219,0.22488943184758753,0.11929171396161013,22.83205828779599,61.54881987577638,-5302.790786475996,B_C,,,,,,,,,,,
P16422_and_P02812,0.26190903126838605,0.22487852173459222,0.08722223996030624,14.08981818181817,25.728941176470595,-897.7422200089059,B_C,,,,,,,,,,,
P16422_and_Q7KZI7,0.2624681759227522,0.22475795157494916,0.2113005034747775,23.351336477987424,68.55514285714285,-10848.56523348351,B_C,,,,,,,,,,,
P16422_and_P08887,0.27138477104368175,0.22475322907677675,0.17588779135782703,23.388294314381245,64.07518749999997,-4921.815804452972,B_C,,,,,,,,,,,
P16422_and_Q96R28,0.29550681813257995,0.22472809860708712,0.15013807694587422,20.981865828092243,63.56599999999999,-2118.141244549699,B_C,,,,,,,,,,,
P16422_and_P31995,0.27620469142190174,0.22472215304377102,0.08121831658956372,21.683969465648847,59.72742187499999,-5315.031338437805,B_C,,,,,,,,,,,
P16422_and_Q9UNK4,0.3077788452578792,0.22469778149284247,0.22967238788025962,20.584712643678163,63.378536585365865,-1167.2726508205624,B_C,,,,,,,,,,,
P16422_and_P01298,0.3170943936998633,0.22469072153802327,0.07644033192326462,16.3991554054054,42.50073684210526,-4789.843244986831,B_C,,,,,,,,,,,
P16422_and_Q9UJU6,0.26317403893886576,0.22467410384926564,0.30191668090857,25.44458598726117,65.41034653465344,-2549.3476451109073,B_C,,,,,,,,,,,
P16422_and_P62330,0.2967214632045114,0.22467325682292938,0.1646928110068761,19.65191740412979,71.65370689655172,-970.2206023871814,B_C,,,,,,,,,,,
P16422_and_A0A096LNP1,0.3261438253318545,0.22464710098276008,0.07436873950260099,15.442222222222226,41.41301886792452,-753.5873631923491,B_C,,,,,,,,,,,
P16422_and_Q8IYK8,0.2732839551801522,0.22463981658523524,0.23022525019425616,21.85993657505283,48.50107758620685,-1188.673909672405,B_C,,,,,,,,,,,
P16422_and_Q9UN74,0.2707167717465651,0.22459674736495816,0.15429779900399998,25.02345132743366,61.42524137931037,-17135.44414761696,B_C,,,,,,,,,,,
P16422_and_Q8NGA6,0.2945711068973398,0.22456820862409585,0.15342349276747003,21.03647469458991,64.2823870967742,-2842.2722754125957,B_C,,,,,,,,,,,
P16422_and_Q8TE58,0.2724424453397801,0.22453616318434944,0.12837594208748268,26.14453124999999,55.244390243902416,-4265.054690494762,B_C,,,,,,,,,,,
P16422_and_P22001,0.25501740115534144,0.22453455860021915,0.15566491628547224,22.544753747323384,57.95060402684563,-1862.0230909037946,B_C,,,,,,,,,,,
P16422_and_Q9HBG4,0.2991519209855829,0.22448315310388012,0.10952889055306482,23.190892857142856,58.452604166666674,-4033.7721533422414,B_C,,,,,,,,,,,
P16422_and_Q8N349,0.2988911321283676,0.22445263878923383,0.1424951068353256,20.237259615384605,68.34251968503938,-4185.0937817740505,B_C,,,,,,,,,,,
P16422_and_Q8N4S9,0.25356873689619497,0.2244258435458062,0.12497441680405583,23.740978593272153,49.188514285714305,-1803.3747871344312,B_C,,,,,,,,,,,
P16422_and_A0M8Q6,0.3163083824436098,0.22441452985515548,0.17319457856264203,20.83890214797136,63.989618320610695,-1145.8207883369612,B_C,,,,,,,,,,,
P16422_and_P47881,0.29524650375577216,0.22435127598006863,0.24424856842527615,22.159756097560948,68.14445714285712,-3836.8417500839323,B_C,,,,,,,,,,,
P16422_and_Q9P258,0.3064046243819378,0.22433364261092303,0.11662484612638943,22.649775784753363,68.13405594405597,-6219.596626342708,B_C,,,,,,,,,,,
P16422_and_O14558,0.3027255267869149,0.22433278684093025,0.10374622227991019,18.783560606060625,53.87307692307693,-899.8723641073302,B_C,,,,,,,,,,,
P16422_and_Q9Y5Y0,0.29108025775766344,0.22431642265663804,0.18076870086886082,25.014851485148483,57.9765656565657,-3323.442804204511,B_C,,,,,,,,,,,
P16422_and_Q8NH83,0.29520126191072904,0.22431593525935944,0.12897496832697672,21.289826086956506,62.970512820512845,-3327.3203627384028,B_C,,,,,,,,,,,
P16422_and_O75121,0.2663431135290575,0.2243150492868064,0.06512901412831061,16.854488778054844,46.563307086614174,-542.7927762138352,B_C,,,,,,,,,,,
P16422_and_Q6P988,0.29650633289579037,0.22428825976985806,0.12497025802518141,22.036488970588255,65.81023391812867,-2845.6113187795327,B_C,,,,,,,,,,,
P16422_and_A0A0C4DH24,0.31234487008251555,0.22425996340281895,0.2064529146217557,20.341459074733073,68.55396226415095,-1122.3569945995625,B_C,,,,,,,,,,,
P16422_and_A0A1B0GX78,0.31400938040871473,0.22424067616456417,0.10547622429625961,20.062560386473415,66.3405128205128,-1057.1105923318198,B_C,,,,,,,,,,,
P16422_and_P33151,0.2630511383252023,0.22419884861559553,0.1954785968742826,26.98074792243763,58.28981132075474,-3429.2657215322615,B_C,,,,,,,,,,,
P16422_and_P61916,0.30587094801087855,0.22419047364035466,0.2036519474677745,19.037947494033407,68.03818897637792,-1275.860440757916,B_C,,,,,,,,,,,
P16422_and_P16519,0.30615475824264343,0.22417854529086936,0.3739925251446026,22.737912912912922,68.15027777777777,-3068.8722173984843,B_C,,,,,,,,,,,
P16422_and_Q8NGP3,0.29927305796095716,0.22417673991051323,0.2162648381990813,21.19213938411667,63.75428571428574,-2485.6500830166765,B_C,,,,,,,,,,,
P16422_and_P05305,0.29026202567627074,0.22416030131277762,0.10305819956958227,15.939922480620133,47.36832116788321,-2318.0454250380717,B_C,,,,,,,,,,,
P16422_and_Q9BZJ7,0.2723471350286203,0.22414776300162176,0.16058892732502633,21.069581545064356,54.145627906976735,-3266.87586054669,B_C,,,,,,,,,,,
P16422_and_Q8NGS0,0.2978559160116129,0.22410804186290967,0.14677103254893897,21.495491803278703,66.89702702702702,-1722.4913013060773,B_C,,,,,,,,,,,
P16422_and_Q9NQS3,0.26201339078721964,0.22407343397761342,0.5268553834713148,24.804307692307766,63.31211340206183,-935.2636874166674,B_C,,,,,,,,,,,
P16422_and_Q8NGL6,0.2945103019814488,0.22403944282798044,0.14435512773322512,20.805791962174936,64.38697674418603,-9491.187296928592,B_C,,,,,,,,,,,
P16422_and_Q9Y5I1,0.2698925624802743,0.22402556147270325,0.16528226843014324,24.897180451127856,63.667304964539035,-6246.7078880998815,B_C,,,,,,,,,,,
P16422_and_Q86V40,0.27916471767793183,0.22401179834151488,0.24471490186851858,22.295620437956185,64.60541666666667,-2665.934517713442,B_C,,,,,,,,,,,
P16422_and_Q8NGI0,0.2962355717681621,0.223948595374189,0.14216578431077084,21.463563218390792,62.69063380281691,-4358.073173588916,B_C,,,,,,,,,,,
P16422_and_P19835,0.29691078706582863,0.22393858511891968,0.3663094644120527,26.706907477819964,75.13072463768113,-9407.827277703916,B_C,,,,,,,,,,,
P16422_and_Q8NGX5,0.2938701618293824,0.22393565765649567,0.1513782117225275,19.902397260273982,69.35404411764704,-1410.9927131450654,B_C,,,,,,,,,,,
P16422_and_O00398,0.28865152648423076,0.2239048467348516,0.14154729031629976,23.879782608695642,49.87424242424243,-1306.0840917644955,B_C,,,,,,,,,,,
P16422_and_Q8NGQ4,0.2947225740214894,0.22387344934167944,0.13037717047766392,21.245842217484007,64.61258503401359,-2887.080188000877,B_C,,,,,,,,,,,
P16422_and_Q14627,0.2892688175207296,0.22379400087596302,0.4475533159776915,25.594665012406956,51.82202127659575,-2440.4090192263398,B_C,,,,,,,,,,,
P16422_and_Q8N135,0.30087083680477833,0.22377998658016096,0.10429930360740239,23.181008583690993,66.05137931034484,-7457.700859119738,B_C,,,,,,,,,,,
P16422_and_Q8NGM8,0.2975464389869204,0.22371323725962122,0.13343787969679025,21.123930753564153,65.13895104895109,-3902.5008477167694,B_C,,,,,,,,,,,
P16422_and_Q6ZMJ4,0.2870415369614364,0.22370637900018203,0.15707273588026924,21.009335727109498,59.45625850340137,-3169.50800856306,B_C,,,,,,,,,,,
P16422_and_P0DN81,0.2939144765682287,0.22369038651365653,0.11616067252487644,20.275135135135116,65.1143307086614,-1821.422013282156,B_C,,,,,,,,,,,
P16422_and_Q8N2G4,0.3033714240544282,0.22368454696437653,0.12267992732897488,21.383453887884297,60.38760000000002,-2018.9960251534212,B_C,,,,,,,,,,,
P16422_and_Q8NGV7,0.29648388337340376,0.22365864131383567,0.1489478586020498,21.22948717948717,68.09664122137407,-3260.2740755006953,B_C,,,,,,,,,,,
P16422_and_Q13519,0.3013675554413142,0.22363112164999302,0.12224923408042307,15.95963302752295,53.00856209150326,-3215.852312380088,B_C,,,,,,,,,,,
P16422_and_Q13467,0.2770846577242926,0.2235536378184857,0.18494524130666642,23.23296146044627,64.26653594771244,-3133.348479565855,B_C,,,,,,,,,,,
P16422_and_P35590,0.24836165270138277,0.2234936985133364,0.4127204309287141,26.47542831379621,56.97966165413536,-2249.1726644569644,B_C,,,,,,,,,,,
P16422_and_P15144,0.32412480642762753,0.22348374737011145,0.41136560161995295,25.828592927012746,52.65116207951074,-4213.188218467193,B_C,,,,,,,,,,,
P16422_and_P47900,0.28902890736337505,0.22347358299250128,0.1288734419432096,22.843028322440066,60.90175572519083,-2147.5906914739376,B_C,,,,,,,,,,,
P16422_and_Q8TCG2,0.2835855279882178,0.22346197991393546,0.10370764407834948,22.831313131313152,61.698849999999986,-1130.4131787885235,B_C,,,,,,,,,,,
P16422_and_Q9NPC1,0.29135788333758106,0.22344061466596166,0.11161686307126416,22.835750636132303,56.22818181818183,-2048.178620067096,B_C,,,,,,,,,,,
P16422_and_P01008,0.29629205128388153,0.22339892712814743,0.1872103384623674,22.218970380818043,66.48042944785277,-1092.0760626176452,B_C,,,,,,,,,,,
P16422_and_Q8N162,0.29285927392153915,0.22332422551353417,0.11698127656634828,22.554249999999975,62.64918128654971,-1105.8227512624321,B_C,,,,,,,,,,,
P16422_and_Q8TCW9,0.2879540820849779,0.22324367833347997,0.13821754238551215,22.650092764378446,47.45798742138363,-1518.1790797021195,B_C,,,,,,,,,,,
P16422_and_Q8NGC1,0.2902018860790332,0.22324013435090534,0.17739271526729444,20.958872651357026,68.01180555555555,-1873.8156504975163,B_C,,,,,,,,,,,
P16422_and_Q02985,0.26704415022855815,0.22323492553301766,0.1805551224881538,22.959600000000005,67.8984347826087,-782.1843440963629,B_C,,,,,,,,,,,
P16422_and_O95007,0.2935954673957624,0.22322086724184506,0.12491480292679184,22.497412199630336,63.49254658385094,-1739.3400857800325,B_C,,,,,,,,,,,
P16422_and_Q9BYE2,0.283897681602951,0.2231799757154413,0.3167132610978518,23.352254098360643,63.49743455497379,-3577.32086705431,B_C,,,,,,,,,,,
P16422_and_Q8NGF3,0.29426457661336425,0.2231676867524352,0.10082492569961013,20.773048780487812,59.061102362204714,-3372.1653239803823,B_C,,,,,,,,,,,
P16422_and_A0A0C4DH59,0.31239910672340154,0.22310654052389767,0.08786291817462816,21.020186335403743,56.26641791044776,-1096.2409215023854,B_C,,,,,,,,,,,
P16422_and_P0DML2,0.29302463556147573,0.2230738265517325,0.09958924575171743,20.361895910780675,62.99892045454545,-3209.779792846666,B_C,,,,,,,,,,,
P16422_and_Q9GZK6,0.29403017186902863,0.2230641138609224,0.19407020897755875,21.638888888888864,65.09111111111113,-1461.5529649644438,B_C,,,,,,,,,,,
P16422_and_O95967,0.26255940647597403,0.222918410953313,0.03590366989828553,23.718444444444433,56.850909090909106,-2610.6458960516793,B_C,,,,,,,,,,,
P16422_and_P63128,0.2360773229165808,0.22288384287628413,0.07944113009729824,25.468688524590167,56.24373983739835,-2277.1772768919473,B_C,,,,,,,,,,,
P16422_and_Q9BYT9,0.30690680966098804,0.22286779518772967,0.167037922701785,25.59610051993063,56.81731428571428,-4745.5838794239735,B_C,,,,,,,,,,,
P16422_and_Q9GZQ4,0.28707204829911853,0.22286334017155823,0.2501216570278821,21.766439393939432,51.37695121951218,-1614.740624488919,B_C,,,,,,,,,,,
P16422_and_P25116,0.28045253541952964,0.22283758388388597,0.08095849464279826,22.290309278350524,54.76624999999999,-3065.7630577515065,B_C,,,,,,,,,,,
P16422_and_O95665,0.2868798762691317,0.22281977785831072,0.25500311968189493,21.858026315789434,59.44620111731845,-1414.2179503528778,B_C,,,,,,,,,,,
P16422_and_P01780,0.30946402650753263,0.2227980573531075,0.19450937038161567,18.884070796460172,72.5096,-1190.8786368090955,B_C,,,,,,,,,,,
P16422_and_Q9HAS3,0.29523119448797974,0.2227743971107973,0.1996532172311921,24.566735537190077,69.39646666666667,-3757.1804608816683,B_C,,,,,,,,,,,
P16422_and_Q6ZVX9,0.2978092610221227,0.22273416887079173,0.16006676851751478,23.71636363636363,62.63616352201259,-4932.925304758711,B_C,,,,,,,,,,,
P16422_and_Q6UDR6,0.3169388872595511,0.2227259997166364,0.07456447831644529,17.759469696969706,48.88459677419357,-866.8860135679679,B_C,,,,,,,,,,,
P16422_and_Q9H0C3,0.2892473688975844,0.22272544519532633,0.22711850148069032,21.3957219251337,57.554054054054056,-2395.138773686537,B_C,,,,,,,,,,,
P16422_and_Q9P0N8,0.2813332885024161,0.22271002474098053,0.16324429924373174,19.56481481481479,55.45202531645572,-899.0415176074566,B_C,,,,,,,,,,,
P16422_and_Q8NG75,0.29238667999866313,0.2227093994463858,0.19148796690767483,21.581346153846184,66.61550335570469,-2992.4946805507016,B_C,,,,,,,,,,,
P16422_and_Q8NGE5,0.29526404709137977,0.22269328984412232,0.1896460827329308,22.384205607476645,65.48025974025975,-2958.488019842034,B_C,,,,,,,,,,,
P16422_and_Q96RF0,0.2627032331542992,0.22269204282628563,0.027984940219537922,26.298293515358356,49.221652173913064,-2521.010844292581,B_C,,,,,,,,,,,
P16422_and_Q8TDQ1,0.2749948391126918,0.22268023227060146,0.051715387263295026,20.15754716981132,53.921293103448264,-2253.652568842044,B_C,,,,,,,,,,,
P16422_and_Q8NG99,0.2954650875794746,0.22260283733267755,0.15913668405675682,20.736645962732897,64.28801418439714,-2131.0664849310897,B_C,,,,,,,,,,,
P16422_and_Q02641,0.2673706308785958,0.2225828961923735,0.4268411535481865,23.614385964912252,77.18632653061229,-1444.2956419349066,B_C,,,,,,,,,,,
P16422_and_Q96RD2,0.2967919034280413,0.22256565893550045,0.2031076067091233,21.78593466424681,67.23093333333331,-3527.75002690577,B_C,,,,,,,,,,,
P16422_and_P80075,0.315766483194571,0.22255644072045055,0.09392941022513844,18.308333333333334,55.11282258064515,-1518.544935146199,B_C,,,,,,,,,,,
P16422_and_Q5T1C6,0.2877163622535213,0.2225381402776419,0.18237078577722723,19.818328840970345,74.52752000000001,-1462.527921333822,B_C,,,,,,,,,,,
P16422_and_O00219,0.31393351943490233,0.22246279702025917,0.13980175737862882,23.11958483754511,69.1171676300578,-4618.385042000593,B_C,,,,,,,,,,,
P16422_and_O75951,0.30519929685777447,0.22241539919403952,0.1764376984946472,19.377296587926523,70.13100840336135,-721.0841514373137,B_C,,,,,,,,,,,
P16422_and_P54762,0.2529061154636535,0.22238663158207136,0.26568892395910865,25.839970059880244,66.24438502673802,-4841.042154055557,B_C,,,,,,,,,,,
P16422_and_P27658,0.24366924633751724,0.22237980001541474,0.10609770149903815,21.25721476510067,62.613936170212746,-965.0569715395977,B_C,,,,,,,,,,,
P16422_and_Q8NGC5,0.290326317288939,0.22237083450395514,0.20878078603983868,22.078188539741223,66.39535947712423,-1655.2090764681952,B_C,,,,,,,,,,,
P16422_and_Q8NG95,0.2960759050781419,0.22236250007514463,0.1815182540490139,21.41191446028513,66.96541666666667,-1389.379474390825,B_C,,,,,,,,,,,
P16422_and_O75355,0.2987562768814141,0.22230177673493137,0.1714724099142524,22.20160875160882,61.63000000000002,-2551.261661191845,B_C,,,,,,,,,,,
P16422_and_P14784,0.25148831135591315,0.2222714783639723,0.12533612302220296,20.755483870967765,56.71420765027319,-2213.3839961162885,B_C,,,,,,,,,,,
P16422_and_P01130,0.2835129741757336,0.22225622585556515,0.1219795015218125,25.33395061728395,56.10821428571428,-2832.7735829452595,B_C,,,,,,,,,,,
P16422_and_Q99678,0.28288676893386244,0.2222276898547924,0.18608868851901447,22.288130081300785,60.83012345679011,-1658.3197064715368,B_C,,,,,,,,,,,
P16422_and_Q86V35,0.29212784361004285,0.22220488193082816,0.1725790727196223,21.680121212121225,58.426756756756724,-1159.9939227311843,B_C,,,,,,,,,,,
P16422_and_Q969M2,0.2536172585669819,0.22217124924377116,0.08533931855572204,21.14630177514791,52.70285714285714,-1742.203202984314,B_C,,,,,,,,,,,
P16422_and_Q9Y2T6,0.2913974719280987,0.2221669793529763,0.08502171021818426,22.846217712177143,54.531161290322544,-4068.989213424011,B_C,,,,,,,,,,,
P16422_and_Q7RTY5,0.27469846372824375,0.22212572963003951,0.3628610530359591,25.11288580246913,65.6319689119171,-4778.049621180067,B_C,,,,,,,,,,,
P16422_and_Q7Z5A7,0.307948187572305,0.2220550920984715,0.07836780732998735,16.28312883435581,56.812093023255834,-1345.4300139381476,B_C,,,,,,,,,,,
P16422_and_P59826,0.28302935600067664,0.2220374793338254,0.07527320967348791,20.38047058823528,57.15209790209792,-1627.3886911619911,B_C,,,,,,,,,,,
P16422_and_Q6UXZ3,0.29002363736610187,0.22201900552687348,0.0720369025606698,19.343929712460053,51.032649572649575,-2352.4704656823187,B_C,,,,,,,,,,,
P16422_and_A0A0A6YYK7,0.31108144759057466,0.22201730007125983,0.09579741302285014,19.36707048458152,59.567407407407416,-1119.5527392650188,B_C,,,,,,,,,,,
P16422_and_B7U540,0.2589754262198527,0.22194700730309097,0.17874326430842924,23.701037344398355,62.302146892655365,-3641.9743460126674,B_C,,,,,,,,,,,
P16422_and_O60669,0.2973536690895613,0.22194133482510497,0.14605959643463684,23.981286549707594,72.245641025641,-7370.140551773313,B_C,,,,,,,,,,,
P16422_and_Q8NH61,0.2895655927733861,0.22192986049996088,0.13080098889175512,21.54341085271318,62.12393442622951,-1954.9725820158467,B_C,,,,,,,,,,,
P16422_and_Q96RC9,0.2947739526322709,0.22189311457512112,0.15382638192189235,21.25525210084031,67.93878571428573,-2803.822269013366,B_C,,,,,,,,,,,
P16422_and_Q8NGT5,0.2915414227643836,0.22185721444511672,0.17224256377514918,20.733526011560713,68.19711409395975,-3507.1396352969878,B_C,,,,,,,,,,,
P16422_and_Q9Y5H9,0.27017140466720174,0.2218542646309509,0.15260281542579782,25.10120967741937,64.50598484848486,-2177.726132418982,B_C,,,,,,,,,,,
P16422_and_P30153,0.3093778924658654,0.2218431209945927,0.0846124768285343,25.139830508474574,56.257679999999986,-4636.077225962662,B_C,,,,,,,,,,,
P16422_and_Q969V1,0.2804001303414869,0.2218338755321853,0.09036854874979336,23.489473684210523,55.94161490683228,-1660.7189002326309,B_C,,,,,,,,,,,
P16422_and_P46091,0.2877916940481446,0.22182492812378934,0.10985975999615807,21.255205479452076,49.49327433628315,-1813.5112071415897,B_C,,,,,,,,,,,
P16422_and_Q86UX2,0.2888205498250773,0.22176226104409102,0.1951047513573955,24.132217090069297,69.60899280575545,-1963.8023862481095,B_C,,,,,,,,,,,
P16422_and_Q13449,0.2760622920318152,0.22174139467714193,0.1032788710274079,21.864413265306137,68.35546875000001,-6631.335701432512,B_C,,,,,,,,,,,
P16422_and_P22792,0.30050197318603317,0.22172400483730428,0.2191947294897983,25.91517412935323,49.48092198581562,-2977.847951217463,B_C,,,,,,,,,,,
P16422_and_Q9GZP7,0.28260379816524006,0.2217182556983857,0.1620166630293131,19.696148036253767,66.27594871794871,-1220.097955098353,B_C,,,,,,,,,,,
P16422_and_Q8NG78,0.2892119148536846,0.22171761205442725,0.12084115803408159,20.384203296703284,66.34379844961236,-2514.330359491153,B_C,,,,,,,,,,,
P16422_and_P16444,0.3052825381191717,0.2217158282561248,0.19582461105257437,25.24663865546218,71.11687022900762,-6144.641151274422,B_C,,,,,,,,,,,
P16422_and_Q9BXJ0,0.28401811439714475,0.22166779316230503,0.13910158427264174,18.414529914529894,59.088695652173925,-3070.288523122665,B_C,,,,,,,,,,,
P16422_and_O43909,0.314425270914864,0.22166514352648975,0.09504600917429541,25.894690265486688,49.20842424242426,-3905.2931610763044,B_C,,,,,,,,,,,
P16422_and_O43490,0.294001788954682,0.22166368044181572,0.07211983670541165,25.566270783847976,57.959921259842474,-4424.919860854807,B_C,,,,,,,,,,,
P16422_and_Q9H1C0,0.2857497825493872,0.2216451109780295,0.08518567559636155,23.19177377892031,65.4069172932331,-3622.7203487144307,B_C,,,,,,,,,,,
P16422_and_P05187,0.3129308793034183,0.2216331924197142,0.5653743381337414,24.400286123032892,51.29202247191012,-3938.414256506157,B_C,,,,,,,,,,,
P16422_and_Q9P0W0,0.29353739911356397,0.22158757912877208,0.10535824305847977,20.563787878787878,62.12034482758617,-681.1030664941936,B_C,,,,,,,,,,,
P16422_and_Q6H3X3,0.27645148519918916,0.22155769168415068,0.2036558830152769,20.889802631579,53.23548387096775,-605.9992610710542,B_C,,,,,,,,,,,
P16422_and_P47901,0.2771944051984002,0.22152207969457519,0.14251368433740794,20.75058528428098,61.195337078651654,-1991.9017816127043,B_C,,,,,,,,,,,
P16422_and_Q86SM8,0.2863023054489247,0.22145989096062366,0.1992187585619822,23.679886148007604,60.10934782608696,-1715.9108670804844,B_C,,,,,,,,,,,
P16422_and_Q8NHB1,0.2939772470531279,0.2214512994252075,0.12157920731131126,19.923305084745756,64.86672268907563,-2152.151173545455,B_C,,,,,,,,,,,
P16422_and_Q8NGY2,0.29213424704135416,0.22140488076871442,0.1970634895232924,21.766304347826072,68.18317880794709,-4265.486447716696,B_C,,,,,,,,,,,
P16422_and_Q96NR3,0.3218910048875101,0.22140179893764947,0.1617317838440646,26.69114285714286,64.48125000000002,-3634.0148642820564,B_C,,,,,,,,,,,
P16422_and_A0A0B4J234,0.31165299801370056,0.22134924125877015,0.08705307938905481,18.317126436781617,61.59458015267173,-810.2493862693653,B_C,,,,,,,,,,,
P16422_and_Q9UBN4,0.290634697307078,0.2213444190608727,0.1750348757728877,26.58494718309857,64.23848101265823,-8208.809086840545,B_C,,,,,,,,,,,
P16422_and_Q6UWP2,0.2918370863368618,0.2212821597619182,0.264042391860016,18.99705449189987,64.29418994413412,-1230.0748033408381,B_C,,,,,,,,,,,
P16422_and_Q9UL26,0.29512385105941774,0.2212812498904304,0.14175609915349305,19.29810690423163,66.85623076923073,-731.2808981733676,B_C,,,,,,,,,,,
P16422_and_A8MYU2,0.28828928157349465,0.22126938654196093,0.05323846915193568,25.75890909090907,62.20903225806451,-3830.061164649451,B_C,,,,,,,,,,,
P16422_and_P0C629,0.29187435133278417,0.22126797622710154,0.17859476226797683,21.462079207920794,65.02980263157895,-1748.7907787150684,B_C,,,,,,,,,,,
P16422_and_Q9BXJ8,0.28754128807301466,0.22125239657047366,0.11210218734732424,19.649685534591175,61.40351724137928,-909.5406934294247,B_C,,,,,,,,,,,
P16422_and_Q8NGU1,0.29065140155582947,0.22120314989525625,0.16220044405464118,22.51392045454544,63.41677631578946,-3258.9745005035625,B_C,,,,,,,,,,,
P16422_and_Q9NTU7,0.2924976723609659,0.22118744496419676,0.09996881389922037,18.062382075471703,58.91739837398375,-459.54611229458806,B_C,,,,,,,,,,,
P16422_and_O00526,0.29737909497054543,0.22115822817495198,0.10502648369057241,16.26388888888889,51.80646341463412,-1543.9536564677655,B_C,,,,,,,,,,,
P16422_and_Q9H310,0.3125228131957316,0.22114338632528896,0.20842587704564683,22.71434911242602,56.51822033898304,-5071.631343771553,B_C,,,,,,,,,,,
P16422_and_P0C628,0.29158991716482396,0.22109982943064554,0.10840069598442964,20.362732919254643,62.9099099099099,-1398.165185651137,B_C,,,,,,,,,,,
P16422_and_P61077,0.30311105856069565,0.22105325442711238,0.15301465287848934,18.499845679012353,59.95949494949498,-994.1930007804353,B_C,,,,,,,,,,,
P16422_and_Q9UPI3,0.29397658922140013,0.22100170479158773,0.23822849509674984,24.65504291845492,71.9184962406015,-5780.183444997525,B_C,,,,,,,,,,,
P16422_and_P06729,0.2662457158580993,0.22099188347934778,0.14801184668952072,23.510332541567685,71.36993006993005,-2373.4746232506677,B_C,,,,,,,,,,,
P16422_and_P56975,0.24514880541348455,0.22098646601441588,0.07707359174210957,18.764107883817424,48.13784615384614,-1866.698632537562,B_C,,,,,,,,,,,
P16422_and_Q9H2X9,0.28099395623161344,0.22096451820492946,0.17048198471179957,25.263355592654406,54.61274509803923,-5320.263731477415,B_C,,,,,,,,,,,
P16422_and_Q9Y5Y3,0.2826075896626347,0.22092761221575696,0.09241131955000785,22.62263406940061,60.859021739130434,-2078.0067459996844,B_C,,,,,,,,,,,
P16422_and_Q9Y597,0.27664495973663616,0.2208692659802043,0.2329781526971895,24.647193500738577,66.05233532934135,-15173.281729978808,B_C,,,,,,,,,,,
P16422_and_A6NC62,0.3192071020021849,0.22086363715892615,0.0973591068836208,12.810839160839162,21.844623655913978,-1378.3885286664172,B_C,,,,,,,,,,,
P16422_and_P08949,0.3113385555010171,0.22084213837633884,0.08915171570924965,15.548033707865148,40.46765957446808,-925.0877759547657,B_C,,,,,,,,,,,
P16422_and_Q6X784,0.283786797251787,0.22082527772157434,0.13128001351381616,20.82626728110597,64.08587786259541,-3006.057625055069,B_C,,,,,,,,,,,
P16422_and_P22749,0.30507076823036655,0.22077583031940462,0.16218630955959198,16.66273486430063,55.35750000000001,-2513.0303726664742,B_C,,,,,,,,,,,
P16422_and_Q11203,0.296420606024429,0.22076263696520831,0.18416660560620335,20.86650671785027,61.171757575757596,-1731.5843232885081,B_C,,,,,,,,,,,
P16422_and_P53794,0.30466769399602633,0.22075106559779134,0.1336919005708301,24.937351443123912,58.34634146341464,-4307.456094753479,B_C,,,,,,,,,,,
P16422_and_A6NL26,0.29557875678493023,0.22073918592411773,0.1848938950977053,21.28431952662723,66.12,-2847.8654595061794,B_C,,,,,,,,,,,
P16422_and_Q9UBW5,0.2489455765807962,0.22067602919965157,0.09811387473984606,25.10967153284671,62.824134615384615,-4547.434238520189,B_C,,,,,,,,,,,
P16422_and_P09341,0.3132155647323484,0.2206735282790868,0.139285386501572,16.351409774436075,50.26488188976379,-1166.8856362293618,B_C,,,,,,,,,,,
P16422_and_Q9ULV1,0.2738643713725462,0.22066433566734284,0.14084224517506647,23.83953744493392,67.87413793103448,-2346.904237225057,B_C,,,,,,,,,,,
P16422_and_O15403,0.29406071571345915,0.22063337755055065,0.0992734919734514,23.938482384823836,63.913949579831964,-10693.49789011134,B_C,,,,,,,,,,,
P16422_and_Q9UBX7,0.27987948651007505,0.22058426729484826,0.11184642874361583,19.487873754152833,61.00966850828727,-3072.94709970274,B_C,,,,,,,,,,,
P16422_and_Q12860,0.2637256413504978,0.22057009302707606,0.33338576513352114,27.984136546184775,46.54230769230767,-2707.947307633947,B_C,,,,,,,,,,,
P16422_and_Q9HBJ0,0.28900523733000055,0.22055948798764738,0.22547482784475625,19.86875000000002,51.66245714285714,-2393.7934432859765,B_C,,,,,,,,,,,
P16422_and_Q9H1Z8,0.304894933623077,0.2205575390292972,0.12011978263885034,18.176528925619838,47.31879746835443,-583.1429541746111,B_C,,,,,,,,,,,
P16422_and_Q8NG98,0.2932079536998471,0.2205389414722761,0.1537978696189015,21.56393939393939,64.876644295302,-1636.858472168573,B_C,,,,,,,,,,,
P16422_and_P32241,0.2652158511553001,0.22048311790479339,0.08620050527193614,21.829422718808186,52.209509202453994,-1966.0058085804785,B_C,,,,,,,,,,,
P16422_and_Q8NGG0,0.2944032720883184,0.22042007823449017,0.13380135179042005,21.106413043478288,66.3580714285714,-3283.658580862614,B_C,,,,,,,,,,,
P16422_and_Q9Y653,0.25272618108168965,0.2203331524953946,0.2602702300449125,23.739838492597567,59.033564356435654,-2495.894766397687,B_C,,,,,,,,,,,
P16422_and_Q8IWT6,0.2859649684699092,0.22033167561791023,0.2607844788776384,26.327531083481368,66.68239999999999,-3873.211889456569,B_C,,,,,,,,,,,
P16422_and_Q8NGN2,0.2858186278624581,0.22033127728893603,0.130869080859453,21.75199999999997,61.86862068965515,-1622.8196112387616,B_C,,,,,,,,,,,
P16422_and_Q8NGR1,0.2916118373944103,0.22028421117083158,0.1498221370355628,21.843789473684208,64.33307692307694,-2287.2105073973703,B_C,,,,,,,,,,,
P16422_and_Q9H1M4,0.314378557407862,0.2202655226522297,0.08762881520732665,16.16621621621622,47.73684684684684,-612.8951351257592,B_C,,,,,,,,,,,
P16422_and_Q8NFR9,0.2536000075913819,0.22024357490378205,0.16700050423890556,24.504590984974975,60.556437500000015,-1793.998643489107,B_C,,,,,,,,,,,
P16422_and_P58181,0.29110256548291163,0.2202250365969692,0.11154342626407732,20.83507462686566,64.44457746478874,-1488.1017902752612,B_C,,,,,,,,,,,
P16422_and_Q5VTL7,0.2666521343302384,0.22021766129186662,0.22124445031809653,24.089213893967102,57.94977611940301,-3253.3948439801584,B_C,,,,,,,,,,,
P16422_and_Q9UM21,0.28094294051131563,0.22019219674676355,0.14074478635720197,22.881204379562053,56.2663186813187,-2770.901673253341,B_C,,,,,,,,,,,
P16422_and_P49703,0.2918879260888613,0.2201749748667854,0.09771712127241358,18.86161616161617,70.43299999999998,-1744.5053861888648,B_C,,,,,,,,,,,
P16422_and_P59190,0.2904413562566011,0.2201524855078573,0.07862214555824508,19.570000000000004,63.16012578616349,-1295.8643186398817,B_C,,,,,,,,,,,
P16422_and_P78536,0.2699547872082792,0.22010818701713336,0.21847085982689685,25.073243243243258,57.24605555555553,-2118.023709999874,B_C,,,,,,,,,,,
P16422_and_Q5JRS4,0.2807640544049413,0.22010072325947685,0.1693101525332734,21.446650717703324,67.36007518796993,-1304.9960465828535,B_C,,,,,,,,,,,
P16422_and_Q9UP38,0.2739117682535117,0.22008606094788805,0.2033136464437681,25.673333333333368,52.848253012048225,-2658.8540731178873,B_C,,,,,,,,,,,
P16422_and_Q8TDS4,0.28393889596965244,0.22008039727513373,0.11451606895316412,22.407033248081845,51.793504273504276,-3711.636494594513,B_C,,,,,,,,,,,
P16422_and_P09919,0.2917739662448153,0.2200158842989464,0.14222470299346993,21.604824561403497,64.87772727272724,-1263.0196928993519,B_C,,,,,,,,,,,
P16422_and_Q9H340,0.2903500416911916,0.21999139577965388,0.12673134912407938,22.79228571428571,64.86309210526316,-2655.219422926819,B_C,,,,,,,,,,,
P16422_and_Q14644,0.3001283989835289,0.21996455626376796,0.21872719038576593,23.62317275747508,55.19047244094489,-8926.239124060157,B_C,,,,,,,,,,,
P16422_and_P17658,0.25272100786076834,0.21993107809584533,0.4457803635620962,25.189455307262588,62.832051282051275,-2188.344436563544,B_C,,,,,,,,,,,
P16422_and_P49895,0.2863291377608881,0.2198894092029138,0.21896468190401502,21.220869565217395,68.326796875,-2452.6987369846806,B_C,,,,,,,,,,,
P16422_and_P08183,0.30068922135219217,0.219884102616209,0.37146647189934057,26.9034405385191,55.60385113268608,-6579.764752299276,B_C,,,,,,,,,,,
P16422_and_Q8NGT9,0.2950367915912805,0.21982265693912817,0.17680332754830158,20.906563706563723,68.10926666666661,-3823.7427122738054,B_C,,,,,,,,,,,
P16422_and_Q8NHA6,0.292149185175134,0.21981146822983608,0.20621062398975556,21.623372781065093,65.54708609271519,-1751.9271504509845,B_C,,,,,,,,,,,
P16422_and_P47872,0.26906003980262355,0.2197489923714439,0.10066029955074345,21.959687500000012,60.03038461538461,-1634.1973454031286,B_C,,,,,,,,,,,
P16422_and_Q8NH05,0.29037767586013674,0.2197450802008802,0.14587371485991976,21.289082568807334,63.127019867549684,-2214.8979260743204,B_C,,,,,,,,,,,
P16422_and_P11597,0.29961572182595886,0.21973484821386932,0.1435826925345929,20.44699312714773,57.58419999999997,-5744.2744652416695,B_C,,,,,,,,,,,
P16422_and_P01767,0.30786634682221314,0.21971079546142674,0.14778401580761819,19.832775119617207,63.382184873949576,-1735.963347498283,B_C,,,,,,,,,,,
P16422_and_P47888,0.2891759833711589,0.21969587348786784,0.2340276596155939,22.521617647058786,67.57278409090908,-4166.189849995822,B_C,,,,,,,,,,,
P16422_and_Q08830,0.2815211386913496,0.21968801620409073,0.15064549160306365,19.949999999999985,64.91739999999999,-19454.24956968424,B_C,,,,,,,,,,,
P16422_and_Q5TF39,0.27589551565251513,0.21968684652451212,0.1630926569950326,22.481291946308705,61.608197674418605,-2393.570153579757,B_C,,,,,,,,,,,
P16422_and_Q13324,0.2663761511155619,0.2196846459555091,0.07621958355665594,22.669914346895077,59.99856164383561,-1976.854157259817,B_C,,,,,,,,,,,
P16422_and_P48065,0.3079934203466076,0.2196660353288045,0.17804847568024748,23.815964343598022,44.40987878787879,-2412.8895089420753,B_C,,,,,,,,,,,
P16422_and_Q8NG84,0.2875267207844926,0.2196402451748568,0.12075207964374846,21.224786324786344,62.973546099290786,-1326.3396723305668,B_C,,,,,,,,,,,
P16422_and_Q12864,0.2613640879407645,0.2196169729477005,0.13094572835134274,27.252109704641363,53.73872093023255,-3304.6074265869947,B_C,,,,,,,,,,,
P16422_and_Q8TAD4,0.26085454279309506,0.21958028499576682,0.0910820103660401,24.602941176470594,49.31333333333333,-1534.0822335451503,B_C,,,,,,,,,,,
P16422_and_Q16609,0.30549862000509015,0.2195634882775622,0.08992915492911346,18.250751879699244,62.574646464646456,-1213.0087453700817,B_C,,,,,,,,,,,
P16422_and_P04626,0.26738001498223174,0.21955968457144248,0.32171418281939723,27.04693251533743,57.92659898477159,-8355.655048553548,B_C,,,,,,,,,,,
P16422_and_Q52LD8,0.2763436600397405,0.21953517733358352,0.29730326108165317,21.19469496021222,62.68941463414632,-974.9838539416014,B_C,,,,,,,,,,,
P16422_and_P04439,0.27654460090452976,0.2195283180889436,0.2019539222020545,23.933287482806037,54.35632743362832,-3201.677285290187,B_C,,,,,,,,,,,
P16422_and_Q6P5S2,0.29252600291854647,0.21952533684071668,0.07467278867955057,20.392931937172765,59.45474358974358,-1534.1118737289817,B_C,,,,,,,,,,,
P16422_and_Q9BV40,0.3139434689837648,0.2195023440350137,0.06308279520575456,17.12014285714287,38.54794392523362,-499.8601193613049,B_C,,,,,,,,,,,
P16422_and_Q8NGZ4,0.29467059451023814,0.2194158030229137,0.2094970965396421,20.367241379310354,68.15190476190473,-2580.9525099374914,B_C,,,,,,,,,,,
P16422_and_Q86TE4,0.26715019924240324,0.2194135834272214,0.03259439079526833,19.128650137741026,51.97817391304349,-1614.6210757199005,B_C,,,,,,,,,,,
P16422_and_Q9H2H9,0.2922725521519861,0.2193833445993321,0.12677848225247756,24.478104026845607,49.19538011695905,-2391.233087500613,B_C,,,,,,,,,,,
P16422_and_P13500,0.313454730228108,0.21937278889236753,0.08185839070625378,18.246556122448983,57.98499999999999,-2136.9465583988613,B_C,,,,,,,,,,,
P16422_and_Q2I0M5,0.2838880810744765,0.21934696600043074,0.06312469964226458,17.93168789808919,62.635789473684206,-1078.1434084897783,B_C,,,,,,,,,,,
P16422_and_Q13835,0.2822613200432793,0.21933363524921712,0.09137764389269093,25.97660753880264,58.646000000000036,-4182.990904350972,B_C,,,,,,,,,,,
P16422_and_Q9UIB8,0.26630166551198153,0.21932401223941364,0.1737635943130247,24.11005291005291,60.80787356321843,-1592.0409841619712,B_C,,,,,,,,,,,
P16422_and_Q9UHL4,0.308830024219362,0.21931938782676014,0.3147756040922137,21.803939393939352,53.01179347826089,-1929.8228726147547,B_C,,,,,,,,,,,
P16422_and_Q8NGI8,0.29292448839828245,0.21925691692868904,0.15438458123706778,19.90512820512821,68.79275590551181,-1627.7143606770262,B_C,,,,,,,,,,,
P16422_and_Q9H205,0.29353003287148993,0.21921899270376416,0.18176909561993596,20.862325174825145,65.44176470588238,-3010.367711023847,B_C,,,,,,,,,,,
P16422_and_Q8NH50,0.2908490007046579,0.21920155221845097,0.12680286310180053,23.55411073825506,64.51347058823534,-2197.809602401262,B_C,,,,,,,,,,,
P16422_and_Q8ND23,0.28039083751518756,0.21919049069241694,0.02092914611533842,28.318181818181817,65.94733333333332,-3333.221669565981,B_C,,,,,,,,,,,
P16422_and_Q99884,0.3059916233019312,0.21918921319493234,0.15032926830139393,21.005643203883512,54.62310526315793,-4266.571106386831,B_C,,,,,,,,,,,
P16422_and_Q8NGL3,0.2919552111441078,0.21916702327236404,0.16048299541663383,19.40814285714286,70.98100840336134,-1073.4845867499466,B_C,,,,,,,,,,,
P16422_and_Q9NP72,0.2908970058489099,0.21916591517865366,0.14481875010923467,22.7499188311688,61.696569767441844,-1930.7218783904382,B_C,,,,,,,,,,,
P16422_and_O60403,0.2925112070833148,0.21912552593986767,0.17707170183335844,21.31885813148789,65.28207792207793,-3245.763869764249,B_C,,,,,,,,,,,
P16422_and_Q6UWN8,0.3185347057881491,0.2190785414731091,0.08002227338726785,15.574089635854346,42.72390909090909,-1230.0784107886338,B_C,,,,,,,,,,,
P16422_and_Q8N3I7,0.2828621341894987,0.21906371684686385,0.15617220925014338,19.576464435146438,67.2945864661654,-1053.807382749786,B_C,,,,,,,,,,,
P16422_and_Q9UQC9,0.32100216877363885,0.21904926986321177,0.2243021468756667,26.712609457092803,53.11201030927836,-11673.413516148396,B_C,,,,,,,,,,,
P16422_and_A1A5B4,0.3088116015145067,0.21901785593713974,0.18701543668059845,24.167607003891053,54.954142857142834,-4051.6340471184985,B_C,,,,,,,,,,,
P16422_and_A0A0B4J1X5,0.3083239067741113,0.21899652485575352,0.19987165417183195,17.817228915662657,71.1717886178862,-742.6705887553054,B_C,,,,,,,,,,,
P16422_and_Q96FL8,0.30342175157063134,0.21896464672297086,0.2129327036378058,24.256756756756744,59.60928571428571,-3492.4785362198236,B_C,,,,,,,,,,,
P16422_and_Q9Y2I9,0.254711868476963,0.2189454368479161,0.13497832452944122,25.776500000000038,44.68750972762649,-3140.489166002888,B_C,,,,,,,,,,,
P16422_and_Q12852,0.24665418081878251,0.21894422966913427,0.3802915942175085,25.755578684429633,64.62530075187972,-1732.9247495223099,B_C,,,,,,,,,,,
P16422_and_Q8NGX6,0.2904944681735402,0.21892190751415413,0.20092189963071297,21.180739299610902,65.40577922077922,-2870.057430040933,B_C,,,,,,,,,,,
P16422_and_P43007,0.28788514267680854,0.21891008452031063,0.20349941230157648,24.413589211618255,60.36673333333331,-2493.0244830277134,B_C,,,,,,,,,,,
P16422_and_Q8NFZ3,0.2942111247417436,0.21887266351745127,0.15070046951699687,25.640769230769223,51.57972375690609,-23417.03997882411,B_C,,,,,,,,,,,
P16422_and_Q5TZ20,0.2933309189685738,0.21886942516261873,0.13215040744812778,19.775679758308176,70.79124999999999,-2576.54739200867,B_C,,,,,,,,,,,
P16422_and_P01906,0.284232716109446,0.2188580495968243,0.054773729707825375,19.171903323262843,60.96581196581198,-876.3524759865054,B_C,,,,,,,,,,,
P16422_and_Q8NGK4,0.2927930441960564,0.21885665529850146,0.17615190878844805,21.45183246073298,66.0317088607595,-5737.633722159183,B_C,,,,,,,,,,,
P16422_and_Q16281,0.25600553871263704,0.21884482931826818,0.12561645449118794,23.702181818181845,65.19670520231216,-2365.3832827196593,B_C,,,,,,,,,,,
P16422_and_Q96T83,0.28222813282155923,0.21878074453470495,0.07911431576320567,23.864262820512824,45.849034090909086,-3039.732072440549,B_C,,,,,,,,,,,
P16422_and_O95918,0.2916323108941635,0.2187703539919499,0.1818260995746006,21.239387308533892,66.96640287769785,-4850.292281422225,B_C,,,,,,,,,,,
P16422_and_Q8WWT9,0.3001844046772142,0.21869792535859406,0.07827210235036565,25.484523809523825,62.18014084507042,-4232.682301303776,B_C,,,,,,,,,,,
P16422_and_Q9NPD7,0.300460887266926,0.21868021603662893,0.10190114779639417,21.419932998324963,55.331840490797546,-763.5124754090339,B_C,,,,,,,,,,,
P16422_and_Q8NBR0,0.2671928094642181,0.21866619130385653,0.12737338763523856,21.353993610223664,55.72372727272729,-1251.8649003509126,B_C,,,,,,,,,,,
P16422_and_Q8TCU5,0.25042430509277663,0.21864936512199232,0.22005460983793898,25.67886435331232,54.97698863636362,-2919.553308760729,B_C,,,,,,,,,,,
P16422_and_Q96RA2,0.294034448962786,0.21863742535107356,0.14773332842762318,19.629745042492953,69.24016806722686,-1262.1613639628572,B_C,,,,,,,,,,,
P16422_and_P79483,0.2786932597158172,0.21863662816973725,0.19246512435144278,19.582444733420022,63.77846491228068,-1599.060000837926,B_C,,,,,,,,,,,
P16422_and_P48145,0.2889263401259236,0.21861454390994836,0.17885216856138686,22.118896925858937,65.93319999999997,-1941.91722671876,B_C,,,,,,,,,,,
P16422_and_Q6AI14,0.27339419185455527,0.2185457047631263,0.04288288075010718,25.900986842105265,65.72891891891894,-3870.34296429369,B_C,,,,,,,,,,,
P16422_and_Q8NGK6,0.29071633725806767,0.21853913295080227,0.11583064470017386,21.215176470588236,61.139147286821704,-4224.297614715318,B_C,,,,,,,,,,,
P16422_and_Q9BPV8,0.2787332864456431,0.2185342091945912,0.18165134920590642,23.671785714285726,64.61784999999998,-1158.5788635185909,B_C,,,,,,,,,,,
P16422_and_A1A4Y4,0.29414991486498043,0.21852867707473034,0.1345107969216772,21.635769728331187,55.93353846153851,-1013.3697678670796,B_C,,,,,,,,,,,
P16422_and_O43866,0.26706790298303795,0.2185020846001228,0.04792167782023045,20.660284810126573,61.42479338842976,-5912.583989807638,B_C,,,,,,,,,,,
P16422_and_P31785,0.2626209675341652,0.21849632779511105,0.15054045848846842,21.104674220963147,69.13256880733945,-3076.3264097053657,B_C,,,,,,,,,,,
P16422_and_Q9UP52,0.3066535724983068,0.21841579976489617,0.4783569176667295,25.69851811196487,69.392077294686,-2569.556042817414,B_C,,,,,,,,,,,
P16422_and_O76000,0.29261932365715293,0.21840891616732547,0.15748613391723598,19.95641330166271,67.1026923076923,-2757.1530697033218,B_C,,,,,,,,,,,
P16422_and_Q8N2X6,0.3037912364154597,0.2184064046443389,0.08085978690885874,16.707749999999997,26.61203539823008,-745.7346707981706,B_C,,,,,,,,,,,
P16422_and_Q8TAL6,0.28854996989215265,0.21840407526033914,0.11832761974179351,18.230937499999992,48.43080645161291,-1923.0334021296476,B_C,,,,,,,,,,,
P16422_and_Q8NGL7,0.2916292139944918,0.21836484810743556,0.12547468252091418,21.217093023255842,66.49515384615385,-3178.77655356635,B_C,,,,,,,,,,,
P16422_and_Q96JP9,0.25022177887630004,0.21836192067579907,0.08506175582267449,24.379859484777484,49.36604316546761,-3745.4736743254525,B_C,,,,,,,,,,,
P16422_and_Q8TF66,0.2942947427645992,0.21835469164221888,0.3204184384242026,26.250393081761008,67.99995670995672,-5842.546829825765,B_C,,,,,,,,,,,
P16422_and_A0A577,0.30919518461451906,0.21835266561537803,0.10961329464561434,20.45215827338128,58.873706293706284,-1000.0898071910378,B_C,,,,,,,,,,,
P16422_and_P15085,0.30246667062508326,0.21833986029183503,0.33255899464319805,23.761823802163846,55.988725490196074,-1857.9916232629703,B_C,,,,,,,,,,,
P16422_and_Q15303,0.24762806568062495,0.21830742608253964,0.20591382365968317,26.846586345381564,52.25206751054853,-6207.318361802099,B_C,,,,,,,,,,,
P16422_and_Q8NFJ6,0.28497305659648925,0.21826637963331946,0.16551181822092495,22.5827192982456,46.70146341463414,-1705.6156109899403,B_C,,,,,,,,,,,
P16422_and_Q9Y6L7,0.2713860423123481,0.2182216885571116,0.2077125390820222,25.681121281464527,72.09887417218548,-5045.408305811923,B_C,,,,,,,,,,,
P16422_and_Q96KK4,0.2920799500868162,0.2181507105086954,0.1354935313206988,20.460825892857144,67.92378787878786,-2330.8425450246204,B_C,,,,,,,,,,,
P16422_and_O00155,0.28083331520750576,0.21814111068189684,0.1690670640177685,22.25690021231423,58.62910447761192,-760.6693573572552,B_C,,,,,,,,,,,
P16422_and_Q8N8Q9,0.28036246509617596,0.21807424381459378,0.09168071287840755,20.35576923076923,57.86200000000005,-2254.467485726923,B_C,,,,,,,,,,,
P16422_and_Q6UXD5,0.2515535381862932,0.21806278799275106,0.15360470697926543,26.434806629834245,53.07951515151517,-3205.014834339574,B_C,,,,,,,,,,,
P16422_and_Q15726,0.3020560270237546,0.21804179998429812,0.14336895309753303,12.344496487119443,35.17344537815125,-374.4868984073055,B_C,,,,,,,,,,,
P16422_and_Q9UPY5,0.2963358869553123,0.21801893652308635,0.19329777682410418,24.156162790697614,57.24731277533042,-2794.453185645771,B_C,,,,,,,,,,,
P16422_and_P36894,0.2658745026385606,0.21799800254673649,0.18296489062773713,22.948237179487176,65.28363128491624,-5346.110130342766,B_C,,,,,,,,,,,
P16422_and_O75973,0.2820392678521638,0.21798228342262882,0.07761411513076845,17.32194835680752,54.881338028169026,-1043.3928339368465,B_C,,,,,,,,,,,
P16422_and_Q8NGZ3,0.29082732278925433,0.21796187009408258,0.15766305665104918,21.28736162361621,66.88642857142858,-3530.7401721224996,B_C,,,,,,,,,,,
P16422_and_P20020,0.29025611772634674,0.2179071928384484,0.09148790123187077,26.645019920318717,50.662989130434774,-12739.756997194943,B_C,,,,,,,,,,,
P16422_and_Q14028,0.24628965128998148,0.21789529506171124,0.21697663474148018,26.185090909090935,66.57062500000002,-17734.460907895016,B_C,,,,,,,,,,,
P16422_and_Q86UG4,0.2975326935126688,0.21788759867352997,0.19767328401577539,23.94263502454995,61.59080000000001,-11768.102436551366,B_C,,,,,,,,,,,
P16422_and_Q8TAF8,0.2837207599840316,0.2178742164455777,0.2234656103590187,19.8401978417266,60.36938775510206,-1371.3363606654325,B_C,,,,,,,,,,,
P16422_and_Q9NZH7,0.29830028159556743,0.217854039503107,0.11179728491687908,20.554801536491656,51.424090909090935,-650.0815558864524,B_C,,,,,,,,,,,
P16422_and_Q8NH48,0.2902730736151159,0.21784951346064668,0.17955731176699488,22.73272727272728,69.47043478260868,-1496.7186864074415,B_C,,,,,,,,,,,
P16422_and_Q16553,0.3043408236799656,0.21775970003462292,0.13651706269773312,15.768181818181796,52.803986486486494,-981.1094226356636,B_C,,,,,,,,,,,
P16422_and_P25103,0.2742418571096274,0.21774413152506245,0.26526735289475534,21.928908554572295,68.03225641025638,-2248.7238892096666,B_C,,,,,,,,,,,
P16422_and_Q8NET1,0.3202466358035283,0.21770312736171196,0.10281976560207075,16.94913580246912,46.91789473684211,-578.0397721792019,B_C,,,,,,,,,,,
P16422_and_Q96A49,0.26884650161992246,0.21768608075736925,0.07025013360267832,19.49374999999999,55.88390728476822,-836.7519232850345,B_C,,,,,,,,,,,
P16422_and_O43320,0.2893484948874912,0.2176737366633946,0.14491724444384124,21.505258302583016,64.62901734104044,-977.4685559708819,B_C,,,,,,,,,,,
P16422_and_A0FGR8,0.2460281742829524,0.2175962690266433,0.4034736800546919,26.279143968871587,61.1357735849057,-1872.8227945840626,B_C,,,,,,,,,,,
P16422_and_Q8WU66,0.2693265702614831,0.21755664086625098,0.3790006638171529,25.223646408839738,63.40294117647059,-3007.6555035817046,B_C,,,,,,,,,,,
P16422_and_Q96RD7,0.2722209128477433,0.21752858222602434,0.23263121853046265,22.718308702791454,65.32639240506333,-1336.640442201031,B_C,,,,,,,,,,,
P16422_and_P52824,0.3108039184567229,0.2175278791005712,0.2603082381913473,26.809416058394163,46.205126903553314,-3418.918445360422,B_C,,,,,,,,,,,
P16422_and_O95371,0.2877677431161457,0.2174996837329543,0.17311206264388618,21.76540041067761,59.800921985815606,-3447.150219914876,B_C,,,,,,,,,,,
P16422_and_Q9Y5C1,0.25412688182035886,0.217498979776238,0.21690806602316137,23.569546742209603,65.1402688172043,-3059.5911750274827,B_C,,,,,,,,,,,
P16422_and_Q8TB73,0.2527503354896732,0.21741504190468686,0.3962834768674979,25.820674740484414,54.22725694444444,-1557.968053121498,B_C,,,,,,,,,,,
P16422_and_Q15582,0.30269878581419474,0.2173618783176272,0.2686492070451194,24.158041401273834,67.00323170731707,-6003.220064754355,B_C,,,,,,,,,,,
P16422_and_Q9UQC2,0.24370273705678558,0.21731550454934284,0.07149373294994579,21.825061124694376,58.313759398496245,-2089.633500821219,B_C,,,,,,,,,,,
P16422_and_P05160,0.2440552242366975,0.21724585381262362,0.06301037718541565,25.668916349809884,50.305251396648075,-2558.5249045269084,B_C,,,,,,,,,,,
P16422_and_P31151,0.3107292990317684,0.2172401007234184,0.07949739470858823,19.555381944444456,43.458279569892476,-802.585041966031,B_C,,,,,,,,,,,
P16422_and_O75608,0.28663287049146147,0.21723690258771275,0.21799372914786186,19.692948717948735,66.24605042016805,-2207.9187981716213,B_C,,,,,,,,,,,
P16422_and_P23515,0.26228378652356726,0.2171925180617347,0.12660439666590367,23.300279329608934,66.2581967213115,-2212.848772104666,B_C,,,,,,,,,,,
P16422_and_Q9NZP2,0.2894413230335915,0.21717511953981553,0.18322634992534798,21.634653465346535,65.72417808219178,-2691.826202479661,B_C,,,,,,,,,,,
P16422_and_Q8NGS2,0.2892328654119398,0.21717366058066961,0.17597271770618608,21.99989451476793,67.61448979591837,-3547.186076910383,B_C,,,,,,,,,,,
P16422_and_Q86VE9,0.2842045571516496,0.21714927064327372,0.08016024256959067,24.04436507936508,56.04290502793296,-2322.4689527073115,B_C,,,,,,,,,,,
P16422_and_Q8NGX8,0.28697481152549253,0.21712869989812172,0.09049878652609583,20.937864077669907,67.0539090909091,-1129.2445492206648,B_C,,,,,,,,,,,
P16422_and_P16452,0.3187859789180555,0.21709191219461307,0.07908967443566704,24.72934210526317,53.68458646616541,-10201.531291641368,B_C,,,,,,,,,,,
P16422_and_P09237,0.28042624517295067,0.2170499765724692,0.11949417237301274,20.36925858951175,62.19895705521473,-2635.407499025555,B_C,,,,,,,,,,,
P16422_and_Q14118,0.23698078369417847,0.21703721852922908,0.3150592348437273,25.777377717391296,58.52648514851482,-1523.1632803319008,B_C,,,,,,,,,,,
P16422_and_O75356,0.2937800714204141,0.21701061410686978,0.4023960165231839,24.23142857142856,60.27009569377988,-1564.9618111567115,B_C,,,,,,,,,,,
P16422_and_P49802,0.2537304039551591,0.21699825020703245,0.2767684469750931,23.194542772861375,58.36228070175437,-1631.6225294433789,B_C,,,,,,,,,,,
P16422_and_Q1EHB4,0.3046108433085961,0.21699274890767506,0.31521828465462504,25.875666380051594,57.85818518518517,-7495.831911474623,B_C,,,,,,,,,,,
P16422_and_Q6IF63,0.28804351548503365,0.21699248939964264,0.1681493632930708,22.354864864864865,63.863765432098766,-4484.050516009146,B_C,,,,,,,,,,,
P16422_and_O00230,0.31135378125354907,0.21698469748161864,0.13723036727085522,14.323549883990708,41.450211267605624,-661.0784076218529,B_C,,,,,,,,,,,
P16422_and_Q8NH94,0.28339406344399243,0.2169562203735361,0.18441138888241615,21.970714285714273,69.94151724137934,-2457.516748780342,B_C,,,,,,,,,,,
P16422_and_P59922,0.2892560271439918,0.21693736024474405,0.1627400162766498,21.568711018711006,66.5301379310345,-1754.6488000408601,B_C,,,,,,,,,,,
P16422_and_P12872,0.30773029869324675,0.21693514236994638,0.07920169162227085,16.081176470588225,46.120064102564086,-2175.41520394532,B_C,,,,,,,,,,,
P16422_and_Q8NGY6,0.28906349607466675,0.2168870017704915,0.15651997965873807,22.235682819383285,65.7286111111111,-4016.8474235904446,B_C,,,,,,,,,,,
P16422_and_Q8NCG7,0.29742543149836975,0.21680402951881564,0.20425308664516928,24.527957746478883,60.64620320855615,-5373.258428456104,B_C,,,,,,,,,,,
P16422_and_Q6ZSM3,0.28718817880659336,0.21680191761787926,0.14976002738053767,24.779195402298868,66.24462686567163,-6004.158578428328,B_C,,,,,,,,,,,
P16422_and_P0DY26,0.3151249941146428,0.21679989798392854,0.044521319808371373,17.441753926701555,38.61377192982456,-1576.8931087320816,B_C,,,,,,,,,,,
P16422_and_P16389,0.2503632860001403,0.21677185320130843,0.37790627075745503,23.830822981366488,72.01606451612902,-1651.2844044402918,B_C,,,,,,,,,,,
P16422_and_Q14508,0.3046409086463624,0.21672981335806216,0.10973847637618508,19.213974591651542,57.69185430463577,-999.6222173174917,B_C,,,,,,,,,,,
P16422_and_Q9BXI9,0.2710407760339251,0.21671350985978294,0.08319248270258833,21.195394736842076,62.542897196261656,-1310.5368588539823,B_C,,,,,,,,,,,
P16422_and_Q96R48,0.2903171150537913,0.21668447109875755,0.15114156897232603,21.478610108303226,65.20588957055212,-3326.005988055823,B_C,,,,,,,,,,,
P16422_and_A0A0A6YYG3,0.30729145007161607,0.2166825427226507,0.07724269337286478,20.491176470588236,58.56407407407406,-1448.6100054130475,B_C,,,,,,,,,,,
P16422_and_Q9UQ52,0.25391413186949036,0.21666359284782455,0.5940757288565122,26.02231075697216,53.91447204968946,-6405.310250502017,B_C,,,,,,,,,,,
P16422_and_P26232,0.2809226174519135,0.2166569346764981,0.14420754737417854,25.698618784530424,55.22829493087556,-2259.2803653810115,B_C,,,,,,,,,,,
P16422_and_P34947,0.2969531522470048,0.21663714464135755,0.25083047531118,23.172257053291453,61.47318777292579,-2533.361154515329,B_C,,,,,,,,,,,
P16422_and_Q99680,0.2690428969360327,0.2165644490801762,0.1219234881684669,20.1408482142857,40.11092198581561,-2147.391918434363,B_C,,,,,,,,,,,
P16422_and_P01824,0.30165117962440835,0.2165482983457818,0.14187215459285918,20.08861702127661,65.86969465648852,-962.3395699149447,B_C,,,,,,,,,,,
P16422_and_Q9NZK7,0.30123425036164336,0.2165372489576067,0.10884903346993409,20.16320474777447,60.523577981651364,-606.7530132535516,B_C,,,,,,,,,,,
P16422_and_Q8NHB7,0.2898340853623451,0.21647959124664645,0.1201957739384094,21.441461100569267,64.60462585034011,-3903.1946743872923,B_C,,,,,,,,,,,
P16422_and_Q9GZZ8,0.3008066300305524,0.21639873806939988,0.04095605486015964,16.874531250000015,54.68834951456308,-1533.3793862028597,B_C,,,,,,,,,,,
P16422_and_O60462,0.26962546127098447,0.21638367305700854,0.2945203512319828,26.31598778004073,66.13751773049644,-4461.509012218285,B_C,,,,,,,,,,,
P16422_and_Q8IX30,0.2698749811449438,0.21630667617097118,0.49667590011980345,26.95517063081697,52.40030303030302,-15508.67703214288,B_C,,,,,,,,,,,
P16422_and_O95727,0.2559990348217896,0.21622803270662197,0.226509658883139,23.398797595190356,72.63919708029198,-5821.495746671555,B_C,,,,,,,,,,,
P16422_and_Q96LL3,0.30101104597610934,0.21622044102680682,0.0439094071670271,16.353118040089058,40.32215384615385,-2169.8324645922403,B_C,,,,,,,,,,,
P16422_and_Q16720,0.28744727895141853,0.21621101785881602,0.07715852244855438,26.47952286282304,54.02541666666665,-8413.631121301594,B_C,,,,,,,,,,,
P16422_and_Q86SQ3,0.26666956611153264,0.2162075933010436,0.19230165506485464,24.255778120184956,62.691412429378545,-3880.15502719968,B_C,,,,,,,,,,,
P16422_and_Q8NGA1,0.29095719357855443,0.21620220573079663,0.2082385841207071,21.564597315436245,69.06475609756095,-4452.782444415082,B_C,,,,,,,,,,,
P16422_and_Q8WWN9,0.2573729529805343,0.21618746620409984,0.08667991170548725,21.589121037463972,54.31601063829786,-2664.0666813800053,B_C,,,,,,,,,,,
P16422_and_A0A0A0MS01,0.3048084070277893,0.21618218511529863,0.11987998243198095,19.003732809430257,54.433611111111105,-1092.8496123231746,B_C,,,,,,,,,,,
P16422_and_Q8NGH9,0.29116366404498684,0.21616943875465824,0.17765255858978865,21.587737642585537,67.70263513513514,-3540.033956382807,B_C,,,,,,,,,,,
P16422_and_P43631,0.2699365238000711,0.21616861660464065,0.08879395900795714,22.82094017094016,52.62561290322583,-2120.346987740376,B_C,,,,,,,,,,,
P16422_and_Q86SP6,0.2444490837508217,0.21615100737291323,0.0857157554892209,22.68119136960598,48.70937984496122,-1487.6670627585554,B_C,,,,,,,,,,,
P16422_and_Q9NP85,0.2555352870535117,0.21614834083474774,0.18178031608030382,22.54071618037136,67.36765765765766,-2004.7322403616035,B_C,,,,,,,,,,,
P16422_and_Q9BZP6,0.2936264308292745,0.21614162275090132,0.4048971670663023,24.442479674796772,54.274774774774755,-9676.494045930469,B_C,,,,,,,,,,,
P16422_and_P10645,0.25722143737900216,0.21613344376829507,0.12462827227169614,18.82938288920056,55.263487179487186,-1734.61121248157,B_C,,,,,,,,,,,
P16422_and_Q5JTB6,0.31119231807930026,0.21612041956844924,0.0809577342402186,16.589814814814833,61.45522727272725,-586.0918775880514,B_C,,,,,,,,,,,
P16422_and_Q15057,0.2465419641997298,0.21611452446588353,0.20469704751814172,24.410079840319355,70.07295454545454,-3438.4450202343214,B_C,,,,,,,,,,,
P16422_and_Q5H943,0.3073452564553922,0.21607860032161105,0.07825985601234878,18.206557377049194,42.3251724137931,-1221.911858552714,B_C,,,,,,,,,,,
P16422_and_P55210,0.27666911075126976,0.21607847368436836,0.17759902730623367,20.205668358714036,66.1512345679012,-2086.3310062719847,B_C,,,,,,,,,,,
P16422_and_Q9H0C2,0.2817572832687146,0.21607592359277542,0.15603011291815552,21.148549723756897,43.20087336244541,-1410.5203407453355,B_C,,,,,,,,,,,
P16422_and_Q99603,0.3052171056555444,0.21602408885406527,0.07855557700862154,20.133142857142897,60.642580645161296,-1969.782605739083,B_C,,,,,,,,,,,
P16422_and_Q8NGQ6,0.28880668269700815,0.21601583542995179,0.17652056335376565,21.802164009111607,65.31736842105266,-4121.667131485979,B_C,,,,,,,,,,,
P16422_and_Q96LA9,0.2816797995725665,0.21599211684528521,0.1597758062450815,24.80188888888887,56.96360294117646,-1981.6828098691758,B_C,,,,,,,,,,,
P16422_and_Q5VSP4,0.2965387980024381,0.21598470892665703,0.07750068072862953,20.876465927099833,55.065652173913065,-2133.1020234935504,B_C,,,,,,,,,,,
P16422_and_Q96MF2,0.26476465019409845,0.21598460884595796,0.11155109860910169,19.733560794044628,55.7469266055046,-1357.2850511417164,B_C,,,,,,,,,,,
P16422_and_Q9UJQ1,0.27683316902573274,0.21596273715235662,0.10897518811144702,21.54022617124396,63.705297619047606,-4820.345141049246,B_C,,,,,,,,,,,
P16422_and_Q8NGS7,0.28647838543788806,0.21592461938793348,0.14594051507950226,21.421538461538447,67.71524822695035,-3588.6022661467123,B_C,,,,,,,,,,,
P16422_and_P0C623,0.2891698795936216,0.2159215932207103,0.17089469145763206,20.67110453648914,67.4252027027027,-2041.2938773850249,B_C,,,,,,,,,,,
P16422_and_Q15700,0.24542287899548085,0.21588231831635837,0.36265721950962565,26.694665012406936,61.92961373390558,-1758.654464727555,B_C,,,,,,,,,,,
P16422_and_Q9UBU3,0.30632248629466646,0.2158663194568156,0.06411475771269065,15.319139784946241,44.25977272727271,-3556.093590206743,B_C,,,,,,,,,,,
P16422_and_Q8NAU1,0.2741644338131795,0.2158140780792237,0.1127534456341555,19.37258064516131,64.81034965034966,-1265.5751095136566,B_C,,,,,,,,,,,
P16422_and_P58182,0.2877401176002525,0.2158010207827905,0.15264181396556545,21.68992467043318,65.61444444444443,-1813.1170109022307,B_C,,,,,,,,,,,
P16422_and_Q8NG83,0.28742360936859135,0.21578731174528026,0.14638602995124858,22.04746136865341,60.824701492537294,-4411.778988043036,B_C,,,,,,,,,,,
P16422_and_O00624,0.2929215684651733,0.21573144935473088,0.12262330143139556,23.829023972602737,54.80273255813951,-2472.2072388714164,B_C,,,,,,,,,,,
P16422_and_P60507,0.24606172607379834,0.21572385259497448,0.2364022994657915,25.01903870162299,63.57480662983427,-3554.4407995931397,B_C,,,,,,,,,,,
P16422_and_Q9BSG0,0.29127663471874254,0.2157160376301816,0.19850940277510193,21.21779359430602,63.72000000000003,-728.6294151720281,B_C,,,,,,,,,,,
P16422_and_Q9H8M5,0.24763853582421996,0.21570778206207786,0.2910582585811307,24.9977922077922,74.12544715447156,-2487.25876138063,B_C,,,,,,,,,,,
P16422_and_P0DP08,0.30532084662920883,0.21568497217558083,0.16844723636614875,18.231818181818205,62.643669724770646,-1164.1452151341591,B_C,,,,,,,,,,,
P16422_and_P16234,0.24784746818275472,0.21564119215933286,0.22754144752816374,25.77668711656439,57.656146341463455,-3536.4385737772827,B_C,,,,,,,,,,,
P16422_and_Q641Q3,0.2703674140708354,0.2156405363235152,0.14362346552708152,22.56826347305394,51.413465346534664,-1392.4864393233947,B_C,,,,,,,,,,,
P16422_and_Q8NGB2,0.2839510992258215,0.21563088400398975,0.19515039329315986,22.745784313725512,66.883698630137,-1266.8599236751572,B_C,,,,,,,,,,,
P16422_and_P09382,0.30085426638928664,0.21561522360811666,0.12250562693264941,18.570865139949113,68.15123966942151,-1668.6127344154238,B_C,,,,,,,,,,,
P16422_and_Q96JA1,0.2776246245133871,0.21557465668892872,0.10753609181457544,27.950837988826805,68.25373493975901,-2796.947157238057,B_C,,,,,,,,,,,
P16422_and_Q8NH74,0.28526561117514754,0.2155454582945959,0.11449652199510045,20.64083885209711,65.04774647887325,-1689.0721748569777,B_C,,,,,,,,,,,
P16422_and_O60844,0.2954758275726147,0.21549039210079202,0.24178953910425166,21.837548638132276,73.19134228187926,-2447.195101185285,B_C,,,,,,,,,,,
P16422_and_Q92583,0.31140746393011753,0.21546992094519932,0.20752045898793692,17.036141304347833,60.076644295302025,-467.1061626886582,B_C,,,,,,,,,,,
P16422_and_Q16661,0.30673700794673553,0.21545134682413367,0.17710991172266666,19.22020547945206,48.63492753623187,-1749.4909688403932,B_C,,,,,,,,,,,
P16422_and_A0A075B6S2,0.3052432428899408,0.2154326078612886,0.07565851432003028,21.44429611650486,55.402014925373116,-1438.8989110591644,B_C,,,,,,,,,,,
P16422_and_A3KFT3,0.2890919805213895,0.21540139639275663,0.14672124608613296,21.134731182795715,60.45654676258992,-2163.693669330499,B_C,,,,,,,,,,,
P16422_and_P45452,0.2871458304786997,0.21535925843347906,0.33795724035003516,24.191518650088806,67.38052401746728,-2875.163332538763,B_C,,,,,,,,,,,
P16422_and_Q8NGE2,0.28860022374520944,0.2153015498691054,0.20222970660495332,21.84976599063962,66.327625,-3177.1132599524867,B_C,,,,,,,,,,,
P16422_and_Q6UXB8,0.2513921980119417,0.21529747344710587,0.22586262539391236,21.65347985347984,68.77239520958085,-1976.3164833303981,B_C,,,,,,,,,,,
P16422_and_Q8NGY7,0.2797269606104222,0.21528420005304783,0.14739443188049414,21.032180851063803,66.90229508196722,-1285.8164440308221,B_C,,,,,,,,,,,
P16422_and_P20333,0.2513030414718702,0.21528295229631056,0.05050107397473551,23.28775773195878,58.79028776978418,-1473.6659806732387,B_C,,,,,,,,,,,
P16422_and_P25092,0.25382330077382825,0.21525610305156737,0.10054366262058484,27.16717724288841,40.73727848101266,-6143.929927987079,B_C,,,,,,,,,,,
P16422_and_P61769,0.3037155052434781,0.21522490055440419,0.13686387994807325,20.223684210526287,57.660909090909094,-4328.736090083529,B_C,,,,,,,,,,,
P16422_and_Q9UHI8,0.2675580335213733,0.21522327462353277,0.16840313820710012,26.687111111111093,47.80120603015076,-5550.763789509503,B_C,,,,,,,,,,,
P16422_and_P80723,0.2750604567153293,0.21520156566365078,0.04472400581087387,17.46580645161291,19.74305084745762,-801.0907984779369,B_C,,,,,,,,,,,
P16422_and_A0A1B0GX68,0.3058768483441387,0.215176556564621,0.17848234741862576,19.16600000000001,62.91582089552238,-1858.1161225322692,B_C,,,,,,,,,,,
P16422_and_Q9NPE2,0.2715368575086744,0.21512507523236882,0.13149766866288043,18.477777777777792,59.30386363636362,-1345.9654682049522,B_C,,,,,,,,,,,
P16422_and_Q9NS93,0.2960144236457486,0.21512132161754924,0.08987101871960482,20.340573770491808,39.508562091503265,-2404.9410352245513,B_C,,,,,,,,,,,
P16422_and_O75388,0.28259598988566037,0.2151079298454648,0.2095325236675922,23.076962457337928,66.48415094339623,-1606.1992389613679,B_C,,,,,,,,,,,
P16422_and_Q9UKJ5,0.29451924164454124,0.21506440448541286,0.2286644917368502,21.606656101426314,65.6038823529412,-2282.749474251433,B_C,,,,,,,,,,,
P16422_and_Q9P2U7,0.2915741351358061,0.21505714065376375,0.12033328403379719,24.201977401129906,49.41371794871794,-3924.400777299937,B_C,,,,,,,,,,,
P16422_and_P07498,0.2856333129612899,0.21502624321917968,0.06365944604264838,16.748023715415012,31.18960317460317,-1554.9500928877278,B_C,,,,,,,,,,,
P16422_and_Q8NGC8,0.28810896171316686,0.21498364363178035,0.17296181886894188,22.060416666666676,66.6431081081081,-2322.7758780600075,B_C,,,,,,,,,,,
P16422_and_Q9BXS9,0.29241900344693256,0.21496754055647177,0.045797070461780456,24.206756756756747,46.34925,-4051.975842585008,B_C,,,,,,,,,,,
P16422_and_P47211,0.2817423086485199,0.21485996116142442,0.13299015199084507,21.622859450726942,61.42486033519552,-2350.366923235766,B_C,,,,,,,,,,,
P16422_and_Q12884,0.31718773997699246,0.2148596454677576,0.5469873340338993,26.322380952380932,60.02359073359073,-5146.717842834149,B_C,,,,,,,,,,,
P16422_and_P81277,0.31325796394082095,0.21485483928750204,0.09727460449331736,12.455300859598863,30.211274509803918,-910.6459857823988,B_C,,,,,,,,,,,
P16422_and_Q71RG6,0.2866887389076709,0.21485409164329042,0.06693052640044171,15.794992743105977,40.6610843373494,-819.0198619839794,B_C,,,,,,,,,,,
P16422_and_Q9UHE8,0.2746944545510295,0.21484974669251417,0.1029174418139305,23.194543429844092,55.76675862068964,-2237.670175572007,B_C,,,,,,,,,,,
P16422_and_P40617,0.28690583517149215,0.21484114660738576,0.15830605896255787,21.154215686274487,70.79474683544302,-1283.2118925835382,B_C,,,,,,,,,,,
P16422_and_Q6ZRP7,0.28913658191243374,0.21482490113056352,0.10017191278530703,25.632135922330118,54.12092485549134,-8067.867793766414,B_C,,,,,,,,,,,
P16422_and_Q8IWZ6,0.29555272017803946,0.21481382468271587,0.14838386562794767,24.47500000000001,59.99972375690608,-6441.693405027984,B_C,,,,,,,,,,,
P16422_and_P29322,0.2451739816787455,0.21480167514626697,0.2541386189162547,24.395227765726702,63.98277777777776,-19722.68294667324,B_C,,,,,,,,,,,
P16422_and_Q93100,0.3153674684479067,0.21478446436666382,0.42411107571390366,25.638283972125482,69.52607594936711,-3843.8833426846077,B_C,,,,,,,,,,,
P16422_and_O60676,0.299854631329583,0.21477627957327539,0.1175688396542744,17.653140703517572,62.78104838709674,-1532.4420490753755,B_C,,,,,,,,,,,
P16422_and_A6NIJ9,0.2881383357112632,0.21476903285959725,0.17910101904200632,21.021842105263133,64.05428571428565,-4021.6937826326634,B_C,,,,,,,,,,,
P16422_and_Q8NCK7,0.29351007081176306,0.21476095664574316,0.279980918499409,24.132206759443353,71.78183673469387,-2402.3793298152877,B_C,,,,,,,,,,,
P16422_and_O95711,0.2945432295616314,0.2147461666052619,0.13454049625289402,19.741090146750548,62.92085714285716,-1441.1233593302497,B_C,,,,,,,,,,,
P16422_and_A6NDV4,0.27168006537116207,0.21473995210439029,0.16186761390337168,21.067545871559638,69.13696551724136,-2464.1981298847736,B_C,,,,,,,,,,,
P16422_and_Q6UXU4,0.2662266313073514,0.21472553951040158,0.09045646477658277,20.373392461197326,55.3362142857143,-1514.0546299407051,B_C,,,,,,,,,,,
P16422_and_Q8WU08,0.28679539723152014,0.21472113843397062,0.08598414542515287,20.729420731707318,60.518924731182786,-2089.1533717910006,B_C,,,,,,,,,,,
P16422_and_P55011,0.28034265210273424,0.21471750729191802,0.20212501958431472,25.494955156950713,61.579609375,-4045.5414443865193,B_C,,,,,,,,,,,
P16422_and_Q86YT6,0.24766935690707464,0.2146944673258362,0.24454277534173982,26.084867503486763,49.27819819819818,-3359.0415119994996,B_C,,,,,,,,,,,
P16422_and_P13688,0.2599097063577779,0.21464832975942927,0.14422699326359037,24.333960396039583,67.3689261744967,-2686.4003948714508,B_C,,,,,,,,,,,
P16422_and_A4D2G3,0.28915034968829845,0.21463468411342915,0.16981737425939397,21.355321507760497,61.29876923076922,-2346.4829696441016,B_C,,,,,,,,,,,
P16422_and_Q7Z3T1,0.28124812849171443,0.21463364820563852,0.15474084842126906,21.58551724137932,66.96404255319148,-1845.1322982176025,B_C,,,,,,,,,,,
P16422_and_C9JUS6,0.29561272546377143,0.21462663687063432,0.06839350694176011,16.835815602836874,41.90434782608697,-1732.258500773225,B_C,,,,,,,,,,,
P16422_and_O60610,0.24416106720424963,0.21462487391548504,0.08088241326530955,25.854865424430635,52.14566878980888,-16588.436145181222,B_C,,,,,,,,,,,
P16422_and_P13591,0.2552140987964009,0.21454860927989772,0.1357960345047725,23.26798642533938,63.678088235294126,-2693.5443854246532,B_C,,,,,,,,,,,
P16422_and_Q8N1E2,0.288658032108575,0.21452347022940477,0.11301004632819248,19.833431952662767,44.9947333333333,-2027.5566580252241,B_C,,,,,,,,,,,
P16422_and_Q30KQ6,0.31872926683333763,0.21451936351346768,0.0869223267357376,17.391158536585344,38.52451923076924,-574.1477774620207,B_C,,,,,,,,,,,
P16422_and_Q9NQN1,0.2847103629359138,0.21448316710522736,0.2306332409403838,22.662400000000023,70.06085526315788,-3460.486654956292,B_C,,,,,,,,,,,
P16422_and_Q6DWJ6,0.27591753276615083,0.21448152880875923,0.16949221001265674,22.516098081023436,49.974750000000014,-9092.159020586269,B_C,,,,,,,,,,,
P16422_and_Q99679,0.2748658216177034,0.21445580106112094,0.1643813873442218,23.798696319018386,59.13141176470592,-1184.1231438296236,B_C,,,,,,,,,,,
P16422_and_Q4KMP7,0.25637543593441253,0.21439818766098126,0.30474139264035305,24.995652173912998,70.701125,-1939.8981396137824,B_C,,,,,,,,,,,
P16422_and_P57103,0.2734682476246109,0.21433588214995453,0.10834096460155049,25.82098298676746,55.33660606060608,-3621.4584746119326,B_C,,,,,,,,,,,
P16422_and_Q9H4E5,0.28374443107586556,0.21433442394840402,0.07627991341049083,20.198809523809526,64.5455696202532,-1280.3193810775776,B_C,,,,,,,,,,,
P16422_and_P29317,0.24163257736843471,0.21428037489348445,0.19835008032942625,25.507226107226074,61.26602678571429,-9352.39735893758,B_C,,,,,,,,,,,
P16422_and_P48509,0.27644210396592533,0.2142523182852343,0.15281778892298079,19.691477272727276,63.31274809160306,-1242.668156516906,B_C,,,,,,,,,,,
P16422_and_P21709,0.24597237387463194,0.21425162513493862,0.22022248941203637,25.520024271844648,58.890643776824,-2300.672446628185,B_C,,,,,,,,,,,
P16422_and_O75508,0.28522268245522603,0.21420575828484928,0.07431673630245332,18.141119691119673,45.49615384615385,-1383.20068407896,B_C,,,,,,,,,,,
P16422_and_Q8IZI9,0.2887503335135222,0.21420520005072932,0.14551953393470848,19.89457274826789,68.00957746478875,-1237.3716237862543,B_C,,,,,,,,,,,
P16422_and_Q8NGK5,0.28378730314573053,0.2141962832074677,0.09533978628625228,22.850599315068518,60.92631868131866,-2153.7392128365527,B_C,,,,,,,,,,,
P16422_and_Q9UGF6,0.2850866019880437,0.21418034327524418,0.18932117089569622,22.13454724409446,62.725972222222225,-2547.1520448443707,B_C,,,,,,,,,,,
P16422_and_Q00013,0.2632266288298102,0.21412589689524594,0.17435980254191644,21.441039999999973,63.10303191489366,-1910.597994432941,B_C,,,,,,,,,,,
P16422_and_Q70Z44,0.2558768129280261,0.21410109157258805,0.08488355817918218,22.680570291777162,51.50259615384614,-3785.0546682300846,B_C,,,,,,,,,,,
P16422_and_P06858,0.2985409983206687,0.21406965067664574,0.12369657821538296,23.500796460177003,59.80386075949367,-1060.943016374967,B_C,,,,,,,,,,,
P16422_and_P49190,0.2556187185212365,0.21406831277404076,0.0782469553650152,24.602265861027192,48.85400990099007,-1810.044097041693,B_C,,,,,,,,,,,
P16422_and_Q4U2R8,0.288838522851981,0.21403113905656718,0.1006887813206992,24.967895878524967,61.935694444444415,-3612.6934258787337,B_C,,,,,,,,,,,
P16422_and_P01700,0.30287542505069465,0.21402804426395497,0.16727908964048516,20.045288461538462,66.68642384105962,-1932.9769228578475,B_C,,,,,,,,,,,
P16422_and_P07988,0.2630219218586983,0.21402546171415257,0.09356864419942404,20.168719211822655,55.627662337662386,-829.8314985255311,B_C,,,,,,,,,,,
P16422_and_Q6H9L7,0.24698719705962444,0.21399437370480034,0.11032087778374423,24.262284482758606,45.33211340206183,-1036.0409898364014,B_C,,,,,,,,,,,
P16422_and_O43749,0.28772663465420506,0.21399428894674916,0.20995793616614994,22.00173992673995,67.45039473684207,-1831.4465810391175,B_C,,,,,,,,,,,
P16422_and_Q9Y5R2,0.24467849434378552,0.2139392621911525,0.2142771749567821,23.992384519350757,45.02776422764229,-3888.397008102984,B_C,,,,,,,,,,,
P16422_and_O00238,0.2658007177621494,0.21393343903902834,0.12327441506667543,20.972650375939832,61.032750000000036,-2073.810813207686,B_C,,,,,,,,,,,
P16422_and_P20023,0.2290438773430259,0.21392237277171572,0.13090833593314663,26.456268656716393,51.784322033898306,-2463.251229020265,B_C,,,,,,,,,,,
P16422_and_Q9HA72,0.2648528866659263,0.21391144203107992,0.17530165604022535,24.66027088036119,61.115,-2542.295711899107,B_C,,,,,,,,,,,
P16422_and_P19875,0.30755604430307926,0.21389313332617546,0.1421882920820685,16.106057494866523,47.58500000000001,-1173.8537470718163,B_C,,,,,,,,,,,
P16422_and_Q6IF99,0.28559993524150395,0.2138777812007826,0.1891874254430633,21.189630931458705,67.00936708860762,-2477.198451789065,B_C,,,,,,,,,,,
P16422_and_Q9GZK4,0.2875607322825255,0.2138607154304134,0.13703340246929271,20.850392670157056,59.05515151515153,-2050.0489383463446,B_C,,,,,,,,,,,
P16422_and_Q8WWX8,0.30271106744031206,0.21383984407588558,0.18011033544797458,25.902408111533568,49.880350877193,-5646.948945682208,B_C,,,,,,,,,,,
P16422_and_P0DMS8,0.2810523770718625,0.21378374089611782,0.12882083578616993,22.79680000000002,62.76354330708662,-1263.2455789022147,B_C,,,,,,,,,,,
P16422_and_Q8NH89,0.2865343368836654,0.21376740032585584,0.074199412456789,19.859444444444442,62.036320754717,-1462.6568237609524,B_C,,,,,,,,,,,
P16422_and_Q15761,0.26524296844549433,0.21373173488914024,0.08050129338923402,25.140153172866547,55.52851612903225,-4497.789384236214,B_C,,,,,,,,,,,
P16422_and_Q8NA29,0.2872626676016742,0.21372675334474825,0.1198731028161697,24.565353535353555,64.36751592356684,-2970.815450035739,B_C,,,,,,,,,,,
P16422_and_O95498,0.3034942448926777,0.2137109315750385,0.14011558116151918,24.62037572254336,69.2398581560284,-2574.202050945027,B_C,,,,,,,,,,,
P16422_and_O76050,0.2456986641059808,0.2136789022679542,0.16341577804295146,23.595890410958887,52.10873786407765,-2273.7955261786337,B_C,,,,,,,,,,,
P16422_and_Q5SV17,0.2885927036455631,0.21365970510814647,0.10941322205989479,17.1228448275862,26.094744525547437,-1690.201218098864,B_C,,,,,,,,,,,
P16422_and_Q8N0Y5,0.2870412958542301,0.21362828099140427,0.16315176680182855,20.66576402321085,63.81924657534247,-1890.8518510597596,B_C,,,,,,,,,,,
P16422_and_Q5TIE3,0.2899882584121827,0.2135511148971398,0.23119210643358687,27.67616150442476,64.6096197718631,-4739.59957937197,B_C,,,,,,,,,,,
P16422_and_Q8NGF6,0.28832996870067273,0.213547072772441,0.13212015926874882,21.317070217917667,59.16007462686565,-2365.000808183219,B_C,,,,,,,,,,,
P16422_and_P08908,0.2718873396812292,0.21349742755273676,0.15877624743766897,23.744935064934996,62.361187214611924,-1557.693466107483,B_C,,,,,,,,,,,
P16422_and_O60500,0.2406299487567511,0.21346874589619208,0.020809920506023472,25.353278688524597,26.91361111111111,-2848.3144201110626,B_C,,,,,,,,,,,
P16422_and_Q969E3,0.29132684136030784,0.21344702911627916,0.10500518259230733,13.962090680100756,36.28157894736842,-1874.5947321524545,B_C,,,,,,,,,,,
P16422_and_O94956,0.2974833899024262,0.21343087453344442,0.3392933037356564,27.380827402135218,59.443772893772866,-4208.211129672489,B_C,,,,,,,,,,,
P16422_and_Q8TAX7,0.2578826255334421,0.21334866704384303,0.06360971582711047,17.196506550218345,40.08120481927711,-958.6131450433168,B_C,,,,,,,,,,,
P16422_and_Q15612,0.28604010259596757,0.21332666603351663,0.2311195224326224,22.72152255639096,61.81420689655171,-2164.1254380455453,B_C,,,,,,,,,,,
P16422_and_Q8NH73,0.2861984950690877,0.21332225381200232,0.1511993781272794,21.801160337552744,63.74317241379312,-3454.279738948963,B_C,,,,,,,,,,,
P16422_and_A6NNL5,0.2955258992342434,0.2132986321624732,0.19759771283709637,21.148239436619725,60.52435483870965,-741.2861831789443,B_C,,,,,,,,,,,
P16422_and_Q6UXI9,0.24645366567549293,0.21329207822168547,0.13341237197237085,22.03842364532016,53.58863157894737,-2477.1476947818774,B_C,,,,,,,,,,,
P16422_and_Q9H461,0.2623378039635196,0.21327801768302374,0.23118041184777888,25.79563552833078,62.171960784313725,-3585.1876750728825,B_C,,,,,,,,,,,
P16422_and_P35625,0.2852006665139204,0.21325964008228498,0.1332301189154895,21.427216748768462,66.75779411764705,-1460.0945085678777,B_C,,,,,,,,,,,
P16422_and_Q96RD1,0.2886178947479694,0.21320977288933557,0.21186162391721167,21.87769230769231,68.15293750000001,-2914.0352473278836,B_C,,,,,,,,,,,
P16422_and_Q9UBD6,0.3035159939315001,0.21318503631521685,0.25007976002606325,24.57102689486553,70.17934782608691,-1671.4193258002333,B_C,,,,,,,,,,,
P16422_and_O43315,0.2839833502944437,0.2131771987970296,0.3635840429506359,20.940039062499984,58.729512195121934,-2018.2977994868463,B_C,,,,,,,,,,,
P16422_and_Q9NQA5,0.2882521929406997,0.21316349628647424,0.03846988129109985,26.42664974619289,40.71876543209877,-2703.3366014345283,B_C,,,,,,,,,,,
P16422_and_P10696,0.30677682409209106,0.21306615365050385,0.48932840847878983,25.933468834688355,48.9144927536232,-4270.858256511764,B_C,,,,,,,,,,,
P16422_and_Q9BUZ4,0.2499998223441125,0.21304859217022476,0.1875184276414394,19.014301801801814,53.602335766423344,-1805.1099310460995,B_C,,,,,,,,,,,
P16422_and_P07098,0.2909435877987852,0.21302132175035526,0.07004812252023512,22.079092920353965,62.70715277777779,-893.1271516748789,B_C,,,,,,,,,,,
P16422_and_Q86YW5,0.26413550252046614,0.2130037797911758,0.11655847866111743,21.262268041237107,57.75543478260869,-4489.957770277561,B_C,,,,,,,,,,,
P16422_and_P47893,0.27994327077780023,0.21299117858111016,0.2136716602035247,22.412676056338018,66.7619512195122,-3811.90703707875,B_C,,,,,,,,,,,
P16422_and_Q9UPC5,0.2710537383530266,0.2129720195054685,0.08590346045049366,22.78974683544305,64.97807407407406,-1213.3881723707927,B_C,,,,,,,,,,,
P16422_and_Q15620,0.2870162580783581,0.21296684458464382,0.16752949985029653,21.41434782608695,67.99043795620443,-2725.063463677021,B_C,,,,,,,,,,,
P16422_and_Q8NG81,0.28598608248378865,0.21294442997473176,0.1285802954820125,21.257841140529514,63.932206896551726,-7150.677947286364,B_C,,,,,,,,,,,
P16422_and_Q13607,0.28586826757012074,0.21289485371907932,0.2089510435492781,21.9937238493724,66.3618181818182,-2633.68463622427,B_C,,,,,,,,,,,
P16422_and_Q16849,0.240535524795635,0.21289031015799134,0.2781796980563736,25.433563748079845,62.502336956521724,-2826.4685969062994,B_C,,,,,,,,,,,
P16422_and_Q8NGG6,0.2868138936896513,0.212876090447835,0.15624280998028556,20.890127388535035,68.2555714285714,-2310.242846708766,B_C,,,,,,,,,,,
P16422_and_O00501,0.2818883174543862,0.21283173021832538,0.15189272799423076,20.78591194968555,52.277688172043,-1144.6584929296732,B_C,,,,,,,,,,,
P16422_and_P41159,0.2916338719385951,0.21282173232378876,0.06561614118430739,20.96221264367816,63.727063492063515,-2092.5183488742073,B_C,,,,,,,,,,,
P16422_and_P35318,0.2887791422390231,0.212805534742661,0.1979679140311271,12.467718940936868,41.177071428571445,-477.77263853958266,B_C,,,,,,,,,,,
P16422_and_Q8IYR6,0.2586124657919732,0.21278872019848055,0.19257524806118667,21.46434195725539,60.31044999999998,-2207.7967285219092,B_C,,,,,,,,,,,
P16422_and_O14986,0.270634648566337,0.21275000248672216,0.24853508728553908,20.71671122994653,55.25298850574714,-1647.1939338804877,B_C,,,,,,,,,,,
P16422_and_P04746,0.3104731471635872,0.21268111257127442,0.2873088762218932,24.641557496360964,66.85592964824122,-17268.347858399637,B_C,,,,,,,,,,,
P16422_and_P22888,0.2860360088575571,0.21267377190213535,0.07664331535585356,25.79128113879002,48.322072072072075,-3998.9303874272905,B_C,,,,,,,,,,,
P16422_and_Q6U841,0.28402112604284363,0.2126294639766528,0.02371910373253484,27.011923076923072,46.345,-3963.9688252477426,B_C,,,,,,,,,,,
P16422_and_O94921,0.27114956189216566,0.21262866694925409,0.14210663815162697,21.278230865746554,58.062065217391314,-1953.0796091825905,B_C,,,,,,,,,,,
P16422_and_Q9HDC5,0.25861745550762416,0.21262476860228832,0.36260790470509413,23.596164510166346,66.81686363636364,-1819.2195332745177,B_C,,,,,,,,,,,
P16422_and_Q14973,0.28100757422171446,0.21260663484352937,0.09824986587809444,21.938454376163893,64.20798742138366,-3434.5064962410943,B_C,,,,,,,,,,,
P16422_and_Q7Z553,0.27243419330848506,0.2126054325907513,0.3807901166187505,26.11714082503556,73.31888268156422,-2534.781348038474,B_C,,,,,,,,,,,
P16422_and_P05538,0.27085576144357815,0.2125880292659785,0.13261025609087632,20.641258169934655,61.8352,-1179.3311116495024,B_C,,,,,,,,,,,
P16422_and_Q9BUL8,0.2842341287374685,0.2125808037717204,0.13904080085070541,19.806666666666672,74.74623853211011,-1858.4429091070683,B_C,,,,,,,,,,,
P16422_and_P01275,0.29151851930535716,0.2125792684122374,0.09823740820853294,17.862044817927142,50.151534391534405,-1398.4236618836985,B_C,,,,,,,,,,,
P16422_and_Q15238,0.26303244106598994,0.21255854879635883,0.15856296846701154,21.229032258064514,63.638560606060615,-1517.8607274087778,B_C,,,,,,,,,,,
P16422_and_Q14626,0.2639338914656416,0.21254044345448372,0.06616377373670902,22.58811594202898,57.953211678832126,-5337.295985078199,B_C,,,,,,,,,,,
P16422_and_Q8NGV0,0.2847354601844767,0.21253767100723864,0.18393735879004885,21.52862985685069,68.13028571428569,-4681.487482427624,B_C,,,,,,,,,,,
P16422_and_A0A087X179,0.2582972256724252,0.21249729812744944,0.2503043667543052,24.247528735632223,66.75979079497904,-1268.6228412874661,B_C,,,,,,,,,,,
P16422_and_Q9Y5W9,0.2696651191336532,0.2124784078268847,0.15667487960840545,21.772727272727245,49.34448,-1772.8399499360066,B_C,,,,,,,,,,,
P16422_and_P49841,0.2926101924750913,0.21247794998562827,0.1843784677723592,24.552521929824547,65.1944444444445,-2148.896665597076,B_C,,,,,,,,,,,
P16422_and_O00254,0.2781484249975026,0.2124679663307789,0.18321422944584495,22.8963675213675,62.43536231884059,-2047.5718266829526,B_C,,,,,,,,,,,
P16422_and_Q9NPD5,0.2971972252236703,0.21243521896629272,0.3824394300510854,25.19779541446213,65.37455752212392,-6070.743207938073,B_C,,,,,,,,,,,
P16422_and_Q96IU2,0.278926864199428,0.21243326223447292,0.09958733195807264,18.763515228426396,53.825233160621735,-1767.7738374439432,B_C,,,,,,,,,,,
P16422_and_Q8NGC9,0.2871145639547167,0.21237905202556456,0.2160311664358532,21.472115384615385,67.77403846153847,-3592.3965614906656,B_C,,,,,,,,,,,
P16422_and_A1KXE4,0.283250333319457,0.2123744942098534,0.07549945248272712,18.232689075630255,36.5358823529412,-584.8567430925978,B_C,,,,,,,,,,,
P16422_and_Q8IVV8,0.28138214504156217,0.21237363557662095,0.06618424378115309,22.543617021276624,55.168625954198454,-834.6395673941333,B_C,,,,,,,,,,,
P16422_and_Q96R08,0.2890305362709876,0.21236719513465807,0.19422975190824593,21.904397705544927,69.80928104575165,-2635.781711422083,B_C,,,,,,,,,,,
P16422_and_Q16663,0.3044633639432407,0.21236706140788822,0.17826754352880653,17.57970383275261,52.79602739726027,-360.7708760031164,B_C,,,,,,,,,,,
P16422_and_Q8NHB8,0.2825465865405723,0.21236702872809562,0.13795900777995948,22.169741697416956,65.32905063291139,-4381.9229843301655,B_C,,,,,,,,,,,
P16422_and_P00742,0.2660621971527746,0.21232716935340462,0.20122154928654234,20.886842105263145,64.96866279069766,-2108.3972495816315,B_C,,,,,,,,,,,
P16422_and_P28222,0.27529746494166174,0.2123262285790605,0.10392483548833104,22.99207708779444,56.227361111111094,-2824.979661127199,B_C,,,,,,,,,,,
P16422_and_P37288,0.270050458126779,0.21223605398658693,0.23898874709188667,23.36481732070364,63.41975124378109,-4602.155238150401,B_C,,,,,,,,,,,
P16422_and_P57729,0.2838146673417492,0.21222231773290623,0.06801003374222596,18.888378378378384,59.577822580645176,-1421.9194143142072,B_C,,,,,,,,,,,
P16422_and_P00709,0.2968895929279464,0.21221125071921682,0.17222541740484537,22.20899357601713,68.84174242424241,-3066.752265991283,B_C,,,,,,,,,,,
P16422_and_P0DP58,0.30337894153308953,0.21220388987423944,0.17300121805406965,17.151800000000016,59.50500000000003,-926.4355098569525,B_C,,,,,,,,,,,
P16422_and_Q8NGX9,0.2834076130690894,0.21201774529421358,0.16339852315230427,21.381271477663226,66.39062499999997,-3360.5336635801386,B_C,,,,,,,,,,,
P16422_and_Q8NGK2,0.2852741803547906,0.2120081990377053,0.16048683195282215,21.822007366482506,63.875714285714274,-3723.526515969571,B_C,,,,,,,,,,,
P16422_and_Q9H1B5,0.3024425462639246,0.21199994428700458,0.2760606990356689,26.018829337094534,58.54240196078431,-4243.729974604192,B_C,,,,,,,,,,,
P16422_and_Q6IWH7,0.29965563771462284,0.21195922064496442,0.07255460441629054,26.56246913580246,58.500410958904084,-4032.1262729454575,B_C,,,,,,,,,,,
P16422_and_Q8N7P3,0.2813308449123727,0.2119477990071722,0.06357615663617727,21.0582922824302,54.17475308641974,-1426.5815206061961,B_C,,,,,,,,,,,
P16422_and_P58173,0.28548184972554835,0.21193799058500462,0.2080233545286406,22.314838709677396,65.3640425531915,-1638.1716983982549,B_C,,,,,,,,,,,
P16422_and_Q8NH79,0.2801670054098453,0.21188997402527376,0.1757989094848517,22.53457760314342,69.58961038961044,-1287.7868970950146,B_C,,,,,,,,,,,
P16422_and_Q8TF71,0.2843539178503237,0.211857326381575,0.14472370908656604,24.575400000000005,65.02930817610063,-3804.881267650726,B_C,,,,,,,,,,,
P16422_and_Q8NGJ8,0.2827053318813838,0.21184859968893233,0.12412749172352552,22.18071017274474,62.955466666666666,-2601.1407603433786,B_C,,,,,,,,,,,
P16422_and_O60716,0.26364993317398405,0.2118136984293282,0.6345005173954991,25.11072811773816,59.43931707317072,-1890.739713091607,B_C,,,,,,,,,,,
P16422_and_Q9BYZ8,0.29355339559664073,0.21180426460069385,0.12951467532440694,20.811428571428596,69.438046875,-796.6670165178235,B_C,,,,,,,,,,,
P16422_and_Q8NGC7,0.28526319600070627,0.21180414727760372,0.19407076467471865,22.356627680311913,67.10510067114096,-3532.7902437228086,B_C,,,,,,,,,,,
P16422_and_Q7Z7G2,0.28977266149229697,0.2117473168657522,0.041632507355799625,17.02906976744187,45.419702970297024,-1298.1676534021317,B_C,,,,,,,,,,,
P16422_and_O94919,0.26118455589366923,0.21169636905673198,0.21316446693901564,24.44698697068405,64.72422360248451,-10158.478567312028,B_C,,,,,,,,,,,
P16422_and_P02788,0.31463971665114,0.21168862537891522,0.2545493103927662,26.505092592592568,67.85156862745097,-3197.8117398255745,B_C,,,,,,,,,,,
P16422_and_A6NM45,0.2809856639923865,0.21168690018070957,0.08343011589696919,20.934235668789817,52.67294478527608,-1532.792436102769,B_C,,,,,,,,,,,
P16422_and_P56851,0.2955247025403208,0.21168328964669092,0.13968314338890075,20.47521489971346,61.94758620689657,-1228.9682172461175,B_C,,,,,,,,,,,
P16422_and_Q8WWA0,0.28400175308898,0.21167998912606492,0.24447018567264361,23.113559322033908,64.55897260273974,-5526.84263886194,B_C,,,,,,,,,,,
P16422_and_P30531,0.3002438960766484,0.21166891502188445,0.18065382469976476,25.44119897959184,47.64401098901099,-5128.4673714054525,B_C,,,,,,,,,,,
P16422_and_Q9BY79,0.24406725344350527,0.21166851709314807,0.36029548898140473,24.165166666666675,65.18604347826088,-2342.410393937411,B_C,,,,,,,,,,,
P16422_and_P47883,0.2769490691843802,0.21161788384025162,0.09766732859272226,22.7338418862691,56.91898876404494,-2149.94644063973,B_C,,,,,,,,,,,
P16422_and_O60941,0.25112862249701057,0.2116016014584084,0.4415384158189788,25.15564751703988,68.63592436974788,-2241.0049557157017,B_C,,,,,,,,,,,
P16422_and_P15509,0.268633174005046,0.2115629499398247,0.05866273484965484,24.929705882352927,65.50580882352942,-19492.42302372134,B_C,,,,,,,,,,,
P16422_and_P57771,0.2889371926169976,0.21154722603311418,0.09800475440581412,21.28063872255489,59.88519230769232,-2683.224881808783,B_C,,,,,,,,,,,
P16422_and_P49238,0.2763003412170991,0.21154080185750035,0.2240764520351385,21.875288683602772,57.266444444444446,-2240.7686217659366,B_C,,,,,,,,,,,
P16422_and_Q8NGN4,0.28534755842944115,0.2115334687928795,0.18235081257275668,21.788580931263837,64.96921428571427,-3224.826030390344,B_C,,,,,,,,,,,
P16422_and_P27487,0.316103946902357,0.21151298650947578,0.49615141087479153,25.787535410764818,63.33840740740737,-5442.681039780426,B_C,,,,,,,,,,,
P16422_and_Q15195,0.3078332367813711,0.2114853870368989,0.08789907507417517,18.80190058479532,59.690373831775716,-622.5539881604911,B_C,,,,,,,,,,,
P16422_and_A0FGR9,0.2618959354029874,0.21147987442679628,0.16063229600826187,26.531061598951464,56.237222222222236,-5261.335273485238,B_C,,,,,,,,,,,
P16422_and_P55773,0.3018970731731625,0.21147033700819867,0.13623501852869457,16.63122317596568,53.45146341463413,-955.0533005199577,B_C,,,,,,,,,,,
P16422_and_A0A0B4J248,0.30425776809267646,0.21146794192742505,0.15532564178899944,20.692514970059875,64.63941176470584,-1377.8730424729438,B_C,,,,,,,,,,,
P16422_and_A6NGY5,0.27979959971201557,0.2114247133760237,0.094268148317383,23.64645328719722,59.69566265060239,-1905.4644864869604,B_C,,,,,,,,,,,
P16422_and_O76093,0.28383158676352577,0.2114024618943338,0.08376197812852236,22.531996086105696,58.684893617021274,-9846.681730615317,B_C,,,,,,,,,,,
P16422_and_Q8N2E6,0.2789554463529914,0.21139599913088583,0.30598152994124184,19.52873015873015,56.4623863636364,-1236.4274475185093,B_C,,,,,,,,,,,
P16422_and_P03999,0.284669764717684,0.21136541836137085,0.10674669930560914,19.958524904214542,64.29378378378375,-2723.6579457217226,B_C,,,,,,,,,,,
P16422_and_Q9BQG1,0.24300773143612828,0.21134268534689465,0.18324196402598716,24.64951768488744,62.22955555555557,-1584.3461008699269,B_C,,,,,,,,,,,
P16422_and_Q8NFU4,0.3119999669598641,0.21133170007049645,0.08888802677345845,13.693333333333317,33.70036697247708,-392.5624927187464,B_C,,,,,,,,,,,
P16422_and_Q9NRJ3,0.2996893148386537,0.21128518816150654,0.16603822974726637,18.163515624999995,57.297421383647816,-1215.957658830435,B_C,,,,,,,,,,,
P16422_and_Q8WTU2,0.2449908730558523,0.211278835718433,0.09314358829934506,23.517030201342273,52.46360215053763,-15344.30304700524,B_C,,,,,,,,,,,
P16422_and_Q6PEY1,0.28889274777783225,0.21126179005231643,0.08008304312336809,20.77098445595855,45.60718749999998,-1552.536438267889,B_C,,,,,,,,,,,
P16422_and_O95782,0.2724273739617621,0.211258593784028,0.284134958492679,26.23962472406182,56.36726495726497,-2159.9449361136194,B_C,,,,,,,,,,,
P16422_and_P31321,0.26082662533948575,0.21125065438992668,0.1463669570112691,22.98506616257088,61.46437869822487,-807.8915216993823,B_C,,,,,,,,,,,
P16422_and_P0DP04,0.2995906409388559,0.21124083861944093,0.15583955988563516,18.91241379310343,73.9160465116279,-819.6083495572861,B_C,,,,,,,,,,,
P16422_and_Q8N0W4,0.2882043313530332,0.21119897011256575,0.2665751416883976,25.902980132450327,65.33607843137258,-5777.173850178933,B_C,,,,,,,,,,,
P16422_and_P46059,0.3023981293967352,0.2111656439118573,0.22796448647713588,25.56392405063292,63.63424870466322,-4527.81575452219,B_C,,,,,,,,,,,
P16422_and_Q5GFL6,0.25432475045768355,0.2111500389478854,0.16912181378451524,24.72777777777778,57.75597989949748,-5233.363882155441,B_C,,,,,,,,,,,
P16422_and_Q8NGQ3,0.2831514724438065,0.2111481480090025,0.15643382274704096,22.206626506024087,62.46859259259258,-2930.8964804329753,B_C,,,,,,,,,,,
P16422_and_P23469,0.2914802077651868,0.21113981558138095,0.257736561897045,26.600559701492546,68.61949438202245,-3795.130545318693,B_C,,,,,,,,,,,
P16422_and_P29275,0.2814997623856643,0.21113148931126408,0.1596158025644072,22.96051020408163,69.73645833333333,-1642.3420747588905,B_C,,,,,,,,,,,
P16422_and_P29459,0.28279779207660627,0.2111288303727642,0.08624879343783862,18.896921443736716,46.29320895522387,-510.03424281597745,B_C,,,,,,,,,,,
P16422_and_Q8NDX2,0.2812717671325453,0.21112860390459662,0.18350715463496226,24.467983870967785,66.21807909604519,-3968.781931156283,B_C,,,,,,,,,,,
P16422_and_Q9NPF8,0.29561229708124975,0.21111953574753495,0.27857910869719893,26.14397590361446,62.28634730538922,-7573.053145401199,B_C,,,,,,,,,,,
P16422_and_Q8N0Y3,0.28104330415580003,0.21100301768774815,0.13922016845627114,21.755258302583044,64.68305194805194,-2462.305237374289,B_C,,,,,,,,,,,
P16422_and_A0A1B0GX51,0.3024149581394171,0.21097049238350338,0.0857786484253113,21.08154761904762,62.79981651376146,-1539.4325631468828,B_C,,,,,,,,,,,
P16422_and_Q6DHY5,0.25678817879250826,0.21095938333169653,0.14565154995864368,24.46268965517243,62.11368159203981,-5540.027750325993,B_C,,,,,,,,,,,
P16422_and_Q8NGI6,0.2833139351974068,0.21092657137498685,0.15639201368838018,21.4854609929078,63.04487179487182,-3676.571966855505,B_C,,,,,,,,,,,
P16422_and_Q8TDQ0,0.26724266889509757,0.210898205629217,0.15058256337500792,19.35066666666665,48.87840579710147,-5186.704846226819,B_C,,,,,,,,,,,
P16422_and_Q5VXJ0,0.2910315429586147,0.21089418745423585,0.05068423804390035,22.562096774193556,59.69312499999998,-1814.0977153978547,B_C,,,,,,,,,,,
P16422_and_Q8NGE8,0.2867698605587886,0.21088867587482107,0.18430594634881373,21.40614203454894,64.62685314685314,-3417.080803936395,B_C,,,,,,,,,,,
P16422_and_Q00888,0.25228930376580366,0.21088713369700016,0.05446303671980271,24.26064189189189,62.26504504504505,-6534.456598436009,B_C,,,,,,,,,,,
P16422_and_Q9NS86,0.2996367575401149,0.21088630911476827,0.17303549030449322,23.557000000000013,52.07459119496857,-6486.291069411126,B_C,,,,,,,,,,,
P16422_and_A6NND4,0.2848539541890328,0.21085025618628656,0.17525989240145598,20.910531697341497,66.37381294964028,-2458.738438497054,B_C,,,,,,,,,,,
P16422_and_Q8NGM1,0.28469081765884374,0.2108465785242865,0.14200977837035703,22.147983014861953,64.18668965517243,-1552.0926635791504,B_C,,,,,,,,,,,
P16422_and_Q01814,0.28107300430575455,0.21084513452787684,0.17849330339836783,27.59805309734513,48.158579545454536,-3445.671305245327,B_C,,,,,,,,,,,
P16422_and_Q8NGI4,0.28469488731641723,0.21083028786059954,0.1750157792563668,21.60098566308241,62.22632258064516,-2661.0267398954174,B_C,,,,,,,,,,,
P16422_and_P26951,0.26903499403632514,0.21082021778517274,0.1996323284748996,24.346719457013574,68.23666666666666,-1191.7898162448887,B_C,,,,,,,,,,,
P16422_and_P13497,0.2672518218213096,0.21081599185896088,0.30580956597431064,25.66489795918369,72.62376543209875,-2750.8401591557995,B_C,,,,,,,,,,,
P16422_and_O95838,0.25407188379103995,0.21079702717574028,0.14236805037353287,24.925673534072892,59.55757575757575,-2013.2012755973628,B_C,,,,,,,,,,,
P16422_and_Q8NGN7,0.2830162784723021,0.2107890434783932,0.15544671879674835,22.261524163568765,65.03123376623377,-5106.427536532982,B_C,,,,,,,,,,,
P16422_and_Q9BSA4,0.28027150534026196,0.21078477965274037,0.13115628407397759,25.605542452830196,54.058972602739715,-3414.4764190706373,B_C,,,,,,,,,,,
P16422_and_Q9UKL4,0.26307980152156807,0.21076032770927292,0.080670255671852,19.170209580838318,56.05646017699115,-4729.485879058191,B_C,,,,,,,,,,,
P16422_and_Q8NGK3,0.28500287885409786,0.21074237787517713,0.2050539155034346,22.184562607204114,66.57082278481009,-3365.7622844735442,B_C,,,,,,,,,,,
P16422_and_A6NFX1,0.286999689607984,0.21069170145817329,0.22370339429799102,24.747304582210262,66.30748917748913,-2182.307712703917,B_C,,,,,,,,,,,
P16422_and_A0A0C4DH41,0.30123914733780777,0.2106675738132383,0.16855657040035127,18.733023872679045,62.04940677966105,-992.2865935634711,B_C,,,,,,,,,,,
P16422_and_Q6EBC2,0.29130554264302133,0.21065410041306007,0.13377853471153195,20.579127134724835,59.84914473684209,-1144.1705893814615,B_C,,,,,,,,,,,
P16422_and_Q8NGR4,0.2849724497830419,0.21061854562352117,0.1958983941386065,21.51464737793851,64.81721518987344,-3270.5337109358793,B_C,,,,,,,,,,,
P16422_and_Q8NGY1,0.28420101553373156,0.21059644523107013,0.22514014966152446,21.29513556618819,65.58414634146342,-2333.773737559005,B_C,,,,,,,,,,,
P16422_and_Q13585,0.25426350631361005,0.2105230119392596,0.20142412451426958,24.018633540372694,69.19848684210521,-2705.11523706359,B_C,,,,,,,,,,,
P16422_and_Q92556,0.2828595170355447,0.21048158067678785,0.27499308884054935,24.694078947368414,64.50401360544218,-3194.879460409111,B_C,,,,,,,,,,,
P16422_and_Q96PJ5,0.2617972097789042,0.21045927619384602,0.31648992990717983,24.006326219512218,63.68010309278348,-979.8742474666633,B_C,,,,,,,,,,,
P16422_and_P22626,0.25837022754742234,0.21044176554376764,0.4001341328161489,24.647647702407035,67.14270531400967,-2110.7431857944594,B_C,,,,,,,,,,,
P16422_and_A0A1B0GX31,0.30168512378960266,0.2104039143426004,0.09810328912115523,22.125961538461542,64.55184000000001,-1809.4007668804236,B_C,,,,,,,,,,,
P16422_and_Q86WA9,0.2895320136384495,0.2104002925642021,0.25518041157434646,24.697181818181825,65.34800000000001,-3807.8070636589123,B_C,,,,,,,,,,,
P16422_and_Q9NPF7,0.2869871687986317,0.21039197835253726,0.07196261617891837,18.82899543378996,48.428560606060614,-1543.975448916719,B_C,,,,,,,,,,,
P16422_and_P28221,0.27440631672734334,0.21039100664698931,0.19573829696090933,24.049686716791985,63.39467661691541,-3698.816852273507,B_C,,,,,,,,,,,
P16422_and_Q9UHA7,0.292292126467964,0.21038511257371692,0.23006100112794237,22.08209090909094,56.73993197278911,-1654.257137226274,B_C,,,,,,,,,,,
P16422_and_Q96CP7,0.276725330597634,0.21031598699726217,0.1644716088181344,21.482549019607838,69.28627450980393,-1248.782718747337,B_C,,,,,,,,,,,
P16422_and_P31639,0.3036789167595405,0.2102791466163015,0.190943202187408,24.85067873303168,69.0542613636364,-2928.0824845498532,B_C,,,,,,,,,,,
P16422_and_Q8NGR6,0.2842721056033168,0.21027909624791363,0.1070276722964437,21.05890052356022,64.17906976744189,-2124.215801551183,B_C,,,,,,,,,,,
P16422_and_A6NL08,0.2831030796826419,0.21026351311229563,0.23276951048519723,22.788581952117866,69.24811688311691,-3488.661727531667,B_C,,,,,,,,,,,
P16422_and_Q9P1Q5,0.2857981092821333,0.21017417363138693,0.21341940577081492,22.449537037037043,64.78266666666669,-3268.4793028586823,B_C,,,,,,,,,,,
P16422_and_P00736,0.26781409899340225,0.21016707566029272,0.10816263398313355,23.65581113801454,54.77686956521738,-15039.118007210973,B_C,,,,,,,,,,,
P16422_and_P32238,0.26908467276965753,0.21005641323346694,0.12018380131435948,24.133682373472993,60.48928994082843,-1484.1232677287808,B_C,,,,,,,,,,,
P16422_and_P03971,0.2438127766553558,0.2100530806072386,0.21015800017267378,25.426692047377326,48.468720000000005,-2600.434584375216,B_C,,,,,,,,,,,
P16422_and_P35523,0.2706679791911757,0.21001569359380476,0.41352041673624695,26.43599221789882,65.68650862068965,-4893.444101829649,B_C,,,,,,,,,,,
P16422_and_P51993,0.2803072419782323,0.2100134463201292,0.2915135866873569,23.668559837728203,70.13570552147242,-1608.8981525431507,B_C,,,,,,,,,,,
P16422_and_P0DY27,0.30967493038990146,0.21000342197100821,0.08095470385922124,17.336104783599065,42.72533333333333,-1780.1123536406485,B_C,,,,,,,,,,,
P16422_and_Q30KR1,0.30967493038990146,0.21000342197100821,0.08095470385922124,17.336104783599065,42.72533333333333,-1780.1123536406485,B_C,,,,,,,,,,,
P16422_and_Q15622,0.2834486659303477,0.20998706920205312,0.13544498434033753,21.017801047120418,63.615645161290296,-2372.9561192748542,B_C,,,,,,,,,,,
P16422_and_Q96PL1,0.30892105313740004,0.20997083945926337,0.04781923872762114,18.701681957186537,47.00553398058253,-1421.9231368585351,B_C,,,,,,,,,,,
P16422_and_Q6UXB3,0.29885708655313903,0.20995620612610588,0.147260249321595,18.47439807383628,46.43388535031847,-960.1082229824783,B_C,,,,,,,,,,,
P16422_and_P0DPR3,0.34224023005093474,0.20995559438393405,0.02501300062934419,19.3,5.223125,-145.46776486992377,B_C,,,,,,,,,,,
P16422_and_Q6IF36,0.28078816179696814,0.209935602315393,0.14083424477086462,21.297736220472423,63.98231292517006,-1569.5667435182697,B_C,,,,,,,,,,,
P16422_and_A6NJZ3,0.28480997452198253,0.2099273744729875,0.19591679081412708,21.809469696969728,66.22026143790849,-2664.8789956147793,B_C,,,,,,,,,,,
P16422_and_Q13183,0.28983227080743046,0.20990366441646485,0.08212173790862307,24.55957095709569,59.46258333333335,-2715.9876474557263,B_C,,,,,,,,,,,
P16422_and_O95222,0.27732210468377283,0.20987799257896858,0.14860751566811098,22.614872798434416,65.86666666666673,-3211.889111926404,B_C,,,,,,,,,,,
P16422_and_Q9H156,0.23651079978120976,0.20987339741799185,0.3977791733864891,26.153835978835996,47.34318385650224,-6027.681186705027,B_C,,,,,,,,,,,
P16422_and_A0A0B4J1Y8,0.29748880446952175,0.209867331810739,0.18644939050748563,22.079719764011823,66.23561797752804,-785.444854149614,B_C,,,,,,,,,,,
P16422_and_Q9BRQ5,0.26990294950404814,0.20981545468371732,0.07764270912391892,16.3389896373057,48.18820754716981,-1051.4922181163802,B_C,,,,,,,,,,,
P16422_and_Q9NPB9,0.27324068538290414,0.20980919801248,0.12657136263915128,21.53120155038757,61.866071428571395,-1334.2401858403402,B_C,,,,,,,,,,,
P16422_and_A6NDL8,0.2846337675134248,0.20979808042236636,0.13752188129478823,21.71019955654102,66.90815602836874,-2688.537570759275,B_C,,,,,,,,,,,
P16422_and_Q5NUL3,0.2776986732025595,0.20974053263043846,0.21248511601542386,23.879383561643838,48.403653846153865,-2388.13326943877,B_C,,,,,,,,,,,
P16422_and_P0C626,0.2836166007419126,0.20962044805161012,0.16459547227290486,21.32256097560976,66.56316546762594,-3070.327882138861,B_C,,,,,,,,,,,
P16422_and_Q8IVY1,0.3009602704241461,0.20961730415289853,0.0690157048183922,17.13453038674033,35.54140350877192,-2981.589307213905,B_C,,,,,,,,,,,
P16422_and_Q6UXT6,0.2843202750656373,0.20959788809380137,0.13498729712048668,21.691079295154204,60.56343511450386,-4004.570145912543,B_C,,,,,,,,,,,
P16422_and_O00476,0.28258466961907314,0.20958941324309788,0.20675874948451967,24.81984924623117,62.68652406417108,-2007.8683977391183,B_C,,,,,,,,,,,
P16422_and_P51810,0.2706706472829523,0.2095605885785083,0.11188336658248217,19.99642166344294,52.435850340136064,-1159.6285752523227,B_C,,,,,,,,,,,
P16422_and_O60412,0.28363053645842695,0.20952325685946602,0.15023868258319728,20.56729411764706,67.25097744360903,-2437.4525015593063,B_C,,,,,,,,,,,
P16422_and_Q8NH10,0.28483042130642366,0.20949896030062776,0.15554753470007732,20.41889460154239,70.5247244094488,-2250.150255583252,B_C,,,,,,,,,,,
P16422_and_P19440,0.3078947195245125,0.20948191916027709,0.20089481310871862,23.8204849498328,65.58893750000004,-2596.8272167684977,B_C,,,,,,,,,,,
P16422_and_Q8NGP6,0.28399445122741107,0.20938285799555328,0.14137900899138328,22.318705673758828,63.969602649006625,-2184.332976464509,B_C,,,,,,,,,,,
P16422_and_P55259,0.24047252909992323,0.20933230811526948,0.26921053806088807,25.196274509803935,68.88071428571433,-2053.9847932902776,B_C,,,,,,,,,,,
P16422_and_P20851,0.2711402190232436,0.20930646075810386,0.14555740181477206,20.943661971830956,67.95232558139534,-3188.786209141766,B_C,,,,,,,,,,,
P16422_and_Q8NGN5,0.2829888322949784,0.2092930523607569,0.19285920178473226,21.853944562899805,69.60204081632654,-2835.6773527356845,B_C,,,,,,,,,,,
P16422_and_Q15147,0.2927701620275048,0.20928700587594,0.3074880412978924,26.684441489361692,64.70042328042328,-12590.45242730718,B_C,,,,,,,,,,,
P16422_and_O00626,0.30768210941482793,0.2092590856150864,0.10233746862316231,18.316404199475066,56.30008771929825,-1024.2233891171538,B_C,,,,,,,,,,,
P16422_and_Q30KP9,0.3121940224579481,0.20924785338624274,0.09474867372014886,17.910285714285706,51.57990990990994,-874.2820588378509,B_C,,,,,,,,,,,
P16422_and_Q92482,0.28200969941171283,0.20921768909148417,0.33388772662582966,22.100361445783136,64.75979020979022,-2448.770889297142,B_C,,,,,,,,,,,
P16422_and_Q9H114,0.2938687746072039,0.20919936387802082,0.06709989523599255,20.31047979797979,58.287851239669415,-1665.7438725756508,B_C,,,,,,,,,,,
P16422_and_O95025,0.293382351844427,0.20917633070307967,0.189706557803688,26.354740740740716,62.98284974093261,-9424.245813214106,B_C,,,,,,,,,,,
P16422_and_G3V0H7,0.29608831687941295,0.2091691377832641,0.31275509215321584,25.57653225806455,60.61306358381501,-2951.4186074560994,B_C,,,,,,,,,,,
P16422_and_O15431,0.2815169379849367,0.20915350800454857,0.05555919688098089,18.382578740157488,35.171478873239444,-1618.5358730094958,B_C,,,,,,,,,,,
P16422_and_P42658,0.30276580186058777,0.20914706396044552,0.3457107719617068,26.5246763754045,73.50130681818187,-4443.103882751758,B_C,,,,,,,,,,,
P16422_and_P00750,0.254149960912437,0.2090938770145199,0.22507227772009042,23.647789336801015,63.21639593908629,-3768.4802150243927,B_C,,,,,,,,,,,
P16422_and_A6NDH6,0.2858624378254824,0.20907697410128398,0.1303009979209273,21.78259493670888,65.86631205673758,-3053.0060086986728,B_C,,,,,,,,,,,
P16422_and_P21462,0.2767073233902677,0.20905575727995912,0.16599361593515016,23.66628113879002,63.80913580246916,-1843.202736416742,B_C,,,,,,,,,,,
P16422_and_Q6PI25,0.2880952217387965,0.20902328434025186,0.10429256970504842,19.219210526315806,57.98478260869562,-1790.9751999664718,B_C,,,,,,,,,,,
P16422_and_Q8NH09,0.2724534117314017,0.20901627914716703,0.15319579381127,23.139927404718676,65.73570552147235,-1380.1195727262566,B_C,,,,,,,,,,,
P16422_and_P27918,0.26454332470573516,0.20900820077818635,0.2364899719583173,25.127459954233423,59.881496062992134,-3336.878513631892,B_C,,,,,,,,,,,
P16422_and_O14520,0.27300394655458454,0.2089427742435777,0.10231807328336087,22.32142857142856,71.38115384615381,-2219.947927156455,B_C,,,,,,,,,,,
P16422_and_Q9NRS4,0.29152336492426645,0.2089048672596658,0.31839621002756435,23.293071428571423,60.16165775401073,-5997.931746592526,B_C,,,,,,,,,,,
P16422_and_P0DTE1,0.2993544492967782,0.2088835751375194,0.17180551945414935,19.664187866927584,62.82051094890507,-1250.5579399986377,B_C,,,,,,,,,,,
P16422_and_Q8NGK9,0.28070751980459463,0.20887615496953565,0.13665793668086795,20.983583690987125,64.40232394366198,-2393.4094001801527,B_C,,,,,,,,,,,
P16422_and_O75912,0.2665662826303803,0.20885692326612698,0.2809240287723106,25.11913652275379,65.12605769230767,-2143.800342574945,B_C,,,,,,,,,,,
P16422_and_Q96KN9,0.25596168361841554,0.20882556352609563,0.09435848242947316,21.611089108910907,55.01400000000001,-2489.8597251172177,B_C,,,,,,,,,,,
P16422_and_P42681,0.26407701719599075,0.2088238166420334,0.2207004008722489,23.05183356840621,64.13015000000003,-1658.4381166838557,B_C,,,,,,,,,,,
P16422_and_A0A087WVF3,0.25437740843849677,0.20875922885191733,0.17978821968231046,24.336795994993782,64.50234741784038,-3297.067029919628,B_C,,,,,,,,,,,
P16422_and_P13236,0.3059062672096614,0.20875679031174887,0.1298884737869586,19.052631578947384,53.57386666666665,-1042.2012244275395,B_C,,,,,,,,,,,
P16422_and_Q8NGJ7,0.2839103488735402,0.20868315919371397,0.15438226637829328,21.00267665952888,60.514825174825184,-4305.111632082115,B_C,,,,,,,,,,,
P16422_and_O15263,0.31565747838325353,0.20865528078516338,0.13738476838040156,19.489442231075717,45.159576271186445,-3426.1763299687104,B_C,,,,,,,,,,,
P16422_and_P0CF51,0.28721716565980143,0.20858611705761598,0.10896411627837504,19.441866666666655,67.72815384615389,-1110.5698531270284,B_C,,,,,,,,,,,
P16422_and_P46092,0.2694107798281865,0.20857730959565346,0.18091534622309458,23.59102722772279,54.43500000000001,-2476.721675134251,B_C,,,,,,,,,,,
P16422_and_Q8NFJ5,0.2626361059179739,0.2085649338426197,0.0863412147772544,23.09979550102247,45.22808917197452,-3191.3094819073485,B_C,,,,,,,,,,,
P16422_and_Q8N6Y1,0.23836929207307214,0.20856357081739585,0.10458617643959403,25.962690355329965,62.813145161290294,-3442.987464442758,B_C,,,,,,,,,,,
P16422_and_P51148,0.28015055099578057,0.2085502779152689,0.08708531926990111,20.41984282907665,53.507210884353746,-1129.0218582037933,B_C,,,,,,,,,,,
P16422_and_Q9Y5Y4,0.2764239483414075,0.20852451000947975,0.20800701048438372,24.323503521126753,66.2283850931677,-1676.7367878060268,B_C,,,,,,,,,,,
P16422_and_O14735,0.27834245322573015,0.20851716741010523,0.10109236740041182,19.57536997885834,64.49475903614459,-957.6306435548604,B_C,,,,,,,,,,,
P16422_and_Q09470,0.2434351501382068,0.20848365040973743,0.29068819664083495,22.704770318021218,67.09435714285712,-2115.390897512293,B_C,,,,,,,,,,,
P16422_and_Q8WZA6,0.2724411728362368,0.20848251773676163,0.1298449985918247,22.96019677996424,61.72583850931677,-4064.388519082598,B_C,,,,,,,,,,,
P16422_and_Q8NHW6,0.308237138290238,0.20847050211237014,0.0764947073611377,15.69682352941179,44.61,-510.76284837795174,B_C,,,,,,,,,,,
P16422_and_Q5BLP8,0.306726018180852,0.20838851812797987,0.060337078687556944,15.02058111380147,40.851929824561395,-1588.4407223684611,B_C,,,,,,,,,,,
P16422_and_Q53GL0,0.2521457945166823,0.20836984500782582,0.10505367077665034,22.211829025844914,60.595652173913024,-1491.6330707154411,B_C,,,,,,,,,,,
P16422_and_O60741,0.2483745037463741,0.20834966446374187,0.09451681941191543,27.039169139465862,60.92840909090912,-2604.167222338285,B_C,,,,,,,,,,,
P16422_and_Q6UVW9,0.284721923237788,0.20830856706117096,0.09590318880606802,19.190966921119582,55.64729508196721,-4646.18609936936,B_C,,,,,,,,,,,
P16422_and_O43581,0.2546794799088003,0.20828113143726223,0.2717556419386683,24.201127819548876,59.12157894736845,-1139.7445954993273,B_C,,,,,,,,,,,
P16422_and_Q16769,0.2886471264228774,0.2082787744984293,0.1698176752910407,22.207834101382527,73.68420289855072,-1671.614899053258,B_C,,,,,,,,,,,
P16422_and_P36383,0.2548038302242777,0.20824798069464806,0.06642340854737094,20.469866666666665,51.586454545454565,-1443.9755825351385,B_C,,,,,,,,,,,
P16422_and_O15444,0.2926513433552438,0.20821926843228603,0.15532380127637446,16.33148558758315,58.378529411764724,-667.8535578110645,B_C,,,,,,,,,,,
P16422_and_Q08499,0.2534462853885723,0.20814587569066287,0.22383107463543048,25.46201780415433,50.196183206106895,-7014.263997561422,B_C,,,,,,,,,,,
P16422_and_P98173,0.27766512360309936,0.20810991591152547,0.15030059351447955,21.249552572706943,63.96784722222227,-4818.225236553792,B_C,,,,,,,,,,,
P16422_and_Q96L46,0.27527334142846044,0.20808599099819433,0.09927440904383841,22.436790780141827,64.37631284916202,-1189.9550509764372,B_C,,,,,,,,,,,
P16422_and_P43626,0.2631785213982136,0.20807828011347493,0.30996372304630454,21.4079375,55.13790960451974,-998.9890396358096,B_C,,,,,,,,,,,
P16422_and_P42830,0.30027062292718176,0.20807179453869207,0.12422279562654653,16.73643263757116,53.811908396946585,-2560.1967641993206,B_C,,,,,,,,,,,
P16422_and_Q9Y5X1,0.26698014804729175,0.20795584327551714,0.16348580424968195,24.5164241164241,62.378106508875746,-2897.4614839670194,B_C,,,,,,,,,,,
P16422_and_P08172,0.26206297222329356,0.207936414562748,0.16291543025763663,24.59334600760454,62.784295302013426,-1833.2203176554249,B_C,,,,,,,,,,,
P16422_and_P18433,0.2818790394394355,0.20793354645866857,0.3209660321455386,27.000179856115064,69.67710843373499,-3362.191732507821,B_C,,,,,,,,,,,
P16422_and_Q07699,0.277908483493811,0.20792662760938388,0.18258393167272513,19.87757281553401,68.74274647887322,-2750.6493932354138,B_C,,,,,,,,,,,
P16422_and_Q13586,0.23502312942387818,0.2079161947953596,0.05966209189703699,24.24160958904108,60.56056603773583,-3698.406745909924,B_C,,,,,,,,,,,
P16422_and_P32246,0.27800522857918886,0.2079140138072213,0.26247532028950366,23.069516971279377,66.68477832512316,-1751.9056687819293,B_C,,,,,,,,,,,
P16422_and_P78369,0.2762305951210694,0.2079069217771864,0.12912210732635063,20.638203753351174,53.06557471264368,-1117.804678682578,B_C,,,,,,,,,,,
P16422_and_Q6UW15,0.28721606993020965,0.20789486481551478,0.1832560845958037,19.486065573770507,67.81817391304347,-1644.4575655568278,B_C,,,,,,,,,,,
P16422_and_P19961,0.3069198266121259,0.2078688725558503,0.323006927893678,25.28604014598535,73.42964071856285,-3283.876629498752,B_C,,,,,,,,,,,
P16422_and_P11229,0.2670574147637357,0.2078670604330266,0.14484104891376873,25.77157464212677,65.35409638554216,-1546.6410345940385,B_C,,,,,,,,,,,
P16422_and_Q96R45,0.2757345375395581,0.2078474529063231,0.1389550863137705,21.587883959044348,61.06707317073171,-2435.1480894676356,B_C,,,,,,,,,,,
P16422_and_Q9NS71,0.2841266693023409,0.20783503529675296,0.11643024468851329,20.41070287539938,59.11168604651168,-1284.6491360982109,B_C,,,,,,,,,,,
P16422_and_P01814,0.29716814291054283,0.20782200600247075,0.2419825502509991,19.903799019607867,68.83473684210524,-934.571994328649,B_C,,,,,,,,,,,
P16422_and_Q8NGF7,0.27848447237329915,0.20781039682797536,0.14278571706493598,23.591414944356142,63.14847953216376,-1396.1760169062766,B_C,,,,,,,,,,,
P16422_and_Q06141,0.28660002038653554,0.20778308831032336,0.23536498340143705,21.09595375722542,69.95900709219859,-1798.0418097378295,B_C,,,,,,,,,,,
P16422_and_P51157,0.2780562020768168,0.2077569065529955,0.07019804910572401,19.334278959810863,63.27441860465115,-1191.711011796769,B_C,,,,,,,,,,,
P16422_and_Q96ES6,0.29303639734510795,0.20773198722565178,0.40598284326287204,24.396600741656318,58.58823809523814,-2825.0562720388757,B_C,,,,,,,,,,,
P16422_and_Q8NGR3,0.28080322325673635,0.20773159126731688,0.18468302344717127,22.775751072961388,64.73199999999996,-3628.074270263738,B_C,,,,,,,,,,,
P16422_and_Q9H813,0.2574309751999433,0.2076701784713107,0.09579037938869076,22.114677804295923,51.15821917808219,-2274.615741009962,B_C,,,,,,,,,,,
P16422_and_Q9UKZ9,0.2537800458165279,0.2076380565553569,0.26664950249009256,22.66505681818184,55.106968085106374,-2538.992563936108,B_C,,,,,,,,,,,
P16422_and_Q8NHU3,0.2588106855550327,0.2076262219546171,0.10412803489618606,22.447188264058667,59.006115702479335,-1784.2133608809545,B_C,,,,,,,,,,,
P16422_and_P30953,0.2812251857030805,0.20760259480889423,0.230781359152087,23.176320422535202,66.57683544303801,-3800.1031175518956,B_C,,,,,,,,,,,
P16422_and_Q9Y5N1,0.26510028039735967,0.2075775816088802,0.11744294194116706,24.55410199556544,65.70115384615386,-2113.169506281829,B_C,,,,,,,,,,,
P16422_and_Q96E35,0.276552077986007,0.20752636719778844,0.11875403736934251,22.45375722543356,57.76759259259263,-1468.752278679649,B_C,,,,,,,,,,,
P16422_and_Q9NS40,0.2322103451506572,0.2074673258236599,0.11794686794863404,25.069607843137256,51.10213114754096,-3154.6158309788443,B_C,,,,,,,,,,,
P16422_and_Q92911,0.29403394922716575,0.20746723105966372,0.1657368329970151,25.365384615384613,61.86337837837839,-7630.340344465741,B_C,,,,,,,,,,,
P16422_and_P0DJD7,0.29036813086084035,0.20743126961223224,0.2128215011479201,25.089050387596863,71.68065359477124,-1626.0216200589925,B_C,,,,,,,,,,,
P16422_and_P28039,0.3029871268824492,0.2074014723892556,0.13305468958872602,25.069480519480507,63.03551948051951,-3198.989506169001,B_C,,,,,,,,,,,
P16422_and_O95867,0.29681380822543424,0.2073960309458755,0.2580466584681541,19.07138836772984,65.92443661971834,-1382.936427340156,B_C,,,,,,,,,,,
P16422_and_Q05193,0.2421522312555787,0.20739152706487252,0.11119914126768443,27.68747323340471,41.73108280254776,-2656.206222098863,B_C,,,,,,,,,,,
P16422_and_P25098,0.30152623695959635,0.20737615060589723,0.2395299685970449,24.750555555555575,63.76942477876109,-3676.5952296979485,B_C,,,,,,,,,,,
P16422_and_P60953,0.2812646818423469,0.20736323830351475,0.2141432436382421,22.459999999999997,61.7661170212766,-1081.696072420872,B_C,,,,,,,,,,,
P16422_and_Q96R84,0.27844374366417446,0.20735373091604387,0.1957674343586036,21.828598484848467,67.87486842105257,-2712.864405529592,B_C,,,,,,,,,,,
P16422_and_O95183,0.3001313434980492,0.20732936367275176,0.0797914925852257,15.672144846796657,39.51686956521739,-964.174156185858,B_C,,,,,,,,,,,
P16422_and_Q902F8,0.26236426632406085,0.2073273471478628,0.12014577057248885,25.26575037147104,58.24173652694609,-4335.575369962411,B_C,,,,,,,,,,,
P16422_and_Q99828,0.28155315944030257,0.20730794859813131,0.11516251639627482,21.60060975609756,67.56768707482996,-1079.0463536109053,B_C,,,,,,,,,,,
P16422_and_A6NMS3,0.27919796786764967,0.20726686154890314,0.14596308317689582,22.715316205533597,65.79414285714286,-2309.3389283637043,B_C,,,,,,,,,,,
P16422_and_P08620,0.2811141600273701,0.20722651860385066,0.11802714641135933,20.357643312101903,64.05166666666665,-466.2976677351962,B_C,,,,,,,,,,,
P16422_and_Q9NYX4,0.27543767004731706,0.20721008467655433,0.09212971854609724,17.288728323699438,46.11061538461536,-1244.7596048346095,B_C,,,,,,,,,,,
P16422_and_P51172,0.26010932329943803,0.20718367070581306,0.04018264393414285,24.698062015503872,48.47373913043479,-2704.539646523943,B_C,,,,,,,,,,,
P16422_and_Q8N9M5,0.27839890847384274,0.2071174597359027,0.298881965161676,24.50806845965772,60.0714027149321,-1749.1486855293251,B_C,,,,,,,,,,,
P16422_and_Q9NZQ8,0.28666364952078655,0.20711404687738907,0.031613317002960974,26.465298507462684,40.89692307692309,-3089.783946944852,B_C,,,,,,,,,,,
P16422_and_Q9BXE9,0.26738338989622307,0.20711245888773375,0.0785029949320769,22.261569416498986,57.23870967741933,-1471.4702009287812,B_C,,,,,,,,,,,
P16422_and_Q14050,0.23590782214989536,0.20708602185713765,0.06209578707797829,21.21440860215053,30.00136054421767,-4911.960607884801,B_C,,,,,,,,,,,
P16422_and_Q7RTX9,0.2827979082607971,0.20707987654437154,0.28456039738832883,24.62830188679246,65.18640718562874,-3471.5032543330103,B_C,,,,,,,,,,,
P16422_and_P26447,0.30149628800978784,0.2070419051212038,0.10877852274128877,19.900158227848117,63.94521276595743,-880.2188340900489,B_C,,,,,,,,,,,
P16422_and_P07360,0.2782463969557889,0.20700781979350752,0.20354230820537259,19.691502683363137,68.98730538922156,-1154.0732460748266,B_C,,,,,,,,,,,
P16422_and_Q2WGJ8,0.27541590429186386,0.20700618316271713,0.14356690301184,20.42636761487965,62.79768115942029,-1682.0879387409532,B_C,,,,,,,,,,,
P16422_and_P25063,0.3092275162501612,0.2069003963988398,0.09622729223787561,15.819746835443054,34.95264462809919,-1460.1349837114076,B_C,,,,,,,,,,,
P16422_and_O00522,0.26292704136049594,0.20687712758909857,0.14401078817664686,25.478002378121293,59.539958158995795,-2903.102021052175,B_C,,,,,,,,,,,
P16422_and_Q8IX05,0.27621765874434123,0.20683708546819318,0.09277527574636554,20.572907488986758,63.409178082191815,-7586.326351713204,B_C,,,,,,,,,,,
P16422_and_P13671,0.26326286868399956,0.20681985713117904,0.20560478105078442,26.679578392621927,44.94135922330094,-4814.2924649787565,B_C,,,,,,,,,,,
P16422_and_Q15139,0.24981794409460267,0.2067903573269948,0.09841188609759706,24.383533834586462,56.87373563218389,-3583.032741581039,B_C,,,,,,,,,,,
P16422_and_Q7Z5H5,0.2653151116807359,0.20677902531491327,0.17318898370375038,20.53539473684213,61.23025125628143,-1889.583176977534,B_C,,,,,,,,,,,
P16422_and_Q14964,0.2777003295733189,0.20676367082509886,0.20691916393768178,23.1046783625731,59.2995652173913,-3215.7446419178523,B_C,,,,,,,,,,,
P16422_and_Q6UW01,0.2803113289500655,0.2067508698862684,0.07203467712739046,19.119787234042565,48.735954198473294,-1109.932703085282,B_C,,,,,,,,,,,
P16422_and_P43026,0.25751758099673444,0.20673836415841434,0.18083187994628228,25.082110091743136,57.94919254658386,-1323.6708659039396,B_C,,,,,,,,,,,
P16422_and_O43897,0.26437376707738514,0.2067182835506305,0.3679087162652356,25.124506578947347,65.71900552486188,-3741.7571103606206,B_C,,,,,,,,,,,
P16422_and_Q86Y38,0.2906180782880075,0.20670435379736696,0.21986572694904802,25.763611491108062,52.597268722467,-4758.185092875854,B_C,,,,,,,,,,,
P16422_and_Q9NVV5,0.2750064073985521,0.20668037305694095,0.18566750673313587,20.748583569405096,61.60455357142858,-2311.9295623972785,B_C,,,,,,,,,,,
P16422_and_Q8TDE3,0.28873213281354093,0.2066576079415921,0.15824179648373318,20.453154875717026,60.85214285714285,-925.3153905977481,B_C,,,,,,,,,,,
P16422_and_B3SHH9,0.2738607865571423,0.20665568672805995,0.10221537010509268,21.293235294117633,53.221224489795915,-1311.705746243168,B_C,,,,,,,,,,,
P16422_and_P22352,0.27706633358608157,0.20664016350980655,0.19525074172276785,22.27029478458049,69.235,-1254.9709217337054,B_C,,,,,,,,,,,
P16422_and_Q7RTS5,0.2760566391390475,0.20661446168041814,0.11687575320045257,24.77663934426228,59.886258503401365,-3488.4069879141534,B_C,,,,,,,,,,,
P16422_and_P50281,0.24344118870190282,0.20661086612874227,0.15710180608002838,23.54331125827814,60.44545454545449,-1369.6310051622131,B_C,,,,,,,,,,,
P16422_and_Q9Y5E1,0.26222513993914204,0.2065653392636441,0.2761476041488746,25.282285714285717,64.34659420289853,-3686.407816655631,B_C,,,,,,,,,,,
P16422_and_O75715,0.27568602898508493,0.20652768701569854,0.12241651503255481,18.984482758620686,66.79620967741938,-2252.4943359921976,B_C,,,,,,,,,,,
P16422_and_Q08495,0.25170346870463756,0.2065131853841929,0.12261711197131471,19.946925754060366,55.325250000000004,-878.7448871906308,B_C,,,,,,,,,,,
P16422_and_Q6UX01,0.2818153980917965,0.20650096236806142,0.1535530554092276,25.070881226053594,54.162193548387094,-5299.574859985347,B_C,,,,,,,,,,,
P16422_and_Q12791,0.27047655178865027,0.2064851247735648,0.15989146124412454,26.83026030368767,61.18203007518799,-3520.883508058372,B_C,,,,,,,,,,,
P16422_and_Q9NRQ2,0.2627209384247884,0.2064597821470533,0.13496546087244457,20.496075949367093,57.43615,-1325.6070958551354,B_C,,,,,,,,,,,
P16422_and_O94973,0.26914359186021464,0.20644618723889124,0.1994936882066144,26.05222551928783,59.79108695652176,-2180.1769311909156,B_C,,,,,,,,,,,
P16422_and_Q99616,0.30274865726206923,0.2063832757974003,0.12002040567576572,18.311045130641308,49.05047619047618,-1377.2656576745271,B_C,,,,,,,,,,,
P16422_and_Q9NXC2,0.29120081283760213,0.20638308947253192,0.2430492139442939,23.97562130177506,66.27047169811324,-6386.800983201338,B_C,,,,,,,,,,,
P16422_and_A6NE02,0.27775836079568156,0.20635159516023702,0.18338109807917466,23.81232258064518,57.93497435897435,-2390.72379106809,B_C,,,,,,,,,,,
P16422_and_Q01113,0.23983556900717715,0.20632037747383736,0.20776323081071676,25.716687268232413,62.60817204301075,-4079.9945478112277,B_C,,,,,,,,,,,
P16422_and_Q8NDZ4,0.2881382052554625,0.2062934944859688,0.1658700527411615,23.706545454545427,59.79864864864868,-2702.254952638673,B_C,,,,,,,,,,,
P16422_and_Q99972,0.253455845002536,0.2062826400368153,0.20320732037071892,24.865827686350404,59.73478468899521,-2895.8811072356075,B_C,,,,,,,,,,,
P16422_and_P13164,0.2962287644851276,0.20627363435763982,0.06181205624575287,14.648065476190462,29.422363636363645,-620.3400896655512,B_C,,,,,,,,,,,
P16422_and_Q8NGJ0,0.2817811295435635,0.20621115356324216,0.17289889951715653,21.836238532110098,67.02646153846152,-3456.7968241088224,B_C,,,,,,,,,,,
P16422_and_A0A2R8YFM6,0.27954568956805537,0.2061410423683271,0.1095280752119372,22.77178571428568,59.072215189873454,-2771.3184482285915,B_C,,,,,,,,,,,
P16422_and_Q8NH81,0.2794955644048517,0.20612281406108462,0.15896570623451592,22.583890845070403,66.96734177215188,-2812.4326372569185,B_C,,,,,,,,,,,
P16422_and_Q53RD9,0.24910257211294162,0.20607733510137238,0.177195406243216,22.92262295081969,60.198983050847445,-2010.174009568239,B_C,,,,,,,,,,,
P16422_and_P78356,0.27643701902965634,0.2060618027959551,0.3799671445090469,23.103809012875544,67.09649289099526,-1070.294616095694,B_C,,,,,,,,,,,
P16422_and_P35462,0.26387107536187704,0.20603480817252767,0.11160497651164608,24.17142857142857,63.280000000000044,-2416.550192894716,B_C,,,,,,,,,,,
P16422_and_Q8NH57,0.27972976361954127,0.20601060893305007,0.13041127559585405,20.714824797843672,65.78344537815128,-1350.084229936872,B_C,,,,,,,,,,,
P16422_and_P47890,0.2811763160782792,0.20600755982912217,0.19461641618995923,21.79548672566375,66.28077922077924,-2980.542570438856,B_C,,,,,,,,,,,
P16422_and_Q9BR39,0.25184534796095426,0.20593874155624076,0.367568963249415,24.20988538681946,66.0718357487923,-2091.1559887950643,B_C,,,,,,,,,,,
P16422_and_Q9GZN8,0.2852559923296119,0.205927292579704,0.0943251083446011,17.808020050125315,55.21694656488549,-1770.5229752949838,B_C,,,,,,,,,,,
P16422_and_P60508,0.24566701723753537,0.2059036049260224,0.052846941871550215,24.142471358428793,51.75873684210528,-5101.886744371681,B_C,,,,,,,,,,,
P16422_and_Q8NGE9,0.2765354765671333,0.2059034933828261,0.14428374711138062,21.350598802395204,63.835496688741706,-2283.2975556912684,B_C,,,,,,,,,,,
P16422_and_Q8IUD2,0.22149861840863627,0.20588300179239602,0.06525301150947427,24.76707692307692,33.99367924528303,-1632.3286183323144,B_C,,,,,,,,,,,
P16422_and_P22748,0.2730783185723307,0.20586258910223115,0.31910481557561254,21.154571428571433,61.67415204678362,-1661.1791055463782,B_C,,,,,,,,,,,
P16422_and_Q99946,0.26088032228742575,0.2058437202687266,0.085266179723245,14.235117056856161,37.10058139534883,-854.8492059525943,B_C,,,,,,,,,,,
P16422_and_Q7Z5A9,0.2929551663851258,0.20583861367279696,0.10286207937224087,18.07157079646018,58.73503597122301,-3338.387407385245,B_C,,,,,,,,,,,
P16422_and_Q8N5I4,0.28692817220806677,0.20583505982078687,0.2029620516463975,23.057534246575358,63.991768707483,-4277.946926842952,B_C,,,,,,,,,,,
P16422_and_Q14515,0.23466434329376515,0.20582088784133817,0.46589359178178996,25.122817047817076,66.75781990521325,-5709.724727174027,B_C,,,,,,,,,,,
P16422_and_Q8NGT7,0.28099658157620133,0.20581881648756975,0.15005081350776103,21.814177693761845,66.63615894039731,-2692.7134757248446,B_C,,,,,,,,,,,
P16422_and_Q9Y267,0.2859333244269537,0.2058095235200142,0.3445754510057084,23.929398496240598,60.07666666666669,-2579.5235494407343,B_C,,,,,,,,,,,
P16422_and_Q9GZM6,0.27554882840987716,0.20580009434845634,0.14072581663308492,22.866992882562275,65.19050000000001,-1572.3505142755616,B_C,,,,,,,,,,,
P16422_and_Q8NGD5,0.27853899046350294,0.2057784818766718,0.16692765574301274,22.595221238938038,62.899659863945544,-2105.401830255643,B_C,,,,,,,,,,,
P16422_and_P49763,0.27208238220545117,0.20577287014246898,0.08652328122074877,19.800437317784244,54.73568627450981,-2072.99483031509,B_C,,,,,,,,,,,
P16422_and_P55000,0.30084648816897885,0.20577190152532684,0.1521507973531556,18.95041407867493,48.1643795620438,-986.9983274721427,B_C,,,,,,,,,,,
P16422_and_A4D1S5,0.2779773620762364,0.205735281684015,0.09116316337057448,20.272648752399235,61.07006666666669,-1326.0725858919186,B_C,,,,,,,,,,,
P16422_and_Q8NGK0,0.28170808103889605,0.20573270076820763,0.20565512840260627,22.026107011070085,67.04548387096773,-2810.7583748334237,B_C,,,,,,,,,,,
P16422_and_Q8IWV2,0.24172906458138446,0.20572627642811941,0.14711351069378079,26.79064837905237,51.38977272727269,-2933.7520895328707,B_C,,,,,,,,,,,
P16422_and_P02656,0.30266901238773203,0.2056902989236339,0.05554305424456374,19.85567928730512,53.92124031007752,-1004.3166967282596,B_C,,,,,,,,,,,
P16422_and_Q9H210,0.28149106506689553,0.20567655516323302,0.20460698243382205,22.394088176352707,64.97992957746483,-3108.53293565476,B_C,,,,,,,,,,,
P16422_and_P17302,0.2525961188661046,0.2056398370087391,0.06924113444495539,21.330662983425423,52.09551401869159,-1525.9705231728221,B_C,,,,,,,,,,,
P16422_and_Q9BY21,0.26782187528089213,0.20558604815787232,0.09782361738552453,24.56477876106196,51.09493670886077,-2892.051781188633,B_C,,,,,,,,,,,
P16422_and_P06126,0.26136799302819014,0.20557749972498854,0.12811967715823355,20.211695278969945,57.328045112781965,-1563.1103697426004,B_C,,,,,,,,,,,
P16422_and_P55082,0.2543926453565942,0.20556105306092187,0.05253824646708341,17.852442528735594,40.637087378640764,-1193.88704865424,B_C,,,,,,,,,,,
P16422_and_Q9Y5E7,0.25537011954417504,0.20555056335155486,0.12368127188051402,26.69969262295082,56.04391608391609,-2338.742978343911,B_C,,,,,,,,,,,
P16422_and_P13501,0.30314154504875246,0.20553050748792176,0.1567511564806773,19.24723154362418,52.607354838709675,-982.7621197018555,B_C,,,,,,,,,,,
P16422_and_P16871,0.24224930782526422,0.20552256696369997,0.4029225849120302,23.871534653465325,73.55575129533682,-1678.970826510089,B_C,,,,,,,,,,,
P16422_and_Q6PCB0,0.24881050627468101,0.20550456873161782,0.10045741687113649,24.455339805825215,54.97683333333335,-3051.1728530983937,B_C,,,,,,,,,,,
P16422_and_Q6MZT1,0.2690080040877613,0.20548845380311287,0.13124313329310577,19.49509594882729,57.496896551724134,-931.0969964082287,B_C,,,,,,,,,,,
P16422_and_Q86VZ1,0.2710838230122832,0.20548754307739125,0.11632475507761748,25.278687050359718,59.643097826086944,-1365.0498362406288,B_C,,,,,,,,,,,
P16422_and_P30939,0.2705563998448442,0.20547749778592056,0.2491129066979898,23.871390845070408,66.43149068322981,-3260.3567159746185,B_C,,,,,,,,,,,
P16422_and_Q14520,0.2439625930503045,0.20547207594916037,0.07368618920247011,22.514230769230753,42.04140939597315,-4072.042838275911,B_C,,,,,,,,,,,
P16422_and_O15427,0.2851565789019159,0.20547071267763634,0.1187631293391465,24.706075949367055,66.9807142857143,-5847.628947339524,B_C,,,,,,,,,,,
P16422_and_Q9UGN4,0.2599772780585976,0.20537937951988006,0.07229824905591879,21.43236714975844,44.04472440944882,-7615.4271699453875,B_C,,,,,,,,,,,
P16422_and_O14581,0.2811144888708212,0.20536065205452514,0.16483457366379994,21.0508,66.57772413793101,-2147.4314089436334,B_C,,,,,,,,,,,
P16422_and_P55073,0.2717850764810347,0.20535469569178535,0.2724001464456566,21.862027027027043,62.19788043478262,-3312.93804968287,B_C,,,,,,,,,,,
P16422_and_Q14832,0.26891380206693477,0.2053534341660283,0.27325486176154246,26.524468085106374,54.16041322314051,-6950.431834337563,B_C,,,,,,,,,,,
P16422_and_P18848,0.2515334406817508,0.20530748585052605,0.034872756617604056,19.80433789954338,53.726338028169,-1676.053768107704,B_C,,,,,,,,,,,
P16422_and_P62745,0.27966699492563435,0.20525699058374686,0.14491751854982401,21.839402697495206,67.46243589743588,-3482.1011060035953,B_C,,,,,,,,,,,
P16422_and_Q96R72,0.269620024437236,0.20521340635334429,0.1622183357122323,23.37042483660132,61.92048780487804,-3560.165818550837,B_C,,,,,,,,,,,
P16422_and_Q8NGZ2,0.27340379969969864,0.2052012975281361,0.15378699542350374,22.38106884057969,65.3265161290323,-1983.1177943963316,B_C,,,,,,,,,,,
P16422_and_Q8NGY5,0.2834587328850201,0.20512038348395628,0.16110723470025595,21.959845559845565,66.71871621621622,-2575.3098087494104,B_C,,,,,,,,,,,
P16422_and_Q3SYG4,0.2542426421644113,0.20509043119554465,0.27993729296347714,25.26893081761011,67.08759162303664,-1867.9524089859751,B_C,,,,,,,,,,,
P16422_and_Q9UN76,0.2964099469789572,0.20507398998086956,0.48986096446653926,26.791094619666026,67.28774509803922,-4495.347636324728,B_C,,,,,,,,,,,
P16422_and_Q9NRN5,0.265423817264687,0.20507210341381496,0.26886736674394074,23.036772853185596,63.63121212121213,-4158.74001246498,B_C,,,,,,,,,,,
P16422_and_Q6UXS0,0.2811589078689189,0.20505572884412776,0.09844261237611211,20.62126168224303,56.66071942446046,-1400.2449712462599,B_C,,,,,,,,,,,
P16422_and_Q96PH6,0.29187579568063593,0.2050287629246716,0.08395287100151086,20.48280898876403,44.91150793650796,-1024.3685202959214,B_C,,,,,,,,,,,
P16422_and_Q9Y210,0.2837610490080264,0.20500853459835178,0.021229832117533966,27.878977272727273,62.19276595744682,-3078.278965841624,B_C,,,,,,,,,,,
P16422_and_Q9Y2G0,0.2836750129595498,0.20500097361369723,0.4029196890634865,25.036375158428406,66.98477011494252,-1690.1588297782828,B_C,,,,,,,,,,,
P16422_and_Q99935,0.2684913563336274,0.20494452724540924,0.04855894586397341,17.20049875311721,37.683968253968246,-2257.9476473211,B_C,,,,,,,,,,,
P16422_and_Q8NGP9,0.28087732204678567,0.2049393062664499,0.25998452246498766,23.49339314845022,66.85551282051284,-1554.472182846042,B_C,,,,,,,,,,,
P16422_and_P48052,0.292961095475353,0.20493475660943233,0.19579166397262943,21.5647450110865,70.22717241379313,-2388.2598178018816,B_C,,,,,,,,,,,
P16422_and_Q8TCT7,0.2709863298998928,0.20491579568228957,0.08306338881019103,22.684355179704013,61.70722972972972,-3417.1474628341894,B_C,,,,,,,,,,,
P16422_and_Q8NGZ6,0.27476854233365305,0.20490292846802416,0.23294659960422898,22.90653650254668,69.78184049079753,-2194.126072666255,B_C,,,,,,,,,,,
P16422_and_Q8IZJ1,0.247410732684155,0.20490108571161494,0.3400249208859446,25.630610561056105,55.61254054054053,-2706.293853715146,B_C,,,,,,,,,,,
P16422_and_P25021,0.2732578373973983,0.20485945513071852,0.14943961978906245,23.13924731182797,65.98246575342465,-2690.4061541138426,B_C,,,,,,,,,,,
P16422_and_P10643,0.26806812126661816,0.20484364185836512,0.22366756745472993,24.838770491803288,62.57727272727273,-1849.1734681214311,B_C,,,,,,,,,,,
P16422_and_Q8NEG4,0.25085665258484957,0.20483376829969846,0.12459942043831314,23.305128205128167,63.13320610687022,-2631.606138481957,B_C,,,,,,,,,,,
P16422_and_Q2M3R5,0.26532306500495306,0.2047889896637748,0.14412040187150377,22.64387186629527,59.004920634920644,-1599.0379638706463,B_C,,,,,,,,,,,
P16422_and_P27930,0.2502929378011114,0.20477450718210854,0.17966051164632457,26.304276985743332,50.50423312883437,-6737.650048644509,B_C,,,,,,,,,,,
P16422_and_Q99720,0.2748257957422914,0.20477382370058317,0.09134392500959106,21.560365853658546,68.05230769230769,-3383.778884428075,B_C,,,,,,,,,,,
P16422_and_Q9GZV5,0.24778960179752707,0.20476776295965504,0.11283429895477308,21.540522243713728,55.752868217054264,-2512.8383736087053,B_C,,,,,,,,,,,
P16422_and_P55289,0.2457209819588741,0.20475141161375998,0.18481398160983448,27.179999999999986,49.041203703703694,-5457.807514337961,B_C,,,,,,,,,,,
P16422_and_Q96P69,0.26648113301855214,0.20473205700655897,0.07872800729929563,23.094347826086935,59.94871794871793,-1205.6193050727006,B_C,,,,,,,,,,,
P16422_and_Q9H2B4,0.28668806342396924,0.2047142003355082,0.024962838793155917,24.522540983606568,61.52166666666666,-3823.103931204863,B_C,,,,,,,,,,,
P16422_and_Q14BN4,0.22763300152106386,0.20465266469728477,0.27193280920456947,24.90896596858644,63.44829787234044,-1731.1953393533404,B_C,,,,,,,,,,,
P16422_and_P0DTU4,0.26375657358242893,0.2046208161129612,0.23646667719438413,23.30578703703704,58.129298245613974,-974.7345919158523,B_C,,,,,,,,,,,
P16422_and_O60733,0.2921693924883798,0.20462077344145416,0.12299541934601235,24.651988071570578,62.15590604026844,-3055.1978773928704,B_C,,,,,,,,,,,
P16422_and_Q9NZD1,0.25927338042712594,0.20456615292722513,0.0606059207607695,22.153712296983723,49.13021428571428,-2118.9131636472193,B_C,,,,,,,,,,,
P16422_and_Q7Z602,0.27352228627002206,0.20455798234961267,0.1695226733773858,21.418041237113403,64.22160000000001,-1468.8093364995696,B_C,,,,,,,,,,,
P16422_and_Q8IWB1,0.2718783777815886,0.20453866219365005,0.2706815232140238,24.599038461538427,61.931787439613515,-1345.8426306935362,B_C,,,,,,,,,,,
P16422_and_O95221,0.2812244796846103,0.20451304629708328,0.1971069763793742,22.433517495395936,66.10006493506496,-3291.710694300643,B_C,,,,,,,,,,,
P16422_and_Q68D85,0.24566550651563804,0.2044813767114192,0.2043475281171893,23.595652173913088,62.16415094339618,-1359.5124394948252,B_C,,,,,,,,,,,
P16422_and_Q9YNA8,0.2360257580298547,0.20447429416487406,0.16961905548255482,23.77429543245872,41.970970464135014,-1843.659381256788,B_C,,,,,,,,,,,
P16422_and_P62684,0.2360257580298547,0.20447429416487406,0.16961905548255482,23.77429543245872,41.970970464135014,-1843.659381256788,B_C,,,,,,,,,,,
P16422_and_Q9H339,0.28032857408414413,0.20446858394138473,0.16086443166809142,22.3278810408922,61.834693877551004,-2617.802556808918,B_C,,,,,,,,,,,
P16422_and_O76100,0.2789022451047689,0.20442484112088913,0.2078114773789826,22.592534381139483,66.20726027397254,-2360.495367104593,B_C,,,,,,,,,,,
P16422_and_Q8NGN6,0.27762345222420726,0.2044103875487071,0.11698033367339994,21.59495305164318,66.11824427480919,-2285.1593394169877,B_C,,,,,,,,,,,
P16422_and_Q4G0M1,0.2557350736164944,0.20438226219191782,0.29454993912201516,22.47175090252707,60.85777070063692,-1542.880503971097,B_C,,,,,,,,,,,
P16422_and_P04280,0.2466505621833126,0.20438220249491051,0.02325284946659417,20.89159663865547,34.56333333333333,-2370.8371887905596,B_C,,,,,,,,,,,
P16422_and_Q9BRV3,0.2738175473378449,0.20436823733599535,0.20647875436337615,22.942278860569715,69.98105555555556,-2310.138288343937,B_C,,,,,,,,,,,
P16422_and_Q8NGE3,0.2806582322002309,0.20436024304774034,0.2982033997927099,22.935892857142843,62.847324840764315,-2595.459632548039,B_C,,,,,,,,,,,
P16422_and_Q9Y296,0.2752613583519529,0.20433303869361708,0.12501219292224258,20.485406698564596,60.196331360946736,-1170.236794476803,B_C,,,,,,,,,,,
P16422_and_P41180,0.27174390584406877,0.20430611424104314,0.16197096807502015,27.427644569816664,61.6648571428571,-3733.3843667655347,B_C,,,,,,,,,,,
P16422_and_Q9NPH6,0.2845296293568561,0.20430525356030577,0.17105270455822733,22.52305825242719,56.13780346820813,-866.9281073794637,B_C,,,,,,,,,,,
P16422_and_O76090,0.2543118378476808,0.20430133595587888,0.44586091453815196,25.44910313901347,66.54726744186046,-2082.1481989481326,B_C,,,,,,,,,,,
P16422_and_P05113,0.29240441424359975,0.20428591453572106,0.051714928901963386,19.109782608695646,57.07166666666665,-763.1896546202006,B_C,,,,,,,,,,,
P16422_and_Q08345,0.24060197356632124,0.20426549595390714,0.1678085302380048,25.655652173913072,60.71310185185186,-2939.228948161919,B_C,,,,,,,,,,,
P16422_and_P48664,0.2655414422824082,0.20426440662976386,0.17804731983552677,25.31567028985508,54.89220238095242,-4959.6627586989425,B_C,,,,,,,,,,,
P16422_and_O94886,0.29217954591991313,0.20423476070799487,0.12070119892099358,26.757674418604708,46.26928571428568,-4003.1507140919875,B_C,,,,,,,,,,,
P16422_and_P35212,0.2562768473202487,0.20417335194515424,0.12713449514759131,20.97338709677419,60.98920634920634,-5372.690082850742,B_C,,,,,,,,,,,
P16422_and_P54108,0.26990090988076587,0.20412501126302834,0.2480118675272975,20.51223958333334,66.86138728323698,-1000.9608618875404,B_C,,,,,,,,,,,
P16422_and_P0C7N8,0.280944953344408,0.20412260622543582,0.25333275334586275,22.950932835820847,67.87006493506495,-1608.5108395209695,B_C,,,,,,,,,,,
P16422_and_Q96MP8,0.2628486078884451,0.2040992901260591,0.2184216816209536,19.774598540145956,61.06066265060244,-1557.4750120261397,B_C,,,,,,,,,,,
P16422_and_Q96SL4,0.28084670625512714,0.2040873988955288,0.13324368513930923,19.84647727272726,68.20392307692306,-7435.026528176452,B_C,,,,,,,,,,,
P16422_and_Q8NGA2,0.27838069243676555,0.2040833001641105,0.2512657107061468,22.895016891891906,69.77623456790128,-3698.8702037560206,B_C,,,,,,,,,,,
P16422_and_Q8TCB6,0.2803349503028596,0.20407899726909084,0.16832666614972921,22.24718446601942,64.17846666666668,-2880.691625592205,B_C,,,,,,,,,,,
P16422_and_P61073,0.2684759407208509,0.20404631212618887,0.18234356754371484,23.50970695970698,59.98239999999999,-1557.0309892834482,B_C,,,,,,,,,,,
P16422_and_Q9NX76,0.27932613644820875,0.20402834443532966,0.056232239177696805,16.246273291925473,61.01275862068964,-1062.5232670476562,B_C,,,,,,,,,,,
P16422_and_Q9Y287,0.26861534321889674,0.20401592112142605,0.12434552811665059,20.14382239382239,66.48828220858894,-1169.0657914891044,B_C,,,,,,,,,,,
P16422_and_P43088,0.27008350069627285,0.2040060698778603,0.08520481235822475,22.69552238805969,59.94673469387755,-1866.2851963324697,B_C,,,,,,,,,,,
P16422_and_Q9Y5E5,0.25061279111744184,0.20397811376008565,0.10582416472375794,26.04255319148938,67.03384615384614,-2130.926257569652,B_C,,,,,,,,,,,
P16422_and_Q13319,0.25269889519950817,0.2039143647452496,0.14988831712710324,22.637633451957335,63.0564827586207,-1538.5860444440623,B_C,,,,,,,,,,,
P16422_and_Q96A98,0.30134915545515306,0.20390114048807853,0.056825499473836,14.950886524822694,38.68144444444446,-818.1583963444796,B_C,,,,,,,,,,,
P16422_and_Q9UBS5,0.2570803972816116,0.20389759447352737,0.10173689110262543,26.466151202749145,72.13907407407409,-4612.310984629663,B_C,,,,,,,,,,,
P16422_and_O43240,0.26793478833807616,0.20389089867597748,0.1468237875994699,20.5081950207469,57.71800000000002,-2609.8069813612383,B_C,,,,,,,,,,,
P16422_and_P20800,0.2796980461307576,0.20384682960396958,0.0809827864971235,16.737408759124072,51.17028776978419,-747.3852545413683,B_C,,,,,,,,,,,
P16422_and_Q06481,0.2295582949929815,0.2038457124479054,0.47658912973017437,25.237655971479526,65.74438661710039,-1228.111950043578,B_C,,,,,,,,,,,
P16422_and_Q86Z23,0.27143002347552164,0.20380178773472318,0.06287795045242643,17.515994623655917,57.648387096774165,-988.8778635506364,B_C,,,,,,,,,,,
P16422_and_P09769,0.27469804989009033,0.20379083990701208,0.16055936916987615,23.479745889387136,63.70605714285715,-4154.514833397828,B_C,,,,,,,,,,,
P16422_and_Q93038,0.2465099503212606,0.20378877874391382,0.17615723330874103,24.101480051480017,60.29577889447238,-1121.6207741004619,B_C,,,,,,,,,,,
P16422_and_Q15311,0.232460262772109,0.20377546818931538,0.12575944765571567,23.68871145374446,54.08000000000001,-1579.2493322466908,B_C,,,,,,,,,,,
P16422_and_P04440,0.26459059731261003,0.20368839340782033,0.09200058759553649,21.601477272727294,65.11530864197526,-1001.0181968871711,B_C,,,,,,,,,,,
P16422_and_Q8N7R7,0.256064972507365,0.20360030910344198,0.10060088562179241,22.424025974026005,57.68847368421054,-2180.994829063993,B_C,,,,,,,,,,,
P16422_and_Q8NGP2,0.2792292773514063,0.20358906346801967,0.14695485213731851,21.529668049792544,65.40537931034484,-2106.079238945997,B_C,,,,,,,,,,,
P16422_and_Q7RTS6,0.2610780189559971,0.20354674798788375,0.10517525153890006,21.880305927342256,59.38154838709675,-2664.2423853125492,B_C,,,,,,,,,,,
P16422_and_Q8WUD1,0.27458285320135023,0.20351671614535308,0.10707222089924864,20.315619546247824,61.76182352941176,-1446.9405769705404,B_C,,,,,,,,,,,
P16422_and_Q9BY15,0.24080988178559207,0.20349653249088862,0.09929075995915232,24.03588709677422,64.44526315789473,-5290.0302287600025,B_C,,,,,,,,,,,
P16422_and_P04271,0.30115153407378403,0.20346821413147947,0.0814457469420799,19.341612903225816,55.048617021276605,-844.6767865539275,B_C,,,,,,,,,,,
P16422_and_Q96L33,0.2710252980890375,0.20346158217976273,0.06118014680503152,19.12339108910891,53.4863970588235,-2243.8950714251214,B_C,,,,,,,,,,,
P16422_and_Q5T4F4,0.2460116431687316,0.20344556263800184,0.08076812784314996,24.05142378559466,56.79188172043017,-6409.703101696481,B_C,,,,,,,,,,,
P16422_and_Q9UKL2,0.2796022892207373,0.20344030837773003,0.18065608244480882,23.071083333333338,67.22547770700636,-3849.5092921080504,B_C,,,,,,,,,,,
P16422_and_Q8IVF7,0.24527383380849282,0.20343644503617803,0.03367651396769807,27.46606498194946,53.44416666666667,-1442.070835723418,B_C,,,,,,,,,,,
P16422_and_Q8NGA4,0.2627968526916062,0.20338474508796783,0.10016694052312929,22.848946135831373,58.752910447761195,-820.0864431621367,B_C,,,,,,,,,,,
P16422_and_P55160,0.31188606604828073,0.20332314873674878,0.3011449044262083,26.448568019093067,71.79169811320752,-5964.761654176619,B_C,,,,,,,,,,,
P16422_and_Q6HA08,0.24886515803620185,0.2033160806603395,0.1722799157603036,21.616263736263747,66.50715277777778,-3290.121319554164,B_C,,,,,,,,,,,
P16422_and_Q8NGS1,0.27756247806571727,0.20328856985329935,0.14978345975236468,21.510691823899354,66.57945945945944,-2120.307442427871,B_C,,,,,,,,,,,
P16422_and_P98155,0.27732994165908115,0.2032509736694334,0.16355706986894597,26.455991124260393,57.28150442477876,-5248.637532383245,B_C,,,,,,,,,,,
P16422_and_P0DPK3,0.2612689824994169,0.20324818973844222,0.18126436853001687,21.206185031185033,59.45952127659572,-817.2258367338254,B_C,,,,,,,,,,,
P16422_and_Q8N292,0.28142228947167935,0.2032326783685406,0.04638064345056307,16.90846905537461,21.279696969696964,-2278.9268492248816,B_C,,,,,,,,,,,
P16422_and_Q86YT5,0.28781554393642017,0.203208898516703,0.16561290546320562,25.911240310077513,67.65664429530203,-3798.8942071342794,B_C,,,,,,,,,,,
P16422_and_O14512,0.23838647695271659,0.20318161676883492,0.11926061642057569,24.45760135135143,58.288423423423446,-986.669717114215,B_C,,,,,,,,,,,
P16422_and_Q9UMX5,0.2838271975747967,0.20317662653393265,0.14590233109406453,19.534305555555573,66.98601626016257,-1604.4222558867395,B_C,,,,,,,,,,,
P16422_and_Q3KR37,0.23087999426674266,0.20314857664579136,0.16134608625951988,23.930459770114936,62.183591160221,-1555.1210805676455,B_C,,,,,,,,,,,
P16422_and_P0C7N1,0.2795618580587072,0.20313998264737332,0.1708681452091999,22.462219959266783,63.82114285714287,-2520.527645304752,B_C,,,,,,,,,,,
P16422_and_Q9NZV8,0.23184792021529432,0.20313057511944424,0.12441958859254557,26.917386091127142,57.897450980392165,-1548.663500957744,B_C,,,,,,,,,,,
P16422_and_Q8NGJ6,0.2800328493015093,0.20312913035334645,0.1686199311439708,21.739936440677972,65.95673758865249,-4031.604003863988,B_C,,,,,,,,,,,
P16422_and_A6NIE9,0.26625066822596277,0.2031113747885216,0.20914306224667106,22.93348880597016,58.59538011695904,-4863.106269850301,B_C,,,,,,,,,,,
P16422_and_P46019,0.30182575090659,0.20302949420084077,0.3578897576670873,28.071025641025646,60.18955128205125,-6715.232728055491,B_C,,,,,,,,,,,
P16422_and_O00159,0.2702064719412983,0.20300468321327864,0.0742332841821598,26.87421259842518,45.556797385620904,-4025.585694449732,B_C,,,,,,,,,,,
P16422_and_Q8NGS3,0.2771218340059494,0.20298069634613553,0.15019972772939028,22.35443037974683,66.28331081081083,-4093.136951615665,B_C,,,,,,,,,,,
P16422_and_A0A0C4DH42,0.29441718325393135,0.20297272007061842,0.18665215748646102,19.01510989010989,63.20972727272727,-764.8617837682049,B_C,,,,,,,,,,,
P16422_and_Q969H8,0.28215954442801505,0.20293621343028095,0.20622690106943492,19.683829365079358,63.84297872340424,-922.3053364936455,B_C,,,,,,,,,,,
P16422_and_Q9HCJ1,0.2838705749780067,0.20289161080071758,0.20207644207805867,25.709057301293896,68.96076433121014,-3155.113270179881,B_C,,,,,,,,,,,
P16422_and_Q8N0V4,0.2738188324375693,0.2028863785843123,0.15285939687706163,25.05700836820084,63.736956521739096,-17530.368827907438,B_C,,,,,,,,,,,
P16422_and_O60928,0.24830152023381702,0.20286740515743512,0.3445063454118137,24.758396464646466,60.09431137724549,-1384.52770380917,B_C,,,,,,,,,,,
P16422_and_Q15116,0.25935394262444744,0.20281497108073598,0.15340977338278577,22.097748344370856,54.57340659340659,-6699.194657783732,B_C,,,,,,,,,,,
P16422_and_Q6NW40,0.2555863251382179,0.20280070771387188,0.2662518095821166,24.489372822299647,64.0165060240964,-4559.012472421424,B_C,,,,,,,,,,,
P16422_and_Q96AD5,0.2580500263650536,0.20274344849339823,0.07238557701742823,22.247165991902815,57.703918128654976,-2327.5358888915644,B_C,,,,,,,,,,,
P16422_and_O00574,0.2676333769891173,0.20270158358866325,0.17796053905222767,22.689772727272736,53.97914062499999,-3579.885227524884,B_C,,,,,,,,,,,
P16422_and_Q8NGP8,0.2780627834380902,0.20266174585760105,0.21676776181576027,23.04081041968164,65.94227272727274,-2528.631651777423,B_C,,,,,,,,,,,
P16422_and_O75368,0.29464654534202295,0.20263307801255212,0.12114971496888871,20.695833333333333,63.573308823529395,-1286.3079942485926,B_C,,,,,,,,,,,
P16422_and_Q8TDL5,0.2840457907452855,0.20261839770236445,0.19882528135537422,22.37402234636868,68.29232394366196,-3706.856339506228,B_C,,,,,,,,,,,
P16422_and_Q8NGJ9,0.27556606755114993,0.2025457034034715,0.14312218402856258,21.887471264367843,68.67803030303033,-6509.318020527249,B_C,,,,,,,,,,,
P16422_and_Q5VZK9,0.2736860660347396,0.20253023799934194,0.08803618993641033,28.20868421052633,69.19506849315067,-3870.797585661203,B_C,,,,,,,,,,,
P16422_and_Q8NH21,0.277911260481314,0.20251687624509257,0.16446393807970475,20.910272277227733,65.83495798319328,-1121.7178070727591,B_C,,,,,,,,,,,
P16422_and_O95267,0.2607062652499326,0.2025115363647189,0.35119217562052185,25.87005882352942,60.78888888888888,-2010.1707311262326,B_C,,,,,,,,,,,
P16422_and_Q86XQ3,0.24025793682022992,0.20247106062381498,0.05392011670166247,19.889814814814812,32.35811320754716,-3861.6386000127673,B_C,,,,,,,,,,,
P16422_and_Q92819,0.29817620687521407,0.20245119589814328,0.1997140314394787,25.179831932773123,61.09437125748502,-3035.34989208902,B_C,,,,,,,,,,,
P16422_and_P11150,0.28387230712297706,0.20243515707639548,0.08960147056480472,22.477531645569606,48.6796875,-1975.6043097828997,B_C,,,,,,,,,,,
P16422_and_P78508,0.24718869058828577,0.2024218153032486,0.0730721228835085,21.951610017889077,54.10578616352202,-2001.2450840175843,B_C,,,,,,,,,,,
P16422_and_P02747,0.2712580925001166,0.2024034973531456,0.08890197743434942,20.140016366612112,46.55224358974359,-1015.1006956263391,B_C,,,,,,,,,,,
P16422_and_P34981,0.26217496191156986,0.20238969163240594,0.1642714088035456,23.912112932604742,61.57934131736523,-1650.5983818495915,B_C,,,,,,,,,,,
P16422_and_P80162,0.29623663119555455,0.20238902790559216,0.10001910474265285,16.335952380952378,52.823846153846134,-1460.8253308759968,B_C,,,,,,,,,,,
P16422_and_Q15063,0.2780518559915481,0.20234093007619042,0.04904867714077836,24.75025641025639,53.70345588235296,-1749.436979214901,B_C,,,,,,,,,,,
P16422_and_A6NN92,0.27250033209264674,0.2023395750845505,0.09163802297778248,20.785288270377723,54.85738095238097,-2827.089076412636,B_C,,,,,,,,,,,
P16422_and_P55083,0.2691559302342959,0.20231067563764205,0.16738149680288342,20.680000000000007,70.90459259259262,-906.5109076369583,B_C,,,,,,,,,,,
P16422_and_Q9NRE1,0.2687468068492214,0.20227808631552666,0.12445514815613815,21.71345291479825,53.18247126436781,-3632.2452629232503,B_C,,,,,,,,,,,
P16422_and_O43868,0.2807054557294535,0.2022422153942519,0.07599680753508396,25.890173410404625,52.709925373134325,-6102.575246474235,B_C,,,,,,,,,,,
P16422_and_Q8NGN0,0.27351017713353853,0.202222556052147,0.15919173424223662,21.763381742738588,63.942483221476515,-1968.7497469566713,B_C,,,,,,,,,,,
P16422_and_Q99727,0.2730126982152641,0.2022067796947369,0.14057147510016157,21.588833992094898,67.68080000000003,-1102.5676906338574,B_C,,,,,,,,,,,
P16422_and_Q9H3N8,0.26263692724375476,0.20218776575077624,0.1105189025487101,24.322821100917434,60.45455128205129,-1377.480894336959,B_C,,,,,,,,,,,
P16422_and_Q9NZ94,0.2781459203011659,0.20213164948631118,0.11174282844644497,26.75984042553189,60.600149999999964,-10403.554673651186,B_C,,,,,,,,,,,
P16422_and_P01178,0.2920107069281843,0.2021083561914405,0.07569306632641536,18.29024390243902,59.868217054263575,-1188.182321382461,B_C,,,,,,,,,,,
P16422_and_Q9H1M3,0.27864996768184186,0.20207787793803234,0.050332026644572994,14.96977611940298,58.949444444444445,-1063.5106808227574,B_C,,,,,,,,,,,
P16422_and_Q96HU8,0.27717086994861706,0.20207365646167547,0.1360684584672366,22.39361445783132,64.04875862068965,-903.276139923961,B_C,,,,,,,,,,,
P16422_and_Q30KQ5,0.30216685604638116,0.20200849144371305,0.08673382995689329,16.123598820059,40.6816037735849,-491.5518929529105,B_C,,,,,,,,,,,
P16422_and_P05109,0.30003887319830214,0.2020077652291,0.09009599229803454,20.305048076923107,50.202454545454565,-800.0562558893162,B_C,,,,,,,,,,,
P16422_and_P06702,0.29457673994605066,0.20199982741742284,0.1074570254086812,19.284798099762483,52.48034188034188,-1002.1702877771586,B_C,,,,,,,,,,,
P16422_and_A6NMZ5,0.2759346261182085,0.20198674930179222,0.2134623193329277,23.010063391442195,65.3413333333333,-1901.8961207636296,B_C,,,,,,,,,,,
P16422_and_Q8NGR5,0.27836901854378215,0.20197831059564086,0.2756654368653114,23.076986754966896,70.79166666666664,-2246.4923949580793,B_C,,,,,,,,,,,
P16422_and_Q8N6Q3,0.26112634018256775,0.2019695260224547,0.31565043213381866,26.32714054927306,50.408700000000024,-3732.833274607031,B_C,,,,,,,,,,,
P16422_and_P56703,0.2796749927398904,0.20195316340832617,0.1690605895245507,23.477069351230416,64.51444444444445,-3409.1105300695135,B_C,,,,,,,,,,,
P16422_and_Q96E17,0.2723573391590389,0.20190829725350193,0.08179963417520192,21.952545824847242,55.15730263157896,-4346.430845876369,B_C,,,,,,,,,,,
P16422_and_P68104,0.25859980843040486,0.2018831201614746,0.09628638038343167,23.039014539579956,62.79152631578949,-1778.0460143431465,B_C,,,,,,,,,,,
P16422_and_Q8N149,0.2696656678063383,0.20187443580167622,0.2580801487744556,22.76980461811723,70.26972826086958,-758.124629378204,B_C,,,,,,,,,,,
P16422_and_P30542,0.2742146792264413,0.20187177465132727,0.11458647943275506,23.58836477987421,53.21292207792211,-1362.2083110861472,B_C,,,,,,,,,,,
P16422_and_O14936,0.2491601538266609,0.20184067278758963,0.26734793724328676,26.933555133079885,54.77026515151517,-2918.9033468695707,B_C,,,,,,,,,,,
P16422_and_Q9HB19,0.24674034799822617,0.2018305380891518,0.1933150989738377,23.292193808882875,60.12984210526319,-5234.716227880686,B_C,,,,,,,,,,,
P16422_and_Q09328,0.28489284889116034,0.2018000157697495,0.18952138343172212,25.643169398907123,68.3329696969697,-9132.83235797542,B_C,,,,,,,,,,,
P16422_and_Q7L5N7,0.2512185125146769,0.20179206701624117,0.10425450733404627,23.76659056316588,49.279182692307664,-2423.186809984498,B_C,,,,,,,,,,,
P16422_and_P63252,0.24239794846353996,0.20174534990549892,0.39076960736823857,24.465066964285736,62.049430051813474,-1888.2204241646687,B_C,,,,,,,,,,,
P16422_and_Q9Y6L6,0.2892229996932778,0.2017339256100799,0.2987177579769445,25.267961608775117,60.1079816513761,-3095.8775545378003,B_C,,,,,,,,,,,
P16422_and_Q8NGQ5,0.2739987441759847,0.20168765020793195,0.11558508410613398,21.664832089552228,64.66231788079467,-2374.8157509835983,B_C,,,,,,,,,,,
P16422_and_Q86Y78,0.2806464003098271,0.20166188132816276,0.14838942023140275,17.38486140724946,62.359253731343266,-981.7127127594524,B_C,,,,,,,,,,,
P16422_and_Q13336,0.28578859241400667,0.20160505605782758,0.29256801934872784,23.64021505376344,62.05407894736844,-1827.0971503291614,B_C,,,,,,,,,,,
P16422_and_Q9UHX3,0.23323037240611078,0.2015662245553837,0.3354978660818619,26.167045454545473,59.18846153846154,-1691.7829280460282,B_C,,,,,,,,,,,
P16422_and_P09681,0.28483466512867794,0.20154627442512288,0.058567695583167656,17.32619047619049,39.10096551724139,-509.93759435328684,B_C,,,,,,,,,,,
P16422_and_O00391,0.2736668052608302,0.20149835891004292,0.24154395049167432,25.645965770171163,69.63764705882356,-5093.588497885314,B_C,,,,,,,,,,,
P16422_and_Q86WK9,0.27703628829054106,0.20149139501861185,0.3062953620953758,23.619680851063844,61.43393063583815,-2504.782920845985,B_C,,,,,,,,,,,
P16422_and_Q9BY76,0.24903793514697753,0.20146692457184304,0.281701949013354,21.544970059880278,62.16342391304346,-1594.9386738267494,B_C,,,,,,,,,,,
P16422_and_P07339,0.280932660188669,0.20143499268290554,0.12371008367931652,23.509022556390946,61.73972375690607,-741.1213128484469,B_C,,,,,,,,,,,
P16422_and_Q96PD5,0.28529153568729676,0.20141520676686941,0.407043479331116,23.386212914485142,76.45840764331211,-1892.6548758849167,B_C,,,,,,,,,,,
P16422_and_O14804,0.27797139099966484,0.20141403536318953,0.14317632518542284,22.80688816855755,59.873333333333335,-1821.3581582692477,B_C,,,,,,,,,,,
P16422_and_Q8IZJ0,0.27702553849391726,0.20140563285833887,0.22630290678650744,22.37698744769873,68.18642335766424,-921.0288172152691,B_C,,,,,,,,,,,
P16422_and_P11487,0.27026004273208365,0.20140489895018904,0.14755346787179846,19.595007451564797,60.536703910614534,-1433.4908644757234,B_C,,,,,,,,,,,
P16422_and_Q9ULY5,0.27401470709639686,0.2014041863051751,0.17420553447268522,21.323120728929403,69.9785925925926,-928.0925445913467,B_C,,,,,,,,,,,
P16422_and_Q14332,0.2627609777247111,0.20139173232726124,0.5820801685594836,25.61829371816635,60.04263157894735,-2850.329133184561,B_C,,,,,,,,,,,
P16422_and_P25311,0.270260492830722,0.20136477794312654,0.17067088965343197,20.939308855291543,67.75444444444446,-953.8645243549998,B_C,,,,,,,,,,,
P16422_and_Q99731,0.29842084001289704,0.2013579438406094,0.13019992685686965,18.51741071428571,56.31952380952381,-898.705136213523,B_C,,,,,,,,,,,
P16422_and_A0A1B0GX56,0.2940459746194394,0.2013553938612825,0.12589996340187343,21.455316455696195,64.27682926829269,-1108.6163722932115,B_C,,,,,,,,,,,
P16422_and_Q9BQ31,0.23912087906257234,0.20134211946524377,0.14662831824723008,24.313549618320597,54.98702020202018,-2656.456860420838,B_C,,,,,,,,,,,
P16422_and_Q16617,0.28001149238721024,0.20132336820113347,0.13902727914320145,18.31284987277356,42.39290322580644,-859.7004670436124,B_C,,,,,,,,,,,
P16422_and_Q86VW1,0.28575647525992365,0.2012884359384936,0.17056362185731908,25.92069645203679,57.634450549450605,-3443.1499813879163,B_C,,,,,,,,,,,
P16422_and_Q2TV78,0.233230116923705,0.20125168844349015,0.0712760951172586,25.9185024752475,41.1687755102041,-2318.840825503634,B_C,,,,,,,,,,,
P16422_and_Q9NSD5,0.29448957679867427,0.20122144622897326,0.19905931489298653,25.12666232073011,67.4971497584541,-2776.2374570431734,B_C,,,,,,,,,,,
P16422_and_P48995,0.28640050043584087,0.2011782366175907,0.09644165377836039,26.412447257383942,62.03013157894737,-6678.658426978929,B_C,,,,,,,,,,,
P16422_and_O95715,0.2944887108760374,0.20115185580879308,0.063589184370517,19.709999999999997,56.98325203252033,-557.8762447934978,B_C,,,,,,,,,,,
P16422_and_A6NFC9,0.25821826065324693,0.20115169118412574,0.17573742172810755,21.844747081712086,50.89143790849672,-1126.112792329187,B_C,,,,,,,,,,,
P16422_and_Q13291,0.2536791970655128,0.2011459333323381,0.14399405516619138,22.65638646288208,60.64190265486725,-1030.6031167345063,B_C,,,,,,,,,,,
P16422_and_P48039,0.2731611258227623,0.20113780240905546,0.19976372320653366,20.794866071428572,51.91488888888887,-3516.236000400509,B_C,,,,,,,,,,,
P16422_and_Q9H1K0,0.22530738252081436,0.2011165225964583,0.0647995730656159,24.820488322717605,50.24351999999999,-1960.0752739999152,B_C,,,,,,,,,,,
P16422_and_A6NI73,0.25935164194667487,0.20110462836028625,0.25742662388733983,22.739639639639627,72.01509554140131,-2744.467712417347,B_C,,,,,,,,,,,
P16422_and_P41217,0.2586172852561919,0.2010641112101637,0.27238439894179267,21.768790849673213,63.632965517241395,-1668.57222659102,B_C,,,,,,,,,,,
P16422_and_Q13474,0.2435969763559987,0.20105332196898418,0.535413603329155,26.594832041343665,61.893815789473706,-2283.463582155262,B_C,,,,,,,,,,,
P16422_and_P01282,0.2838570883630347,0.20103691508358773,0.11587773025976825,15.631747159090885,38.90212903225806,-345.01052791620896,B_C,,,,,,,,,,,
P16422_and_Q8NGH3,0.27565862914725225,0.20103193957235999,0.22886940708780168,21.7121359223301,65.45224489795916,-3968.4391053718296,B_C,,,,,,,,,,,
P16422_and_Q07343,0.26176683008543994,0.20101905151494143,0.22864968437200398,25.718404118404198,56.23473684210523,-3787.020259345518,B_C,,,,,,,,,,,
P16422_and_Q9Y2P5,0.27994390570960487,0.2010107902988609,0.3432877400342191,25.951535087719357,52.98164874551977,-4273.532494712924,B_C,,,,,,,,,,,
P16422_and_B9A064,0.27258401864650605,0.20093035952643162,0.23208143864757266,18.185512129380076,54.84901840490797,-1041.1506644910733,B_C,,,,,,,,,,,
P16422_and_Q96EE4,0.28777027926722193,0.20083771244955084,0.04975815740134948,15.82678571428572,49.3265625,-1111.8011235891036,B_C,,,,,,,,,,,
P16422_and_Q9BZL6,0.24715361444796335,0.20082431150278454,0.12310504877186769,25.372336561743353,54.07656779661017,-1402.0868268240083,B_C,,,,,,,,,,,
P16422_and_P0DPK4,0.2561498194790005,0.20081408127066244,0.1269367618330418,23.09491634491635,56.89885714285717,-1859.8377517755216,B_C,,,,,,,,,,,
P16422_and_P01241,0.2728538326224349,0.20080999754439566,0.1120979991074361,22.85172064777332,63.681666666666615,-2506.94981053106,B_C,,,,,,,,,,,
P16422_and_O94868,0.24484092225511575,0.20073449795559475,0.0958285818278995,27.00906976744184,66.35865853658538,-2332.194467719173,B_C,,,,,,,,,,,
P16422_and_P55774,0.29944789679634776,0.20070307314484823,0.12512784418649792,19.361871227364198,54.45205673758867,-903.5521835209671,B_C,,,,,,,,,,,
P16422_and_Q9HCT0,0.28107651110924864,0.2006927278870447,0.20111979943273223,21.517052023121366,67.16397260273973,-789.3136866429327,B_C,,,,,,,,,,,
P16422_and_Q8IXA5,0.27305040194880337,0.20066391952961937,0.07114283016849857,20.660540540540573,56.148731343283586,-3456.160188281903,B_C,,,,,,,,,,,
P16422_and_Q03431,0.2403014058693438,0.20065538830657031,0.07531475712574995,23.586589403973488,58.37802197802201,-2247.609222809573,B_C,,,,,,,,,,,
P16422_and_Q9GZX9,0.27133901558357754,0.2006470994125065,0.10326510951768525,20.782262996941867,59.89319587628865,-2254.468392659692,B_C,,,,,,,,,,,
P16422_and_Q9Y5X5,0.25643485607124594,0.2006401862897011,0.19643293150034102,23.30046224961478,65.50267379679143,-2256.3541596720715,B_C,,,,,,,,,,,
P16422_and_O60895,0.27676838877611587,0.20062167793914826,0.12168872228949265,18.734310850439872,65.02433962264148,-964.7077960632776,B_C,,,,,,,,,,,
P16422_and_Q13103,0.27438242711378374,0.20057944059774607,0.04457910229736474,18.768992248061995,56.40499999999997,-2281.6466646812823,B_C,,,,,,,,,,,
P16422_and_P54764,0.2340781302542158,0.2005212825971098,0.3144093911105979,25.731473214285714,60.61525252525255,-2913.890071282116,B_C,,,,,,,,,,,
P16422_and_Q13275,0.29048109159225877,0.20046053358010224,0.202652615867397,25.467971246006357,59.93846994535518,-6840.000268733125,B_C,,,,,,,,,,,
P16422_and_P63000,0.2755628911558117,0.2004166194521436,0.14009000974905278,21.648383838383843,65.51211678832115,-1054.9946836540148,B_C,,,,,,,,,,,
P16422_and_O14626,0.27133681874213844,0.2003842653115872,0.07953698730099956,24.48660714285714,65.6500787401575,-1360.8773038196143,B_C,,,,,,,,,,,
P16422_and_Q96J42,0.2533961399808214,0.2003385804449203,0.13624322255279106,20.006653620352296,65.73114864864868,-1331.3897735478258,B_C,,,,,,,,,,,
P16422_and_Q8IVB4,0.2718191649678305,0.2003260806489559,0.08331180231486521,25.78417266187049,52.668981481481495,-3003.0278708415117,B_C,,,,,,,,,,,
P16422_and_P98066,0.26507050879505123,0.20032115933511913,0.24914309299877563,23.16591179976165,53.6931601731602,-1360.2262987042086,B_C,,,,,,,,,,,
P16422_and_Q8TDS7,0.2701489491456101,0.20030252065082096,0.15509748720481975,23.356047516198714,65.61547297297301,-1303.561987720087,B_C,,,,,,,,,,,
P16422_and_O95407,0.2535672254962601,0.20029944199087088,0.05516702130343949,22.091512915129158,65.63539130434786,-1948.4752851765668,B_C,,,,,,,,,,,
P16422_and_P01037,0.2867945020400793,0.20027785667561424,0.14572455980194451,20.627470686767182,61.168961038961065,-1896.0757682016106,B_C,,,,,,,,,,,
P16422_and_Q96DA2,0.27228866444452793,0.20021117271291544,0.060985295430604616,21.751597051597052,55.80576642335764,-724.7538935133912,B_C,,,,,,,,,,,
P16422_and_Q8TCV5,0.26743736510085253,0.20017213004098858,0.07572507744795037,19.910410094637218,51.439029126213605,-1775.592150222179,B_C,,,,,,,,,,,
P16422_and_P30556,0.2729645683018783,0.20017001065868412,0.2500667505285226,22.83956834532375,62.680250000000015,-2484.216221945677,B_C,,,,,,,,,,,
P16422_and_Q9Y585,0.2754228083334168,0.20015935635921844,0.2203274460966315,22.77173112338862,64.0021935483871,-1461.8676360677375,B_C,,,,,,,,,,,
P16422_and_P51685,0.27023045964249914,0.2001000795707793,0.0641109840722293,23.745063694267518,63.84161016949155,-1591.2514916143055,B_C,,,,,,,,,,,
P16422_and_Q92847,0.26600171058830907,0.20008177980569564,0.1081211046456219,22.297818791946312,67.86913043478258,-949.8234965733463,B_C,,,,,,,,,,,
P16422_and_O42043,0.26513002125386925,0.2000683132815051,0.19873838362538931,25.041849148418503,57.69696832579179,-4461.12349815947,B_C,,,,,,,,,,,
P16422_and_Q96RQ9,0.28728232424297867,0.20006277334380615,0.49363904035710116,25.687462235649562,67.64227848101264,-1821.2640171155062,B_C,,,,,,,,,,,
P16422_and_P07225,0.26739573592552,0.2000485861144867,0.26921659339678466,25.18734513274338,64.3480769230769,-4401.77396924644,B_C,,,,,,,,,,,
P16422_and_Q6UX07,0.2624369793932017,0.20003267877083558,0.4388171639313638,24.226416539050497,74.49853932584267,-749.578652675682,B_C,,,,,,,,,,,
P16422_and_Q15599,0.2562231955647038,0.20001074920297746,0.360246027316657,22.096156991005746,64.88294339622642,-2098.844518604492,B_C,,,,,,,,,,,
P16422_and_Q8N1S5,0.25427337368431513,0.20000840180827664,0.12835100291851848,24.613362701908965,52.196132596685096,-2106.239603454491,B_C,,,,,,,,,,,
P16422_and_Q9P1P5,0.2745364227702577,0.1999832597009033,0.20782072434953489,23.75819032761313,61.9248554913295,-2138.265929113055,B_C,,,,,,,,,,,
P16422_and_Q9NY37,0.27446066481448295,0.19993874306680143,0.3758547394359877,24.710036496350348,73.70942857142859,-2707.5813791553865,B_C,,,,,,,,,,,
P16422_and_Q96FN4,0.2708259433223894,0.19991897747695422,0.2754383277573533,23.938473520249225,67.91126315789472,-3423.76830761181,B_C,,,,,,,,,,,
P16422_and_P07357,0.27231694503046805,0.19988157710173537,0.14221374820586652,22.37436918990705,57.67384210526312,-2552.294823977498,B_C,,,,,,,,,,,
P16422_and_Q5VYX0,0.2865407200418167,0.19984759601962246,0.2978302335087119,21.463703703703683,60.055568181818145,-1830.1367558935701,B_C,,,,,,,,,,,
P16422_and_Q08629,0.24530875592864895,0.19983643634296472,0.22393719008719598,22.599317226890776,57.71165853658536,-1943.9613424851414,B_C,,,,,,,,,,,
P16422_and_Q96RB7,0.2738711825477214,0.19983405769892792,0.17975011060922033,21.50428286852589,67.1537762237762,-2430.421557475386,B_C,,,,,,,,,,,
P16422_and_Q9NXE4,0.26662451377390894,0.19979805159826894,0.06926830164051863,27.413402061855688,61.81160839160842,-4243.0927383878225,B_C,,,,,,,,,,,
P16422_and_P56880,0.271180600568999,0.19979661048995842,0.1394160452486967,19.758514190317207,50.39865771812079,-1174.9650346435046,B_C,,,,,,,,,,,
P16422_and_Q96S79,0.27257588018469775,0.19971556898158563,0.13090046391694546,20.749079189686924,63.146167664670614,-1740.350130311027,B_C,,,,,,,,,,,
P16422_and_P01850,0.27672788799262604,0.1996995170233407,0.10964888810078069,21.25748299319729,68.21999999999997,-4521.59620730394,B_C,,,,,,,,,,,
P16422_and_Q5VWK5,0.2391198358728005,0.19967882830040004,0.29405502448084603,25.32526636225267,69.88356756756757,-1103.7702267388195,B_C,,,,,,,,,,,
P16422_and_Q8NGF4,0.26973316290928984,0.19966558914206775,0.12268594019928615,21.436865342163355,65.09866197183098,-1418.1963523367951,B_C,,,,,,,,,,,
P16422_and_Q86XT9,0.26881869646981627,0.1996514169105649,0.1635451303364483,20.80511679644048,51.574387755102066,-1813.7641095882536,B_C,,,,,,,,,,,
P16422_and_O15394,0.2419093448168958,0.19964027908875576,0.11844139879100218,27.380909090909093,45.62542857142858,-2361.573988161639,B_C,,,,,,,,,,,
P16422_and_Q9BX67,0.2543319847985453,0.19958355711056064,0.16825392294524952,22.957751937984536,76.40039062499999,-1025.7311893111628,B_C,,,,,,,,,,,
P16422_and_Q13790,0.25957387302380214,0.19957778817059005,0.055367147808040446,19.93603066439525,47.276521739130416,-1174.9289869221902,B_C,,,,,,,,,,,
P16422_and_Q9BZW2,0.2839109089944868,0.19951955289794543,0.032086404375260336,25.208212560386446,57.42081081081079,-4685.998861621322,B_C,,,,,,,,,,,
P16422_and_Q9UNG2,0.279776575589915,0.1994925281393766,0.0976370853293065,19.05854591836734,61.01249999999997,-2034.1291572086784,B_C,,,,,,,,,,,
P16422_and_Q15669,0.2760114453145507,0.19948792378519575,0.1959889856063949,21.731882591093143,71.43340136054421,-645.9148096569157,B_C,,,,,,,,,,,
P16422_and_Q9NS75,0.26469992601099773,0.19945160726661953,0.1291720445020647,24.151113172541713,47.315465838509326,-1619.873288565127,B_C,,,,,,,,,,,
P16422_and_Q9Y4F1,0.24986529030066307,0.1994218482622781,0.3211861289100098,28.22564971751408,59.84718367346941,-4855.284060676233,B_C,,,,,,,,,,,
P16422_and_O60939,0.2714625274845811,0.19938649735089875,0.07147171186435991,16.56436781609194,66.10368421052632,-1659.2139484800985,B_C,,,,,,,,,,,
P16422_and_P23582,0.28953959438402527,0.19937175219008518,0.1286102091874775,16.397984496124028,37.253290322580646,-3909.38787216775,B_C,,,,,,,,,,,
P16422_and_P21439,0.28426103748515513,0.19931502079090807,0.1901188043317368,26.972513562386936,47.034556962025334,-6831.242944820068,B_C,,,,,,,,,,,
P16422_and_P59901,0.24015354396034225,0.19930998093494726,0.2967588189689291,24.969940029984983,54.26578431372549,-2102.6393819409122,B_C,,,,,,,,,,,
P16422_and_Q96IZ2,0.2666310028066567,0.19927403206829375,0.21919648836624253,23.02754342431761,60.0986956521739,-1013.0390055218037,B_C,,,,,,,,,,,
P16422_and_A0A0C4DH36,0.29165111521154763,0.1992690660658418,0.1523527128884491,19.274498886414243,67.97902255639097,-1107.803059444687,B_C,,,,,,,,,,,
P16422_and_Q8IW75,0.27935519229017164,0.1992668634398339,0.19609186532891115,22.142049180327827,56.159210526315796,-2788.904645621846,B_C,,,,,,,,,,,
P16422_and_Q8N695,0.2886884879466321,0.19922714156222127,0.30232498013798215,25.383047945205465,67.3438596491228,-2690.840864980494,B_C,,,,,,,,,,,
P16422_and_P07948,0.268709817636016,0.19919675144444324,0.3486353454535985,23.679669631512073,66.79032710280377,-2686.0266917285126,B_C,,,,,,,,,,,
P16422_and_O15173,0.2696014506259956,0.19911950471765572,0.1022719474720528,21.361764705882354,61.83899328859058,-1285.3161692180802,B_C,,,,,,,,,,,
P16422_and_P14416,0.2519956474258785,0.1991170064640916,0.22822232163611417,25.233510638297883,57.78040697674416,-1825.2479216201991,B_C,,,,,,,,,,,
P16422_and_Q93070,0.2589050005232536,0.19908609936222527,0.28391287595530784,20.596417910447794,67.6531012658228,-2212.3375472855696,B_C,,,,,,,,,,,
P16422_and_Q8WZ73,0.2513664268159428,0.1990418336156494,0.07518477905561909,19.985659655831732,57.97145454545455,-1963.4772677204273,B_C,,,,,,,,,,,
P16422_and_Q11206,0.27219515575617015,0.19901513396748105,0.19544736647196867,21.910902255639076,69.11,-2250.567720670796,B_C,,,,,,,,,,,
P16422_and_P18065,0.25446376787005326,0.19897964940746382,0.08027357954832547,21.288509316770185,57.738636363636374,-1472.1867217749623,B_C,,,,,,,,,,,
P16422_and_Q99705,0.26483970588051603,0.19896535713111543,0.11293013538733997,21.043677042801555,56.65111111111108,-1590.2516553544533,B_C,,,,,,,,,,,
P16422_and_Q6MZW2,0.28768835111347923,0.19886290921569763,0.17219345506032854,27.178097345132716,52.724716981132076,-3871.2206408006095,B_C,,,,,,,,,,,
P16422_and_Q8NFQ5,0.27252699222919463,0.19882182825366407,0.30824408299156203,18.341203703703723,57.74416149068327,-1271.0996119089468,B_C,,,,,,,,,,,
P16422_and_Q9UQ74,0.24183373168259192,0.19882164445215098,0.2797439043758465,24.70601926163723,66.51425675675678,-3558.191901069632,B_C,,,,,,,,,,,
P16422_and_P04264,0.22713624694225557,0.19879925074696708,0.0563049712756499,23.961330935251762,48.60544943820224,-1360.691893465657,B_C,,,,,,,,,,,
P16422_and_Q53GD3,0.2851513566351048,0.19878526080409586,0.05638585900951744,26.62191235059763,47.16839743589742,-3661.424647376227,B_C,,,,,,,,,,,
P16422_and_Q9NPA2,0.2350631298304901,0.19875813053084151,0.3101572298965088,26.2988084730803,59.79109634551494,-3278.1424509336066,B_C,,,,,,,,,,,
P16422_and_P35221,0.26211075686388186,0.19875092409530332,0.09195597741752243,26.512676056338027,54.14744186046507,-3508.964480739367,B_C,,,,,,,,,,,
P16422_and_P29033,0.26741208975893915,0.19873891822707787,0.09075402855078088,20.13624454148472,47.30447154471545,-3975.1366336988763,B_C,,,,,,,,,,,
P16422_and_Q6XUX3,0.27736367474304613,0.19871186876756633,0.13447165436466782,26.765619546247787,46.224170854271335,-6948.487685326299,B_C,,,,,,,,,,,
P16422_and_Q96FE7,0.25920075545590243,0.19870638510945965,0.07993233672366414,22.229280155642027,50.00038216560508,-662.588139383528,B_C,,,,,,,,,,,
P16422_and_Q8TDN1,0.23391360891415808,0.19868888769801624,0.02313093158796551,25.484246575342485,59.32190476190475,-2031.9192648472372,B_C,,,,,,,,,,,
P16422_and_Q9NQS5,0.2640320837685219,0.19866891986492963,0.2547236281256943,25.23652173913045,68.42928571428574,-1618.4529898862102,B_C,,,,,,,,,,,
P16422_and_O75800,0.2766536790599154,0.19863304818782956,0.1249051715775609,23.437679083094565,60.939175257731925,-1548.0476437474372,B_C,,,,,,,,,,,
P16422_and_O60896,0.2839074557418133,0.19854982991342962,0.3291120109263971,18.469595782073817,66.28485074626863,-879.3683849588931,B_C,,,,,,,,,,,
P16422_and_Q9H4D0,0.25514588317755993,0.19853732038300165,0.5033699381438907,27.13216931216931,72.30632075471698,-2826.2810501758886,B_C,,,,,,,,,,,
P16422_and_A5D8T8,0.24280548507098088,0.19853326388052955,0.15046596074010607,22.04355797819623,54.58419354838708,-1626.0360336359663,B_C,,,,,,,,,,,
P16422_and_P01112,0.27539831543718074,0.19852813612112058,0.1425143056497927,22.567260787992517,65.18181818181819,-1241.9172056880116,B_C,,,,,,,,,,,
P16422_and_P58335,0.2386714964652994,0.19850638156998654,0.15875668332147186,23.818950749464655,64.71417266187052,-10078.775155433876,B_C,,,,,,,,,,,
P16422_and_Q92797,0.2424504550888798,0.198499174764998,0.06067893535904441,27.118770226537226,61.639672131147556,-3059.1054537774726,B_C,,,,,,,,,,,
P16422_and_P60153,0.27381168314558163,0.19849140096123588,0.09934720289648821,20.040425531914902,52.545035460992914,-696.9486412258266,B_C,,,,,,,,,,,
P16422_and_O15232,0.2376859334577365,0.19848819719653954,0.10065020665157294,25.3784587378641,45.83028301886794,-1810.1115423596202,B_C,,,,,,,,,,,
P16422_and_Q16270,0.25823345652985263,0.19848682721333544,0.0983455629155724,18.503825857519775,66.76476923076926,-1609.6327995809436,B_C,,,,,,,,,,,
P16422_and_Q5GH70,0.27373195830469577,0.19844380910034676,0.21242061428050865,23.194622093023256,64.93546875000004,-2041.5534646989254,B_C,,,,,,,,,,,
P16422_and_P28336,0.26407690382947935,0.19844345852282091,0.20522350269090706,24.457362459546918,65.91448717948718,-1446.0665876313751,B_C,,,,,,,,,,,
P16422_and_Q9P2U8,0.2717100541933964,0.19843680130590777,0.20125799794510907,25.388202247191007,59.006666666666675,-3856.810901115554,B_C,,,,,,,,,,,
P16422_and_Q96QH8,0.280790222970899,0.19840763076922904,0.19613364686622717,21.704900181488195,61.548972602739724,-1103.2328743846235,B_C,,,,,,,,,,,
P16422_and_O95389,0.25188800931374267,0.19840569266891503,0.1296587397879824,21.49605433376455,49.65000000000004,-1587.0946007119892,B_C,,,,,,,,,,,
P16422_and_Q8NH90,0.27159213193862786,0.1983501232524357,0.1457092040509452,20.781840796019925,68.9879104477612,-1232.5101722809372,B_C,,,,,,,,,,,
P16422_and_Q92838,0.24698411846257018,0.19832082997095662,0.10624211371299007,20.441803278688504,60.286888888888896,-1745.0847178697622,B_C,,,,,,,,,,,
P16422_and_Q14416,0.2655427449849648,0.19826067410636966,0.1972763357736398,26.576309226932686,51.81491379310344,-7459.409988983274,B_C,,,,,,,,,,,
P16422_and_P49685,0.2686191018049275,0.19825917681675742,0.23089880041435737,23.105165816326497,57.35649425287357,-1589.3485318356943,B_C,,,,,,,,,,,
P16422_and_O75084,0.2579482843281893,0.19821325319284874,0.22303607397625635,25.256963470319647,56.78531746031743,-3034.501284210435,B_C,,,,,,,,,,,
P16422_and_Q9BYI3,0.2406697296623287,0.19814826836683438,0.25527320986230634,23.77593659942365,66.36893854748602,-1991.0066712051103,B_C,,,,,,,,,,,
P16422_and_Q6P5W5,0.22663203407222066,0.19804170757698963,0.3268371182149274,27.17151702786374,55.60404545454547,-2196.5490629528813,B_C,,,,,,,,,,,
P16422_and_Q14703,0.2912069398845364,0.19801098618546278,0.313455040606156,27.152639751552744,45.10767346938775,-4620.764714797329,B_C,,,,,,,,,,,
P16422_and_Q9NP90,0.27309477379049163,0.19799718015134082,0.09832898887621906,19.114634146341466,64.06086956521739,-813.0064990426126,B_C,,,,,,,,,,,
P16422_and_P24347,0.2410461708046993,0.1979382032492908,0.1765608422773142,23.035276532137527,58.42949748743718,-2595.8477781156835,B_C,,,,,,,,,,,
P16422_and_P10082,0.29642602584702005,0.19793596366280863,0.06267107106227404,17.035994764397888,49.75324561403509,-2677.0066950580695,B_C,,,,,,,,,,,
P16422_and_P0DOX4,0.23223731394519598,0.19792325812351455,0.19238423659602497,25.649488054607488,62.516368421052654,-1678.588456293728,B_C,,,,,,,,,,,
P16422_and_P49281,0.2816455734344793,0.1979122707338362,0.10001405229612882,24.36309055118111,57.31732954545457,-3999.9274026870653,B_C,,,,,,,,,,,
P16422_and_Q13445,0.2687171487306257,0.19786470638545173,0.07950967065652317,20.204151291512893,58.66598802395208,-2152.878649072636,B_C,,,,,,,,,,,
P16422_and_Q6IEU7,0.2738849731683691,0.19781110499560656,0.18627853081311052,23.349539170506926,65.79100591715978,-2504.690057891813,B_C,,,,,,,,,,,
P16422_and_P13473,0.24391047150013795,0.19780902810008394,0.2677311916210004,24.386404160475493,60.16873737373738,-1609.459964885973,B_C,,,,,,,,,,,
P16422_and_Q8N145,0.27246916901991447,0.19776227379801375,0.18277456350030974,24.962914691943112,67.87577777777776,-6142.680983877819,B_C,,,,,,,,,,,
P16422_and_O14843,0.26844149344654505,0.19775673229015117,0.08319914112979751,22.091272727272724,55.66601941747574,-1752.4841432141493,B_C,,,,,,,,,,,
P16422_and_Q99954,0.28799853041164025,0.19770155967920183,0.116120467603386,16.133489827856028,41.72025,-2567.684923896424,B_C,,,,,,,,,,,
P16422_and_Q8IWT1,0.26796264238795664,0.1976072895605325,0.11468222370908544,19.255888888888904,66.63155555555556,-861.3997455967474,B_C,,,,,,,,,,,
P16422_and_Q9BT76,0.2569777930697376,0.19759711588509038,0.2052056291149297,18.213424124513622,60.74483333333332,-1157.7028185219606,B_C,,,,,,,,,,,
P16422_and_Q8NG11,0.259941054624186,0.19758031821247257,0.08285265872046083,20.465609756097567,61.34651162790696,-2858.9814140926946,B_C,,,,,,,,,,,
P16422_and_P01344,0.27720333216515664,0.19755702156303837,0.13920856983223848,18.54962518740632,53.41047337278105,-1058.8778860416287,B_C,,,,,,,,,,,
P16422_and_C9JL84,0.23784969502095432,0.19754923435943594,0.09439134555157937,20.106081081081072,52.50915841584157,-1227.9702341153607,B_C,,,,,,,,,,,
P16422_and_Q96BQ1,0.269539483429542,0.19754639351856423,0.21854661854862287,21.515506958250477,55.273969465648875,-1537.2542362606728,B_C,,,,,,,,,,,
P16422_and_Q8IV77,0.24063959950108843,0.1975366741891387,0.3513368601157046,22.6220779220779,48.91504273504273,-2442.2505421421392,B_C,,,,,,,,,,,
P16422_and_P24387,0.26011625702012875,0.19748632572209374,0.33313023209866416,22.83141654978961,65.62457317073171,-2658.8414693751515,B_C,,,,,,,,,,,
P16422_and_P19652,0.2707077868083512,0.19747318157279525,0.33666071730674724,20.13769113149847,70.1384090909091,-951.5165947104048,B_C,,,,,,,,,,,
P16422_and_Q99497,0.272541612967808,0.19745725821940108,0.17156140135524767,22.709790209790228,84.09247191011238,-787.5507295493771,B_C,,,,,,,,,,,
P16422_and_Q96TA0,0.2546462844446442,0.19745182848589304,0.10221810421608601,25.482803468208118,59.36910714285716,-2396.0531205247025,B_C,,,,,,,,,,,
P16422_and_Q9H4M9,0.26998602460259724,0.19744636505518914,0.19305329546619318,23.747301349325337,63.3771351351352,-1246.5693811276105,B_C,,,,,,,,,,,
P16422_and_Q96PE5,0.28324800783403126,0.19743906053060223,0.10627895929921855,15.30000000000001,32.157874015748035,-605.8922083045709,B_C,,,,,,,,,,,
P16422_and_Q8N5W8,0.2948357730154352,0.1973896840243998,0.038398912870153935,18.831428571428575,32.79210526315789,-1331.002768070599,B_C,,,,,,,,,,,
P16422_and_P22455,0.2315553078876103,0.19738397481689873,0.35329823277175915,24.499533106960975,55.54943181818183,-2202.9138438786977,B_C,,,,,,,,,,,
P16422_and_Q8WXD2,0.2412840672442524,0.19735628045464573,0.0777246584181624,22.964685908319183,52.53508196721314,-1354.4775739228935,B_C,,,,,,,,,,,
P16422_and_Q8NHC5,0.27220011094822305,0.1973343396031395,0.26000864835797177,22.521072796934877,62.167046979865795,-1481.0417622979708,B_C,,,,,,,,,,,
P16422_and_O00141,0.2670702957210368,0.1973188561575214,0.13374915063238665,22.623652694610776,67.67236842105258,-9340.748746764959,B_C,,,,,,,,,,,
P16422_and_O14904,0.2606298372841915,0.1973177320742645,0.19948370848683059,22.221806674338335,62.00294736842106,-4135.411323626569,B_C,,,,,,,,,,,
P16422_and_Q6UX46,0.28268007122927935,0.1973097651920024,0.10402531656737206,18.995960502692984,55.28744525547443,-1062.9255788453884,B_C,,,,,,,,,,,
P16422_and_P43116,0.2611306149715798,0.1973075756706229,0.20505965747988064,23.859921259842547,59.50789189189191,-1283.4003127960214,B_C,,,,,,,,,,,
P16422_and_O43424,0.2426975796077255,0.19730635097374044,0.6323932635129412,26.813514319809144,71.99896551724137,-19812.752820264795,B_C,,,,,,,,,,,
P16422_and_P78562,0.2986628973261628,0.19727811419690494,0.5244192734195335,25.931748826291102,66.97657657657659,-2587.0666033591997,B_C,,,,,,,,,,,
P16422_and_P0C7X1,0.24598802054703345,0.19727470589494472,0.22781619916685408,24.536027568922307,65.833762886598,-3691.0518698989254,B_C,,,,,,,,,,,
P16422_and_P60985,0.29594577869077204,0.19722145447641415,0.10853077435840336,16.413069544364504,36.51471074380166,-2279.5922631770336,B_C,,,,,,,,,,,
P16422_and_Q6IF42,0.2727063976321964,0.19722123440186634,0.1474559530836811,22.2700421940928,65.16685314685311,-2358.31495620582,B_C,,,,,,,,,,,
P16422_and_P53680,0.2838449080011053,0.19707830484985286,0.20587380338597985,22.49149159663865,63.73493055555554,-1026.6907927890804,B_C,,,,,,,,,,,
P16422_and_Q5VXU3,0.26904669072333326,0.19704843551105172,0.23094799796131607,20.337677304964526,69.73666666666665,-3694.9729522855623,B_C,,,,,,,,,,,
P16422_and_Q6PEX7,0.26917461061307457,0.1970462350416629,0.08951510266469707,15.431840796019912,38.46589285714286,-2230.078964947619,B_C,,,,,,,,,,,
P16422_and_P02708,0.26219861173690273,0.19702713464704041,0.13632276577901356,23.35385375494071,66.2379054054054,-22121.771616580794,B_C,,,,,,,,,,,
P16422_and_P41587,0.24783447415694473,0.1970086093017748,0.09307752591813982,23.038581952117866,59.02774193548388,-2058.907879349248,B_C,,,,,,,,,,,
P16422_and_A4D1T9,0.2655231456409694,0.19697855909884043,0.08876416585494182,21.954765751211642,59.852178770949735,-4946.451212916945,B_C,,,,,,,,,,,
P16422_and_Q86YJ7,0.25634657252614745,0.19697632258020964,0.06620041390498257,24.67062101910825,51.84779569892471,-1672.778078541367,B_C,,,,,,,,,,,
P16422_and_Q32ZL2,0.2539856881121563,0.19691793170274846,0.10976242466204972,20.452713178294562,52.72171875000001,-1770.4073406573352,B_C,,,,,,,,,,,
P16422_and_Q96LR4,0.28402915913991483,0.1969072912013805,0.18210197279142834,18.1577844311377,63.23606896551721,-2019.934005077929,B_C,,,,,,,,,,,
P16422_and_Q96D42,0.2472891048158592,0.19687186383929386,0.06591716481399978,19.921577726218086,46.50984615384616,-3073.079032733258,B_C,,,,,,,,,,,
P16422_and_O00560,0.25743381697565926,0.19684450447607998,0.24083422009424213,23.838958707360856,72.8425301204819,-1390.2811244533605,B_C,,,,,,,,,,,
P16422_and_Q5TA50,0.2695867810281846,0.1968338518337604,0.16176421327730883,21.606818181818213,69.36496453900709,-1771.0819732409782,B_C,,,,,,,,,,,
P16422_and_Q8NH49,0.2717434343893224,0.1967996090630811,0.14776994583324551,22.531907308377935,65.96202531645568,-2033.6860030694347,B_C,,,,,,,,,,,
P16422_and_P00813,0.28548165302754275,0.1967952121121783,0.25648109138999015,24.339126016260177,72.92536423841061,-1261.5393459529578,B_C,,,,,,,,,,,
P16422_and_A6NMD0,0.26635142412423274,0.19674570568262828,0.09237011231474111,16.5940868263473,40.640580645161286,-1133.8598923977734,B_C,,,,,,,,,,,
P16422_and_O15496,0.2790258341917037,0.19673306168642685,0.1315996380866246,19.852670623145386,68.08061403508772,-928.2298919758381,B_C,,,,,,,,,,,
P16422_and_P60763,0.27215503960759396,0.19672953848633734,0.09190359321092013,23.308916083916078,60.61224489795921,-1219.3377276932108,B_C,,,,,,,,,,,
P16422_and_P48645,0.2781254942962172,0.19672176574735653,0.06929615316876661,17.06623711340208,50.97632530120481,-1222.9736274939714,B_C,,,,,,,,,,,
P16422_and_Q8NGJ5,0.2732474231365029,0.19666589022963618,0.2092125382438112,21.475475687103607,51.51123376623378,-1647.008846879028,B_C,,,,,,,,,,,
P16422_and_Q9BX95,0.26958221047493425,0.1966199193468795,0.1722029978582967,24.303665689149547,57.40427135678393,-2093.47852871156,B_C,,,,,,,,,,,
P16422_and_P51884,0.2746689043088444,0.19658135434123578,0.08583810438531089,24.18717277486913,53.13363636363636,-9947.598321407,B_C,,,,,,,,,,,
P16422_and_Q8N4L2,0.2590965637966094,0.1965663849856788,0.12373298040517272,19.021875000000033,57.28418750000003,-905.4902078917585,B_C,,,,,,,,,,,
P16422_and_P36222,0.2843164669053233,0.19653704093557411,0.23888879535536356,21.789005235602087,61.01775401069518,-1080.1155544626051,B_C,,,,,,,,,,,
P16422_and_P51801,0.28128368520585995,0.19653294139214467,0.11898561784902092,25.843099547511287,52.32179487179484,-5788.880737336576,B_C,,,,,,,,,,,
P16422_and_P08910,0.2852407910067195,0.19649454945564737,0.28552884284079727,24.44348404255316,71.73322751322752,-5698.540649990806,B_C,,,,,,,,,,,
P16422_and_P43115,0.26360943829749384,0.19647644062230327,0.18422982820532668,24.766370967741963,61.12005952380952,-1937.044283607558,B_C,,,,,,,,,,,
P16422_and_Q13563,0.24623048353925275,0.19646999830230152,0.11515094065843746,25.31578411405293,37.5536075949367,-1949.8628392209976,B_C,,,,,,,,,,,
P16422_and_Q15828,0.2795834203406679,0.19644636841648905,0.13802661114300038,20.25058823529411,68.30243478260871,-1286.9633724999699,B_C,,,,,,,,,,,
P16422_and_Q8NGP0,0.2732963792646842,0.19643386233986995,0.30972600994159444,23.24203470031541,70.12686746987951,-1905.596083945931,B_C,,,,,,,,,,,
P16422_and_Q9HC97,0.26631871595683565,0.19640348247433714,0.20690603066284743,23.55357142857145,59.27233333333336,-816.5050579557965,B_C,,,,,,,,,,,
P16422_and_Q5VTH2,0.2771145748236341,0.19632008883383226,0.11034001594671237,15.439959839357424,36.58814102564103,-1090.63776595534,B_C,,,,,,,,,,,
P16422_and_Q8WXF3,0.2841692735420038,0.1962826017834222,0.059907051300236366,17.734223300970868,49.59966386554623,-1117.3469507839945,B_C,,,,,,,,,,,
P16422_and_Q86UW8,0.2585695943300599,0.19628134263719332,0.1220352309836017,22.816331658291396,58.28796610169491,-6507.2000376296355,B_C,,,,,,,,,,,
P16422_and_P54756,0.22671006363355994,0.19624080021693593,0.09458067595558753,26.984193548387076,56.90343558282206,-8137.610368740374,B_C,,,,,,,,,,,
P16422_and_Q15722,0.26164717660066494,0.196189233055313,0.16566334652936984,24.098666666666684,63.68076923076926,-1508.5421301051074,B_C,,,,,,,,,,,
P16422_and_A0A0C4DH38,0.2880236303013146,0.19618417043950098,0.15284441944868268,17.85074183976262,73.1692,-879.2361187049543,B_C,,,,,,,,,,,
P16422_and_P0DP07,0.2885896045187599,0.19618224470902607,0.1815414103783101,19.653651685393257,63.880956521739165,-1888.681346564515,B_C,,,,,,,,,,,
P16422_and_Q6UWM5,0.2613010253917124,0.19617888989455604,0.25993684711046083,21.886258865248244,67.76283132530118,-1095.180664530271,B_C,,,,,,,,,,,
P16422_and_O95716,0.2657394907827473,0.19616928400261543,0.14411196918733418,21.505036630036667,62.243580246913645,-760.2467469078176,B_C,,,,,,,,,,,
P16422_and_P36543,0.26358617933025763,0.19616304173993898,0.05800653855234546,18.963825757575755,53.929767441860456,-834.136590846858,B_C,,,,,,,,,,,
P16422_and_P25705,0.2782718491821451,0.196151316711994,0.16503730997206167,24.216763005780344,66.78883116883115,-1682.454473182911,B_C,,,,,,,,,,,
P16422_and_C9JDP6,0.2643699795423633,0.19613727239835693,0.1429534557901721,22.566026711185298,59.34092024539876,-1819.287584294552,B_C,,,,,,,,,,,
P16422_and_P08253,0.2907440670130396,0.19613325909077978,0.16124441339823475,25.750948766603397,67.29028089887643,-2972.4529885492802,B_C,,,,,,,,,,,
P16422_and_O60641,0.22915419727069836,0.19610059605331942,0.4641127537613704,25.43362541073384,62.329552238805945,-6754.11701833579,B_C,,,,,,,,,,,
P16422_and_Q8N608,0.2979701027294314,0.1960610719547553,0.26693768588472716,25.49531249999999,69.01804733727806,-13023.9897869973,B_C,,,,,,,,,,,
P16422_and_P43004,0.2560036945619183,0.19601754834142437,0.17177043482673982,26.579347826086995,60.82606250000001,-3116.1668326169583,B_C,,,,,,,,,,,
P16422_and_P61566,0.2532229360920117,0.19601737035875322,0.16088169510067116,24.801754385964898,59.48387323943661,-2876.2766015706766,B_C,,,,,,,,,,,
P16422_and_P05121,0.2726281389163078,0.19598337548382994,0.3016156688038864,22.314650537634442,68.67056179775281,-1122.034092026237,B_C,,,,,,,,,,,
P16422_and_O95210,0.2442417523744016,0.19593727159897334,0.09228073465554976,20.8829479768786,59.08100917431194,-1068.4195887924561,B_C,,,,,,,,,,,
P16422_and_O95436,0.2571775761437836,0.19593205228254024,0.15452339098021764,24.29911556603778,56.368499999999976,-2864.2224634855866,B_C,,,,,,,,,,,
P16422_and_Q9BWQ8,0.25404761388248864,0.19591957788628242,0.10908217681246513,20.733515283842745,49.15015267175574,-1368.6369859262777,B_C,,,,,,,,,,,
P16422_and_P05451,0.2772158946316489,0.19588639013725434,0.3135451558574603,22.470925553319884,67.54387755102044,-946.1909644843048,B_C,,,,,,,,,,,
P16422_and_P27352,0.2655931423685567,0.19583200075030968,0.37207267833424396,23.78171052631579,69.28173267326734,-1149.6813771286738,B_C,,,,,,,,,,,
P16422_and_P05120,0.2725958224480405,0.1958066668619176,0.24036024410485662,22.321739130434747,68.05333333333337,-3455.3244289045324,B_C,,,,,,,,,,,
P16422_and_Q8TD43,0.28411611530192665,0.19578141102543378,0.16278161822818915,27.089534883720926,46.92869565217391,-3457.193537605486,B_C,,,,,,,,,,,
P16422_and_O43491,0.2180693466099309,0.1957424585895991,0.22882385114793968,24.419966996699603,58.397511737089204,-3457.390836697916,B_C,,,,,,,,,,,
P16422_and_P0DJD9,0.28035560151935907,0.195739415497995,0.21968323804497375,24.483870967741904,70.2677987421384,-829.0507905305253,B_C,,,,,,,,,,,
P16422_and_A1A4S6,0.25735017392947085,0.19569117365720062,0.07273747726182057,25.408333333333335,57.36624060150376,-3278.831820963198,B_C,,,,,,,,,,,
P16422_and_Q15619,0.27225536744271017,0.19567362399933047,0.16776752892419527,22.677348643006273,68.78244755244754,-2946.6442693902964,B_C,,,,,,,,,,,
P16422_and_Q9ULB4,0.2395400111330747,0.19566885836783818,0.12602775047707127,27.31944444444444,47.30904255319149,-2451.488662469317,B_C,,,,,,,,,,,
P16422_and_Q9BXT2,0.2610037419544775,0.1956539376205377,0.1390345439361596,21.604593639575977,54.47281437125748,-1326.7579375075984,B_C,,,,,,,,,,,
P16422_and_Q9C0B6,0.22673006895238895,0.19560478903961154,0.042942090550671407,25.248596112311034,53.03398876404497,-2490.857035796609,B_C,,,,,,,,,,,
P16422_and_P61570,0.26041966537823114,0.19559445274447226,0.13866791534277823,24.235828488372114,63.53182741116753,-2499.760859541455,B_C,,,,,,,,,,,
P16422_and_P28566,0.26472195600397636,0.19558224835479227,0.20203825389407415,24.8010512483574,59.52658291457286,-2473.7213106733852,B_C,,,,,,,,,,,
P16422_and_Q8TCW7,0.24212900738193785,0.1955718356758081,0.3370402958179487,21.9959306440198,59.390327868852445,-1774.6550471530754,B_C,,,,,,,,,,,
P16422_and_A0A075B6H8,0.28901094171174496,0.19553514788023155,0.1709144093344255,20.681293302540432,62.10183823529412,-1125.794675026724,B_C,,,,,,,,,,,
P16422_and_Q9P1W3,0.28282439511411583,0.19545642064061236,0.10650654507679884,26.96179775280902,56.41948387096776,-3632.2279496732936,B_C,,,,,,,,,,,
P16422_and_Q9Y6Z7,0.2606112630242093,0.19532898278867494,0.11467390097803432,21.146661237785025,52.613519553072656,-781.0127642088992,B_C,,,,,,,,,,,
P16422_and_Q93091,0.2811142775161495,0.19532852429836167,0.2079560035243361,20.003217821782155,72.0470967741935,-728.8614138902683,B_C,,,,,,,,,,,
P16422_and_O95185,0.238897973403561,0.19532423964394763,0.3364903458979659,26.940639269406372,59.41994594594597,-3161.0587401361554,B_C,,,,,,,,,,,
P16422_and_Q9BQ16,0.24182194373871008,0.1952918569576729,0.12324062061366638,21.354736024844726,58.07950276243095,-1648.222236696387,B_C,,,,,,,,,,,
P16422_and_Q86XP1,0.2531901495874048,0.19526661100398401,0.1644931338553823,27.263745019920282,52.98331325301206,-2042.6006120351522,B_C,,,,,,,,,,,
P16422_and_P61812,0.2446235774307648,0.19522431036343424,0.13250589100118154,20.46353436185134,57.930110497237564,-1363.2968106977241,B_C,,,,,,,,,,,
P16422_and_O15374,0.2658182882163498,0.1952196679436095,0.10945103141054432,24.698791540785493,61.65254545454546,-8736.418462387643,B_C,,,,,,,,,,,
P16422_and_P36952,0.28555328477321174,0.1951888673973607,0.2717910150509892,22.163195691202862,66.3924516129032,-3483.232477847892,B_C,,,,,,,,,,,
P16422_and_Q8N104,0.30346838642013985,0.1951604466871642,0.09630055624620107,19.540055248618792,53.74805825242717,-2940.5873954663934,B_C,,,,,,,,,,,
P16422_and_Q9NPY3,0.235324489604045,0.19512514843114726,0.1090728680333743,24.895027624309378,65.02666666666666,-1403.4123705242873,B_C,,,,,,,,,,,
P16422_and_Q9H112,0.28276320084448325,0.1950827688107329,0.10195207948625591,19.385652920962197,58.575422535211274,-2664.534832500305,B_C,,,,,,,,,,,
P16422_and_P58417,0.26081874857290477,0.1950141083638347,0.24420511780326562,20.427954545454533,58.252702702702784,-728.1918910511631,B_C,,,,,,,,,,,
P16422_and_P08588,0.2505264359017567,0.1949790410062715,0.141284968462667,23.10032894736844,64.1521764705882,-2720.1020151758003,B_C,,,,,,,,,,,
P16422_and_Q96LB0,0.2635419337827221,0.1949259546035323,0.12601302017547855,24.961569148936153,58.30950413223141,-2437.9615647353344,B_C,,,,,,,,,,,
P16422_and_Q6UWF7,0.28329449943203566,0.1949166459789936,0.2230416391011952,24.469266055045885,57.74611111111111,-4957.369673428024,B_C,,,,,,,,,,,
P16422_and_O15197,0.2274870987365789,0.19491621851115637,0.23207479214812252,27.358718330849513,51.975950000000005,-5018.975796850646,B_C,,,,,,,,,,,
P16422_and_Q5T7P8,0.23500102332444847,0.19486864606144666,0.18096193660718146,23.144780545670233,64.6576605504587,-2363.562611189267,B_C,,,,,,,,,,,
P16422_and_P60880,0.26926743731971914,0.19483415220903894,0.0769327701658918,20.051136363636353,47.38449612403101,-2438.1545103159824,B_C,,,,,,,,,,,
P16422_and_Q6NSJ5,0.26920494971726044,0.1948171164913894,0.262006227362745,26.90208333333335,68.88711999999998,-3518.827159491169,B_C,,,,,,,,,,,
P16422_and_Q01718,0.25847990074830673,0.19480230907820412,0.16732556353999561,22.930504587155987,65.87727272727275,-1395.9327305650022,B_C,,,,,,,,,,,
P16422_and_Q6UWF9,0.2757917845648968,0.19479309256015453,0.13642853976270772,21.635023584905635,64.75676923076921,-681.6789065504563,B_C,,,,,,,,,,,
P16422_and_Q9NRA2,0.28111767019017664,0.19479115888410348,0.2977944401761082,25.5181485992692,64.44310734463275,-3060.8235604551382,B_C,,,,,,,,,,,
P16422_and_P39900,0.2417860826541813,0.19475631049241482,0.14382205820305122,25.22166666666668,60.5202659574468,-1632.2665690714375,B_C,,,,,,,,,,,
P16422_and_Q15040,0.26993551347541045,0.19475071610711775,0.12862577161423971,23.304924242424253,60.31350574712642,-907.5599865748109,B_C,,,,,,,,,,,
P16422_and_Q92820,0.27386788065756096,0.19474796331183147,0.36684681582030787,23.93938223938222,67.06245283018863,-1507.4426444760495,B_C,,,,,,,,,,,
P16422_and_Q6PHW0,0.2565452227710624,0.19474168610531625,0.07444322430204614,21.571700223713627,61.34658227848102,-753.3204373287845,B_C,,,,,,,,,,,
P16422_and_P55789,0.2693634180656932,0.19473939637564627,0.15080962146007548,20.534453781512607,58.17,-1835.0702332510746,B_C,,,,,,,,,,,
P16422_and_P34130,0.26833840498968137,0.1947357332862073,0.14614781213951117,20.878843226788444,56.48627777777778,-1420.3361736619736,B_C,,,,,,,,,,,
P16422_and_P16591,0.2339285083637374,0.1947281322984976,0.2680230393128616,25.998151125401932,52.668456375838936,-3121.7855726031776,B_C,,,,,,,,,,,
P16422_and_P21980,0.3042540207858223,0.19470143040284005,0.40778034429594995,24.980408653846133,54.4212558139535,-2981.9532607991596,B_C,,,,,,,,,,,
P16422_and_A6ND48,0.2623625688805093,0.19469732199260398,0.1914169144920854,22.413356766256626,67.11605095541397,-2732.0298001567244,B_C,,,,,,,,,,,
P16422_and_P0DTE7,0.29536251290032856,0.19468741238174775,0.43770504784864295,26.03596654275092,76.22100000000002,-3600.987388779783,B_C,,,,,,,,,,,
P16422_and_P0DUB6,0.29536251290032856,0.19468741238174775,0.43770504784864295,26.03596654275092,76.22100000000002,-3600.987388779783,B_C,,,,,,,,,,,
P16422_and_P0DTE8,0.29536251290032856,0.19468741238174775,0.43770504784864295,26.03596654275092,76.22100000000002,-3600.987388779783,B_C,,,,,,,,,,,
P16422_and_Q9NZN3,0.2703253351314791,0.19463615900656048,0.22166823709627456,24.42942898975108,61.09810810810811,-2858.3798131112744,B_C,,,,,,,,,,,
P16422_and_P55075,0.26490663162196854,0.1946197882402987,0.09441933489634591,22.422814814814807,58.87525423728815,-1473.6073951667686,B_C,,,,,,,,,,,
P16422_and_P06239,0.26067174971337337,0.1945598859351918,0.21581547483044555,23.50390524967991,67.92525773195871,-1365.4044431716702,B_C,,,,,,,,,,,
P16422_and_P32302,0.2573086185430668,0.19453731584828793,0.21620216773271955,23.773033707865203,56.173940886699484,-1449.4273261754342,B_C,,,,,,,,,,,
P16422_and_P10163,0.24873038592152674,0.1945267371629791,0.05285783411974987,13.473774509803915,25.898205128205124,-3416.057103923864,B_C,,,,,,,,,,,
P16422_and_Q16620,0.23129405226936423,0.19452248839242509,0.20355917707367216,25.658856783919525,61.596047619047646,-2267.068042382636,B_C,,,,,,,,,,,
P16422_and_A6NCV1,0.2698012743584154,0.19447105651117874,0.20329520007994095,22.829701230228448,68.69953947368423,-3086.8418312513645,B_C,,,,,,,,,,,
P16422_and_P22301,0.2743970665866161,0.19445688244997633,0.16678664525649708,21.17264150943396,60.74710691823896,-1016.0943838949461,B_C,,,,,,,,,,,
P16422_and_Q96PH1,0.27522574304364045,0.1944359716347867,0.10018502605863912,25.458559498956166,55.901280487804875,-7298.941966381647,B_C,,,,,,,,,,,
P16422_and_Q15077,0.26662130534656076,0.19441280660978597,0.18713985036633238,23.01598039215687,63.04404580152672,-3733.692356268117,B_C,,,,,,,,,,,
P16422_and_Q8TDV2,0.24837964348377695,0.19438882426840876,0.09053953845604178,24.24719251336899,58.025177304964515,-1872.4502728190855,B_C,,,,,,,,,,,
P16422_and_Q9BY67,0.2438347257437054,0.194359695146003,0.21074982998325215,23.99007220216606,66.01051094890514,-4318.041396722023,B_C,,,,,,,,,,,
P16422_and_P01721,0.2827314754499375,0.1943542591297182,0.14029365042875167,22.743490566037735,67.32179012345676,-1112.1003592476977,B_C,,,,,,,,,,,
P16422_and_P05452,0.26967494463270997,0.19433996832825023,0.08936312217658306,18.555882352941165,63.52127999999998,-526.5463547396621,B_C,,,,,,,,,,,
P16422_and_P37173,0.2488580259963489,0.1943023228121694,0.3014347612521865,25.989268867924515,44.52536036036038,-1438.07107739391,B_C,,,,,,,,,,,
P16422_and_Q9ULK0,0.23749254977418685,0.19421132874819283,0.6783824810983984,27.458325219084713,73.51074433656963,-17958.04107618882,B_C,,,,,,,,,,,
P16422_and_Q494U1,0.23132229751191297,0.19420568625725437,0.2685783068591849,23.827857829010608,61.0178205128205,-843.4463082461152,B_C,,,,,,,,,,,
P16422_and_Q96P67,0.26633654921907673,0.1942025358315879,0.1385393213732634,21.292045454545445,49.892347826086954,-922.823096432603,B_C,,,,,,,,,,,
P16422_and_Q92913,0.2606040321409013,0.19416440071212962,0.07876357139378007,21.162242268041233,60.545801526717554,-1762.3293001109096,B_C,,,,,,,,,,,
P16422_and_Q8NH95,0.2780096177035909,0.1941399109600114,0.07710605794147958,19.026500000000002,50.51692307692306,-1150.3973139782884,B_C,,,,,,,,,,,
P16422_and_Q16610,0.23108994999895202,0.19413860012121162,0.2926474971695774,23.36980874316941,66.019417989418,-2263.2201523968542,B_C,,,,,,,,,,,
P16422_and_A6NET4,0.26636195419179426,0.19412689849178427,0.13722448545141336,22.57285191956127,61.1568387096774,-3600.411520376531,B_C,,,,,,,,,,,
P16422_and_Q75V66,0.2924303322414916,0.1941060404066789,0.35423292367932463,26.032256097560943,67.85382352941173,-3584.467624961322,B_C,,,,,,,,,,,
P16422_and_Q8NH41,0.26119244429365096,0.1940732737076282,0.22696743855072835,23.996038034865283,66.35701219512197,-1765.4390175196443,B_C,,,,,,,,,,,
P16422_and_Q969Y0,0.28501132623774245,0.19404306495914894,0.21050981894708742,25.928429203539842,59.54228395061731,-3511.8050255285693,B_C,,,,,,,,,,,
P16422_and_Q96LB9,0.2514147426317175,0.19402388380025634,0.11287923873891793,22.27744610281927,64.21150537634406,-5828.2880442863825,B_C,,,,,,,,,,,
P16422_and_P31997,0.2501982360221441,0.193992176723986,0.23712426621071472,23.771195652173912,67.6775974025974,-1177.2846360221204,B_C,,,,,,,,,,,
P16422_and_Q8NGB4,0.2685656630494349,0.19397611293355693,0.16682711564979383,22.824576271186416,64.83154362416106,-2835.546636224024,B_C,,,,,,,,,,,
P16422_and_P04629,0.2321503115040186,0.19395389388599177,0.27782140388464993,26.387611607142823,54.62015325670498,-3267.388614123267,B_C,,,,,,,,,,,
P16422_and_P16410,0.2650240555173277,0.1939190777538891,0.07443432831434832,20.1500978473581,56.49238095238096,-946.7437147681617,B_C,,,,,,,,,,,
P16422_and_Q9NZI2,0.2653906242630807,0.19390432788476758,0.12237191373588083,21.314117647058847,56.684970059880236,-1578.5364005938136,B_C,,,,,,,,,,,
P16422_and_Q9NY35,0.2581334951363904,0.19389254728316033,0.08224307043914075,17.475649350649338,42.056728971962634,-2760.7768064577945,B_C,,,,,,,,,,,
P16422_and_P51512,0.22999069330124577,0.19386885289748693,0.22171974254456064,24.623553162853327,46.15615720524018,-13965.72643540021,B_C,,,,,,,,,,,
P16422_and_Q15124,0.29636405029535823,0.19381452720457937,0.30742652663531395,25.622084805653714,68.07665236051503,-4070.875439504789,B_C,,,,,,,,,,,
P16422_and_Q14002,0.25395442104063987,0.19381440540913786,0.33327407178361274,23.23902097902097,67.5274251497006,-1852.5020836948927,B_C,,,,,,,,,,,
P16422_and_P62166,0.2710850047307162,0.19378548138000096,0.0956671572950795,20.303314121037474,62.693211009174306,-955.1989484737024,B_C,,,,,,,,,,,
P16422_and_Q6PDA7,0.2870152298789418,0.19378302583970125,0.07635640365518546,14.809198542805104,34.120833333333344,-2215.7727440196395,B_C,,,,,,,,,,,
P16422_and_Q9H342,0.2545665494267125,0.19377225353889269,0.16886259273040946,23.123779637378,58.549238578680196,-1161.100400552983,B_C,,,,,,,,,,,
P16422_and_Q9NQ36,0.26285740956990045,0.19375325806315613,0.29376619820263244,26.528742937853096,65.78446700507612,-3018.2321194376236,B_C,,,,,,,,,,,
P16422_and_Q96CP6,0.22387236297140972,0.19370679716618133,0.4519568198694633,26.17116630669544,64.16658914728683,-1536.5811754757087,B_C,,,,,,,,,,,
P16422_and_P08631,0.2562050772395724,0.19368556569256085,0.2922586870105661,23.76857142857141,67.6709693877551,-2026.992432791485,B_C,,,,,,,,,,,
P16422_and_O75762,0.2649538434095305,0.1936715570898852,0.04754062716360666,29.240000000000023,56.003076923076904,-6970.095329032935,B_C,,,,,,,,,,,
P16422_and_Q02156,0.24847261343452995,0.19366888313192665,0.16205869095744213,25.184883720930262,58.555845410628045,-1202.519452045979,B_C,,,,,,,,,,,
P16422_and_Q9HAP6,0.26797003114447104,0.19364532427871622,0.2388769992581401,20.22588141025643,69.40742331288342,-650.4797030286263,B_C,,,,,,,,,,,
P16422_and_P01229,0.28071016606866706,0.1936227468279725,0.10088949601297693,18.948440366972495,60.01079470198671,-1092.2569455893579,B_C,,,,,,,,,,,
P16422_and_P04632,0.26026587023254383,0.19358553736679626,0.06057217951920041,22.823600746268664,56.36041420118343,-1135.2605127788756,B_C,,,,,,,,,,,
P16422_and_Q16585,0.24895851748947329,0.193571862348723,0.1512075730881387,20.791550279329595,54.95425925925926,-916.8671806133061,B_C,,,,,,,,,,,
P16422_and_Q9GZQ6,0.26095769734457364,0.19355868137880944,0.35054202954757413,23.464861878453014,63.404549549549564,-2466.542204139325,B_C,,,,,,,,,,,
P16422_and_Q14D04,0.2347130261480187,0.19352530804240303,0.13404010762866786,25.978599605522685,63.3712021857924,-2228.3585063665487,B_C,,,,,,,,,,,
P16422_and_P13284,0.2540242647514595,0.19349736904249124,0.18481743969292155,22.990077319587655,72.12612068965515,-1793.0515848964171,B_C,,,,,,,,,,,
P16422_and_A0A0B4J1U7,0.28510304281579235,0.19344717043985268,0.21368521634251048,19.573884514435694,64.31133333333335,-1943.3380200355978,B_C,,,,,,,,,,,
P16422_and_P01236,0.26525592443907614,0.1934395771601773,0.09254034572563197,21.6223776223776,55.71132450331126,-930.9655667684847,B_C,,,,,,,,,,,
P16422_and_Q15043,0.23677289380375224,0.19337951711326498,0.13968821066551282,24.469086651053843,64.5606617647059,-2960.7785423251444,B_C,,,,,,,,,,,
P16422_and_Q86SG7,0.26849091275614206,0.19337914561608388,0.23607179009565543,23.24483430799214,69.22774647887323,-686.4949345512157,B_C,,,,,,,,,,,
P16422_and_P04141,0.2801402226144607,0.1933419245109221,0.10955052723879202,20.406904761904766,61.06095238095239,-815.5138815715686,B_C,,,,,,,,,,,
P16422_and_Q9UN66,0.24071244353053295,0.19333984400308896,0.1634473821970252,26.579187192118212,64.02678571428571,-3411.962452574742,B_C,,,,,,,,,,,
P16422_and_Q8WZ94,0.27070854119277366,0.19331833596258283,0.1608577680964226,22.715176908752348,65.23175324675327,-2801.391612591364,B_C,,,,,,,,,,,
P16422_and_P62491,0.26559796263765567,0.19331339245663953,0.13009107057115984,20.912677304964536,63.54858108108106,-1086.2884678633677,B_C,,,,,,,,,,,
P16422_and_Q16760,0.25304499798235186,0.19323986798711543,0.11680897420945087,27.42983193277309,48.06339181286551,-2438.5427113915903,B_C,,,,,,,,,,,
P16422_and_Q08ET2,0.25487146578287756,0.19323865683674316,0.31570566390289057,25.273408769448395,66.69356725146194,-4997.752228480909,B_C,,,,,,,,,,,
P16422_and_Q14954,0.2507681408633703,0.19320896836661722,0.08016519470532338,23.42000000000003,55.583819444444465,-2291.8039868233527,B_C,,,,,,,,,,,
P16422_and_Q92737,0.26796096185659407,0.19319973518037634,0.23872821938251912,23.122837022132803,64.19169014084508,-1106.5029993817652,B_C,,,,,,,,,,,
P16422_and_Q9NZN4,0.2659508349652605,0.1931886326226292,0.1592238595913921,24.95305642633226,59.14961111111112,-1924.6526618362468,B_C,,,,,,,,,,,
P16422_and_Q4KMZ8,0.26360947861876993,0.19313853645807372,0.17571531208996788,24.029540709812103,49.4496551724138,-2045.1618387852984,B_C,,,,,,,,,,,
P16422_and_O94812,0.2707627607156289,0.19309025164665383,0.541606781995808,27.33081395348833,66.62180327868852,-3392.383463813978,B_C,,,,,,,,,,,
P16422_and_Q15782,0.27994407483653677,0.19306307968709324,0.2616914653131319,22.833478260869533,65.56864130434784,-1643.1906304689778,B_C,,,,,,,,,,,
P16422_and_Q13261,0.2510956757647483,0.1930246834586513,0.1261130563704855,20.670987654320996,63.8063492063492,-845.5700110837988,B_C,,,,,,,,,,,
P16422_and_P51864,0.2679769791989039,0.1930111519112119,0.04165137909178939,19.255693950177953,54.796981132075494,-1275.140499745121,B_C,,,,,,,,,,,
P16422_and_P21128,0.2534255273789434,0.19298467270377534,0.12424347330455911,22.195872420262667,60.33651315789475,-4609.000512754311,B_C,,,,,,,,,,,
P16422_and_P03952,0.25354407000028295,0.19290424272975545,0.6531708435584983,27.586828422876835,61.45601769911506,-4467.536258184795,B_C,,,,,,,,,,,
P16422_and_P20138,0.2415144990067807,0.19288022907746727,0.21746431160791138,24.795045731707308,59.126987179487166,-6950.236357463057,B_C,,,,,,,,,,,
P16422_and_Q12841,0.2469982964315878,0.19278966058942285,0.27777620700673306,23.48857142857142,63.03816666666666,-3831.810482199154,B_C,,,,,,,,,,,
P16422_and_P18509,0.27402941400153347,0.19278455364744917,0.08275037335843477,15.040598290598293,35.93055172413791,-2666.914930309711,B_C,,,,,,,,,,,
P16422_and_Q01844,0.223790166571052,0.1927612439826648,0.15699389071614853,24.289463601532535,60.658082191780814,-2021.0546882709605,B_C,,,,,,,,,,,
P16422_and_Q8NGN1,0.25702271829610046,0.19275429416113182,0.1456495081122526,23.45354671280276,60.95870370370368,-2872.3314112379326,B_C,,,,,,,,,,,
P16422_and_P04839,0.28774041749446044,0.19274737007796822,0.11623602964092529,24.04844036697248,55.117191011235924,-3808.4979321053393,B_C,,,,,,,,,,,
P16422_and_Q9NPH9,0.2736235597852228,0.1927372018601337,0.12772765353931148,21.11045130641331,57.059999999999995,-1265.4918666649446,B_C,,,,,,,,,,,
P16422_and_Q8WVH0,0.2741639363777149,0.19272796734986855,0.039464810483562665,19.444714285714284,52.20456896551724,-1897.5690745936445,B_C,,,,,,,,,,,
P16422_and_P01308,0.2877712879304225,0.1926815585481435,0.10782809660562409,17.663144963144955,46.233157894736856,-1217.3239006926142,B_C,,,,,,,,,,,
P16422_and_Q9NZ42,0.2897244304046219,0.19263119038389567,0.08914616574781672,20.115357142857157,47.951860465116276,-2258.8247985184407,B_C,,,,,,,,,,,
P16422_and_Q8NEX6,0.2948955239265644,0.19261571137568353,0.08298819153641618,18.282186732186723,51.611565217391295,-1640.288659764743,B_C,,,,,,,,,,,
P16422_and_Q7L0Q8,0.2583882342727537,0.19261346951593375,0.10498434187361663,20.12181467181466,64.90827160493825,-1926.8504412171724,B_C,,,,,,,,,,,
P16422_and_P04085,0.2633928095137626,0.19254021792192524,0.1285908945526629,20.04380434782605,58.69646666666666,-1378.0094068906849,B_C,,,,,,,,,,,
P16422_and_P31371,0.26657205494941805,0.19253366366177743,0.15048928751848048,20.78808463251669,67.53954248366017,-570.7514761784469,B_C,,,,,,,,,,,
P16422_and_Q9UN88,0.24022639566956827,0.192502893561101,0.34049891625294143,23.875034482758604,64.2948275862069,-1643.2613646507143,B_C,,,,,,,,,,,
P16422_and_P04201,0.2600949297867293,0.19248831154337248,0.1513918505044588,25.05241758241758,54.83797297297294,-1431.1285964451372,B_C,,,,,,,,,,,
P16422_and_Q8N5I2,0.2490180760562924,0.1924839950710551,0.2271693886781062,23.825486111111083,67.95446927374304,-1627.0794824110053,B_C,,,,,,,,,,,
P16422_and_A0A1B0GTK4,0.27299984709534947,0.1924519170566198,0.11354580456377683,20.03118195956453,57.116384180790924,-1471.8575126658661,B_C,,,,,,,,,,,
P16422_and_Q53H76,0.28169818914211175,0.19240375801372128,0.24875552258581218,24.365384615384624,70.58064102564103,-2977.648452168769,B_C,,,,,,,,,,,
P16422_and_P29320,0.22503745903012856,0.19235609551050642,0.25960113636888965,26.22807551766135,62.49035874439459,-3157.3296913338163,B_C,,,,,,,,,,,
P16422_and_Q17RR3,0.28148246341560723,0.19233110983453805,0.1237473950752624,24.195892575039487,63.80136612021856,-1452.8748687501247,B_C,,,,,,,,,,,
P16422_and_Q9BXS4,0.24850617000198144,0.19229909376608867,0.20596001292819388,21.900828460038976,57.51917431192659,-1765.4432221250318,B_C,,,,,,,,,,,
P16422_and_P37088,0.2588522726147448,0.19228668245346575,0.09047936249634511,24.618571428571418,64.52883333333332,-2679.5615104050175,B_C,,,,,,,,,,,
P16422_and_O15204,0.2585954894993801,0.1922633760587641,0.1871967788829231,23.417942283563324,58.301923076923046,-1172.7915637670776,B_C,,,,,,,,,,,
P16422_and_P25025,0.25681158735310805,0.19222012293800605,0.16941927264272283,24.751677419354795,60.10703517587935,-3140.673674229538,B_C,,,,,,,,,,,
P16422_and_P62070,0.2667276009274138,0.1921398899259416,0.09178380435280298,21.64036144578313,66.07962962962962,-1216.4842652455893,B_C,,,,,,,,,,,
P16422_and_Q13237,0.2675294774282302,0.19213015874746558,0.1488860131464821,25.365833333333363,60.07176165803109,-12883.705993637646,B_C,,,,,,,,,,,
P16422_and_Q8NGF9,0.26488347364866294,0.192117582136631,0.15965034909454787,22.598705179282884,64.6682394366197,-2519.7885470793562,B_C,,,,,,,,,,,
P16422_and_Q8IWU5,0.25858968937018856,0.19206818574168866,0.22326301495817316,27.128263795423965,64.22588477366261,-3382.6389656496794,B_C,,,,,,,,,,,
P16422_and_P18827,0.24608987393294643,0.1920387903995704,0.03772855875527248,17.232900432900426,27.382051282051286,-807.870176138349,B_C,,,,,,,,,,,
P16422_and_Q8NGL9,0.26563343665354966,0.1920381744335952,0.20066829469276232,24.165959119496875,64.7129012345679,-2046.2066572299216,B_C,,,,,,,,,,,
P16422_and_Q9UK55,0.2681663973581899,0.19201743919070707,0.15204846705117775,23.736573311367376,65.38035087719298,-4941.290806927338,B_C,,,,,,,,,,,
P16422_and_O14817,0.26061396757018546,0.19199454057311527,0.15730260829098305,21.495098039215705,63.515915492957745,-1668.4096743831876,B_C,,,,,,,,,,,
P16422_and_Q9NR82,0.22000367081057334,0.19199321017969462,0.019567076794017795,25.925438596491222,33.48046511627906,-3875.209885445678,B_C,,,,,,,,,,,
P16422_and_P03956,0.2696340915625551,0.19197270527930557,0.42278679104392025,22.462015503875985,60.39282700421937,-3632.3653167914963,B_C,,,,,,,,,,,
P16422_and_Q8N6C8,0.2587236489785235,0.19195030351753964,0.20615667702426418,20.783971291866052,66.52187845303864,-869.7947673523595,B_C,,,,,,,,,,,
P16422_and_P30518,0.2533794452962427,0.19193490162807025,0.20545118976715998,24.900257466529382,57.74872807017546,-2628.54900226684,B_C,,,,,,,,,,,
P16422_and_Q9H1E1,0.27668798807139783,0.1918628754401095,0.15233131983730958,20.305582524271834,66.00582608695652,-1404.217024957036,B_C,,,,,,,,,,,
P16422_and_P46721,0.2841477987996711,0.19182483641761813,0.11502792090282957,24.319201807228943,54.608411764705885,-5385.5910115853685,B_C,,,,,,,,,,,
P16422_and_P02775,0.2802311560967265,0.19175430845200248,0.09124440301255471,17.790450643776833,44.71390243902439,-945.6388448493635,B_C,,,,,,,,,,,
P16422_and_Q9NSA0,0.2842760375690254,0.19172890760628475,0.25490160524831945,24.41193467336684,61.73087628865981,-2753.637538889573,B_C,,,,,,,,,,,
P16422_and_P35030,0.2518539611450572,0.1917190810293784,0.13312640912432894,23.367307692307705,62.34565573770494,-5797.651166207455,B_C,,,,,,,,,,,
P16422_and_Q9BV57,0.2685583032813341,0.19167702223596692,0.1412295798434867,18.705516431924888,65.364375,-1997.8783652323468,B_C,,,,,,,,,,,
P16422_and_Q32P28,0.25079212872780043,0.1916601628847961,0.16604749412899975,25.591906005221947,64.97840579710146,-4578.748728451788,B_C,,,,,,,,,,,
P16422_and_Q8TC92,0.22006009992474582,0.19163605465323685,0.09971387684269396,25.443396226415103,64.24056074766355,-3593.929777602625,B_C,,,,,,,,,,,
P16422_and_Q9BXN1,0.25980330714394984,0.19163378490466942,0.17889903806338284,22.24405940594061,68.25347826086956,-1874.6171855673856,B_C,,,,,,,,,,,
P16422_and_Q8NGG8,0.2683121005099872,0.19161982833547322,0.1372366118908689,22.901578947368417,66.57963768115943,-3161.1777393657057,B_C,,,,,,,,,,,
P16422_and_Q6UWY0,0.28894862582422365,0.1915991977933466,0.42189609041849796,24.94305157593123,61.76502590673574,-1547.344214794511,B_C,,,,,,,,,,,
P16422_and_P13945,0.2537989044356194,0.19159057258398482,0.18836863215524516,24.471234119782185,63.77606249999998,-1693.3566687660177,B_C,,,,,,,,,,,
P16422_and_Q9GZU5,0.26681497619050937,0.19158064382328915,0.061555073045433895,25.893933823529416,45.97382608695652,-6006.5220510596055,B_C,,,,,,,,,,,
P16422_and_Q9NUP9,0.2683412671050123,0.19155368211694856,0.20473238249856393,21.315224111282877,64.76098159509206,-1345.2394030920368,B_C,,,,,,,,,,,
P16422_and_Q5T7M4,0.25062193543923234,0.1915517316605589,0.12272476423883791,20.886971830985914,64.66204724409448,-1065.0396624092227,B_C,,,,,,,,,,,
P16422_and_O76036,0.24695888287399037,0.1915196660549848,0.20181488027071587,23.74578207381375,68.71441558441559,-6579.55110906484,B_C,,,,,,,,,,,
P16422_and_P21810,0.2627547800540409,0.1915184271650542,0.11305029178823606,20.715682281059053,66.3553164556962,-2029.0223992173333,B_C,,,,,,,,,,,
P16422_and_Q96R47,0.2676398900353759,0.19151429935867853,0.16841850553957657,23.91971580817051,62.38559006211177,-3259.9228532313527,B_C,,,,,,,,,,,
P16422_and_Q9UQ72,0.24405537199291188,0.19150230269241705,0.4288490126144067,22.20814393939391,71.58081395348836,-768.3931423230247,B_C,,,,,,,,,,,
P16422_and_Q96J02,0.24258730554104885,0.19150160541659328,0.22844539492985155,26.7071798188874,59.069868421052654,-2122.651445172698,B_C,,,,,,,,,,,
P16422_and_Q16627,0.2907783451141514,0.19148621894363047,0.12120052770024052,19.26350626118067,56.7153846153846,-1271.347040821162,B_C,,,,,,,,,,,
P16422_and_P32121,0.2593501858965356,0.1914400364354823,0.1417854198898786,22.834324324324303,61.964099378881976,-1288.8690123478746,B_C,,,,,,,,,,,
P16422_and_Q15391,0.2650636044608584,0.19142015446879768,0.13920129734428055,25.052278820375335,67.33947761194031,-2233.533431426855,B_C,,,,,,,,,,,
P16422_and_Q12805,0.2306634573289577,0.19141673335922785,0.07412650606135922,24.235648148148137,53.36232142857142,-2334.8761342596126,B_C,,,,,,,,,,,
P16422_and_Q9UIG4,0.2772853598132348,0.1913838746978456,0.05189409519371771,19.60503048780489,41.78752293577979,-1525.472448154862,B_C,,,,,,,,,,,
P16422_and_O95157,0.26053128368491796,0.19135142313591935,0.0763741440435041,20.104579439252337,56.83797297297296,-870.1089918847865,B_C,,,,,,,,,,,
P16422_and_Q15642,0.2316604618217344,0.19133861589971124,0.16839269941695698,26.418327402135215,73.90611764705882,-1766.55762467374,B_C,,,,,,,,,,,
P16422_and_Q6PEY0,0.2611927999371135,0.19128153291863395,0.10823923932766126,20.828319502074695,47.067096774193544,-3184.571865206453,B_C,,,,,,,,,,,
P16422_and_O95057,0.266815115287369,0.19127910485409388,0.07206996233611958,21.499228791773795,59.567555555555565,-1830.6196323783715,B_C,,,,,,,,,,,
P16422_and_P46663,0.2629126652789252,0.19117796814341326,0.1322034173589931,22.825230202578283,63.70932515337423,-4830.4357177710235,B_C,,,,,,,,,,,
P16422_and_P47871,0.24828050202004637,0.1911584012562403,0.09315082419841672,24.685697940503452,51.88692307692307,-2158.872883881797,B_C,,,,,,,,,,,
P16422_and_Q8TAT2,0.25931878162589744,0.1911377529431296,0.22486804577016198,19.135196195005967,61.97127551020407,-794.0350731783037,B_C,,,,,,,,,,,
P16422_and_P07332,0.2299162175124472,0.19111656033498586,0.0740092749157144,25.166159250585487,63.42153846153847,-2358.7869981241747,B_C,,,,,,,,,,,
P16422_and_Q4ZJI4,0.2685929678958855,0.19111163011339496,0.11359638856856245,24.626694915254262,71.00694214876032,-5054.010783254859,B_C,,,,,,,,,,,
P16422_and_P47884,0.26507164386572823,0.1910996672518339,0.14121674797217018,21.85997854077253,63.6504347826087,-2419.815790853149,B_C,,,,,,,,,,,
P16422_and_Q5EBL8,0.2783081754735107,0.19105947713466437,0.12290955775911426,18.85153225806453,49.92462962962965,-1094.7786359643824,B_C,,,,,,,,,,,
P16422_and_Q13621,0.27281971039937614,0.19104253124302784,0.03461974616476267,28.754411764705857,53.035322580645165,-3913.788023607168,B_C,,,,,,,,,,,
P16422_and_Q04759,0.2457291166286747,0.19103526698852114,0.30895754564765043,25.727125941873016,61.4884645669291,-3603.7406496989897,B_C,,,,,,,,,,,
P16422_and_O75131,0.2652231477071165,0.19099982137472066,0.2293072068135533,24.130869565217374,65.76665071770336,-2219.925764615338,B_C,,,,,,,,,,,
P16422_and_P01742,0.28194492242946045,0.1909780606302247,0.19628256753764492,20.02907216494844,64.94284615384613,-1255.8288000068283,B_C,,,,,,,,,,,
P16422_and_P31749,0.25474114098075074,0.19096798147247862,0.16655651884488934,23.318487394957998,62.86523809523807,-4098.689318162583,B_C,,,,,,,,,,,
P16422_and_P51800,0.2714626023655208,0.1909127205161935,0.07007848839850475,26.12779187817258,41.73873417721521,-6606.764094058321,B_C,,,,,,,,,,,
P16422_and_P07858,0.2689929778887972,0.19089365844494005,0.46479364049295907,25.004850299401205,72.1771219512195,-1114.7486879307091,B_C,,,,,,,,,,,
P16422_and_P11279,0.24173494113204952,0.19087694227399316,0.32856588639956474,24.580275862068962,63.63464454976305,-2108.7292167695778,B_C,,,,,,,,,,,
P16422_and_Q9UF02,0.24888487729835765,0.19086827857262278,0.0768273046478511,22.078314606741607,40.43885714285715,-1849.632752799007,B_C,,,,,,,,,,,
P16422_and_Q9Y2A7,0.302598833994403,0.1908568205340784,0.0,27.975,49.58428571428571,-3354.452318009722,B_C,,,,,,,,,,,
P16422_and_P58549,0.2951405408350012,0.19085574604047817,0.056947115479935695,14.75696721311476,38.643908045977,-1673.5806038589758,B_C,,,,,,,,,,,
P16422_and_Q14714,0.2536920396211856,0.19076775872584079,0.08978275318824333,21.801752336448594,59.937443609022566,-1115.255220541946,B_C,,,,,,,,,,,
P16422_and_Q9N2J8,0.24271864611542818,0.19075597076819858,0.15285147802489332,21.805662983425478,53.743822222222235,-1807.2887304851029,B_C,,,,,,,,,,,
P16422_and_B0I1T2,0.26164930293332234,0.19071537206192724,0.03531127279773601,26.99149659863945,46.415194805194794,-3477.4443857620945,B_C,,,,,,,,,,,
P16422_and_Q8NGP4,0.2680444620648307,0.1907103555121215,0.18542340302444354,22.76888888888888,67.2990070921986,-3943.94713933658,B_C,,,,,,,,,,,
P16422_and_Q969K3,0.24118834604209577,0.1907055242416299,0.08092674059553615,19.78667883211677,57.879225806451615,-919.2381572426166,B_C,,,,,,,,,,,
P16422_and_P17931,0.2598027675463468,0.1906519751770529,0.35044530179009087,22.159940209267614,67.21987421383646,-2308.3199092584946,B_C,,,,,,,,,,,
P16422_and_O43827,0.2453703976015002,0.19062549657024092,0.07785133509980023,21.065598885793896,62.55830645161289,-1868.517207875574,B_C,,,,,,,,,,,
P16422_and_P30559,0.2536691137976246,0.19060148159408918,0.17991754807128948,23.847598870056448,54.861693121693115,-3619.1936060327207,B_C,,,,,,,,,,,
P16422_and_P11234,0.2655844915773073,0.19058737951734825,0.09173239195230885,21.685038363171355,62.756779661016985,-7399.0998810480505,B_C,,,,,,,,,,,
P16422_and_Q9NZ20,0.23006324987155263,0.1905334565617412,0.12855234243743113,24.47517605633801,61.08952631578949,-1614.789694648818,B_C,,,,,,,,,,,
P16422_and_O95965,0.2290715901280046,0.19052972616071404,0.22584882147790428,24.075259515570984,46.69959595959595,-4782.510426952186,B_C,,,,,,,,,,,
P16422_and_P08670,0.22904569435306332,0.19051199223951792,0.047643115931287706,23.31869158878505,28.821000000000005,-1460.9110134229995,B_C,,,,,,,,,,,
P16422_and_Q8NGB9,0.2673913317850874,0.19049548658655696,0.15898156756530973,23.203391684901504,67.29451388888889,-1877.7862674284481,B_C,,,,,,,,,,,
P16422_and_P48048,0.23416336942315866,0.19048562337249805,0.13511698006099687,24.804921259842498,60.400101010101025,-2005.3342718696695,B_C,,,,,,,,,,,
P16422_and_Q6EIG7,0.26529529198845503,0.19047773592866868,0.12926138378983712,21.727977315689955,59.50248226950356,-1276.7707590235375,B_C,,,,,,,,,,,
P16422_and_Q5JUK3,0.27180132505426124,0.19043908212008787,0.2481912802568567,28.008165548098404,59.07540145985401,-3208.15794507751,B_C,,,,,,,,,,,
P16422_and_Q07325,0.28225921278689625,0.19040424533155223,0.11917569769737328,18.725194552529178,50.625328467153295,-802.470355859969,B_C,,,,,,,,,,,
P16422_and_Q8NGC6,0.2634518562279978,0.19032901142945663,0.17557717691003244,23.757107023411386,63.4584076433121,-3286.4474067340843,B_C,,,,,,,,,,,
P16422_and_P01185,0.27360300812437444,0.1903260157259385,0.10068583025043164,18.832933579335812,61.29810810810811,-1023.2853677733901,B_C,,,,,,,,,,,
P16422_and_A0A1B0GVH4,0.2636296370838591,0.1903222500514088,0.06969279660767236,22.975085910652908,51.418662420382205,-1202.3010145442022,B_C,,,,,,,,,,,
P16422_and_P25815,0.2885866610387624,0.19028875794415406,0.0659675962109591,20.6125448028674,61.72371134020619,-826.1951871817446,B_C,,,,,,,,,,,
P16422_and_Q15084,0.23419251067843116,0.19026361091030508,0.3437650731307268,23.40781954887218,71.9273417721519,-1374.699564362536,B_C,,,,,,,,,,,
P16422_and_Q9BWL3,0.2544770809897126,0.19025915032159188,0.11879254300757373,22.100714285714307,53.988020833333344,-1047.905462623341,B_C,,,,,,,,,,,
P16422_and_Q03405,0.24890796155760656,0.19024301517687317,0.20724225578900757,22.55534124629086,64.43538461538465,-721.3215517653607,B_C,,,,,,,,,,,
P16422_and_P55042,0.2516463067278313,0.19020942549583358,0.15057660272159099,21.39322990126937,57.645752688172024,-1370.7360488181876,B_C,,,,,,,,,,,
P16422_and_Q9Y271,0.25887960154775896,0.19013698278209892,0.209000755413767,23.737951807228935,58.689875000000015,-1848.296903687492,B_C,,,,,,,,,,,
P16422_and_Q6UWT4,0.29339790553703027,0.19012642465487437,0.07403828492164374,14.756638418079087,32.269514563106796,-2469.178524874704,B_C,,,,,,,,,,,
P16422_and_P50391,0.25143076236494905,0.19010361009223053,0.2593224657560839,24.513675675675728,61.16955156950675,-1251.1998689541688,B_C,,,,,,,,,,,
P16422_and_P22079,0.2970749439625835,0.19009288368838573,0.4219163023501651,25.69412997903563,59.82824999999996,-2512.23626636454,B_C,,,,,,,,,,,
P16422_and_P29466,0.2431355356680648,0.19002605074893314,0.09894450307275937,22.757001795332133,63.93359281437121,-2008.4785795637363,B_C,,,,,,,,,,,
P16422_and_A0A0B4J1Y9,0.28017883705584457,0.18999907413620676,0.22347943337885906,21.604278728606335,74.2694827586207,-1271.1849999191577,B_C,,,,,,,,,,,
P16422_and_A0A0B4J1V7,0.28200876818951154,0.18997621692486222,0.150471069091504,21.394493392070498,64.45327999999998,-1368.7495231806954,B_C,,,,,,,,,,,
P16422_and_Q16348,0.2869039379012821,0.18991088829457714,0.2863734858076566,26.874461206896584,48.835928571428575,-2137.038537459454,B_C,,,,,,,,,,,
P16422_and_Q9H2X3,0.24230183450189807,0.18980140401389886,0.10678431178184847,23.354976851851855,61.276012269938626,-756.3787517586607,B_C,,,,,,,,,,,
P16422_and_Q8NFP4,0.2421115203753711,0.18970710062984897,0.038702727002974724,25.1608974358974,50.31415384615384,-4725.466577568648,B_C,,,,,,,,,,,
P16422_and_P05090,0.26806491124147325,0.1896254342520635,0.14015848011771903,21.508554216867452,65.9172463768116,-937.4178331309663,B_C,,,,,,,,,,,
P16422_and_Q8IXL6,0.2597504250162966,0.189625427550074,0.22467745229082933,25.810409836065617,55.33606060606058,-1953.2480211220018,B_C,,,,,,,,,,,
P16422_and_Q8IW52,0.23865730917809674,0.18960865272179833,0.6230563577835662,26.437423312883418,72.23621451104108,-3346.199430411787,B_C,,,,,,,,,,,
P16422_and_P41439,0.2597022967796517,0.1895897151482816,0.3076914911668436,24.234573643410833,70.71827777777783,-897.1789822512621,B_C,,,,,,,,,,,
P16422_and_Q1ZYL8,0.26022617233622214,0.18956092378142503,0.10208819432511437,20.83049295774646,50.01299435028249,-1226.3251760283056,B_C,,,,,,,,,,,
P16422_and_P42127,0.27850612721567014,0.18954750303596482,0.11866415647000521,16.864021739130436,48.63572649572648,-588.1493863592805,B_C,,,,,,,,,,,
P16422_and_Q9ULV4,0.2733426327364726,0.18953279417364102,0.17390712873861155,24.623671096345515,68.51191860465119,-2859.3235406782846,B_C,,,,,,,,,,,
P16422_and_Q9BYW3,0.2858949994294452,0.1894391992101355,0.10433218559236306,17.38401937046006,39.9224347826087,-501.80514662995483,B_C,,,,,,,,,,,
P16422_and_P43003,0.25487260329560535,0.1894377718701386,0.16347501885315335,25.814487632508822,55.38199999999997,-3199.147706147083,B_C,,,,,,,,,,,
P16422_and_Q96R54,0.26317307415482144,0.18942307261352204,0.11592118898702307,21.402035623409656,68.41815384615386,-1399.7923317921986,B_C,,,,,,,,,,,
P16422_and_Q8WXH6,0.2544504983606682,0.1894119350097287,0.09086233777499678,20.80898661567876,61.5150955414013,-1271.3089233488336,B_C,,,,,,,,,,,
P16422_and_Q10472,0.2784568992297095,0.1893108184101756,0.25903112224569885,25.629064039408888,56.10726804123711,-5108.574082330728,B_C,,,,,,,,,,,
P16422_and_Q9H244,0.25958243314224977,0.1892788433199195,0.10702780163145595,24.47956730769228,63.56692307692305,-2109.8910741071363,B_C,,,,,,,,,,,
P16422_and_Q8TCY5,0.2660562950448183,0.18927108997482048,0.06102419068127722,15.403992395437268,27.33693181818182,-1366.7090876147777,B_C,,,,,,,,,,,
P16422_and_Q96D96,0.25180510499294906,0.18926881388402328,0.03709773559221648,21.17975708502025,55.807222222222215,-1448.161380307125,B_C,,,,,,,,,,,
P16422_and_P22004,0.23717755254153686,0.18922405341273826,0.2157628543369107,26.16927152317877,62.42780269058296,-1362.6043908276588,B_C,,,,,,,,,,,
P16422_and_Q8NI32,0.2689188656445207,0.18918563471327707,0.09206786376329122,21.276475694444464,54.69534591194966,-3752.187833622969,B_C,,,,,,,,,,,
P16422_and_Q9NRR6,0.24897188403398335,0.18915546998708327,0.2924638540214866,24.8092776203966,70.56421686746987,-3297.445532390753,B_C,,,,,,,,,,,
P16422_and_O94779,0.22902601969629338,0.1891351687559087,0.21401215223631584,27.48663157894736,62.99456790123458,-3372.107515121245,B_C,,,,,,,,,,,
P16422_and_P09543,0.2743780790199119,0.18912772968984576,0.21034120743512646,23.16587643678164,68.46074468085106,-1513.5233761580473,B_C,,,,,,,,,,,
P16422_and_P51679,0.2574318754946471,0.18912361456792962,0.1084831740597921,24.527887788778823,58.74419540229885,-1706.6698935449986,B_C,,,,,,,,,,,
P16422_and_P54760,0.22807921702675876,0.1889495617393372,0.14079829048762174,27.396145374449404,57.14768817204297,-3072.07763955293,B_C,,,,,,,,,,,
P16422_and_O15162,0.2495472536748483,0.18893075398740952,0.12154308273308441,23.195805369127516,55.53088495575219,-1464.328125865617,B_C,,,,,,,,,,,
P16422_and_Q14507,0.2754566384443626,0.18890648957349276,0.12351007106143515,20.588354700854687,64.5819852941176,-903.8528671796747,B_C,,,,,,,,,,,
P16422_and_Q9NY99,0.2689668680145725,0.18889888230515606,0.06765544836322318,26.600952380952332,49.03159340659341,-2166.3986560795083,B_C,,,,,,,,,,,
P16422_and_P35222,0.26128811191952045,0.18887103659143933,0.3462105487731255,27.543935926773475,61.99522580645163,-4052.8270327817318,B_C,,,,,,,,,,,
P16422_and_P03951,0.25390285984502325,0.1888126351230702,0.44466331219412925,25.22729766803835,58.518630952380924,-9291.672238827103,B_C,,,,,,,,,,,
P16422_and_Q969N4,0.2674089362092117,0.1888087852356658,0.3062657501275153,24.474101123595474,65.94070422535215,-5803.667405169219,B_C,,,,,,,,,,,
P16422_and_Q9NV29,0.27592175338032227,0.18880770942724523,0.06189783081126536,17.85227272727274,33.748100000000015,-963.0748536689912,B_C,,,,,,,,,,,
P16422_and_Q9NVZ3,0.2524709332162601,0.18880027457907292,0.2172956162386319,21.37191283292977,68.25196850393704,-654.3596944662131,B_C,,,,,,,,,,,
P16422_and_Q9BZD2,0.2692276671034276,0.18875423072988637,0.13534185408355934,26.439915966386582,57.298341463414616,-4388.1780017141255,B_C,,,,,,,,,,,
P16422_and_Q14722,0.2632881824985154,0.1887213849684763,0.24181154646653275,24.363319672131137,70.79105590062113,-2871.1652217952924,B_C,,,,,,,,,,,
P16422_and_B6A8C7,0.25524512729230364,0.18867302999229119,0.12895873330019664,21.830476190476194,68.52871559633027,-1007.8053948148836,B_C,,,,,,,,,,,
P16422_and_O60542,0.2733831230701075,0.18867002269781974,0.05612648872067463,19.45855457227137,62.27111940298506,-1060.2388407715239,B_C,,,,,,,,,,,
P16422_and_Q9BRK5,0.2558620375077434,0.18866419995413095,0.3333675786179467,22.20403963414633,68.24548387096772,-3259.951853049859,B_C,,,,,,,,,,,
P16422_and_P48067,0.27042776340929775,0.1886486358677922,0.2525926623877732,25.85095693779901,51.26961165048545,-4758.87987098776,B_C,,,,,,,,,,,
P16422_and_Q13241,0.2685915216513726,0.18862787464505915,0.1079704343746343,20.11394230769232,59.31476190476189,-3355.1363030186567,B_C,,,,,,,,,,,
P16422_and_O60565,0.2651102139059534,0.1886188000793681,0.1396858588405993,20.176136363636367,60.422391304347805,-2336.432170724356,B_C,,,,,,,,,,,
P16422_and_Q9UNW8,0.2523518376946453,0.18856480602965964,0.3495905532785522,24.879670329670322,61.808407643312115,-4504.197914595764,B_C,,,,,,,,,,,
P16422_and_Q8WWY8,0.274557837601305,0.18855244163722193,0.23419953743933505,24.838935108153088,67.15986301369863,-3018.560142794725,B_C,,,,,,,,,,,
P16422_and_Q16651,0.25595389544235975,0.18854268009797612,0.1961985338380329,21.63852889667253,62.58375000000001,-851.4821530408735,B_C,,,,,,,,,,,
P16422_and_Q8NGD2,0.26334290931762633,0.18850202525163842,0.16201034529137354,23.367745098039208,62.80444444444442,-2197.673888857572,B_C,,,,,,,,,,,
P16422_and_Q6UWJ1,0.2587652457898255,0.18849240322703567,0.16737727049077264,24.247174447174444,63.47196721311476,-2095.171342161083,B_C,,,,,,,,,,,
P16422_and_Q8NH42,0.25617732655741043,0.18849239660771822,0.2225694427694767,24.498079658605945,64.0812716763006,-1782.5045130820927,B_C,,,,,,,,,,,
P16422_and_Q8WWF1,0.2766643887152042,0.18841630004121965,0.11451441853645984,15.840681362725446,30.290578512396696,-389.58638808530486,B_C,,,,,,,,,,,
P16422_and_Q9NV96,0.25079935483983573,0.1883899593139959,0.21987481583185212,21.825090579710153,61.924485294117645,-2000.9929387002273,B_C,,,,,,,,,,,
P16422_and_Q9ULC5,0.27644192828015557,0.18837284302130125,0.3527042992459178,25.2990186915888,62.87285714285713,-2694.878980076564,B_C,,,,,,,,,,,
P16422_and_O75106,0.2981556360962352,0.18833348419016127,0.31300318457985,26.406899810964077,65.84737588652484,-11865.559008409677,B_C,,,,,,,,,,,
P16422_and_Q93063,0.2463448743881098,0.1883217425061663,0.036931500775648704,26.012898089171962,46.39966887417218,-4348.879113472682,B_C,,,,,,,,,,,
P16422_and_Q9NQX3,0.24706287765204715,0.1882541003474559,0.2776518744296321,25.559302325581392,61.21833333333329,-2253.631280625971,B_C,,,,,,,,,,,
P16422_and_P16581,0.22225699746728114,0.18822586350904535,0.1005865800028571,22.36115973741792,59.633600000000044,-3012.3132677693266,B_C,,,,,,,,,,,
P16422_and_Q9P232,0.23060175726125234,0.18821434429569256,0.4028490337963166,27.66669004207575,66.41227272727271,-3035.953906597202,B_C,,,,,,,,,,,
P16422_and_P26022,0.24313186957503546,0.18819945737264682,0.23010913689728676,22.57186440677964,64.23235294117653,-899.3059098308258,B_C,,,,,,,,,,,
P16422_and_O95994,0.2697272422552543,0.18819415244661955,0.3203966105294716,20.870986238532115,73.20257352941175,-1028.2398063884707,B_C,,,,,,,,,,,
P16422_and_Q9Y6F9,0.2547538259631847,0.18813312490085837,0.1765028029714409,24.016245791245808,60.0536180904523,-1258.4836641400925,B_C,,,,,,,,,,,
P16422_and_P02763,0.2604135857384118,0.18809773975375327,0.277875120806071,23.9315750371471,62.95160493827165,-4490.634415926649,B_C,,,,,,,,,,,
P16422_and_Q96P68,0.2570213931106261,0.18809699595798207,0.15023847279868266,25.001972157772638,63.16525925925928,-1470.969691382585,B_C,,,,,,,,,,,
P16422_and_P57764,0.2596320964914018,0.18805775325737933,0.09137666580528896,20.465850515463927,52.34198895027626,-1547.8389354167011,B_C,,,,,,,,,,,
P16422_and_P08034,0.2504392881425634,0.18805752087315475,0.09998712011269538,19.227453271028033,44.213925233644865,-1624.1998432056134,B_C,,,,,,,,,,,
P16422_and_Q9HD47,0.2646779809000986,0.18805510449584117,0.09849296113550376,21.71699751861045,60.840143884892065,-5825.529646125498,B_C,,,,,,,,,,,
P16422_and_P20382,0.26883376245459384,0.188019959540765,0.09297644409547239,12.527321428571433,27.814945054945053,-1726.2528825857407,B_C,,,,,,,,,,,
P16422_and_Q6ZNF0,0.2809202745698428,0.1879920611495962,0.23972045133356765,24.167486338797797,64.48011834319534,-12442.313467649139,B_C,,,,,,,,,,,
P16422_and_Q9H9K5,0.22779556442774646,0.1879906228796658,0.05604291140262395,24.083333333333343,47.839371980676354,-3219.0419635235303,B_C,,,,,,,,,,,
P16422_and_Q7RTZ1,0.23527143590544455,0.18796229617247528,0.26313881529882416,23.92985933503843,61.27346153846151,-2457.8524033785397,B_C,,,,,,,,,,,
P16422_and_Q03591,0.24100812437951186,0.18794495066667094,0.061986622210455616,24.39783653846153,54.10149700598801,-1619.2929173033772,B_C,,,,,,,,,,,
P16422_and_P07998,0.27233749899120885,0.1878732131578143,0.19063675006035108,20.30778611632272,54.590977443609034,-962.9980178490862,B_C,,,,,,,,,,,
P16422_and_Q8WZ92,0.25631216568950366,0.18786392609528313,0.14685794779703434,23.18754752851713,62.9732,-3120.347910733741,B_C,,,,,,,,,,,
P16422_and_Q14642,0.27856883672159427,0.1878565721567216,0.3284209596408768,22.8777303754266,58.80367741935487,-1860.2922463721793,B_C,,,,,,,,,,,
P16422_and_Q01518,0.22990368927932958,0.18785395761868268,0.09839320938222282,24.559669811320735,55.22598802395206,-1849.3081856673452,B_C,,,,,,,,,,,
P16422_and_Q2WEN9,0.24257192509087966,0.18777899954400176,0.07413308587842694,25.866061452513964,58.86844262295081,-2363.302007596812,B_C,,,,,,,,,,,
P16422_and_Q13510,0.2706052931001335,0.18776001990120608,0.11349810920849926,24.071489361702103,58.643717948717935,-1084.1114422695746,B_C,,,,,,,,,,,
P16422_and_Q7RTP0,0.2585959548999224,0.18774598922328056,0.06476726677534854,23.72730375426621,64.90513274336286,-1809.6871346731698,B_C,,,,,,,,,,,
P16422_and_Q92953,0.21148688224604004,0.1877438541701268,0.2398135214819246,26.01258802816902,64.10641891891888,-2809.4909488699996,B_C,,,,,,,,,,,
P16422_and_Q8TCZ2,0.24960140141832865,0.18769186020107073,0.04136196692783327,18.069033232628396,39.086526315789484,-2926.812333715552,B_C,,,,,,,,,,,
P16422_and_Q9H1F0,0.2928418337853328,0.18769150092896827,0.1393047377627575,17.677319587628876,41.70681818181817,-481.7144982775835,B_C,,,,,,,,,,,
P16422_and_Q96PS8,0.2599506925250603,0.18765835272342607,0.34896420405099504,23.691631355932227,66.47557692307693,-1329.1132664430215,B_C,,,,,,,,,,,
P16422_and_O00337,0.2717596160482205,0.18763886471388735,0.17841689857521692,25.725425790754286,69.56450381679389,-2474.4666589425456,B_C,,,,,,,,,,,
P16422_and_P15328,0.2559346409075848,0.18762237201022783,0.27800451309423746,22.98236272878536,68.79222222222222,-1603.8388654734538,B_C,,,,,,,,,,,
P16422_and_P51681,0.2542049093443054,0.18754691685244435,0.15557558249546535,23.958199121522718,55.946406250000024,-2130.7983059177095,B_C,,,,,,,,,,,
P16422_and_P09486,0.24347810183373736,0.1875464577488995,0.33263493439140446,25.87681258549931,58.122009569378,-1666.5910066063589,B_C,,,,,,,,,,,
P16422_and_O14669,0.2601326106888242,0.18754349140183377,0.06224161733845793,19.28436692506461,52.036428571428566,-989.3543628109546,B_C,,,,,,,,,,,
P16422_and_Q08708,0.25704990047576304,0.18754008414664933,0.1542689910425117,20.972111553784867,50.74349315068492,-1530.9287625985844,B_C,,,,,,,,,,,
P16422_and_Q9NTQ9,0.2525902911849918,0.1875346355853979,0.11190864774265154,20.80719424460432,46.06833333333334,-4830.290647715088,B_C,,,,,,,,,,,
P16422_and_O76076,0.2523942835180365,0.18753118193433732,0.1622031432591017,22.803220858895706,56.65443349753692,-2219.3480462521657,B_C,,,,,,,,,,,
P16422_and_P02730,0.24740993954873025,0.18752146585385146,0.08391398653589467,26.983114035087734,58.38897058823529,-4238.866223731733,B_C,,,,,,,,,,,
P16422_and_Q14451,0.24756179745593676,0.18750893246869932,0.2831954343985394,24.361641630901328,58.20656000000002,-1421.2030557424441,B_C,,,,,,,,,,,
P16422_and_Q9H3Y0,0.25661552542783733,0.18747904354134717,0.21441403883735427,21.940540540540532,73.36645669291336,-681.5255429617418,B_C,,,,,,,,,,,
P16422_and_Q9H221,0.2773887357753324,0.18741146668263642,0.13504354393189405,24.879490616622,50.91495652173915,-4162.950439585363,B_C,,,,,,,,,,,
P16422_and_P15382,0.2790752501406375,0.1874067733251117,0.05532657310549688,16.260173697270467,36.333233082706755,-2140.170470605555,B_C,,,,,,,,,,,
P16422_and_O95084,0.26012687774846777,0.18740236877361088,0.15499245394650668,23.78827708703373,66.19761290322579,-7026.689724357846,B_C,,,,,,,,,,,
P16422_and_P21964,0.25447997746100137,0.18732567823649598,0.1656384613889933,22.62806451612902,67.7826896551724,-1370.2524481298262,B_C,,,,,,,,,,,
P16422_and_H7C241,0.26013103976946905,0.18731802238024653,0.2744587558012899,22.75541044776118,58.97027586206896,-1404.1844629508334,B_C,,,,,,,,,,,
P16422_and_Q96T91,0.2777080002972118,0.18728219000109372,0.0691009458546307,18.388076923076923,51.187703703703725,-1335.9065467474102,B_C,,,,,,,,,,,
P16422_and_O43688,0.25364604303583405,0.18726923291313285,0.15207287405324707,21.990508806262252,64.68979020979019,-1967.93107677161,B_C,,,,,,,,,,,
P16422_and_Q8NGQ2,0.261092542740482,0.18725802708597794,0.1670343991825657,22.933901192504262,65.12645161290322,-2142.4486851231563,B_C,,,,,,,,,,,
P16422_and_Q9BY07,0.2636993301566968,0.1872416415659322,0.16902829786660253,27.079236739974142,47.77307692307693,-5874.998323086795,B_C,,,,,,,,,,,
P16422_and_P0C7L1,0.28699291561760565,0.1871774673422568,0.05228392028899852,19.532871972318347,51.72051020408164,-1823.0924856014412,B_C,,,,,,,,,,,
P16422_and_Q8TAG5,0.25372978009637787,0.18716175179185932,0.17695968063802972,20.33149425287358,71.44766129032254,-2324.254244323478,B_C,,,,,,,,,,,
P16422_and_P25024,0.2524913688658991,0.1871327543169024,0.1697248366237303,23.79705144291095,59.34396039603962,-3166.4487846152147,B_C,,,,,,,,,,,
P16422_and_P12645,0.24106154015003198,0.1870998737963787,0.2579385384112899,24.294800000000013,56.431009174311924,-1297.6408776819226,B_C,,,,,,,,,,,
P16422_and_Q8NH43,0.25898982184403224,0.18706537794687916,0.2025702693841897,24.131459731543618,63.68613924050635,-1669.6551108387082,B_C,,,,,,,,,,,
P16422_and_Q13286,0.2618252537448339,0.1870174853377164,0.3292666053565226,25.725997842502707,52.43186363636368,-1761.7071587837545,B_C,,,,,,,,,,,
P16422_and_O43555,0.28173411985780883,0.18701138010552754,0.05904450300266359,17.2436305732484,39.910697674418614,-645.6572970409634,B_C,,,,,,,,,,,
P16422_and_Q7Z4R8,0.26535995113082617,0.18696911493556406,0.20492991155046575,19.719135802469154,56.460254777070055,-892.8782001569509,B_C,,,,,,,,,,,
P16422_and_Q9Y2J0,0.22122574618026233,0.18693581469015574,0.16823128543709756,24.469685534591214,58.08499999999995,-1269.6927421638538,B_C,,,,,,,,,,,
P16422_and_P54753,0.22426459262231566,0.18693360057464256,0.15792163568380754,26.883873873873895,55.998143712574866,-7720.717535234984,B_C,,,,,,,,,,,
P16422_and_Q9H8T0,0.2498467859803492,0.18688583915111587,0.09249988741797471,22.732142857142843,71.24919117647056,-1116.8559375129348,B_C,,,,,,,,,,,
P16422_and_P38567,0.2746047308430247,0.18683519299824722,0.18927089415479117,25.10644567219157,72.11058823529417,-3491.8225419015002,B_C,,,,,,,,,,,
P16422_and_P27216,0.26809884018595587,0.18681102186777823,0.11148590467098828,23.44999999999999,62.7425,-7247.613190039975,B_C,,,,,,,,,,,
P16422_and_P01614,0.279232658397069,0.18680181968490936,0.16723663469665298,20.898799126637517,67.43466216216217,-617.8004790586687,B_C,,,,,,,,,,,
P16422_and_A0A087WW87,0.279232658397069,0.18680181968490936,0.16723663469665298,20.898799126637517,67.43466216216217,-617.8004790586687,B_C,,,,,,,,,,,
P16422_and_P51858,0.25124479585014037,0.1868010774362333,0.27674771561105227,22.375835189309583,72.1739449541284,-1501.434906610606,B_C,,,,,,,,,,,
P16422_and_Q9BXY4,0.24779093076102574,0.18674931027886016,0.21648605359307077,22.986022253129338,63.2128313253012,-2038.450354067133,B_C,,,,,,,,,,,
P16422_and_B9EJG8,0.2554176504486887,0.1867416318705924,0.15579919720078378,23.574137931034503,68.49084745762714,-1576.0586261444287,B_C,,,,,,,,,,,
P16422_and_P14923,0.26346723230147273,0.18667421486103858,0.037517709770296545,27.43070652173913,50.82261261261262,-2673.439881449345,B_C,,,,,,,,,,,
P16422_and_P62834,0.2650227720211457,0.18666994007828508,0.1655906252437306,22.794874999999998,68.25801526717555,-874.7021581252291,B_C,,,,,,,,,,,
P16422_and_P02814,0.29286459711171353,0.18663002222866096,0.1691252845417427,17.914037854889624,30.471455696202536,-381.55889865005156,B_C,,,,,,,,,,,
P16422_and_O14910,0.25816065674763583,0.18660159376268565,0.22334980029529553,20.390270727580358,66.8683734939759,-1166.1672501996836,B_C,,,,,,,,,,,
P16422_and_P0C862,0.24150281346731242,0.18655485973099567,0.05503722046756537,20.72507739938081,57.82416666666667,-4112.095574123218,B_C,,,,,,,,,,,
P16422_and_P62683,0.22145075756106242,0.1865410571917777,0.19374021900137314,24.028965129358784,58.15565000000003,-1631.4603355432482,B_C,,,,,,,,,,,
P16422_and_Q8N144,0.24452881930260756,0.1864969959359304,0.14410125723052378,21.889347826086937,60.33680000000001,-2605.9344386570465,B_C,,,,,,,,,,,
P16422_and_P16562,0.2528072395009714,0.1864885688674628,0.21616144420886252,24.362595419847363,70.19440000000002,-2830.0869608554517,B_C,,,,,,,,,,,
P16422_and_Q9Y6W8,0.2626158452854226,0.1864763241461275,0.17238355702200286,18.78215811965813,55.73411764705881,-1461.8667581518514,B_C,,,,,,,,,,,
P16422_and_Q9GZZ7,0.24979024635349908,0.18644405018699606,0.16503943617581074,23.23162692847126,62.7038219895288,-1467.9422066458228,B_C,,,,,,,,,,,
P16422_and_Q8NEB7,0.22807721163051056,0.18641829770057755,0.2560900225259921,25.68525641025637,53.959384615384614,-1695.3231335656892,B_C,,,,,,,,,,,
P16422_and_Q9Y5S8,0.275117056825289,0.18631369779886828,0.2523198469106241,24.64962732919258,64.29063492063496,-2724.3967398517016,B_C,,,,,,,,,,,
P16422_and_Q9BXU9,0.25325460918058895,0.18627138496501439,0.11125698740351159,22.330252100840372,54.913155080213905,-1832.579188080119,B_C,,,,,,,,,,,
P16422_and_O75829,0.24535513262977682,0.186261107169181,0.10437295022080786,21.747572362278287,48.47730923694781,-1601.6307761930511,B_C,,,,,,,,,,,
P16422_and_Q6Q788,0.24237365043478276,0.18625871486493653,0.20100012445320695,22.257758620689668,53.10100877192985,-1775.88867692028,B_C,,,,,,,,,,,
P16422_and_Q9BRQ8,0.27429035347212194,0.18622132110591827,0.28377262663253916,22.447582417582428,69.75912698412696,-1883.1451079032668,B_C,,,,,,,,,,,
P16422_and_Q9BY11,0.240410599804249,0.18620120677789392,0.11077419605566807,23.89868035190615,67.19858208955222,-1824.460129363335,B_C,,,,,,,,,,,
P16422_and_Q99578,0.2596747941110221,0.18618396040447394,0.2945905887924656,23.12976973684213,72.00727810650889,-1079.6836704983562,B_C,,,,,,,,,,,
P16422_and_Q86UT5,0.24111690779200917,0.18613262230546318,0.23396791824140717,23.337783171521025,61.29655737704916,-2394.392854923459,B_C,,,,,,,,,,,
P16422_and_A0A075B6I0,0.27883492746076144,0.18612264992945207,0.13786579458182377,21.4339605734767,62.50858024691359,-1187.6601709679808,B_C,,,,,,,,,,,
P16422_and_Q9BRX8,0.25866434254191634,0.18609778826251766,0.23238329864261834,22.543285123966953,68.75986013986015,-1534.3020119814307,B_C,,,,,,,,,,,
P16422_and_Q13564,0.2850413608088038,0.18608472403139617,0.14479794705434573,26.417465753424658,47.33800000000001,-2630.06940032199,B_C,,,,,,,,,,,
P16422_and_A6NER0,0.23727674586766587,0.18607879761791946,0.2751530157902469,24.53519337016569,67.22448979591834,-2710.9711828679647,B_C,,,,,,,,,,,
P16422_and_Q8NH93,0.2572179959498291,0.18607402422797134,0.17626888285452563,22.41012891344381,66.79759740259736,-2374.4115843293366,B_C,,,,,,,,,,,
P16422_and_Q9UHD0,0.26641616233222926,0.18607018501788297,0.11171259826712782,19.25930930930931,70.51954545454544,-1408.8343479172447,B_C,,,,,,,,,,,
P16422_and_P0CG04,0.2833247606421671,0.18605729338345933,0.2014364111470139,22.54498933901916,64.20999999999998,-2442.707180317793,B_C,,,,,,,,,,,
P16422_and_O60635,0.25557433382806566,0.18604673571205393,0.17073834144083933,25.25651085141901,63.0827950310559,-1767.175255561504,B_C,,,,,,,,,,,
P16422_and_Q12904,0.24074337066213364,0.1860083163877639,0.21663832563196114,24.50618556701032,71.6596052631579,-1017.9362358426192,B_C,,,,,,,,,,,
P16422_and_Q15113,0.23338083076549743,0.18600222335221206,0.13001600264300517,22.86150081566072,59.80308457711445,-1623.964015776155,B_C,,,,,,,,,,,
P16422_and_P49682,0.2491802031882451,0.18599371552807126,0.2812834985505532,25.011714285714334,60.26341040462429,-1509.4855392699765,B_C,,,,,,,,,,,
P16422_and_P63126,0.22009709051626097,0.18598330254121187,0.051581406893040374,24.693137254901973,53.46121387283237,-1376.944476292032,B_C,,,,,,,,,,,
P16422_and_Q9H1Z9,0.23680810070897235,0.1859668822004775,0.18511888901508275,22.184864300626266,64.5865034965035,-1320.534703638879,B_C,,,,,,,,,,,
P16422_and_P36955,0.27138866866874667,0.18591423513569336,0.11810884133612785,23.854440154440194,62.49374233128832,-5310.101425537929,B_C,,,,,,,,,,,
P16422_and_Q9UK05,0.244137849975691,0.1858982069972161,0.26574253974012807,22.359461805555547,61.938387096774186,-1357.4514304941413,B_C,,,,,,,,,,,
P16422_and_Q9Y646,0.27729205600822127,0.18589672168395036,0.41275639279287757,25.101027900146825,63.37730158730159,-3117.5284671417885,B_C,,,,,,,,,,,
P16422_and_Q02161,0.2682034412798351,0.18580119825193397,0.11543742686004463,26.603724394785825,53.09436241610739,-3264.3337995639386,B_C,,,,,,,,,,,
P16422_and_P58170,0.2587975365365406,0.18578727280892368,0.1592847017951011,23.903758542141226,65.50309352517986,-2065.8295017542027,B_C,,,,,,,,,,,
P16422_and_O60513,0.2537242625043173,0.18574825605795317,0.19313872358123485,23.612369337979047,66.19819767441861,-1190.0598346487059,B_C,,,,,,,,,,,
P16422_and_O15520,0.26034232126614587,0.18574521206142725,0.1605958396875825,21.65396946564886,63.54565714285713,-1053.9679473611304,B_C,,,,,,,,,,,
P16422_and_Q96B67,0.2478187034878706,0.18573093625973064,0.31777116454928267,24.526053370786506,64.83734104046242,-914.4591290179433,B_C,,,,,,,,,,,
P16422_and_Q96RK4,0.25243707840805296,0.18571429292496627,0.23583206879386828,25.54786666666668,71.53786259541985,-2884.638381826725,B_C,,,,,,,,,,,
P16422_and_P07947,0.25599939574006947,0.18569494478314513,0.21387985003787924,24.014915693903987,67.81969387755103,-2658.133690703773,B_C,,,,,,,,,,,
P16422_and_P49683,0.24960988951017918,0.18561804420048006,0.18076180226472385,22.17075289575291,47.61210884353743,-992.4148573412945,B_C,,,,,,,,,,,
P16422_and_Q6UX73,0.2471065043551111,0.1855921829953512,0.1605656993632548,25.023489010989024,58.65475935828874,-2711.0225743149913,B_C,,,,,,,,,,,
P16422_and_Q7Z2W7,0.27515865020005126,0.1855900967339994,0.021465143074923036,27.713281249999998,41.96686274509804,-4483.200674039817,B_C,,,,,,,,,,,
P16422_and_P43629,0.2324390116068612,0.18556445857805343,0.07760668818790058,22.816354166666677,58.38852564102566,-1309.2800565111938,B_C,,,,,,,,,,,
P16422_and_O00584,0.2544193397893927,0.1855544560021649,0.2737890551890479,22.9469126506024,68.20864516129032,-3443.281861432578,B_C,,,,,,,,,,,
P16422_and_Q8WTV0,0.2635502972310109,0.18554523712688994,0.3808313471240623,24.771791044776105,63.98728323699424,-2134.994572079071,B_C,,,,,,,,,,,
P16422_and_A8MTW9,0.28998092616085985,0.18553977041130315,0.11673631369019798,13.005955334987595,25.851999999999997,-1021.3227470027882,B_C,,,,,,,,,,,
P16422_and_O75838,0.26462192936215667,0.185511969019983,0.36878760912162906,20.509443339960225,59.79503597122304,-1240.9510722187395,B_C,,,,,,,,,,,
P16422_and_Q9Y2W7,0.25361457267302184,0.18548155562169416,0.10788113657166264,21.359548611111094,57.795723270440256,-1405.6636453501815,B_C,,,,,,,,,,,
P16422_and_P30511,0.24536937332414224,0.1854715229297184,0.049042428521667694,23.76463815789474,63.32795454545454,-3287.3995132764853,B_C,,,,,,,,,,,
P16422_and_P0DQD5,0.2523930875060849,0.18543007168614417,0.29820132514820047,24.739612188365648,66.0262087912088,-2036.90453727554,B_C,,,,,,,,,,,
P16422_and_Q9NPH3,0.23384069831074045,0.1854160227235911,0.23896237027229317,23.25262295081966,60.22809859154927,-2188.9585321666564,B_C,,,,,,,,,,,
P16422_and_Q8N1N2,0.26004050665037537,0.18540103132416758,0.08220045629640951,15.26071428571429,21.271648351648356,-747.1291464664137,B_C,,,,,,,,,,,
P16422_and_Q96QZ0,0.25245212625975144,0.18537301871128797,0.18307910295464735,25.204707233065424,57.80776255707762,-1859.1121515339491,B_C,,,,,,,,,,,
P16422_and_Q1HG43,0.2461840169842643,0.185358220380422,0.14545273781061493,21.51296610169493,66.46561111111107,-2091.9330539148377,B_C,,,,,,,,,,,
P16422_and_Q9NZC3,0.266509459584339,0.18534670256396146,0.24371259203679937,22.834886649874047,76.61965217391307,-2374.1175589324403,B_C,,,,,,,,,,,
P16422_and_Q9Y6I3,0.21912545090013458,0.1853348732164344,0.12826863947655776,25.219430051813465,69.68340579710143,-1367.502758972143,B_C,,,,,,,,,,,
P16422_and_Q86YW7,0.27562525578110547,0.18531922891456737,0.06311743935466901,19.704945054945053,51.09394366197181,-2362.6335883672105,B_C,,,,,,,,,,,
P16422_and_O75596,0.2624882698963275,0.1852981964703478,0.1525050664797317,22.707882352941187,60.82125984251966,-5842.134057852868,B_C,,,,,,,,,,,
P16422_and_P20142,0.2722547156915056,0.1852832199728968,0.18164107687386957,23.48771790808237,69.20707446808507,-1629.643920119117,B_C,,,,,,,,,,,
P16422_and_P0DMV8,0.2799507375116297,0.18525521792013766,0.22302680720023835,24.594425385934812,62.627834394904454,-5671.571823962768,B_C,,,,,,,,,,,
P16422_and_P22460,0.21897081228877935,0.18523324649662098,0.3006256679535489,24.971236559139783,69.20013698630136,-2054.812040980427,B_C,,,,,,,,,,,
P16422_and_Q96S21,0.2504941266158158,0.18521651286913954,0.11862884043192426,21.181208791208796,57.691654135338354,-825.2494475551166,B_C,,,,,,,,,,,
P16422_and_Q9Y5F0,0.23171896859098903,0.18521288806222844,0.16656541731114022,26.41994949494952,63.115871559633064,-3059.750431224793,B_C,,,,,,,,,,,
P16422_and_P08195,0.267146596984022,0.1850994854842694,0.23043140072115362,25.27885572139304,65.70178571428572,-2306.5096656546125,B_C,,,,,,,,,,,
P16422_and_Q8NEC5,0.21040629854220796,0.1850883284553386,0.06361529459537238,29.51752577319586,42.47287037037037,-1775.3739713531977,B_C,,,,,,,,,,,
P16422_and_Q00536,0.24509907868246514,0.18502738618504838,0.2681162202894565,23.32817337461302,60.25310185185188,-1198.3682452315606,B_C,,,,,,,,,,,
P16422_and_Q5VXU1,0.2558965401169847,0.18501961375168505,0.14040075743637376,24.198786828422882,54.628437499999976,-3818.742938348507,B_C,,,,,,,,,,,
P16422_and_Q6PKH6,0.25608010063095243,0.18499046627533944,0.1213988915328902,21.263543599257883,65.56065868263471,-742.3842586502542,B_C,,,,,,,,,,,
P16422_and_O95750,0.25979150705322523,0.18497547613359333,0.2410301052916585,19.4307210031348,59.75811764705883,-827.3564153091831,B_C,,,,,,,,,,,
P16422_and_Q8NEB5,0.2561391685620303,0.18493274327619347,0.15995285090659647,20.96375,56.50942148760329,-1379.3726839968047,B_C,,,,,,,,,,,
P16422_and_P32942,0.24641813326559245,0.18490046736104893,0.3531728820572439,27.728485370051636,59.05290322580647,-2056.8285985210923,B_C,,,,,,,,,,,
P16422_and_O96014,0.2580264361675949,0.1848048843551753,0.37011902667954744,23.961641221374016,59.63683417085428,-2471.7745147329047,B_C,,,,,,,,,,,
P16422_and_Q92520,0.25695300276088684,0.18478625490119227,0.13480544651487514,21.72753246753247,51.18445378151258,-5680.866990253935,B_C,,,,,,,,,,,
P16422_and_P16035,0.25803684322406084,0.18476186490370528,0.25335948029335276,22.174199288256204,67.49924657534247,-1129.115748094874,B_C,,,,,,,,,,,
P16422_and_Q8IZ07,0.24469454034438093,0.18462167100695182,0.15255117020018105,25.112448132780067,60.634852071005945,-1710.310198808511,B_C,,,,,,,,,,,
P16422_and_Q9UGT4,0.29066581724131624,0.18461005936945457,0.3878774751045565,27.767455138662335,64.11977653631283,-6660.77744162847,B_C,,,,,,,,,,,
P16422_and_Q8NHK3,0.2385075650292278,0.18459720517831146,0.1272522020203174,20.78126361655773,64.33365079365079,-2077.293570647337,B_C,,,,,,,,,,,
P16422_and_Q05586,0.23610972473050154,0.1845495657657389,0.21009604620363603,27.178378378378394,55.65984,-8962.002090783317,B_C,,,,,,,,,,,
P16422_and_Q13685,0.2614475412380838,0.18454696218805816,0.13582333579915615,23.321171171171155,68.41492537313435,-2678.4888753389578,B_C,,,,,,,,,,,
P16422_and_P12644,0.25317902930000996,0.1845140207698137,0.1423364885674964,24.828230088495562,62.35505555555555,-2390.553039200089,B_C,,,,,,,,,,,
P16422_and_P22891,0.25115102366729686,0.18450281324934503,0.15124028661874242,23.835343035343033,68.74641509433961,-4136.390427574122,B_C,,,,,,,,,,,
P16422_and_O75712,0.2488593372374736,0.18449626528423066,0.06800987549716586,20.855748373101985,49.501300813008115,-3217.581729812975,B_C,,,,,,,,,,,
P16422_and_P06681,0.25269511296876357,0.18447927058458558,0.3119276088725376,26.170344827586206,71.11892045454547,-3345.0672354643266,B_C,,,,,,,,,,,
P16422_and_P51686,0.25112175022728017,0.18446709805999204,0.11485898172440288,24.408802816901417,60.31589285714288,-1721.5120363577817,B_C,,,,,,,,,,,
P16422_and_P01593,0.27946035400555447,0.18442428931928023,0.13282006585108552,21.501145038167966,59.97647887323945,-3109.738343661098,B_C,,,,,,,,,,,
P16422_and_P01594,0.27946035400555447,0.18442428931928023,0.13282006585108552,21.501145038167966,59.97647887323945,-3109.738343661098,B_C,,,,,,,,,,,
P16422_and_O43556,0.23024095096411196,0.18438178506372038,0.2376737372174539,25.727815126050423,53.362914285714275,-4190.293954728633,B_C,,,,,,,,,,,
P16422_and_Q9Y624,0.2418580115966577,0.18434124029718957,0.25149312307331856,24.101434878587234,75.15303703703702,-1350.0478208914815,B_C,,,,,,,,,,,
P16422_and_A6NC86,0.2606219811384778,0.18433368566692865,0.3754601996668179,23.143371757925056,72.76582857142856,-1952.9712939303192,B_C,,,,,,,,,,,
P16422_and_Q96L08,0.2504864485430207,0.18431364916550158,0.07798153879318954,17.364655172413805,53.315769230769256,-876.3988984064072,B_C,,,,,,,,,,,
P16422_and_P61278,0.2782208767834225,0.18430717531907614,0.07688839571247869,13.564919354838707,31.683695652173903,-904.6547531685383,B_C,,,,,,,,,,,
P16422_and_P31358,0.2963652440740305,0.18424750371144044,0.05210783792007176,16.328733031674215,22.901973684210528,-1303.3348848759938,B_C,,,,,,,,,,,
P16422_and_P38484,0.24097918026306686,0.18423211278232932,0.2731598933357668,22.719654427645832,69.90530303030305,-1140.2075486892124,B_C,,,,,,,,,,,
P16422_and_Q9H6E4,0.2563412907858943,0.18413827107114217,0.30802872540890835,22.48681402439025,58.964058823529406,-1357.3168730471698,B_C,,,,,,,,,,,
P16422_and_Q5JXM2,0.24271078543141464,0.18410826630672336,0.09743121971788747,22.26561954624789,63.57989417989419,-1859.8778474572064,B_C,,,,,,,,,,,
P16422_and_P46094,0.25183265571250607,0.18408656584431202,0.0888076431038009,23.93829174664107,57.872784810126554,-1828.1529460854163,B_C,,,,,,,,,,,
P16422_and_P30968,0.24867917522273833,0.18407362246171438,0.2565890502403422,23.90977011494254,50.459066666666665,-1305.820739025041,B_C,,,,,,,,,,,
P16422_and_Q9BVK8,0.2544337952462083,0.18402768532208302,0.08743765993437996,23.319117647058828,53.70162162162163,-2123.1124656520697,B_C,,,,,,,,,,,
P16422_and_P42263,0.2330585206092069,0.18401450349011877,0.10114126465058897,26.765329768270917,58.13640718562875,-5620.55122317793,B_C,,,,,,,,,,,
P16422_and_P08700,0.2705191694300806,0.18401171645703598,0.11209572867839128,18.56367647058825,55.48981981981981,-1600.5353070397628,B_C,,,,,,,,,,,
P16422_and_A0A0B4J2H0,0.2760112961999805,0.18398446804460722,0.3260372017881357,20.237728194726152,67.12817391304347,-1015.4242631975876,B_C,,,,,,,,,,,
P16422_and_P08582,0.27618535806073896,0.18396315384234674,0.5550390495261598,26.19778554778557,76.75947674418602,-3479.0462640493533,B_C,,,,,,,,,,,
P16422_and_P01857,0.23023607457893144,0.18391214227236613,0.31902459544134815,24.564272727272726,71.581045751634,-1261.979451855028,B_C,,,,,,,,,,,
P16422_and_O15303,0.2547724164962368,0.18386767594507705,0.30242301424536766,26.847739801543593,59.96926940639271,-9564.37438299894,B_C,,,,,,,,,,,
P16422_and_Q9BRJ6,0.2586907948416147,0.1838473491602583,0.1484536352418234,22.85764248704665,64.97366412213738,-1227.4412411426617,B_C,,,,,,,,,,,
P16422_and_Q6ZTN6,0.24540330325678528,0.1838334078924611,0.15671174068179833,24.790913865546248,54.393037383177614,-1972.3866904605347,B_C,,,,,,,,,,,
P16422_and_Q9UGI6,0.22897190802415546,0.1837822158152324,0.0393802861495193,28.366355140186926,56.60239130434784,-2264.1416786281407,B_C,,,,,,,,,,,
P16422_and_Q9H6D3,0.2647583930161681,0.1837529878340899,0.2200681822189919,25.09360146252285,67.04962264150943,-2758.34189622323,B_C,,,,,,,,,,,
P16422_and_Q07011,0.24544721190033242,0.18374900974743916,0.15593716286437592,22.892764578833706,60.13145161290323,-1515.0521324056722,B_C,,,,,,,,,,,
P16422_and_P09871,0.24846012891843053,0.18374418109388707,0.3470605252466355,25.23005555555554,61.63896551724141,-1951.230960458578,B_C,,,,,,,,,,,
P16422_and_Q13740,0.24301563037097282,0.18374091456847083,0.4102847867352188,27.250472334682843,65.55006097560977,-5073.469492492655,B_C,,,,,,,,,,,
P16422_and_P0DN87,0.26606256413004514,0.18371940274109944,0.14985094694963438,20.39512534818944,58.99290502793295,-1982.4993626399948,B_C,,,,,,,,,,,
P16422_and_O15537,0.25615916278083634,0.18359974092383394,0.1283395576994651,21.991225961538476,60.17822222222219,-3419.859951212818,B_C,,,,,,,,,,,
P16422_and_Q06787,0.21602437029443802,0.183591512847833,0.3281500188791133,27.096645962732918,67.76198198198202,-1770.0940221107085,B_C,,,,,,,,,,,
P16422_and_Q8TD07,0.24648879904402782,0.18352021916572966,0.09260160035519942,23.433333333333312,61.484444444444435,-9234.924894178781,B_C,,,,,,,,,,,
P16422_and_Q05329,0.268853779358991,0.18350902177435607,0.2464504824099366,26.16879310344822,65.58137931034481,-3169.481733421755,B_C,,,,,,,,,,,
P16422_and_Q15049,0.24284072646228047,0.18349654577714705,0.10593306835992453,25.791721132897607,59.50829629629627,-2176.6763814240676,B_C,,,,,,,,,,,
P16422_and_P06127,0.22551548308084612,0.18348167198606188,0.1354258869240881,25.584395424836597,57.38106598984774,-1428.9704444661038,B_C,,,,,,,,,,,
P16422_and_Q9NYG8,0.22889609782993003,0.1834679110100001,0.22402404856797828,24.764415156507464,53.849657534246575,-1192.0904408567258,B_C,,,,,,,,,,,
P16422_and_Q96R69,0.2618946535470149,0.18342964950775942,0.1748942656350826,23.275360576923084,67.92592307692307,-2673.5282005068643,B_C,,,,,,,,,,,
P16422_and_Q13492,0.23137945973458568,0.18342376265624988,0.26912949835300776,26.101277955271577,72.7919540229885,-1787.5790938803693,B_C,,,,,,,,,,,
P16422_and_Q29983,0.23759199483476387,0.18341930400715073,0.11356360598048831,22.297073578595285,58.11520710059168,-1573.0622506432628,B_C,,,,,,,,,,,
P16422_and_P32745,0.24141991674355542,0.18339826507613452,0.08383038221390698,25.72809224318661,63.327000000000005,-1703.045881128266,B_C,,,,,,,,,,,
P16422_and_P78352,0.22384391983527901,0.18337132780986268,0.5327930181844478,25.530904302019326,69.21540145985404,-1899.4623331798102,B_C,,,,,,,,,,,
P16422_and_P56373,0.24795419312041306,0.18334169404916534,0.3128286996990003,23.867801672640372,67.49171874999999,-3656.159305408007,B_C,,,,,,,,,,,
P16422_and_Q16623,0.2457938495809231,0.18328758537750828,0.2817423114003578,22.387557603686634,65.17169312169311,-3079.829598389225,B_C,,,,,,,,,,,
P16422_and_Q96R09,0.26272266075043244,0.18319990950041173,0.1428153825016581,23.71265957446808,67.63646258503398,-3956.4431949128243,B_C,,,,,,,,,,,
P16422_and_Q8IYP2,0.2528805648201759,0.18319515713834192,0.20343257583914984,23.154430379746838,64.94135869565224,-1782.6904876731037,B_C,,,,,,,,,,,
P16422_and_Q9H1J7,0.2613194602222385,0.18318532562426315,0.4462853169113618,24.381430041152246,55.676494845360835,-3693.2759248351726,B_C,,,,,,,,,,,
P16422_and_Q8WXQ8,0.27221177935148216,0.1831248938619375,0.4366930696099563,25.12051428571426,70.97911504424776,-985.9375663142882,B_C,,,,,,,,,,,
P16422_and_Q9UK41,0.25606380992993566,0.1830618148460343,0.13323059636079188,21.54363957597172,69.52915662650605,-871.9824560832867,B_C,,,,,,,,,,,
P16422_and_P35052,0.2634899470936637,0.18305712703567104,0.3037278668003854,25.828902439024382,75.56679389312976,-2306.5426248802314,B_C,,,,,,,,,,,
P16422_and_P01374,0.2597667304008441,0.18304971482893004,0.14894784405529915,20.834382022471928,63.682867647058856,-758.6188217580716,B_C,,,,,,,,,,,
P16422_and_Q96LB2,0.2506797272535178,0.1830405435518516,0.3305572891699239,26.308807212205252,54.607061855670096,-1240.8189342574601,B_C,,,,,,,,,,,
P16422_and_O43323,0.23570780023998594,0.1830052308477884,0.22473556913059456,23.041904761904785,71.86480446927374,-1526.9957577592431,B_C,,,,,,,,,,,
P16422_and_Q99788,0.2527222399248795,0.18300094285392993,0.24749292464227032,24.881198003327782,66.10720779220779,-1901.4667187177056,B_C,,,,,,,,,,,
P16422_and_Q9HB15,0.23080478409375196,0.182967933549197,0.050591556648503816,25.317665615141966,54.81647482014387,-1597.0479497077704,B_C,,,,,,,,,,,
P16422_and_P13747,0.24180122241213292,0.1829525156194281,0.22673823723041622,25.682470119521895,60.7602994011976,-2010.8594689115703,B_C,,,,,,,,,,,
P16422_and_P23352,0.2308649104710586,0.18294382303936105,0.09891105169309077,26.09289719626171,52.51890804597701,-2724.997311087878,B_C,,,,,,,,,,,
P16422_and_O95633,0.2452751902254413,0.1829404218801062,0.17599520079927072,21.562282398452627,64.05668918918919,-2769.902488789001,B_C,,,,,,,,,,,
P16422_and_P56749,0.24751379609817253,0.18290874758395106,0.11726016816236495,22.372988505747138,57.950431654676244,-1354.6574949670598,B_C,,,,,,,,,,,
P16422_and_Q96FT7,0.2501642647023565,0.1828894563990477,0.18453051147213903,23.328735632183886,62.646641221374026,-3130.151987498169,B_C,,,,,,,,,,,
P16422_and_Q7Z5A8,0.2738162697750525,0.18288044943814788,0.07735678908309399,17.922013274336308,61.94034013605441,-1646.3857534446865,B_C,,,,,,,,,,,
P16422_and_P10301,0.25637873712238174,0.18284115226903758,0.15769675238266959,23.256407563025157,66.04506756756759,-1061.8264896800458,B_C,,,,,,,,,,,
P16422_and_Q9Y581,0.25891076971124544,0.18281871497542312,0.0863742681948779,19.215110356536467,55.17535714285716,-1800.8272242684616,B_C,,,,,,,,,,,
P16422_and_P12319,0.2482967366756596,0.182814230318978,0.07188420626589861,20.9334890965732,63.14577586206898,-13172.161108041942,B_C,,,,,,,,,,,
P16422_and_Q14563,0.2733987196315357,0.18279279823129146,0.32631703100941273,26.553124999999955,58.640451977401156,-5136.185879792688,B_C,,,,,,,,,,,
P16422_and_Q6UXQ4,0.27828497386095874,0.1827880712689282,0.05762857446657951,15.335428571428572,39.10844660194175,-654.9631351722883,B_C,,,,,,,,,,,
P16422_and_O75185,0.2638802520172852,0.18278138658954446,0.31777314913985605,26.73065217391304,43.94205882352941,-4572.424924782711,B_C,,,,,,,,,,,
P16422_and_Q86V25,0.23933686912393032,0.1827010655746351,0.2544583610988855,23.34669522643819,64.54864583333335,-1378.3766466484494,B_C,,,,,,,,,,,
P16422_and_Q8WUM4,0.2662264313370028,0.182699333468584,0.13730626936559412,27.759259259259277,76.21261363636364,-3448.9851176783395,B_C,,,,,,,,,,,
P16422_and_P43405,0.22529299933707986,0.18268979376981812,0.5026847209060411,27.504650092080993,45.77035294117646,-2126.193851242868,B_C,,,,,,,,,,,
P16422_and_P11686,0.26147352190607,0.18267797721274964,0.10143473083513317,18.561908931698788,56.923877551020354,-1281.170530102263,B_C,,,,,,,,,,,
P16422_and_P78380,0.24384344426174104,0.18256293048651034,0.09690392527345419,22.129976303317523,63.82522935779817,-8634.407296159618,B_C,,,,,,,,,,,
P16422_and_Q09013,0.24789700044111124,0.1825556847353051,0.2973570045143876,25.348390941597156,58.86751111111109,-3420.088864827807,B_C,,,,,,,,,,,
P16422_and_Q7LDI9,0.21850971883971437,0.18253688938346166,0.19604854854713977,24.02833914053429,56.055000000000014,-1515.7677745160327,B_C,,,,,,,,,,,
P16422_and_P05186,0.2812664211923828,0.18247582036093873,0.3576659748398254,25.251906412478345,52.29436464088396,-2328.029995737652,B_C,,,,,,,,,,,
P16422_and_Q15166,0.26460678676308147,0.18246567288771648,0.11633226663827849,23.785294117647037,62.63351562499999,-2919.771553932962,B_C,,,,,,,,,,,
P16422_and_P57739,0.25346039274823773,0.18243983200889352,0.15414112826915827,18.6300892857143,42.699328859060415,-1162.0250181523306,B_C,,,,,,,,,,,
P16422_and_O60931,0.2524840446641028,0.18242392817543415,0.31929782655730904,24.049910554561716,69.15262068965512,-2014.6328184133758,B_C,,,,,,,,,,,
P16422_and_Q9Y5E4,0.24109196856080967,0.18241294586569712,0.40768160402913367,27.718977384464093,56.774075829383904,-1617.928623430429,B_C,,,,,,,,,,,
P16422_and_Q9Y5P1,0.2599277325538104,0.18230842013113108,0.1444889514949324,23.118525519848763,62.439551282051255,-2656.5816905851793,B_C,,,,,,,,,,,
P16422_and_P63098,0.2642115409004159,0.1823053792450057,0.2253926820639995,23.74231927710842,59.337640449438176,-1076.6873835526485,B_C,,,,,,,,,,,
P16422_and_A0A411D538,0.28911052624579014,0.18228709865176018,0.07048896204489148,17.852680652680647,29.065038759689923,-946.8419107244263,B_C,,,,,,,,,,,
P16422_and_Q99445,0.26734196869674776,0.18222851951078037,0.06908997995283325,22.19661791590493,54.61248366013073,-606.9882525677676,B_C,,,,,,,,,,,
P16422_and_P01350,0.2808465536287345,0.18222522269951105,0.10620513739828465,13.795041322314066,21.951203703703708,-1378.7673010119006,B_C,,,,,,,,,,,
P16422_and_Q8WTT0,0.25670506761616313,0.18221000056435532,0.14722602558926134,20.951049618320635,64.54319727891155,-1886.4009277677608,B_C,,,,,,,,,,,
P16422_and_P43235,0.2648542510089541,0.18220405160011696,0.25427582252526776,23.31257545271633,71.89529801324507,-1173.4156528634005,B_C,,,,,,,,,,,
P16422_and_P06733,0.28032372636281117,0.1821698814185781,0.3890919039518167,26.004545454545443,64.21970760233918,-1568.0481148396425,B_C,,,,,,,,,,,
P16422_and_P57735,0.25720471987287824,0.18216006505921373,0.07161283398408277,21.63911205073996,59.333043478260876,-1859.08292375398,B_C,,,,,,,,,,,
P16422_and_P43403,0.22720589665807558,0.1821048199932062,0.32862503342537397,25.25979923518166,49.39903083700441,-4202.695128998079,B_C,,,,,,,,,,,
P16422_and_Q9NQ30,0.2620419780119,0.18208988337881227,0.08991793503309357,20.51819645732689,55.95662721893491,-1327.1388818492742,B_C,,,,,,,,,,,
P16422_and_Q13557,0.2382257912102964,0.1820714224885942,0.20409549481948006,23.470279146141248,64.95354285714285,-3229.06402814685,B_C,,,,,,,,,,,
P16422_and_Q06187,0.24057572219297904,0.1820269812531365,0.18616750181125793,24.99549999999996,56.29303030303032,-1465.203779240299,B_C,,,,,,,,,,,
P16422_and_Q9H223,0.2575130126636346,0.1820030553760767,0.23280305675525645,24.637400318979285,63.800493827160494,-1687.29292864321,B_C,,,,,,,,,,,
P16422_and_P01877,0.23233278135239793,0.18200103771574863,0.1895818664209414,25.133014048531304,65.46038888888889,-2182.723690491006,B_C,,,,,,,,,,,
P16422_and_Q8TD33,0.28341799764256503,0.18192337122056254,0.06108475943214223,21.78828125000002,56.226146788990825,-1377.6317082081641,B_C,,,,,,,,,,,
P16422_and_Q9H239,0.2250665236387101,0.18191984679937334,0.2228988822424967,24.829667149059322,53.470454545454544,-2443.9012604466807,B_C,,,,,,,,,,,
P16422_and_P21281,0.2580917295025198,0.18186087942554163,0.07682361731503096,24.088327526132375,53.75424731182796,-3163.0034246273235,B_C,,,,,,,,,,,
P16422_and_Q15375,0.21985390856566384,0.18185936628035498,0.28696373714396556,27.108219178082166,53.792961165048546,-4691.811146385193,B_C,,,,,,,,,,,
P16422_and_O75317,0.2638567598900228,0.1818479131153292,0.3223739022668747,24.790951122853425,58.6358851674641,-4726.371779964631,B_C,,,,,,,,,,,
P16422_and_Q96PB7,0.23930725012353182,0.1818395615903534,0.24009138951780548,24.19068901303539,64.98798611111113,-2268.1469184062444,B_C,,,,,,,,,,,
P16422_and_Q8N300,0.29192357108349193,0.18183753377063053,0.053551243319404834,19.77997237569062,46.745490196078414,-993.3823228585953,B_C,,,,,,,,,,,
P16422_and_Q9NP95,0.25640316246805755,0.18182349664961417,0.09700222672475345,21.844216867469903,65.52790540540542,-1462.8739779596785,B_C,,,,,,,,,,,
P16422_and_O43280,0.2818018906138373,0.18182149042262896,0.3421633303615171,25.90166414523447,68.75340425531914,-1819.0493916626929,B_C,,,,,,,,,,,
P16422_and_Q01453,0.2646130067641917,0.18176256510224387,0.11731975535095465,21.483597285067894,55.2704,-597.3334513609016,B_C,,,,,,,,,,,
P16422_and_P62079,0.2473207589920608,0.18172570637013297,0.10053804332289318,22.372153209109733,55.11496402877696,-1666.1746159152262,B_C,,,,,,,,,,,
P16422_and_P02748,0.2622882010778683,0.18171977272568468,0.3991468321075654,25.421076233183836,53.47574766355142,-3572.029221567025,B_C,,,,,,,,,,,
P16422_and_P01222,0.2701456545775757,0.18169989557025043,0.061410953424799866,20.09224318658279,49.82585526315789,-953.7645971797265,B_C,,,,,,,,,,,
P16422_and_Q7RTY0,0.2663033447240142,0.18159950619259466,0.12867845970886296,24.88076923076924,67.83394230769235,-8976.234530595799,B_C,,,,,,,,,,,
P16422_and_Q6XZB0,0.2711458556877658,0.18155917152367718,0.25063375229887186,23.103345724907054,66.10758620689651,-1899.0865857261228,B_C,,,,,,,,,,,
P16422_and_Q9NSA2,0.21369414549057736,0.1814858474624432,0.06478786922383581,25.32207977207977,49.817769230769215,-2774.477361444602,B_C,,,,,,,,,,,
P16422_and_P34982,0.26069636571095306,0.1814791158012991,0.19568322641252187,22.857883817427407,64.13264285714288,-2533.2539898839623,B_C,,,,,,,,,,,
P16422_and_Q9GZU1,0.2512894991776148,0.18141947030148298,0.1603939263318754,27.07291666666662,58.41635135135136,-4425.368608098543,B_C,,,,,,,,,,,
P16422_and_Q6PIL6,0.25120421319440245,0.1813798177169727,0.11015545558889493,21.990647482014392,57.5219393939394,-1323.6013762518705,B_C,,,,,,,,,,,
P16422_and_P17252,0.26505125265759377,0.18136062432285494,0.1082708320141209,24.39019138755983,55.12047904191617,-3468.18541261576,B_C,,,,,,,,,,,
P16422_and_A2CJ06,0.22373341683392134,0.18135185988470892,0.3332410885074543,25.487115839243533,61.988312236286895,-2731.224154870317,B_C,,,,,,,,,,,
P16422_and_P15104,0.27253539160809104,0.18129133458584698,0.1672116259271663,23.72079124579124,57.90440251572329,-2399.604350412132,B_C,,,,,,,,,,,
P16422_and_Q9UL51,0.22899729578888575,0.18128823248058923,0.14334405393105365,26.64028985507249,71.24300884955753,-3743.960039386522,B_C,,,,,,,,,,,
P16422_and_Q8NGD4,0.2534814611567643,0.18128756611543867,0.15939833295565145,23.842488262910816,62.453865030674855,-2355.8184353553206,B_C,,,,,,,,,,,
P16422_and_Q6PIZ9,0.25923328773333837,0.18126420522021577,0.046407790299531425,19.149475065616794,37.7388596491228,-2223.6341178877556,B_C,,,,,,,,,,,
P16422_and_P12034,0.24861380682438008,0.18126165939992844,0.24591921681277534,21.31171303074668,58.82845714285713,-784.2524333550991,B_C,,,,,,,,,,,
P16422_and_Q9H6X2,0.23130016510588575,0.18125010551982457,0.1650200746193919,24.46434707903777,65.70256097560971,-7626.714343501308,B_C,,,,,,,,,,,
P16422_and_Q496H8,0.26590801203176223,0.1811471549365167,0.08596662549475914,19.059369951534745,56.048025477707014,-3131.52579931374,B_C,,,,,,,,,,,
P16422_and_Q8NFJ9,0.2477498868612415,0.18113144341692725,0.14953255059289863,25.513056680161924,63.59917808219176,-4465.895814242944,B_C,,,,,,,,,,,
P16422_and_P06727,0.23472270686016608,0.18105910371795197,0.10810723447813628,22.173872387238696,49.55790476190478,-968.1225496871775,B_C,,,,,,,,,,,
P16422_and_C0HME5,0.2822192545969663,0.18099715837302457,0.07802970248953858,16.055405405405413,29.089119999999994,-463.02119479608155,B_C,,,,,,,,,,,
P16422_and_P34995,0.24678987308392267,0.18094770043094344,0.4175694771157677,24.758185279187842,70.82433734939761,-1070.3786867194794,B_C,,,,,,,,,,,
P16422_and_Q5T2W1,0.22124360880386001,0.18094303347346277,0.21759159144519935,25.40816696914698,64.5163157894737,-2201.776587846063,B_C,,,,,,,,,,,
P16422_and_A8K855,0.24463096601257867,0.18093098613093822,0.15444544477758052,26.73817863397547,54.25294392523363,-9643.318911043432,B_C,,,,,,,,,,,
P16422_and_Q12809,0.22705685364162223,0.1808860912721148,0.08645457969592452,27.732986111111103,55.21509803921569,-2541.065038112123,B_C,,,,,,,,,,,
P16422_and_O95452,0.24613476408653062,0.18085290034147464,0.10205211282803797,21.332580037664755,49.16284615384616,-2463.481409170414,B_C,,,,,,,,,,,
P16422_and_Q5VX71,0.22146135939057143,0.1808285570882721,0.184373121527606,24.871337579617833,62.144555555555556,-3402.702011184472,B_C,,,,,,,,,,,
P16422_and_P56706,0.24912562613081918,0.1807855755935544,0.39140557897265216,25.67540675844802,70.16794594594596,-782.7463926556579,B_C,,,,,,,,,,,
P16422_and_Q16586,0.2304212601078425,0.18070230887810135,0.29938054027276795,23.699919999999988,64.26254545454545,-1997.073992174258,B_C,,,,,,,,,,,
P16422_and_Q8NF37,0.238448639826162,0.1806441202130921,0.10547618737872874,24.901268498942915,55.897134831460654,-4535.550861444142,B_C,,,,,,,,,,,
P16422_and_Q8NER1,0.25616203318719355,0.1806336514392408,0.06294743351939161,27.34094339622642,51.24808510638297,-2548.7520193753207,B_C,,,,,,,,,,,
P16422_and_Q7L1W4,0.2517589923987697,0.18063118061735978,0.527696717204283,28.136550836550803,47.01320754716981,-4294.850672482925,B_C,,,,,,,,,,,
P16422_and_Q8NBV8,0.23367433236577392,0.1806225397603316,0.2637736540025909,22.848505231689114,70.02920454545455,-1664.909355653419,B_C,,,,,,,,,,,
P16422_and_P50443,0.26445507079906677,0.18060086525168795,0.02449361569043531,25.829885057471284,47.67113207547169,-3154.2586132326905,B_C,,,,,,,,,,,
P16422_and_Q9H3N1,0.2420823964185543,0.1805096263653275,0.15664090643460193,23.88899253731342,57.69666666666666,-2855.603547914753,B_C,,,,,,,,,,,
P16422_and_O14807,0.25551657350171597,0.18050936859379463,0.11029911809371158,21.803562653562647,63.86971223021581,-826.1343820217527,B_C,,,,,,,,,,,
P16422_and_Q9NY26,0.23623086060324255,0.18045481188970278,0.03900959441126284,22.208080808080798,57.44505882352945,-1460.9313758791195,B_C,,,,,,,,,,,
P16422_and_Q16653,0.2468121993439003,0.18043981904326564,0.12531262159452344,21.46516990291262,63.456488549618314,-1053.5251798530908,B_C,,,,,,,,,,,
P16422_and_Q86WS3,0.26534463317888607,0.18040053854155907,0.16622335756057696,21.101640759930902,62.30264900662253,-3931.1878162796775,B_C,,,,,,,,,,,
P16422_and_Q14156,0.2594924553095276,0.18033369198804675,0.5257972123463646,27.139400278940034,64.794947368421,-1632.4194997033374,B_C,,,,,,,,,,,
P16422_and_O95393,0.23930461785189847,0.18033147196132912,0.18263356832427524,24.318758815232773,61.737637362637365,-1509.9108061474954,B_C,,,,,,,,,,,
P16422_and_Q8IYJ3,0.2178321602811944,0.18029569584346786,0.15017521504999837,24.656476190476216,63.67897590361444,-2407.2359337039998,B_C,,,,,,,,,,,
P16422_and_A0A0J9YXX1,0.2708653242899114,0.1802724376246346,0.22547295853546004,22.140186915887853,69.26290322580645,-789.3621064035368,B_C,,,,,,,,,,,
P16422_and_O95150,0.2501543708795278,0.18025578379625296,0.20204113744614902,21.463619047619044,63.37980392156861,-1045.3042556806718,B_C,,,,,,,,,,,
P16422_and_Q8NET8,0.26017898245512855,0.1802526600892284,0.060678353031306184,26.695300751879696,60.47945054945058,-2982.5330246760604,B_C,,,,,,,,,,,
P16422_and_Q9Y5S1,0.267395442256065,0.18021846100066424,0.09002805509207784,26.97003891050585,52.86577319587632,-2645.1297575108256,B_C,,,,,,,,,,,
P16422_and_Q00535,0.255736636481932,0.18020492771099828,0.13276097942327134,22.33583333333331,62.74483221476508,-1243.6195604665072,B_C,,,,,,,,,,,
P16422_and_Q8TDU6,0.24644944906639607,0.18020091833156182,0.16513933802729824,22.254948805460774,61.66139072847684,-3327.0199762048715,B_C,,,,,,,,,,,
P16422_and_P22003,0.24323326168466464,0.18019190063525053,0.12260768307273284,24.11866125760647,66.44151898734178,-1268.6831787666652,B_C,,,,,,,,,,,
P16422_and_Q96HD9,0.2660632007108354,0.18019057655591747,0.32950956490890876,23.923145161290307,68.10762711864406,-949.3113912742667,B_C,,,,,,,,,,,
P16422_and_Q8N4C7,0.24437221849815702,0.18014435788802077,0.1092207618256353,20.64672830725463,48.99357954545456,-1017.575503589891,B_C,,,,,,,,,,,
P16422_and_P04216,0.26557163269533984,0.18004902226669178,0.1412218012581337,20.929774127310093,65.81222972972975,-3645.1346453043125,B_C,,,,,,,,,,,
P16422_and_P55064,0.2542353395626395,0.18003525002308005,0.09400601443254543,23.67771317829455,65.94040000000001,-1579.831187344511,B_C,,,,,,,,,,,
P16422_and_Q9UNF0,0.229746524217846,0.18002364731396447,0.06547525921157142,23.99892703862664,61.40095238095239,-2539.470400399794,B_C,,,,,,,,,,,
P16422_and_P01579,0.2644428810663022,0.18001174247939866,0.14328943170037692,22.91044600938968,68.71260273972604,-879.6633138234671,B_C,,,,,,,,,,,
P16422_and_P84095,0.2579347891582314,0.1800006045938789,0.09734315926710475,23.291090146750513,62.32965753424662,-3734.661597989066,B_C,,,,,,,,,,,
P16422_and_P01699,0.2752473778723462,0.17999019102907726,0.1646392398173808,20.116219512195116,60.17308333333333,-3030.647885066276,B_C,,,,,,,,,,,
P16422_and_P41240,0.264618375255972,0.1799824837797939,0.36598575229617664,25.40061141304346,68.94015789473684,-2954.1035702704417,B_C,,,,,,,,,,,
P16422_and_P55107,0.23363108843355251,0.17995963851400834,0.3716323891097634,24.205505617977504,68.22873786407764,-1227.3343606647431,B_C,,,,,,,,,,,
P16422_and_P05161,0.26360155827393217,0.17990170029792546,0.1463873723072169,20.892625899280553,56.75930379746836,-996.055710177202,B_C,,,,,,,,,,,
P16422_and_O95156,0.2484194561120971,0.17988341049823361,0.08677677190121373,20.890483870967742,55.64744186046506,-714.7379687931843,B_C,,,,,,,,,,,
P16422_and_O75629,0.25458400158729005,0.1798798618248433,0.1853975650153334,23.17414634146341,64.46417322834644,-1092.4616037264595,B_C,,,,,,,,,,,
P16422_and_Q16602,0.2356243859565536,0.17985634114003995,0.11588862833145364,23.098903508771926,61.89885714285713,-1670.396268332519,B_C,,,,,,,,,,,
P16422_and_Q96AM1,0.24767831499311588,0.17984922051600505,0.16481889966252306,22.638302425107007,58.11397849462369,-1487.751668412273,B_C,,,,,,,,,,,
P16422_and_P11226,0.24990776647319343,0.17984684003212437,0.1559648458784023,18.754901960784313,63.204552238805995,-1150.6179213803762,B_C,,,,,,,,,,,
P16422_and_P87889,0.21548132511200258,0.17983069922801614,0.10416094351522637,24.73477406679767,59.23715189873416,-1556.9692322781193,B_C,,,,,,,,,,,
P16422_and_P61567,0.24561167999524464,0.1798230814095939,0.18716098000382067,25.566957104557613,53.23077294685992,-4840.2900207985,B_C,,,,,,,,,,,
P16422_and_Q5VXI9,0.26831332231992167,0.17978075990497733,0.2256559737239853,23.724679487179458,72.006204379562,-2680.831703580721,B_C,,,,,,,,,,,
P16422_and_P01135,0.2638726612067068,0.17977668057907673,0.1296261697600095,17.66988235294119,53.07879310344827,-986.0770642537527,B_C,,,,,,,,,,,
P16422_and_O14894,0.2566352795198854,0.17976705195783965,0.15341542581828144,23.824819624819654,45.306838709677415,-2419.5705117100874,B_C,,,,,,,,,,,
P16422_and_Q9UMR7,0.2494022863714801,0.17972205637034488,0.18239436143877846,22.62883771929826,55.90073529411766,-6625.302485889702,B_C,,,,,,,,,,,
P16422_and_P36896,0.23510862574166302,0.17966943639858113,0.28533750888979126,24.976947040498448,56.64011673151751,-1807.6747645601135,B_C,,,,,,,,,,,
P16422_and_P08833,0.24887647963242987,0.1796393590446056,0.14715823158836797,21.217987486965615,58.05728571428572,-1049.285363726507,B_C,,,,,,,,,,,
P16422_and_Q8IUN9,0.23389262545819772,0.17962318159328614,0.09886204201952288,24.276285046728997,57.24882352941177,-5297.189675298149,B_C,,,,,,,,,,,
P16422_and_P51451,0.24635323585444116,0.17952206619265682,0.30550710907425493,25.42135922330094,66.46123809523813,-3384.3196720273486,B_C,,,,,,,,,,,
P16422_and_Q8TDD5,0.2523061701848987,0.17941632016382408,0.14466038251498914,26.422232142857148,62.183624161073816,-5774.110577438047,B_C,,,,,,,,,,,
P16422_and_Q6NT52,0.26157716233657224,0.17938875541704338,0.12121495468282929,20.536092265943,60.80458333333337,-2748.280205350761,B_C,,,,,,,,,,,
P16422_and_Q9H1J5,0.24511971108156438,0.17938121375872962,0.1516339429872511,23.659795918367386,62.11158730158727,-1796.3978839904576,B_C,,,,,,,,,,,
P16422_and_Q9UHP7,0.2548153471259222,0.17931742041808402,0.08033628667432137,21.57500000000001,52.65275229357796,-10901.917650655696,B_C,,,,,,,,,,,
P16422_and_Q06432,0.25159379769604207,0.1792826592707208,0.1467651592517768,23.297067039106157,55.65711864406777,-2099.948236934406,B_C,,,,,,,,,,,
P16422_and_Q02747,0.2752807400649054,0.1792660905783198,0.10373047984266277,19.09673123486681,44.592,-1934.3255883966585,B_C,,,,,,,,,,,
P16422_and_P48304,0.26276595084098375,0.17921629410099998,0.15599081104080642,22.349670329670303,62.8891472868217,-1229.0225791866344,B_C,,,,,,,,,,,
P16422_and_O94769,0.2377382443190862,0.1792048637888979,0.4547126467973144,26.18794694348328,62.565999999999995,-1855.883970460649,B_C,,,,,,,,,,,
P16422_and_P63145,0.21575894667056722,0.17919534776573734,0.044561292324414165,24.105092592592598,51.53783333333334,-1540.7278677707072,B_C,,,,,,,,,,,
P16422_and_O14842,0.25197433959722093,0.17907794099330793,0.12540664871857504,22.3428400954654,56.543149606299224,-1907.023740669419,B_C,,,,,,,,,,,
P16422_and_Q9Y337,0.24104075317196164,0.17906423358753643,0.22659567624875798,23.84831932773105,58.03211428571428,-3241.6399386940793,B_C,,,,,,,,,,,
P16422_and_P07602,0.22314861370255973,0.17902724314818796,0.3191629641322921,24.473749066467516,59.27160000000003,-4965.606057710189,B_C,,,,,,,,,,,
P16422_and_Q9HCC8,0.27481343305320133,0.17902678043589787,0.4709345586522536,25.10202593192867,63.08591836734691,-1950.7981600507783,B_C,,,,,,,,,,,
P16422_and_Q9Y5L2,0.29166391131556324,0.17902615829116236,0.02785491042539539,18.524709302325572,45.55824324324325,-1133.6667117264633,B_C,,,,,,,,,,,
P16422_and_Q8WWU7,0.2572701547968852,0.1790063501500314,0.0861586075875767,22.760704607046083,67.83677419354842,-9363.252769068604,B_C,,,,,,,,,,,
P16422_and_Q6UXG2,0.2508060766316351,0.1789699910396322,0.27348325735147244,27.04933665008294,55.64971428571429,-4925.132491226508,B_C,,,,,,,,,,,
P16422_and_O43291,0.2472073087266809,0.17893895770892104,0.16364928210629082,17.05625931445604,57.402797202797196,-1411.1268678308243,B_C,,,,,,,,,,,
P16422_and_P23560,0.24523062071658386,0.17890002710495534,0.4079035885277849,22.88293460925039,62.065151515151506,-1874.8276510708556,B_C,,,,,,,,,,,
P16422_and_Q96RD6,0.22125381777597578,0.17888331255513487,0.07959001920237527,26.31511254019292,46.040609137055846,-2661.643788601199,B_C,,,,,,,,,,,
P16422_and_P22694,0.2663493407644793,0.1788830885451166,0.14655235046446685,21.993409490333935,65.08962162162165,-2350.850213235517,B_C,,,,,,,,,,,
P16422_and_P06731,0.21219795610707542,0.1788303582308699,0.0,28.925000000000004,41.038181818181826,-3262.316582008898,B_C,,,,,,,,,,,
P16422_and_Q9BXJ3,0.2386453932256118,0.1787610161983874,0.1173641389449927,23.075136116152464,57.67645348837208,-1794.9485066110092,B_C,,,,,,,,,,,
P16422_and_P02745,0.24953909690915946,0.1787494000658723,0.06119690191941482,22.039405940594058,54.8693373493976,-1035.848489031926,B_C,,,,,,,,,,,
P16422_and_Q9NY25,0.2559236554523377,0.1786839785519271,0.09000697286569294,22.354487179487155,58.214272727272714,-4454.695487661366,B_C,,,,,,,,,,,
P16422_and_Q6PIU1,0.22034007047869364,0.17863442187713935,0.07514202014590368,23.994779116465814,53.42229299363057,-2355.179402811171,B_C,,,,,,,,,,,
P16422_and_Q99988,0.24018002552061168,0.17861174683556916,0.2537756381212751,21.20021482277119,61.5008040201005,-1425.8953887372736,B_C,,,,,,,,,,,
P16422_and_Q7L8A9,0.23782463003283144,0.17858745070775628,0.18558711540554806,23.861402157164875,67.35038251366119,-4134.283507417995,B_C,,,,,,,,,,,
P16422_and_P22303,0.27664758019216085,0.17858419634341172,0.261740748645861,27.524813432835828,71.5371098265896,-3594.82271819311,B_C,,,,,,,,,,,
P16422_and_Q3B7J2,0.26479073102218886,0.17854889552333247,0.18304413706421024,24.85846394984325,65.67806122448981,-2037.3731284005971,B_C,,,,,,,,,,,
P16422_and_P20062,0.2680100059482464,0.17843668931891032,0.33774991626000006,25.698307291666662,67.8648554913295,-1419.5270759067635,B_C,,,,,,,,,,,
P16422_and_P11801,0.24889256370278273,0.17842880848150228,0.28394057789542065,23.83899317406134,64.17913793103452,-1371.8335700729367,B_C,,,,,,,,,,,
P16422_and_Q8IXB3,0.2575962167945774,0.17836538030344473,0.11609988756578003,18.150000000000016,41.27085365853658,-903.4308538372006,B_C,,,,,,,,,,,
P16422_and_Q7Z5H4,0.23525745367261125,0.17834944041671505,0.13630394801593682,24.374337121212122,56.80358974358975,-1105.1382413494566,B_C,,,,,,,,,,,
P16422_and_Q9ULS6,0.22487024958625276,0.17834835584993153,0.032224552209521355,23.45855513307987,49.265575221238954,-2554.3206994748653,B_C,,,,,,,,,,,
P16422_and_Q8WY64,0.24676119296641924,0.17829408748339204,0.14183960260208622,24.344458762886553,61.42518716577537,-3871.367898307288,B_C,,,,,,,,,,,
P16422_and_P08294,0.2499062386299653,0.17820958551829097,0.33290897468488123,23.651630434782586,69.9835294117647,-1093.8381578299955,B_C,,,,,,,,,,,
P16422_and_Q9H313,0.26450837138992667,0.17818514453973294,0.20885311156589048,26.120366132723106,65.67515625000001,-1927.4037407587537,B_C,,,,,,,,,,,
P16422_and_Q86YR5,0.23878550238216537,0.17806094607048936,0.2218129347102912,25.766204690831568,51.045241379310326,-3028.834575985755,B_C,,,,,,,,,,,
P16422_and_P01584,0.24590194799763368,0.17801273134342677,0.2060998239523227,22.002984165651633,60.790788177339905,-1107.4154751218848,B_C,,,,,,,,,,,
P16422_and_Q8NBQ7,0.2539769834111754,0.17798666926212023,0.5241125856539204,25.843310657596305,53.6453672316384,-2496.9394807166796,B_C,,,,,,,,,,,
P16422_and_P15309,0.2635036144530052,0.17797205544088032,0.20389812557037879,23.11499999999998,67.54164285714286,-1377.847205935369,B_C,,,,,,,,,,,
P16422_and_Q04118,0.22908886422727487,0.17790223740476047,0.037342218640253146,16.05592783505155,26.51535211267606,-1034.475999169379,B_C,,,,,,,,,,,
P16422_and_O15041,0.26640928033499545,0.17788403677550127,0.36910205793086914,26.163188647746264,74.37023529411765,-4164.004327036143,B_C,,,,,,,,,,,
P16422_and_Q96KN2,0.26398666008380306,0.17785422181767602,0.17552431378868089,24.360362173038233,67.46553191489363,-2829.1759733599656,B_C,,,,,,,,,,,
P16422_and_Q8NFZ6,0.23098284561076823,0.17774217690398117,0.0947208886085595,23.068782722513088,55.45879629629627,-918.3768506937922,B_C,,,,,,,,,,,
P16422_and_Q9BUF7,0.2699673921874095,0.17767616699308175,0.07425069650247847,17.022284122562684,26.790490196078434,-1461.7411390418565,B_C,,,,,,,,,,,
P16422_and_Q9Y6X5,0.2630389790502852,0.1776525510587959,0.3247556820019537,24.71234567901237,62.31145251396651,-2266.0814820878913,B_C,,,,,,,,,,,
P16422_and_O60258,0.2521582329021215,0.17761026216814416,0.10925124925837915,20.906185567010315,67.82570312500002,-510.8141608871183,B_C,,,,,,,,,,,
P16422_and_P34998,0.23142774019439094,0.1775961451097471,0.06868341830937298,24.1265010351967,58.37390624999999,-1745.1629360730612,B_C,,,,,,,,,,,
P16422_and_P17661,0.21865339198031397,0.17756198404377405,0.02041783743849083,21.890697674418604,24.00738095238095,-1370.8722437695887,B_C,,,,,,,,,,,
P16422_and_P13727,0.2520373118535278,0.17755012147939744,0.10511074922153973,22.10803782505908,60.48415492957745,-1122.7978987808938,B_C,,,,,,,,,,,
P16422_and_P21926,0.2492238158597768,0.17754770866878522,0.07824740733238728,24.014452214452213,57.09333333333333,-1842.8031255600317,B_C,,,,,,,,,,,
P16422_and_P15313,0.2601451926262124,0.1775014432108914,0.12866631698722633,25.58275039745633,54.550978260869535,-2737.5154950581173,B_C,,,,,,,,,,,
P16422_and_P21941,0.22124957022642278,0.17746443845645116,0.4097105391230319,24.002974186307565,62.197539267015685,-2433.756255023516,B_C,,,,,,,,,,,
P16422_and_A8K4G0,0.25164584411490454,0.1774165279597375,0.0916612791495897,21.473148148148127,59.185925925925936,-6068.792388123931,B_C,,,,,,,,,,,
P16422_and_P02765,0.23945325216344726,0.17737200895499639,0.11205944836607878,22.89614661654137,62.01325153374232,-782.9664087994852,B_C,,,,,,,,,,,
P16422_and_P31751,0.24338855104575005,0.17733686980020108,0.19087201392736905,23.966079999999973,64.3460317460318,-6990.914176840281,B_C,,,,,,,,,,,
P16422_and_P58499,0.24631217043599174,0.17730324957864674,0.05534741037190975,22.821662125340588,66.64294117647059,-1563.696540533572,B_C,,,,,,,,,,,
P16422_and_O00186,0.2756808323772031,0.17727099986368436,0.24503024993397224,25.59595300261098,64.04787128712873,-2191.739679952466,B_C,,,,,,,,,,,
P16422_and_A6NFA1,0.23731758479592918,0.17720492811495359,0.31967551739991623,24.13933673469387,69.08076233183859,-1951.2755479638108,B_C,,,,,,,,,,,
P16422_and_Q8IYV9,0.23089252227097037,0.1771416145280571,0.4137038506372794,25.60201109570044,67.80265193370164,-1641.1128209922604,B_C,,,,,,,,,,,
P16422_and_Q8N687,0.26202793251221235,0.17708742119071147,0.07685772015512445,16.666432584269653,43.47787610619469,-1054.0029882676172,B_C,,,,,,,,,,,
P16422_and_Q9BRY0,0.23513237517660032,0.1770602403951317,0.13261244700018895,24.735856573705153,51.901863354037275,-1446.9378802376532,B_C,,,,,,,,,,,
P16422_and_Q9H7L2,0.23420686421213416,0.17705980603164814,0.18480990936751032,23.098297557364887,53.76095785440611,-1444.0666639683259,B_C,,,,,,,,,,,
P16422_and_P0C604,0.24862532158497092,0.1770488016295768,0.2688894935919933,23.80820359281435,54.21671717171718,-1778.9573769853641,B_C,,,,,,,,,,,
P16422_and_Q9NZG7,0.26618964190220473,0.17697629871725545,0.21242867757361542,20.454492187500005,40.0349275362319,-1020.8392206249059,B_C,,,,,,,,,,,
P16422_and_Q9Y2P4,0.26314712312265354,0.1769508987838356,0.583241931484327,26.846624472573907,51.387081850533804,-5896.164402406121,B_C,,,,,,,,,,,
P16422_and_Q96RI9,0.2541355365106778,0.17686146373845513,0.23273809612676943,24.72556818181816,66.05473404255319,-5568.757067001743,B_C,,,,,,,,,,,
P16422_and_Q9Y4P9,0.2465541144149847,0.17685569514182195,0.15558829690804485,21.253947368421073,65.75712418300657,-1339.1243844381515,B_C,,,,,,,,,,,
P16422_and_Q96FX8,0.2501894494556895,0.17677306296912657,0.09389935627368265,18.63458445040215,33.15318965517241,-1464.8116776374736,B_C,,,,,,,,,,,
P16422_and_Q9UIA0,0.22830665890670707,0.1767468799971713,0.2641697459867797,22.76411082474228,66.03495000000001,-3790.902791726621,B_C,,,,,,,,,,,
P16422_and_Q8WXI8,0.252215800249411,0.17674617530865638,0.20033558357493633,23.065925266903943,62.64113333333332,-1100.7176191575581,B_C,,,,,,,,,,,
P16422_and_O14672,0.24298764431208544,0.17668960193473354,0.16049347456071617,26.19587869362364,53.81977653631285,-4856.332400758738,B_C,,,,,,,,,,,
P16422_and_O43511,0.2659560939814968,0.17668234882531028,0.17340310475005197,27.883436853002024,64.48361111111112,-2449.7907310394935,B_C,,,,,,,,,,,
P16422_and_P45844,0.2609913356207781,0.17666990801824015,0.1541925304140272,25.985770750988166,52.72339869281046,-6407.643847791745,B_C,,,,,,,,,,,
P16422_and_Q8NCT1,0.24053529963456138,0.176622765054478,0.5638958822073742,24.79151291512913,69.38073619631903,-2519.443595518518,B_C,,,,,,,,,,,
P16422_and_Q8N129,0.24663540645448045,0.1765949291917038,0.12407678925856391,17.79920454545455,50.936466165413535,-1355.1742788733955,B_C,,,,,,,,,,,
P16422_and_Q9NY91,0.27725141621196403,0.17649285962522263,0.2090296818043808,25.51214814814815,62.92699386503065,-3429.1477780815403,B_C,,,,,,,,,,,
P16422_and_Q9NQX7,0.2443139497431626,0.176488360906672,0.10574223519558425,22.134399224806188,59.8916911764706,-954.0677245430106,B_C,,,,,,,,,,,
P16422_and_P63027,0.27332307855996674,0.17644826998890312,0.05678926131922819,16.985573770491804,43.382755102040825,-781.5409309634907,B_C,,,,,,,,,,,
P16422_and_P02511,0.2584919048422106,0.17640485918605725,0.09410083019693502,20.600291970802882,57.61309523809526,-985.6554178000024,B_C,,,,,,,,,,,
P16422_and_Q15198,0.22812449236428495,0.1763943155061622,0.09117285689140814,23.435176991150424,64.54632258064512,-2227.5456605721884,B_C,,,,,,,,,,,
P16422_and_P02753,0.25386143971777486,0.17638590892093908,0.20116900494255285,20.525492610837432,56.575354330708635,-1388.108629538292,B_C,,,,,,,,,,,
P16422_and_P62955,0.2407181392633642,0.1763589340843474,0.1846389591730301,21.99557823129252,53.722162162162135,-1853.0724757136754,B_C,,,,,,,,,,,
P16422_and_Q9NY72,0.24903327150487964,0.1762762149676867,0.07986279884134437,20.10487804878049,47.56677966101697,-1156.7685318183808,B_C,,,,,,,,,,,
P16422_and_Q8WWQ2,0.26986822207768124,0.1762535999925741,0.17041978616842046,24.294743589743554,64.0142458100559,-2622.414541184098,B_C,,,,,,,,,,,
P16422_and_Q13303,0.2600266497034498,0.17619157141531788,0.3157164484782233,25.263428571428584,70.87531791907517,-2530.1977456792224,B_C,,,,,,,,,,,
P16422_and_A6ND01,0.24575852465567524,0.17618806689272892,0.22448092991485488,23.73166421207661,67.46188571428573,-1150.4752987871395,B_C,,,,,,,,,,,
P16422_and_P07358,0.2634394554514991,0.1761852075419251,0.2210045306945372,25.152747252747226,55.06393939393939,-8215.721873201946,B_C,,,,,,,,,,,
P16422_and_P06312,0.2695298553486761,0.17616006728180308,0.1286233973192247,22.25238611713665,67.29328671328673,-1623.9878837122928,B_C,,,,,,,,,,,
P16422_and_Q14003,0.20854358131453216,0.1761177060206203,0.04298954054114584,26.195652173913004,53.5189090909091,-5053.053755929777,B_C,,,,,,,,,,,
P16422_and_P30874,0.24431399833424203,0.17609328178592368,0.11594517475874697,25.115197841726594,62.38406976744186,-1645.0533282179695,B_C,,,,,,,,,,,
P16422_and_Q8NCF0,0.225390709862623,0.1760874361996503,0.08587971731880058,23.62767857142857,50.86246963562751,-1737.6967412674785,B_C,,,,,,,,,,,
P16422_and_Q96CG8,0.24648893771651334,0.17608699836032876,0.051546621843065785,22.050554016620513,60.67925619834712,-10518.648921093274,B_C,,,,,,,,,,,
P16422_and_Q96PE3,0.27595053071172254,0.17600415184489737,0.48881848686462487,27.59664502164496,73.27376884422111,-14723.676548858031,B_C,,,,,,,,,,,
P16422_and_O95377,0.24141336924912749,0.17591089383487887,0.07562898731294032,21.592352941176458,43.86648854961832,-2102.8482143618767,B_C,,,,,,,,,,,
P16422_and_Q9NP94,0.23485417964643385,0.17580367574773176,0.09760163604850344,24.34414634146344,61.43133333333331,-1781.823413315732,B_C,,,,,,,,,,,
P16422_and_P27539,0.2402717368591337,0.17577933959613876,0.1985893287789697,24.311301369863056,50.714954545454525,-1300.3597778824806,B_C,,,,,,,,,,,
P16422_and_Q9HBH0,0.25136286527595797,0.17576705483478142,0.13611681468333373,23.697085201793737,70.94006578947368,-1130.9434353745319,B_C,,,,,,,,,,,
P16422_and_Q9HB21,0.22751544406557564,0.175737819757963,0.1419388455359228,23.95051020408166,58.18115577889447,-6051.854150955893,B_C,,,,,,,,,,,
P16422_and_Q86WR0,0.25289085341656825,0.17570044018844638,0.13207827309048945,23.071890971039153,62.2486577181208,-1025.0137477811559,B_C,,,,,,,,,,,
P16422_and_P06396,0.21318977601165612,0.17567073870186156,0.17699968429695065,26.644332797427655,53.04537593984966,-8076.761934037284,B_C,,,,,,,,,,,
P16422_and_O95786,0.25034958148563524,0.17561993346986096,0.23879760547408385,26.813263525305405,67.47104294478525,-2911.1583137586967,B_C,,,,,,,,,,,
P16422_and_Q68D91,0.2509586289519762,0.17559921950115132,0.08534321329916085,21.782475247524747,64.60522580645163,-2287.7752435477214,B_C,,,,,,,,,,,
P16422_and_P21781,0.25438411763288094,0.17559389300584186,0.14474788049215095,21.431272401433702,62.088362573099396,-1512.2061698376892,B_C,,,,,,,,,,,
P16422_and_Q7Z4P5,0.23425281624168287,0.17557024391612341,0.14863594436770144,27.016258351893097,65.22092485549133,-1236.4881007510094,B_C,,,,,,,,,,,
P16422_and_A0A1B0GWG4,0.27982014238908814,0.17554231996042788,0.05253907880920318,15.90723981900453,29.885243902439033,-2426.4900426998565,B_C,,,,,,,,,,,
P16422_and_Q8N475,0.2640539907650111,0.17548156701349987,0.40729586827618847,27.70092735703247,47.46826291079813,-3412.7598327093547,B_C,,,,,,,,,,,
P16422_and_P42262,0.2244858414523293,0.17545283597376815,0.481011271649165,27.407988587731833,72.97000000000003,-3936.6557031646735,B_C,,,,,,,,,,,
P16422_and_P19801,0.28832017324212345,0.1754379553170653,0.15713286723614323,27.493376623376633,59.881374045801536,-5290.5201304664415,B_C,,,,,,,,,,,
P16422_and_O14495,0.2382669575245307,0.17540319118508924,0.11493684132032429,23.845071868583165,58.92444444444443,-3791.3573503325606,B_C,,,,,,,,,,,
P16422_and_A0A5B9,0.25745061200286706,0.17538664861528225,0.4775338380347034,23.07716199756394,69.48855555555554,-1219.732812899698,B_C,,,,,,,,,,,
P16422_and_Q15825,0.2355354161719423,0.17537282517394182,0.1349225697673163,24.59002145922745,64.0892258064516,-2819.9218526315053,B_C,,,,,,,,,,,
P16422_and_O60383,0.2308170093914556,0.1753547496651766,0.3921428654457662,24.11974248927043,67.9458163265306,-2343.833054176004,B_C,,,,,,,,,,,
P16422_and_P36897,0.2338588092980978,0.17534734092482399,0.09309968176602035,23.468518518518543,61.315537634408585,-18809.492944413552,B_C,,,,,,,,,,,
P16422_and_Q9NS98,0.2662560260579584,0.17534526812404194,0.33828047888104507,26.835409836065555,70.28324999999997,-6158.75276315766,B_C,,,,,,,,,,,
P16422_and_Q9UBD9,0.24989939439558173,0.17533688840815315,0.3449285751109225,24.57163636363636,67.27684931506847,-787.9603666728244,B_C,,,,,,,,,,,
P16422_and_Q96FV3,0.24131774427202138,0.17530995068629313,0.16054747932525748,22.267673992673984,51.54682119205299,-1567.233167732049,B_C,,,,,,,,,,,
P16422_and_O75487,0.25627557740344886,0.17529453650500912,0.16556555679738963,25.88419811320752,60.70935294117649,-6187.380108140189,B_C,,,,,,,,,,,
P16422_and_Q9NPI9,0.22392023931266974,0.1752847932391403,0.2585038489111673,23.35171957671956,66.1558762886598,-1735.082541825379,B_C,,,,,,,,,,,
P16422_and_Q6UXF7,0.22429264181501776,0.17520822988704077,0.10239252236470912,23.965414364640868,52.99932203389827,-1106.2901718259745,B_C,,,,,,,,,,,
P16422_and_Q03135,0.25241779625126454,0.1751998973830195,0.06458976989225067,21.417142857142846,51.88146341463415,-1409.27416245139,B_C,,,,,,,,,,,
P16422_and_Q13153,0.23380496043974583,0.17519269528852205,0.137174469583775,25.589113530326593,56.86341013824882,-4227.114843301533,B_C,,,,,,,,,,,
P16422_and_Q96RP3,0.2726711864535725,0.17516464397572587,0.09303017025156458,14.516129032258068,29.308684210526316,-346.08852515515537,B_C,,,,,,,,,,,
P16422_and_P17677,0.24366257156387136,0.17515315952148666,0.12316318544446002,14.915979381443297,25.802234042553195,-1377.5148226563742,B_C,,,,,,,,,,,
P16422_and_Q6W5P4,0.23647880658229056,0.17511695668855484,0.14505873470357603,25.505576923076916,62.08417177914109,-2857.039532558575,B_C,,,,,,,,,,,
P16422_and_Q7L1S5,0.2355306634149694,0.1750946331481362,0.15769548246067738,25.449575551782672,62.91289340101521,-2290.658979215592,B_C,,,,,,,,,,,
P16422_and_P25942,0.23490328359255552,0.17506561926342948,0.06699461524425572,24.305599999999988,54.627539682539705,-4802.283861998798,B_C,,,,,,,,,,,
P16422_and_O94772,0.26507941891139297,0.17499508585063078,0.2112684583025072,18.654770318021207,63.88117241379311,-1773.2639874573142,B_C,,,,,,,,,,,
P16422_and_P48307,0.24763364486698564,0.17498889092324688,0.1407475796034977,22.081224066390064,66.58401360544214,-1118.0873455268402,B_C,,,,,,,,,,,
P16422_and_P23435,0.2537600970020558,0.17498754994722282,0.0664912794793581,22.243250000000035,57.63346774193548,-1054.4592628379248,B_C,,,,,,,,,,,
P16422_and_P50052,0.24631979553152183,0.17497647682266879,0.30194589713537356,23.845600858369085,64.02358585858582,-1096.3024795809815,B_C,,,,,,,,,,,
P16422_and_Q8NCW5,0.24335193770367627,0.17496467578032926,0.19165173135299682,23.379529411764686,66.51307142857142,-2240.034826339351,B_C,,,,,,,,,,,
P16422_and_O00182,0.23321384527348515,0.17482381815149237,0.38318438687019907,25.0748148148148,64.41549504950497,-1498.8988280778121,B_C,,,,,,,,,,,
P16422_and_O60291,0.2241648160888377,0.1747797151785933,0.10744835383698535,23.880575539568355,49.62041884816756,-1132.884469778579,B_C,,,,,,,,,,,
P16422_and_O14649,0.22536974750154382,0.1747429404058444,0.17980777544783808,21.189615384615394,43.43236842105264,-2101.544422964855,B_C,,,,,,,,,,,
P16422_and_P58743,0.26098504073833084,0.17457360311744413,0.026178223685743282,28.07062937062937,51.40297297297297,-2071.4450274697256,B_C,,,,,,,,,,,
P16422_and_P55899,0.23068547130664196,0.1745711486437379,0.17959130168973098,22.74359165424742,60.66082840236683,-1802.856757942869,B_C,,,,,,,,,,,
P16422_and_P0DSE2,0.2348839089056666,0.1745537829105309,0.1609047129059528,23.911915887850483,72.86137931034484,-1443.9657521375332,B_C,,,,,,,,,,,
P16422_and_Q96HE7,0.2473452757248379,0.17454499255843095,0.09433873285749061,24.268547008546975,54.888994413407836,-1334.5583388444556,B_C,,,,,,,,,,,
P16422_and_Q8NHV5,0.2564183166273986,0.1745219616014515,0.1152804935153571,21.62045454545453,63.03749999999999,-2751.0512559192025,B_C,,,,,,,,,,,
P16422_and_Q08289,0.22342442270690485,0.17450916175278805,0.3962302186037919,25.264621968616257,71.98494318181821,-2430.404144543685,B_C,,,,,,,,,,,
P16422_and_Q969L2,0.2554780674928885,0.17446098640755167,0.06560513344400495,19.751363636363646,47.93294642857142,-648.1366691162677,B_C,,,,,,,,,,,
P16422_and_P05129,0.22833859824211644,0.17436584152238088,0.16391239632352636,25.653776435045383,46.05910377358491,-2437.2015027751186,B_C,,,,,,,,,,,
P16422_and_Q9H336,0.21934746220395437,0.17430213955088014,0.34936663417282193,23.824375743162918,64.97940298507463,-2501.8848400004354,B_C,,,,,,,,,,,
P16422_and_P40123,0.21862997522552943,0.17425730518953964,0.23246747578619692,25.658773291925442,56.057611940298514,-1870.5205049595097,B_C,,,,,,,,,,,
P16422_and_Q8ND76,0.2332776872969691,0.17421109512855093,0.15267904920870629,23.644217207334275,55.76529702970298,-4936.2434513790995,B_C,,,,,,,,,,,
P16422_and_Q6ISU1,0.24067294478632062,0.17419957966124078,0.18463570724485592,21.35973236009733,58.25136125654449,-1645.1104822785073,B_C,,,,,,,,,,,
P16422_and_Q05655,0.23568062541514254,0.17409575137344263,0.2542856457007148,25.208765859284878,62.69336322869953,-3326.576110525879,B_C,,,,,,,,,,,
P16422_and_Q9Y487,0.25414854756444705,0.17404675421409366,0.03793295845818842,27.604827586206877,54.10814285714285,-2990.598725368882,B_C,,,,,,,,,,,
P16422_and_P59044,0.26231253323538595,0.17403741808243067,0.23676766667690505,27.791922455573484,67.7664161849711,-2460.808538637667,B_C,,,,,,,,,,,
P16422_and_P08962,0.24301056012322717,0.17398815278076177,0.0871777911947523,23.18573113207546,58.38761194029852,-1055.6505080531972,B_C,,,,,,,,,,,
P16422_and_P01876,0.22372604296410964,0.17390291783086126,0.36086125119286244,24.974932975871333,63.87616580310877,-3240.2571314445977,B_C,,,,,,,,,,,
P16422_and_Q86U17,0.2515432613735857,0.1738538587748098,0.27696253687730393,25.218205461638505,62.725326086956535,-4503.906029427436,B_C,,,,,,,,,,,
P16422_and_P15086,0.26402520423751064,0.1737849740024156,0.4390368222658923,25.42677532013973,68.86573394495412,-1566.8375986919316,B_C,,,,,,,,,,,
P16422_and_P60201,0.23751261298682064,0.17372870737015045,0.11178697612987173,21.843786982248517,63.7667543859649,-2222.8599194550725,B_C,,,,,,,,,,,
P16422_and_P80188,0.25217155295358673,0.17372794113552126,0.29560481100071834,22.99358789625361,71.86596774193546,-1026.5267839981445,B_C,,,,,,,,,,,
P16422_and_Q1HG44,0.240216791266076,0.17371481493136492,0.1402551941856118,22.565756630265174,61.96176470588235,-1403.9695187660095,B_C,,,,,,,,,,,
P16422_and_Q9H6Q3,0.24196412349892,0.17367087276165713,0.11660748777828897,23.248466257668706,67.62910256410255,-3877.358205207985,B_C,,,,,,,,,,,
P16422_and_Q9HB14,0.22006694999172643,0.17362146783857085,0.10895269907205045,25.542039800994996,56.658642857142866,-1993.0248263399963,B_C,,,,,,,,,,,
P16422_and_O00571,0.2251295469068746,0.17358314368372058,0.17101895058870223,25.736600306278724,55.65710144927534,-4441.711686319274,B_C,,,,,,,,,,,
P16422_and_Q96DU3,0.22921626561541864,0.17357103264181067,0.08846287773085115,24.282625000000003,62.96267175572517,-1847.5499855519874,B_C,,,,,,,,,,,
P16422_and_Q13325,0.2703142706899955,0.17352473214783143,0.2776953453878198,26.483843212237094,58.616894409937885,-2003.8156767577302,B_C,,,,,,,,,,,
P16422_and_Q6PIU2,0.2671229759196888,0.17351889257423556,0.3155916154938903,24.77942989214176,75.07843575418988,-2675.6186385900014,B_C,,,,,,,,,,,
P16422_and_Q13884,0.2368862956118154,0.17351014769788856,0.14565125627827064,24.620038910505823,69.08291428571427,-1253.5763134314911,B_C,,,,,,,,,,,
P16422_and_Q7Z6J4,0.2107020076609631,0.1735032925479892,0.08878963122283419,25.836379928315438,55.962654320987646,-4744.833246569011,B_C,,,,,,,,,,,
P16422_and_P01860,0.21952273034340922,0.1734763475848366,0.2600501949143642,25.84980392156859,61.61988095238094,-1738.5079549942384,B_C,,,,,,,,,,,
P16422_and_Q07507,0.25083838015688653,0.17344825478584616,0.12313459663335409,22.318552631578964,63.421732283464536,-1154.9092709606068,B_C,,,,,,,,,,,
P16422_and_Q9BT56,0.2702096121972317,0.17344105704779006,0.1538503753566428,14.283962264150949,30.640000000000004,-703.7970134156621,B_C,,,,,,,,,,,
P16422_and_O60882,0.22146847941364406,0.1734178441214889,0.37497142342601475,25.51035087719294,51.855185185185185,-1488.949751799344,B_C,,,,,,,,,,,
P16422_and_P05019,0.2512008741409436,0.17340378108495216,0.12413366751464085,18.437386363636364,56.76778625954199,-555.0018234655436,B_C,,,,,,,,,,,
P16422_and_Q9NUN5,0.25314842144631466,0.17339985675331684,0.11967479057332352,26.150542740841235,51.62340540540541,-3034.8438497897378,B_C,,,,,,,,,,,
P16422_and_P49788,0.23820248710198247,0.1733827749778444,0.35621006143424777,24.608064516129023,67.71490797546011,-1211.3818904300679,B_C,,,,,,,,,,,
P16422_and_Q14330,0.24143212580313927,0.17331464421673315,0.08022763022728244,24.459090909090886,61.56519230769231,-1753.7762756087432,B_C,,,,,,,,,,,
P16422_and_P04070,0.23851663924169797,0.17331221538903374,0.33978714463953175,24.95303326810176,63.35788018433182,-5137.51715282075,B_C,,,,,,,,,,,
P16422_and_Q86X19,0.2469357433277521,0.17330155025235994,0.11750726023929416,21.721957671957668,58.92753846153845,-936.5908881500804,B_C,,,,,,,,,,,
P16422_and_Q9BXC1,0.2465573148937078,0.17324581014985244,0.11909903046716466,25.212632978723374,60.354921875,-2234.3816763130694,B_C,,,,,,,,,,,
P16422_and_P13498,0.24908057289568078,0.1732163388857021,0.11878110658127101,16.918803418803424,31.246422018348625,-712.4753777716323,B_C,,,,,,,,,,,
P16422_and_P60827,0.2413557678634923,0.17317548725992832,0.04201982352467783,21.58436426116835,50.47715596330273,-2582.7477049766057,B_C,,,,,,,,,,,
P16422_and_Q13530,0.2500975637283874,0.17314656213565077,0.19414952878303204,27.153814262023232,55.788068181818176,-3116.6341580946155,B_C,,,,,,,,,,,
P16422_and_P17342,0.25124684036687633,0.17311033775603232,0.2236631783456727,23.195744680851096,61.52414285714286,-5124.214395933498,B_C,,,,,,,,,,,
P16422_and_O76061,0.2375980149549971,0.1730348766394315,0.12452432850917307,21.055070754716983,64.57300751879701,-977.817067673469,B_C,,,,,,,,,,,
P16422_and_Q9Y5X9,0.2572334636881026,0.1730278764332498,0.28454827984208975,25.92437641723355,61.501094890510934,-4859.964793402447,B_C,,,,,,,,,,,
P16422_and_O75955,0.22091704787400532,0.17298609390140016,0.081369904600693,22.67745490981963,60.491780821917814,-1470.7233880503572,B_C,,,,,,,,,,,
P16422_and_Q13214,0.2703215372154921,0.17297373123306373,0.5323941624545415,27.184603004291805,62.53990909090906,-2422.7825237803954,B_C,,,,,,,,,,,
P16422_and_Q8WZ55,0.2304416096747014,0.17297337659158485,0.05668886289957016,21.701159793814426,40.434341085271306,-1705.9319493223447,B_C,,,,,,,,,,,
P16422_and_Q96S96,0.24789149320757695,0.17297127046209082,0.5462911086536315,25.454637526652473,55.56591623036646,-572.1198851330987,B_C,,,,,,,,,,,
P16422_and_P02749,0.22535685867147298,0.17288840108814174,0.13494175289454594,24.310772833723654,67.39244094488188,-2737.7263199656254,B_C,,,,,,,,,,,
P16422_and_Q13609,0.24645540157081952,0.17276583401316792,0.15137498348074271,24.229358974358977,71.91165354330708,-1580.6816069913427,B_C,,,,,,,,,,,
P16422_and_Q9UN67,0.23622041387050471,0.17275276326838032,0.30777345980813897,26.306697247706428,59.859618320610686,-2383.92410551815,B_C,,,,,,,,,,,
P16422_and_A0A0C4DH35,0.2657005506759649,0.17273167907970513,0.08350653054125495,23.17012012012012,60.24321428571428,-7822.550479428932,B_C,,,,,,,,,,,
P16422_and_Q8NGA8,0.252099606119332,0.1727222761083294,0.14312970357499025,23.945804195804175,63.916870229007635,-2318.7235565789447,B_C,,,,,,,,,,,
P16422_and_Q6UX82,0.24543907663831924,0.17271429601375143,0.17461895696551427,24.223623853210988,63.95846153846152,-5229.026103968976,B_C,,,,,,,,,,,
P16422_and_Q5QGT7,0.2472166307882085,0.17266758265655072,0.17008337583901162,23.176297577854697,62.09975308641976,-2200.299280183839,B_C,,,,,,,,,,,
P16422_and_Q7Z5Y6,0.23878127418997006,0.17262304619719138,0.20339383795925647,22.91775793650792,62.09262068965518,-1563.296545953941,B_C,,,,,,,,,,,
P16422_and_P16499,0.2567433638585792,0.17255234871547342,0.018762020731723263,25.106666666666662,51.42972972972973,-2429.55858154997,B_C,,,,,,,,,,,
P16422_and_Q9GZM5,0.2257696010138578,0.17253291169007298,0.10154318085050296,24.265315315315327,61.81784172661873,-911.8276792546421,B_C,,,,,,,,,,,
P16422_and_P50591,0.23968055449816372,0.17251660995022183,0.14702827716385136,24.075755287009095,55.60751381215472,-1128.6439604538173,B_C,,,,,,,,,,,
P16422_and_Q9BRT3,0.26937314226666575,0.1724269677613463,0.19929878666180226,20.401494565217376,42.82534482758622,-383.79879840772355,B_C,,,,,,,,,,,
P16422_and_Q12829,0.2389892089736679,0.1723641938461207,0.0920175328635624,24.383189655172398,55.00353846153843,-942.397632943088,B_C,,,,,,,,,,,
P16422_and_P01732,0.2417666797928395,0.17233392995770486,0.19012866176956408,21.87944732297063,65.40181249999996,-996.9419200770494,B_C,,,,,,,,,,,
P16422_and_Q6UX06,0.22561722055345326,0.1722986120813378,0.14016596180064134,24.83590909090911,52.80317073170733,-2060.7315884396958,B_C,,,,,,,,,,,
P16422_and_P49747,0.25162975503965923,0.172273677050845,0.40144071971110923,26.72355953905249,65.9465625,-15470.462447803851,B_C,,,,,,,,,,,
P16422_and_Q3MIR4,0.2380657160526662,0.17227351737176883,0.35762971242723707,23.07234782608698,74.23317073170728,-1231.6075912027754,B_C,,,,,,,,,,,
P16422_and_Q9BXJ2,0.2370447769691483,0.17224986130075542,0.055536623565080906,20.71350710900475,52.68942857142858,-1915.0788691152138,B_C,,,,,,,,,,,
P16422_and_P05111,0.22750868805738494,0.17224780863501354,0.2772620982035729,23.698871331828443,57.97229665071774,-2731.7449545197087,B_C,,,,,,,,,,,
P16422_and_O95390,0.22543745915577545,0.1722421993022375,0.06392947649925047,25.63995290423862,53.55587570621468,-3881.363178954187,B_C,,,,,,,,,,,
P16422_and_Q96T54,0.22796254578745961,0.17213804782080255,0.04592449145483136,20.905300353356857,48.847300000000004,-1302.0422912265612,B_C,,,,,,,,,,,
P16422_and_P58753,0.24668043960747818,0.17207654578279324,0.16310196680078978,22.52196531791904,61.290805369127504,-1547.948956313206,B_C,,,,,,,,,,,
P16422_and_Q96QG7,0.2763317976414151,0.17203568247752177,0.3101730532047993,25.311839863713796,73.87703030303031,-3721.30509491749,B_C,,,,,,,,,,,
P16422_and_Q7Z7J7,0.2389949521693183,0.17203096896930617,0.08764331947430205,23.526151761517635,57.83902654867258,-2206.661529939332,B_C,,,,,,,,,,,
P16422_and_P51160,0.25494522283727,0.1720250760526546,0.018258893561979524,26.064102564102566,46.02968750000001,-1667.740335453981,B_C,,,,,,,,,,,
P16422_and_P28300,0.22518554503315502,0.17200687016245017,0.09713515266901018,23.752953296703264,50.6064757709251,-2129.2934453521375,B_C,,,,,,,,,,,
P16422_and_Q6UW32,0.26999534727944885,0.17198597150561246,0.13854078444353626,19.07916666666663,43.134029850746266,-1452.5367582152685,B_C,,,,,,,,,,,
P16422_and_P55145,0.25354623839565293,0.17196296887485188,0.06792045633017964,21.044067796610168,62.241195652173936,-1067.3278934310854,B_C,,,,,,,,,,,
P16422_and_Q9BXN2,0.23692510774647674,0.1719253130247661,0.28282868659261207,23.008761904761926,71.63367187499999,-1717.505441441514,B_C,,,,,,,,,,,
P16422_and_A0A0C4DH31,0.2665227260715817,0.1719251376898219,0.24940797967985343,20.64156479217604,71.75809090909091,-1243.6480808941212,B_C,,,,,,,,,,,
P16422_and_P29965,0.24156108957162348,0.1719065134515385,0.08406666751384818,22.665245478036162,59.40075757575756,-1035.750407376203,B_C,,,,,,,,,,,
P16422_and_O14793,0.22645311694894438,0.17189479104402655,0.14801428103345832,23.60888671874999,61.2405063291139,-1360.6269707391912,B_C,,,,,,,,,,,
P16422_and_O43865,0.2403722907409247,0.17188637214124902,0.3433819219377435,26.22258347978915,61.314764397905776,-1308.8814743853518,B_C,,,,,,,,,,,
P16422_and_Q8TBJ4,0.23398914984821373,0.17187411248096854,0.1371104732454405,22.981979166666655,61.52239130434784,-1730.2243353172717,B_C,,,,,,,,,,,
P16422_and_P08134,0.24981257854834718,0.17181810176007295,0.20530232771470872,24.41358267716535,73.66258064516126,-1066.872326273895,B_C,,,,,,,,,,,
P16422_and_P51636,0.25423766595765457,0.1717618214249569,0.0850122513248138,16.958556149732615,45.04223880597016,-812.1013939995391,B_C,,,,,,,,,,,
P16422_and_Q9Y5Q6,0.26458562575701944,0.17176086073503816,0.08177235148439638,17.138842975206604,46.965809523809526,-1283.8262464083218,B_C,,,,,,,,,,,
P16422_and_Q9NZC2,0.24469295454605355,0.1717090516411056,0.12266807957491017,21.355693581780532,62.681292517006774,-906.6863945776427,B_C,,,,,,,,,,,
P16422_and_Q9UM22,0.24597110382841403,0.17168112391105633,0.20078431054247498,22.975700164744644,58.69680000000002,-1055.4982818813405,B_C,,,,,,,,,,,
P16422_and_P0C2W1,0.2379076781111956,0.17162798995763387,0.22062456587254034,23.926863084922022,63.59195945945949,-5615.110959277628,B_C,,,,,,,,,,,
P16422_and_O14494,0.24064249961172787,0.1716242748095492,0.19189273656131933,23.540717299578073,73.70259999999999,-1068.1576835186806,B_C,,,,,,,,,,,
P16422_and_P01911,0.2359910920274052,0.1716220630646753,0.1239672191420462,23.06120996441279,61.74094117647059,-956.4502504694951,B_C,,,,,,,,,,,
P16422_and_Q96NW4,0.21914938770014158,0.1716131043880459,0.061868751956166354,27.173170731707344,58.24924137931033,-4732.164645173729,B_C,,,,,,,,,,,
P16422_and_O00585,0.2622126602972673,0.17158146882259484,0.10809650684626594,19.089999999999993,52.70474820143884,-814.6929278340535,B_C,,,,,,,,,,,
P16422_and_Q9Y5E8,0.2309072081483332,0.1715709052847474,0.26273548810561287,26.97478260869565,55.42560606060606,-3605.8309821241837,B_C,,,,,,,,,,,
P16422_and_Q2MV58,0.21203739745811417,0.1715376661511543,0.1355800626330204,25.366767554479416,50.983584905660365,-1640.8901032900067,B_C,,,,,,,,,,,
P16422_and_P02766,0.26050078570636015,0.17152202797228921,0.24140588771282467,21.9658376963351,63.26819819819822,-2241.6631496299333,B_C,,,,,,,,,,,
P16422_and_P29992,0.24941531808189465,0.17151551474377744,0.1502299367727771,22.76687192118225,68.47396694214873,-1766.2895490249011,B_C,,,,,,,,,,,
P16422_and_Q6UX27,0.23971404804989044,0.1714905638577102,0.15805347875783335,23.242872570194386,66.88439655172414,-4057.0676994509795,B_C,,,,,,,,,,,
P16422_and_P01011,0.24861037308235132,0.1714698902206559,0.2328285987900472,22.17351313969574,58.37197802197797,-2673.322277498497,B_C,,,,,,,,,,,
P16422_and_O43463,0.2493140950183576,0.17146758534032056,0.47422490475005596,27.274329501915748,66.78220216606496,-2816.936375281159,B_C,,,,,,,,,,,
P16422_and_P13725,0.24293320506907984,0.17138095560084426,0.2885720812695978,23.966441821247912,61.62638888888888,-893.6580699494298,B_C,,,,,,,,,,,
P16422_and_P49903,0.25769688228872534,0.1712378245943771,0.16244836425657666,25.7969572368421,55.754347826086985,-1522.3698243585611,B_C,,,,,,,,,,,
P16422_and_Q15848,0.24363018803415853,0.17121945299483568,0.16222260370692645,22.53226788432273,59.31208860759492,-918.1063084563066,B_C,,,,,,,,,,,
P16422_and_P49662,0.22861885522279618,0.17117478974872422,0.15387843859361416,24.174875311720683,61.324307692307684,-5071.213534967058,B_C,,,,,,,,,,,
P16422_and_Q99829,0.253541077942664,0.1711727078964104,0.23322798150169927,24.801549755301775,70.06491428571431,-2428.0636783089144,B_C,,,,,,,,,,,
P16422_and_Q6UXB4,0.2336435383952274,0.1711640575876126,0.11860500101672919,22.983024691358043,62.7653020134228,-1926.3130690244598,B_C,,,,,,,,,,,
P16422_and_P32455,0.26014781485746014,0.17114898610984142,0.40465116467348156,26.621894736842098,66.2862831858407,-1606.091761157861,B_C,,,,,,,,,,,
P16422_and_P05543,0.2502008663410899,0.1710663325953627,0.1739237334879896,25.799132947976872,60.70637837837841,-1486.4027344840451,B_C,,,,,,,,,,,
P16422_and_P15814,0.24484290881609058,0.1710348730789987,0.17409927985676452,23.086382113821145,63.99661538461541,-3407.5577761173045,B_C,,,,,,,,,,,
P16422_and_Q8WUU8,0.24076474075042067,0.17093811306611598,0.15265614910658679,17.279679144385025,34.905441176470596,-690.5982872569039,B_C,,,,,,,,,,,
P16422_and_Q96CW9,0.23050485118551145,0.17091913452850993,0.4069528111482846,25.796058917197453,66.52976833976837,-4182.904400817528,B_C,,,,,,,,,,,
P16422_and_P48426,0.24775891348282633,0.17089672303645015,0.17228429569332737,24.684939759036205,61.56527777777779,-20329.4772132458,B_C,,,,,,,,,,,
P16422_and_Q9BWP8,0.23856986947786235,0.1708900333899918,0.17213035603941607,22.342409638554262,59.585235294117616,-1319.799951090161,B_C,,,,,,,,,,,
P16422_and_Q8IXU6,0.23161680646634483,0.17088281057746216,0.07366549767730174,24.951449275362336,60.676646341463396,-2466.489212033248,B_C,,,,,,,,,,,
P16422_and_Q9Y3Q0,0.2818281316904146,0.17076912343042686,0.20301814556920142,26.924093816631128,70.8296026490066,-18743.72379225942,B_C,,,,,,,,,,,
P16422_and_Q9Y6D0,0.27465658271430154,0.17069689162170631,0.1104689407295714,14.904687500000003,28.533644859813084,-1609.9524243476644,B_C,,,,,,,,,,,
P16422_and_P07355,0.2558714137193246,0.17068759686847446,0.17795537624531477,24.618250539956826,72.12095238095239,-3645.2131151442754,B_C,,,,,,,,,,,
P16422_and_P35225,0.26094187404699165,0.17059272863333325,0.1049761008550224,21.771449704142025,64.80066037735847,-873.2692511038067,B_C,,,,,,,,,,,
P16422_and_Q14721,0.20332190186847804,0.17056670063817392,0.060980331084933045,25.979112271540448,60.741290322580625,-2450.984148365933,B_C,,,,,,,,,,,
P16422_and_P29622,0.2471767926627349,0.1705100670312262,0.2855788129430276,24.783439490445854,69.79605714285717,-1704.198266133797,B_C,,,,,,,,,,,
P16422_and_Q99712,0.21975161003958876,0.17049139201675473,0.08979037247984309,25.188742690058458,62.31415094339623,-1668.088497178989,B_C,,,,,,,,,,,
P16422_and_P81605,0.27010943819080446,0.17045048345024108,0.044902971834964195,17.50758064516129,41.94228070175439,-1095.0362035331473,B_C,,,,,,,,,,,
P16422_and_Q9NRA1,0.22807727266483535,0.17044773460084828,0.2639298389423578,26.05251046025105,63.539798387096745,-2895.533240024539,B_C,,,,,,,,,,,
P16422_and_Q9Y639,0.2288190640910554,0.17037327833200683,0.3266345145768591,24.42263513513514,66.60243589743592,-1752.6991551276153,B_C,,,,,,,,,,,
P16422_and_P0DOX7,0.24558067325346916,0.1703260895871978,0.1701672140423658,21.762595419847326,65.40499999999999,-2071.796516675862,B_C,,,,,,,,,,,
P16422_and_Q8TCT9,0.23569938000200294,0.17032533055160265,0.09092100264493831,24.39163179916318,52.341241830065364,-3006.6113725510227,B_C,,,,,,,,,,,
P16422_and_Q6UW56,0.24222304220494628,0.17028956890387723,0.16715519941754658,23.337476979742135,62.30215568862276,-803.2176582115956,B_C,,,,,,,,,,,
P16422_and_P0DOX8,0.2434153633210849,0.1701679158546832,0.278257333138686,21.482511737089208,67.52640350877193,-743.4739468648496,B_C,,,,,,,,,,,
P16422_and_O95741,0.2435338764070239,0.17015382878618274,0.507253741156014,24.900661000944257,66.56404545454548,-1060.3699896461592,B_C,,,,,,,,,,,
P16422_and_Q8N8D7,0.24381348094962912,0.17015375550287143,0.15886222207266668,24.192446808510635,64.73965753424655,-2374.056921246113,B_C,,,,,,,,,,,
P16422_and_Q6UX65,0.23906311547767561,0.1701135377614113,0.18076528324564095,24.187992495309594,61.864963503649676,-1604.9568419976226,B_C,,,,,,,,,,,
P16422_and_O14798,0.2355420348005972,0.17011023678475673,0.06766981478834211,22.611336515513127,59.609423076923086,-2718.36975366584,B_C,,,,,,,,,,,
P16422_and_Q96BH3,0.24461284960207608,0.1700629084357414,0.15807591212749028,23.067636022514076,56.790606060606045,-1045.7498567336788,B_C,,,,,,,,,,,
P16422_and_P07510,0.24009098452117422,0.16999053107718798,0.12814153031237457,25.00782520325198,57.770993377483435,-1930.6508888696646,B_C,,,,,,,,,,,
P16422_and_O43526,0.19813621443279356,0.16997723656288907,0.10049899141982872,27.97023060796647,42.326923076923094,-1574.0795460244844,B_C,,,,,,,,,,,
P16422_and_P59796,0.24497985510228332,0.16997258435182527,0.32354060620227343,24.10260067114096,70.34689440993792,-2807.767081956451,B_C,,,,,,,,,,,
P16422_and_O60488,0.26999483639213906,0.16995909107408383,0.4947502920775183,26.490719360568335,69.28391891891891,-6475.828483840114,B_C,,,,,,,,,,,
P16422_and_Q8NH70,0.24376430672990218,0.1698936646626253,0.25105546647546556,25.22428571428571,67.73522292993631,-1993.227407375741,B_C,,,,,,,,,,,
P16422_and_Q08397,0.20996849386009336,0.16988260843204525,0.10954461900688701,24.53044747081711,65.6326966292135,-2378.5208387951425,B_C,,,,,,,,,,,
P16422_and_P01893,0.23230611765672682,0.16986657244274955,0.165149118542928,26.235189309576846,52.433975903614474,-1710.7548809569798,B_C,,,,,,,,,,,
P16422_and_P48169,0.22859996660342605,0.16986618806052334,0.3477637917162981,25.08264285714283,68.31983240223465,-1997.3857548435026,B_C,,,,,,,,,,,
P16422_and_Q96GC9,0.23161571960675062,0.1698503205405542,0.07814707212593898,24.20550458715596,60.9080487804878,-2597.8546182709933,B_C,,,,,,,,,,,
P16422_and_Q7Z614,0.2323388464670128,0.1698477052636147,0.1759114981760853,22.796502835538746,69.56185185185188,-1521.346057394901,B_C,,,,,,,,,,,
P16422_and_Q8N4T0,0.25980180390159946,0.16979223005170319,0.4241366860568392,25.708611481975932,70.78838709677422,-1063.235719066255,B_C,,,,,,,,,,,
P16422_and_O43914,0.26586133792327377,0.1696947249244387,0.07349162806751793,17.248170731707305,28.788585858585865,-1535.5953394435521,B_C,,,,,,,,,,,
P16422_and_P17612,0.2584451982147006,0.16965185289989798,0.3756958780968385,24.597919556172005,68.16643835616435,-2522.3672542536356,B_C,,,,,,,,,,,
P16422_and_Q9H3M0,0.21397515505283793,0.16961047942395643,0.06311897957283351,24.926842105263127,56.89537878787878,-3090.238630353346,B_C,,,,,,,,,,,
P16422_and_A6NI61,0.23827268537868812,0.1695834971771133,0.11094040139683033,24.20516759776538,68.40958333333336,-1525.8659069276605,B_C,,,,,,,,,,,
P16422_and_O00499,0.2059214161254038,0.16954137935287586,0.1052669893455334,23.716890080428918,59.42133802816901,-1877.4923248688247,B_C,,,,,,,,,,,
P16422_and_P60842,0.22201916786143525,0.16953895060762927,0.06584850306416822,25.887576374745414,56.15355191256831,-2954.7235000439778,B_C,,,,,,,,,,,
P16422_and_Q16378,0.26391717100034573,0.16951370237992786,0.07664695746282596,15.889914163090136,39.832598425196856,-437.0166391559651,B_C,,,,,,,,,,,
P16422_and_Q5JS37,0.2489968963503167,0.16944391726131575,0.37242442159286737,24.654662379421225,66.38974683544302,-2871.0526772186304,B_C,,,,,,,,,,,
P16422_and_P25774,0.25109766350536467,0.16943028449410294,0.4418835649567401,25.09801724137933,79.94524096385544,-2965.0827061455834,B_C,,,,,,,,,,,
P16422_and_Q9H172,0.2586693668802932,0.1694286131222323,0.3083844468849375,26.19744094488194,69.39865497076026,-4570.141314826981,B_C,,,,,,,,,,,
P16422_and_Q7Z7A4,0.25050824664740134,0.16934803700190634,0.4618705310632775,26.49739368998626,72.32162011173185,-3458.8725288299283,B_C,,,,,,,,,,,
P16422_and_P51168,0.2476989534280888,0.1693428183627988,0.300682494981031,25.366692073170732,56.02054878048782,-3953.78016208615,B_C,,,,,,,,,,,
P16422_and_Q96T55,0.23037562822309238,0.16927470182993204,0.04563138236131904,19.525702811244972,50.976111111111116,-1948.7532907481036,B_C,,,,,,,,,,,
P16422_and_P12931,0.24092644423329596,0.16916392228736832,0.3267118356040523,24.703743961352696,70.13738693467334,-1715.5339609009488,B_C,,,,,,,,,,,
P16422_and_P11049,0.2335782652589063,0.16914073120054887,0.16071613704706272,23.84875183553596,61.293646408839756,-1336.7854681276276,B_C,,,,,,,,,,,
P16422_and_P17936,0.2343537094854297,0.1691383647639454,0.17028318373747975,21.751226551226544,61.40494318181822,-1276.8714439714167,B_C,,,,,,,,,,,
P16422_and_O75493,0.24430164760054807,0.16910431953767252,0.3955887163333492,25.82306477093206,70.8106976744186,-1312.7203195192692,B_C,,,,,,,,,,,
P16422_and_Q8TAV4,0.231752126571924,0.16909529652886904,0.11586560214735164,18.177226720647766,53.46367187499999,-2892.1040761838594,B_C,,,,,,,,,,,
P16422_and_Q9BQI4,0.2369313375544598,0.1689933737332396,0.1175803232246557,23.376382978723402,49.12075268817204,-1259.8581825774636,B_C,,,,,,,,,,,
P16422_and_Q9BQS2,0.21848516674429264,0.16898883709155044,0.4076725641001793,25.268187274909934,68.1166028708134,-1306.0129634637196,B_C,,,,,,,,,,,
P16422_and_Q9NR22,0.24434646359578083,0.16895787827809045,0.2851899848561468,24.466343042071173,70.06666666666665,-16622.696972991693,B_C,,,,,,,,,,,
P16422_and_O43739,0.2218710414184145,0.1689142787620698,0.138545875169528,24.015178571428553,62.97414772727272,-5369.334645559111,B_C,,,,,,,,,,,
P16422_and_Q9NS61,0.23676619636747084,0.1688764809947692,0.11424229990480532,22.651008645533118,57.07018404907976,-1456.4680817381523,B_C,,,,,,,,,,,
P16422_and_O75311,0.23624732696374315,0.168803563011254,0.27022180749544494,25.879466119096527,73.14240000000001,-1762.525405497755,B_C,,,,,,,,,,,
P16422_and_O95158,0.23338326710154955,0.16880188799556195,0.10598157472783692,21.046319999999984,57.13385093167704,-633.8492003212723,B_C,,,,,,,,,,,
P16422_and_O14788,0.22945495076197508,0.16879315427307282,0.05226206443480551,23.28326848249027,61.562616822429916,-1385.7948913131127,B_C,,,,,,,,,,,
P16422_and_Q8N1M1,0.21980839336717317,0.16874397206692887,0.20377492024488275,26.23772845953003,62.86622950819674,-2667.9136566138113,B_C,,,,,,,,,,,
P16422_and_Q9H252,0.22228163336614298,0.1686742143127793,0.11032055220437408,27.031107491856663,62.81,-2053.5450515204393,B_C,,,,,,,,,,,
P16422_and_Q68DU8,0.21728809194428755,0.16863367022357398,0.09005018956573269,25.947119645494848,57.62235576923076,-1352.456161385997,B_C,,,,,,,,,,,
P16422_and_P26583,0.24507302029401415,0.16860306551675977,0.1683011941710143,20.90680272108841,59.43390410958903,-1218.0655129770864,B_C,,,,,,,,,,,
P16422_and_Q8WX77,0.23508144514840765,0.16856719317018537,0.1281250891246026,20.216425120772982,58.482064516129014,-1322.7505902750472,B_C,,,,,,,,,,,
P16422_and_Q86SM5,0.24098879582771315,0.16855274540376108,0.1356459575038047,24.82558746736293,55.36296875000001,-2261.028997659291,B_C,,,,,,,,,,,
P16422_and_Q13515,0.2155478184092564,0.1685207101546848,0.05342964690935101,24.14970178926441,45.37935251798561,-5072.938027655342,B_C,,,,,,,,,,,
P16422_and_Q08648,0.2695912346357017,0.16845692462584635,0.06730599257825716,16.299418604651166,33.86413793103448,-1287.666362207743,B_C,,,,,,,,,,,
P16422_and_P56704,0.24287313239441577,0.16844169132525613,0.5645312332550567,26.413610662358618,64.09127753303962,-8624.297017943654,B_C,,,,,,,,,,,
P16422_and_A0A0B4J1V1,0.26375850375345655,0.1684236319384734,0.1288051176716367,20.804588014981263,60.62053691275168,-1212.1898595475418,B_C,,,,,,,,,,,
P16422_and_Q9Y5U5,0.2398902876844698,0.1684083245501897,0.1347789230949268,20.942678227360275,60.064405594405564,-1082.1819793654868,B_C,,,,,,,,,,,
P16422_and_Q96P56,0.20966995244547415,0.1682778587572258,0.053258189899133695,22.517095588235264,50.76125,-1297.0618041523849,B_C,,,,,,,,,,,
P16422_and_Q9Y5F1,0.2290867542110882,0.16823125522165638,0.34407649329986834,27.550871459695042,57.032525252525275,-1795.3468588933265,B_C,,,,,,,,,,,
P16422_and_Q16515,0.24898884406910352,0.16821152494509817,0.14752966950813964,24.727543424317638,64.87226277372265,-1784.7356574256278,B_C,,,,,,,,,,,
P16422_and_Q8TB96,0.2671828221163187,0.16820280188538322,0.17485058427100653,24.69010416666667,60.70253086419757,-2068.089438782522,B_C,,,,,,,,,,,
P16422_and_P24593,0.23651799706726867,0.16796317249466838,0.19209026035073604,21.959908735332466,59.57484042553191,-1242.8314919476034,B_C,,,,,,,,,,,
P16422_and_P51788,0.23706418448035566,0.16791303781483508,0.38014269667933237,27.348454301075293,65.37536723163839,-5300.004435405295,B_C,,,,,,,,,,,
P16422_and_Q12846,0.23254732800619543,0.1678167338575324,0.19843970696647353,23.58451957295377,53.116330275229366,-1119.7935139153014,B_C,,,,,,,,,,,
P16422_and_P04921,0.25873535911515366,0.1677958015437088,0.051142859478625916,19.331293706293714,35.93340659340658,-2518.9727667411885,B_C,,,,,,,,,,,
P16422_and_Q0GE19,0.241793685653735,0.1675845065877664,0.13606986941254415,25.438095238095226,66.55249999999998,-1935.3008132494137,B_C,,,,,,,,,,,
P16422_and_Q9H772,0.25242836500081456,0.1675666271653512,0.04993013400651573,20.348422712933758,55.857142857142854,-420.2414103205456,B_C,,,,,,,,,,,
P16422_and_Q9NX52,0.2324890615296616,0.16756087287756632,0.12616645675587368,24.61853281853282,58.45217105263159,-1338.7669506487782,B_C,,,,,,,,,,,
P16422_and_A0A0B4J1U3,0.261665987419583,0.167555493780623,0.23052144510873382,21.198227848101247,73.62566037735851,-812.9680838140657,B_C,,,,,,,,,,,
P16422_and_Q04844,0.23366697650043297,0.16751425210771867,0.10532696917890023,25.039102564102606,47.46762589928056,-3040.504179830482,B_C,,,,,,,,,,,
P16422_and_P60033,0.23971578231570195,0.16747158436752552,0.06612585071370117,22.653898305084738,53.74809523809523,-2178.9311349396626,B_C,,,,,,,,,,,
P16422_and_P83110,0.21715847729252322,0.16744623867379999,0.13794040086804937,23.764537815126033,64.7375294117647,-1696.5100143970049,B_C,,,,,,,,,,,
P16422_and_P62685,0.20644118086752908,0.16743367195422718,0.0724139291749122,24.905199306759105,52.98726368159201,-1937.6817216384661,B_C,,,,,,,,,,,
P16422_and_Q96RU3,0.21022097372730564,0.16741669291231065,0.20187133925752127,26.190807799442887,59.61956521739128,-5139.617559407448,B_C,,,,,,,,,,,
P16422_and_P32297,0.23259766124541967,0.16739117932268321,0.22509782351005955,25.40975609756097,71.1746,-2648.884537822848,B_C,,,,,,,,,,,
P16422_and_Q8IUK8,0.24192671692619686,0.16734515853210863,0.08085599760911699,22.336718750000028,55.45360294117647,-1061.885807906864,B_C,,,,,,,,,,,
P16422_and_Q8N743,0.21723293802255494,0.16728391796274972,0.0997209780029196,25.56877990430622,55.10429530201342,-1464.3334315009342,B_C,,,,,,,,,,,
P16422_and_Q14344,0.24377755375098115,0.1672585176887086,0.12534031492175046,23.82328990228018,61.73257142857141,-1828.4805312784101,B_C,,,,,,,,,,,
P16422_and_Q9NX77,0.2131487210016917,0.16721230313599264,0.13261883811656133,25.178133514986385,56.79623255813956,-3676.4564280529958,B_C,,,,,,,,,,,
P16422_and_Q8WVN6,0.23902124501059996,0.16698401524282383,0.19369255651399334,20.81812200956938,58.54071038251364,-911.9417731585763,B_C,,,,,,,,,,,
P16422_and_P43652,0.2688952643455896,0.16695093578346265,0.23714002170723206,26.082937956204354,58.52384180790961,-4088.5013799636163,B_C,,,,,,,,,,,
P16422_and_Q8N884,0.23540870935889813,0.16677969702684656,0.2571975462367622,26.088286713286724,62.51630057803472,-3001.1873268927393,B_C,,,,,,,,,,,
P16422_and_P51654,0.2397521545866823,0.1667589736987299,0.3263622223864354,25.36294820717129,64.75311827956989,-10742.302324694452,B_C,,,,,,,,,,,
P16422_and_P30926,0.23137628056149223,0.16675303777190853,0.2261473117329446,25.847506234414013,72.10632352941172,-2963.6929826036176,B_C,,,,,,,,,,,
P16422_and_Q14623,0.21986274257417426,0.16664075316260946,0.21340989475659963,24.398373287671262,62.36882022471913,-1689.2159773773637,B_C,,,,,,,,,,,
P16422_and_P55040,0.23194690434926393,0.1666279454792936,0.3947583786340276,23.395462794918316,55.37358024691357,-1153.2514131639273,B_C,,,,,,,,,,,
P16422_and_P50148,0.2459466650051956,0.16655148847555673,0.3154185539580688,24.37985781990523,71.04513812154696,-762.2877706516658,B_C,,,,,,,,,,,
P16422_and_P07306,0.2267607431332946,0.16634910657683954,0.18148756638805466,23.82366666666665,55.792113821138194,-2233.1288075494913,B_C,,,,,,,,,,,
P16422_and_Q687X5,0.23365466807804508,0.16621557065206952,0.46427418327114395,24.62379767827525,74.47546666666668,-1989.5168998270867,B_C,,,,,,,,,,,
P16422_and_P13987,0.26044118129573923,0.16618585497938032,0.14506845480144934,19.455454545454554,71.614693877551,-834.0706570111465,B_C,,,,,,,,,,,
P16422_and_Q6UXV0,0.2215219463341604,0.1661823633354205,0.11975843332479207,25.048638426626315,59.94286384976522,-2256.2331591822112,B_C,,,,,,,,,,,
P16422_and_A0A075B6R2,0.2621658193661784,0.16617134635500475,0.11660158412513788,21.578143712574846,62.259527027027076,-711.6678220574242,B_C,,,,,,,,,,,
P16422_and_P14867,0.2307506169646758,0.16609229761416117,0.162439255606441,24.491891891891903,56.58993288590605,-3073.1726204443084,B_C,,,,,,,,,,,
P16422_and_P31431,0.24141405839354724,0.16599760948925718,0.09163571396093731,18.92808641975308,28.022830188679247,-1348.0590840541772,B_C,,,,,,,,,,,
P16422_and_P02675,0.22710617604056274,0.1659938449448669,0.15761798664090856,25.43188976377957,60.1301098901099,-6699.256629808854,B_C,,,,,,,,,,,
P16422_and_P55290,0.22319076050187459,0.165918658519127,0.3961482095186951,27.505145631067965,63.15946153846155,-3813.2316832088004,B_C,,,,,,,,,,,
P16422_and_P14920,0.25455001248121417,0.16588381436908098,0.2968511672807994,24.278491620111744,75.61673333333329,-1927.7777190629176,B_C,,,,,,,,,,,
P16422_and_P29016,0.22672322281095791,0.16578918444361865,0.3194543888193628,23.5904119318182,70.14,-786.743653403476,B_C,,,,,,,,,,,
P16422_and_O14764,0.22313154474413766,0.16577007817881864,0.21272676040463884,23.966382978723413,60.67382978723404,-1699.8598567804893,B_C,,,,,,,,,,,
P16422_and_Q8N109,0.22323731273242386,0.16575960121548622,0.35634183706192096,23.485102040816304,58.86734806629835,-1585.3390534889086,B_C,,,,,,,,,,,
P16422_and_P0DJD8,0.25497610051858954,0.16574688864079828,0.3161967769034589,24.70089285714287,65.62751445086708,-1416.5733257854104,B_C,,,,,,,,,,,
P16422_and_Q9H977,0.25299950158334716,0.16574641102484464,0.20449735159295493,25.470734126984123,67.70860759493668,-1116.5184271616138,B_C,,,,,,,,,,,
P16422_and_Q9BZD6,0.23864670837160862,0.16548394528111057,0.05202619068135102,20.24624463519314,42.373410852713185,-2152.6081664681587,B_C,,,,,,,,,,,
P16422_and_Q9NP99,0.23784879919317867,0.16541595993387986,0.0735024487797073,22.36631578947369,53.380318471337596,-10431.883244541652,B_C,,,,,,,,,,,
P16422_and_O95833,0.23784103589296413,0.16523118515319712,0.23782689785969305,24.809952229299366,68.6856493506493,-1596.3628673264511,B_C,,,,,,,,,,,
P16422_and_Q9BRI3,0.21791736472634998,0.16519019250221628,0.18281569460669275,25.663743676222587,61.1130303030303,-1483.6402521592436,B_C,,,,,,,,,,,
P16422_and_O00294,0.21338699138376035,0.16517086766655012,0.18855364480227685,24.664534883720936,61.75955555555552,-3100.663341316693,B_C,,,,,,,,,,,
P16422_and_Q9BT92,0.20897637346425402,0.16515211252321194,0.18776932230024027,22.977222222222217,50.78014705882354,-1288.628524048996,B_C,,,,,,,,,,,
P16422_and_Q9UJ96,0.20793472227852416,0.16513304454785122,0.02650747291946702,26.49174311926606,49.00799999999998,-1713.463969201548,B_C,,,,,,,,,,,
P16422_and_Q9UKS6,0.21902536258451116,0.16505041637753384,0.031069373225747734,20.746616541353394,59.874576271186456,-776.695749989171,B_C,,,,,,,,,,,
P16422_and_P04083,0.25018636011030665,0.16504460527499118,0.13278212034904208,24.945117187500028,64.01655172413794,-9033.870379274938,B_C,,,,,,,,,,,
P16422_and_P26992,0.22658103253669454,0.1650321349926015,0.2634446393482617,24.911960431654695,69.78692307692306,-2060.9126956691002,B_C,,,,,,,,,,,
P16422_and_P01215,0.2615230963882793,0.16501937024799623,0.09141624031158078,20.062337662337658,56.696,-852.8264528043196,B_C,,,,,,,,,,,
P16422_and_P62879,0.25115622551806194,0.1649896182852144,0.11005867343149163,24.20696517412931,62.216183206106834,-23216.27151176839,B_C,,,,,,,,,,,
P16422_and_Q9UBL6,0.22698341262747912,0.16492791288458847,0.1133241197991977,25.743555240793203,48.059285714285735,-7790.496863554173,B_C,,,,,,,,,,,
P16422_and_Q5SSG8,0.21721823075835867,0.1649066940312871,0.13829504533439338,24.589389067524113,65.96836734693878,-4176.116713333234,B_C,,,,,,,,,,,
P16422_and_Q8NDZ6,0.25527331372099993,0.16489324089966909,0.3227652540809341,25.675859697386514,64.62380208333329,-1731.7454522945045,B_C,,,,,,,,,,,
P16422_and_O00755,0.23793333177400522,0.16489282698247623,0.1787906033121006,24.892621359223316,63.96950920245395,-850.370275437652,B_C,,,,,,,,,,,
P16422_and_Q9UHF5,0.24784162064429488,0.16486813085686486,0.1570552793407569,21.40228136882131,61.7949350649351,-1064.5218972852326,B_C,,,,,,,,,,,
P16422_and_O60894,0.25407803074500024,0.16481663031346425,0.09408390421364296,19.88663239074552,57.29060344827588,-1445.2082743325664,B_C,,,,,,,,,,,
P16422_and_P09544,0.24356250719086808,0.16481238702475182,0.35446502328288615,23.668887362637363,62.92940540540544,-681.3949391435026,B_C,,,,,,,,,,,
P16422_and_Q8N912,0.2503840890205358,0.1647888803401646,0.0790654472954159,19.02146814404434,33.56130434782607,-1268.7618822275908,B_C,,,,,,,,,,,
P16422_and_P27037,0.22489583467330118,0.164769455075598,0.2264377305362446,24.742313546423105,67.51044444444442,-4440.771351330283,B_C,,,,,,,,,,,
P16422_and_Q99942,0.24796781712156044,0.16476691991417164,0.07347008338524931,19.776604554865408,52.184411764705885,-1011.7884739686424,B_C,,,,,,,,,,,
P16422_and_Q9NZA1,0.21657353704565982,0.16469992404076872,0.4173003757685554,24.49270122783083,59.47223880597015,-1499.9925750800885,B_C,,,,,,,,,,,
P16422_and_Q9BYJ0,0.23771518328445546,0.16468572123296255,0.13565413665506235,22.998410404624277,68.50715517241377,-2660.1006177129584,B_C,,,,,,,,,,,
P16422_and_Q9H6L2,0.23400346258302684,0.16461219009840355,0.30250096957412004,24.68888888888887,69.07533783783781,-2162.219903633015,B_C,,,,,,,,,,,
P16422_and_P63244,0.25030984810125984,0.1645340440443254,0.24511968480050136,23.7519540229885,70.54445255474452,-1614.16078941278,B_C,,,,,,,,,,,
P16422_and_Q9HBJ8,0.24062390149205823,0.1645245328974878,0.22447332818599774,21.667428571428587,64.95492647058822,-1055.9218542724316,B_C,,,,,,,,,,,
P16422_and_P59025,0.23443013924543965,0.16449393184067232,0.14868826360859808,23.29233807266985,61.05556886227544,-1468.8254776848935,B_C,,,,,,,,,,,
P16422_and_A6NC51,0.23739495948839473,0.1644688399117364,0.13361485631727169,24.799129353233813,65.87196850393703,-2763.421988216399,B_C,,,,,,,,,,,
P16422_and_Q14512,0.2387822472919998,0.16438615032031037,0.1852097156817128,22.356462035541195,58.86241830065359,-1185.279854611058,B_C,,,,,,,,,,,
P16422_and_Q0VAQ4,0.2649209637881943,0.16438161685753,0.04909534686580121,18.574886877828032,31.63382716049383,-2142.9111267836615,B_C,,,,,,,,,,,
P16422_and_P40259,0.23566378737619453,0.16428926146164335,0.11662353227755617,22.60364238410594,53.26862595419847,-4530.00890500896,B_C,,,,,,,,,,,
P16422_and_P34820,0.23188620777370741,0.1642877332613579,0.34543306017705216,24.223694516971257,70.4532417582418,-1711.0167067677103,B_C,,,,,,,,,,,
P16422_and_Q9ULP9,0.2329803620920568,0.16428560421177113,0.04576117413827687,26.226547619047594,54.87878787878789,-3255.4117396037927,B_C,,,,,,,,,,,
P16422_and_Q13002,0.21909601483529428,0.16423106118973782,0.14508618136568602,27.754625984251973,62.28693750000002,-6561.154847052888,B_C,,,,,,,,,,,
P16422_and_P63130,0.20279264402209907,0.16418260011974806,0.0839735074766555,24.872479338842933,49.04114942528736,-1676.8968992723312,B_C,,,,,,,,,,,
P16422_and_Q9BZJ3,0.23631467124965322,0.16415668515318163,0.26062193204608575,23.235999999999986,60.401156462585014,-1498.7790977791956,B_C,,,,,,,,,,,
P16422_and_A5X5Y0,0.2312435246077989,0.16414771256059174,0.1409851040531551,24.04930747922439,66.27723577235774,-1788.6160202147103,B_C,,,,,,,,,,,
P16422_and_P48730,0.23117312028807602,0.16410461341484217,0.34827904538852206,24.537777777777805,59.186456310679574,-1611.9870702963208,B_C,,,,,,,,,,,
P16422_and_Q8N4T4,0.23948639788608866,0.16410207587639855,0.11133551713512072,25.54899103139012,66.34103174603176,-2592.0480054669065,B_C,,,,,,,,,,,
P16422_and_Q8IWE4,0.22468628552957876,0.16409702718441865,0.28279057454199774,25.32394366197181,70.9836,-6191.645050029315,B_C,,,,,,,,,,,
P16422_and_O14905,0.2310599185233323,0.16409616805858582,0.2985441769132999,22.760288065843618,60.72843575418993,-1746.338490233402,B_C,,,,,,,,,,,
P16422_and_P04155,0.27092316614025674,0.16403162504057092,0.20190874958776217,19.387472766884528,48.27048780487804,-796.8532620135968,B_C,,,,,,,,,,,
P16422_and_Q14393,0.24379695712222293,0.16402819514951444,0.3944718700377394,25.49623076923074,74.42307692307689,-4690.340103379054,B_C,,,,,,,,,,,
P16422_and_Q92765,0.22587571448591678,0.1640217636589787,0.1869001679226682,22.63702090592337,67.1998113207547,-925.1282257958992,B_C,,,,,,,,,,,
P16422_and_P51170,0.2422450262352123,0.16401308527970193,0.04645807361582337,26.11197604790418,36.27937499999999,-2324.5473992825946,B_C,,,,,,,,,,,
P16422_and_Q96B33,0.22589151933157453,0.16397659190491437,0.1880443256685037,23.823339658444045,61.82446043165465,-2825.9979290785413,B_C,,,,,,,,,,,
P16422_and_Q9NPB6,0.22196050908696427,0.1639749788647941,0.2369612633466237,22.763983628922222,59.93090909090909,-1481.8122525664003,B_C,,,,,,,,,,,
P16422_and_Q16552,0.25161059160773375,0.16391279900650824,0.12827046594804267,22.59027484143762,49.632877697841735,-1084.367047162672,B_C,,,,,,,,,,,
P16422_and_P08476,0.21589669134613398,0.163905394033583,0.14446990269073864,23.928168264110752,56.86535353535354,-1605.4659556293664,B_C,,,,,,,,,,,
P16422_and_O94778,0.2355027784703398,0.16387535243056683,0.4115218578981341,24.09529058116233,65.56921985815603,-1880.5067549581922,B_C,,,,,,,,,,,
P16422_and_Q96DB9,0.2429378151784667,0.1638669567345853,0.03501750988528241,20.82610837438423,31.707466666666672,-679.4782918434776,B_C,,,,,,,,,,,
P16422_and_P01127,0.23417619767717462,0.16385255122172684,0.1076920854886814,21.765711009174307,63.571954887218084,-1066.9198962213222,B_C,,,,,,,,,,,
P16422_and_Q5VZI3,0.22331861198968922,0.1638440463360833,0.27384359770742395,25.184162621359214,63.76243093922652,-3110.875358029251,B_C,,,,,,,,,,,
P16422_and_Q8IVL8,0.24387912367798276,0.16374607654458428,0.25231922472595614,24.757218309859176,60.04028571428569,-2286.2036510385487,B_C,,,,,,,,,,,
P16422_and_P56159,0.22638486953809484,0.1637012210322154,0.43121280580701143,25.280440097799527,69.63284210526314,-1370.8001723374546,B_C,,,,,,,,,,,
P16422_and_Q9BYG4,0.22102716530712177,0.16364399351219944,0.11483433094105402,23.206079999999993,60.16397727272729,-1536.982903903001,B_C,,,,,,,,,,,
P16422_and_Q16280,0.20955506288484776,0.16360248051954498,0.08507138349696224,26.387279596977354,45.779507042253535,-5137.574865837141,B_C,,,,,,,,,,,
P16422_and_P06734,0.22239862864868318,0.16351855006778684,0.12632699381992976,23.107387580299783,60.42678321678322,-1298.0443278171492,B_C,,,,,,,,,,,
P16422_and_Q8N3R9,0.22360241819052828,0.16344797866097605,0.08394444662835389,26.922314049586806,63.48981481481481,-2020.2762538978723,B_C,,,,,,,,,,,
P16422_and_P35240,0.23602727884600494,0.1633597916802081,0.20426077930998424,26.015666666666668,71.83651006711409,-3126.0703894034496,B_C,,,,,,,,,,,
P16422_and_Q8NCB2,0.22318558700666047,0.16334372373346343,0.21731653212962607,25.09519890260629,64.93680851063827,-1532.0492468745106,B_C,,,,,,,,,,,
P16422_and_P36980,0.2298766496727406,0.16328553962500753,0.20902994376875383,24.588726207906294,61.34800995024879,-1969.7421211957244,B_C,,,,,,,,,,,
P16422_and_P09529,0.21642396228431243,0.16322834385761908,0.035399990531620296,23.099738903394258,47.862296296296314,-1454.169438372468,B_C,,,,,,,,,,,
P16422_and_O00299,0.23510068571665327,0.16321642192261268,0.13682857313842986,24.40408653846153,62.419559748427716,-1422.6218190262284,B_C,,,,,,,,,,,
P16422_and_Q15019,0.22960638127814623,0.1631797215858693,0.17176512890547496,25.90592592592588,64.2223834196891,-1658.4836442152728,B_C,,,,,,,,,,,
P16422_and_Q86TG1,0.23663444396282143,0.1631614946623543,0.27051116361251776,24.593715083798894,70.14336283185843,-2328.45232178847,B_C,,,,,,,,,,,
P16422_and_Q99748,0.24173828584879703,0.16304869838308816,0.12056488289862434,21.94906542056075,55.197210884353765,-1001.8857812869605,B_C,,,,,,,,,,,
P16422_and_P48058,0.21360219594057384,0.1630299993346171,0.10332435376168662,28.01502659574469,51.42611570247937,-3980.7667330531913,B_C,,,,,,,,,,,
P16422_and_P80217,0.22828593769387728,0.1629795788411195,0.13764574640815758,25.07998084291185,62.10622754491015,-733.8213429413736,B_C,,,,,,,,,,,
P16422_and_Q14254,0.21291968644997827,0.16289358625423583,0.15069123225760414,21.95885989010988,60.8185628742515,-1392.3036142604178,B_C,,,,,,,,,,,
P16422_and_P25189,0.23467050990547184,0.16272338531675826,0.11087273614576326,22.38089108910892,62.932769230769246,-6574.358222814305,B_C,,,,,,,,,,,
P16422_and_P08571,0.24156978338923427,0.16269802606246286,0.33977430090516475,25.68686493184633,62.54770114942527,-4890.112634286978,B_C,,,,,,,,,,,
P16422_and_Q5VTT2,0.23630879817211112,0.16261480412829854,0.09110684656054036,22.39954248366011,46.63246073298428,-1084.6019940574624,B_C,,,,,,,,,,,
P16422_and_P12643,0.22398604018415755,0.16259723590122782,0.20793367399388524,24.29881944444445,58.01924242424244,-1647.0512256995326,B_C,,,,,,,,,,,
P16422_and_Q8TAC9,0.23179746826352748,0.16256146923513615,0.34710532488652074,24.133410672853813,73.0503,-1405.4672581694258,B_C,,,,,,,,,,,
P16422_and_P60484,0.2403622174082409,0.16253741569506186,0.17917686966522126,24.435401974612105,62.995365853658534,-1866.9907403214847,B_C,,,,,,,,,,,
P16422_and_P02746,0.23362137664700436,0.16253150623266652,0.0486982050070433,21.36935866983374,46.978333333333325,-970.5867772527672,B_C,,,,,,,,,,,
P16422_and_Q9BX97,0.2122551628382907,0.16246454210757788,0.07543587118309698,21.773097345132754,52.37802395209582,-1663.9268821194273,B_C,,,,,,,,,,,
P16422_and_B2RUY7,0.2366438211456489,0.16244903667966826,0.08661070694785336,20.497475961538495,52.65346456692912,-2077.5552614793487,B_C,,,,,,,,,,,
P16422_and_O43586,0.22135496171781072,0.16238040962809297,0.12366861465646505,25.838311688311684,62.85762711864409,-4099.601740057174,B_C,,,,,,,,,,,
P16422_and_Q9ULZ1,0.2721088194201473,0.1623153553454265,0.10596679212006112,14.421232876712335,16.21028037383178,-959.977144172186,B_C,,,,,,,,,,,
P16422_and_Q8TAE7,0.21200001539298263,0.16225277822687076,0.1586163013473836,24.79510489510489,57.86939393939395,-1600.137601571696,B_C,,,,,,,,,,,
P16422_and_P41250,0.25546362471927286,0.16223809688859264,0.35092882006041143,26.43681177976954,58.963422222222206,-2871.986746283713,B_C,,,,,,,,,,,
P16422_and_P05154,0.24115029697554785,0.16211188110706287,0.306014481168632,23.498663926002042,64.15475728155342,-1055.7666882409048,B_C,,,,,,,,,,,
P16422_and_Q5T2T1,0.22883854999802766,0.16210170114158692,0.2549619918080496,26.169709208400626,59.39546961325967,-1391.078245081686,B_C,,,,,,,,,,,
P16422_and_Q9UIK5,0.21783024893819095,0.1620839010272161,0.1296926987925306,23.7605072463768,58.654,-1220.781746705794,B_C,,,,,,,,,,,
P16422_and_Q13003,0.2165526067394692,0.16204928858536644,0.0768272012530583,27.43636363636363,63.390416666666674,-3870.821132293029,B_C,,,,,,,,,,,
P16422_and_Q5TGU0,0.24519993111800137,0.1620286290489977,0.0998392968957135,22.96205357142855,57.9510769230769,-595.9900753372376,B_C,,,,,,,,,,,
P16422_and_A0A0J9YVY3,0.25612418734939146,0.16201195307945881,0.33732796243148755,22.52236559139785,71.9102752293578,-808.6455070051645,B_C,,,,,,,,,,,
P16422_and_P01859,0.2120166068326568,0.1619773473492892,0.16886324407813774,25.530586907449184,69.67000000000002,-1838.4887801860614,B_C,,,,,,,,,,,
P16422_and_Q5MY95,0.2475024541085692,0.1619142574460621,0.11242027597449689,25.685390946502054,47.26871657754014,-1837.502527668091,B_C,,,,,,,,,,,
P16422_and_Q8WVQ1,0.238646535073348,0.161815227610723,0.22111781841218825,24.26070110701108,65.40089171974522,-1553.194271011791,B_C,,,,,,,,,,,
P16422_and_Q14184,0.2250126987706879,0.1617487820398864,0.1394450809266699,24.123786407766964,60.158433734939756,-1647.1145655325272,B_C,,,,,,,,,,,
P16422_and_P26038,0.2379276280715698,0.16170129918186893,0.15372332977900488,25.899276859504166,66.60027586206893,-5171.336403964415,B_C,,,,,,,,,,,
P16422_and_Q9Y5E9,0.22495438655850403,0.16160355304462046,0.20707502897747934,28.17324120603012,54.99169230769231,-3495.1820893328713,B_C,,,,,,,,,,,
P16422_and_P14415,0.2276119063793945,0.16159418016628746,0.28931375161357126,23.90919395465995,75.67062499999999,-3475.0151787679497,B_C,,,,,,,,,,,
P16422_and_A0A0C4DH30,0.25876065143755556,0.16154264162342843,0.23094536399652466,21.231735751295343,75.26453703703702,-2109.3741832378737,B_C,,,,,,,,,,,
P16422_and_Q9BYG5,0.2188359898655482,0.1614687675466493,0.17792564956812468,23.95806658130601,59.6906896551724,-1087.8943356590244,B_C,,,,,,,,,,,
P16422_and_Q6P093,0.2555855770717802,0.16146845856924458,0.5568532405296246,25.76052332195678,77.13027173913044,-4129.231876147354,B_C,,,,,,,,,,,
P16422_and_Q13705,0.2219170104871733,0.16138695852399382,0.21463994310379467,25.706896551724153,55.9801793721973,-3299.2061547203275,B_C,,,,,,,,,,,
P16422_and_Q9NNX6,0.21629755365774261,0.16131664826919173,0.234763763181144,24.472461212976,51.986829268292674,-1127.5599144679436,B_C,,,,,,,,,,,
P16422_and_Q9BSK0,0.24237064539735667,0.16131107422264557,0.14072857035835595,22.0635593220339,53.25913580246913,-2127.776719628959,B_C,,,,,,,,,,,
P16422_and_Q9NYT0,0.22373175870439785,0.16123660186920033,0.23429334881883318,24.56142410015649,66.71206896551723,-1117.4169093166083,B_C,,,,,,,,,,,
P16422_and_P12272,0.24524604600894936,0.16123393362045024,0.060892793606939485,15.220893371757912,38.47108695652174,-620.9142122274334,B_C,,,,,,,,,,,
P16422_and_P49419,0.26430786518169913,0.16110819386622394,0.13595956198066336,27.215671641791065,71.36060869565219,-2632.3664233368027,B_C,,,,,,,,,,,
P16422_and_P04234,0.24692944244703965,0.16106635694980537,0.1302208882194689,19.659203036053103,58.12172661870504,-2168.5662447903396,B_C,,,,,,,,,,,
P16422_and_P10600,0.21844158401493013,0.16095624737123204,0.33729302084418644,24.793504901960745,58.988072289156655,-789.9036685972187,B_C,,,,,,,,,,,
P16422_and_Q9UPT5,0.23402268914084584,0.16091123545908817,0.09634053200205182,27.231134969325126,59.30504504504507,-2377.4257999030797,B_C,,,,,,,,,,,
P16422_and_Q92982,0.25013542294694946,0.16086954146937735,0.14869531440903005,22.856749311294784,55.18690721649484,-1000.4843784525947,B_C,,,,,,,,,,,
P16422_and_Q03113,0.23675558005756903,0.16078177692430623,0.27430988565921466,24.878629032258075,71.17268749999995,-1648.728309893519,B_C,,,,,,,,,,,
P16422_and_Q8IUY3,0.22075103775344251,0.16066857682231148,0.18321645200215572,19.810291060291064,60.95117241379309,-1330.9532956458952,B_C,,,,,,,,,,,
P16422_and_Q86UD5,0.24042449953304368,0.16041659630849503,0.07264511657656396,26.70443349753695,64.31092783505152,-3161.7026479198425,B_C,,,,,,,,,,,
P16422_and_P19075,0.23301979422864114,0.16037984958758655,0.07906593073836635,23.374132947976882,60.90438596491228,-1300.0906781035028,B_C,,,,,,,,,,,
P16422_and_Q9P0M4,0.24065716079490104,0.16036372944881933,0.18710137956684372,22.365703275529857,60.44836477987423,-1577.9635688873677,B_C,,,,,,,,,,,
P16422_and_P54851,0.2436207145453792,0.16034629795622685,0.25991548675461346,24.22634892086332,58.365112781954906,-3315.660661354478,B_C,,,,,,,,,,,
P16422_and_Q9UJW2,0.23590245416993094,0.16034439719612406,0.19772966985300358,25.855555555555537,59.49584415584414,-3014.100998915451,B_C,,,,,,,,,,,
P16422_and_Q9P1Z3,0.21342410299654557,0.16030303422037864,0.08867892304290086,27.731728665207893,64.74551020408163,-3355.424110809372,B_C,,,,,,,,,,,
P16422_and_A6NMY6,0.24632966971208892,0.16029864515108172,0.11587623782417165,24.06711229946524,70.48929577464791,-11974.575339278843,B_C,,,,,,,,,,,
P16422_and_O00168,0.2641373749329576,0.16020015410971117,0.047083266332233545,17.75201149425289,33.98097222222222,-999.1930328619801,B_C,,,,,,,,,,,
P16422_and_A8MXK1,0.2401054024238125,0.16018789992798116,0.11791189684731943,22.91885245901641,62.030408163265314,-1254.7032198117286,B_C,,,,,,,,,,,
P16422_and_O75610,0.21821418963858796,0.16018597127767945,0.22555475876277092,23.734097035040442,62.343011363636336,-1164.4412724744325,B_C,,,,,,,,,,,
P16422_and_O43570,0.22901216211826492,0.16010208720004818,0.32730819011615814,24.100761035007654,72.92220338983051,-810.9463388524146,B_C,,,,,,,,,,,
P16422_and_Q6PCB7,0.25187984563344334,0.1600951058493026,0.5151439265605507,26.552534039334347,61.7218085106383,-3321.7881970833314,B_C,,,,,,,,,,,
P16422_and_P06028,0.2664620472363227,0.16007971503947008,0.1515738664189872,18.682051282051273,31.54524193548387,-1061.854812800161,B_C,,,,,,,,,,,
P16422_and_P19883,0.21902834236707874,0.16007326185534415,0.15216366327587208,21.901610305958148,57.46571428571427,-4021.419215196115,B_C,,,,,,,,,,,
P16422_and_P11465,0.21847238620956627,0.16006555955595847,0.4522668380558687,24.12337317397079,71.67757062146889,-3009.677844792811,B_C,,,,,,,,,,,
P16422_and_Q9NR23,0.22580178249024807,0.16006106716373394,0.34872994428795284,25.20306258322239,66.10015384615384,-2026.0234738394756,B_C,,,,,,,,,,,
P16422_and_Q7Z3D4,0.2225489960222781,0.15998064571992415,0.07290866286540032,19.8755364806867,47.70258992805757,-819.9356972864553,B_C,,,,,,,,,,,
P16422_and_Q9BQ51,0.22728728352977035,0.1599269212149807,0.06585987290216931,20.863240418118465,65.28027272727273,-1007.0699572366677,B_C,,,,,,,,,,,
P16422_and_P21731,0.24045657837736018,0.15987678748964695,0.2707529269940359,25.396138482023957,65.49880434782608,-3157.620824725694,B_C,,,,,,,,,,,
P16422_and_Q8NFU0,0.22842146030913116,0.15986438630611913,0.46467509230907533,27.358928571428578,75.31155405405408,-1274.2511612846993,B_C,,,,,,,,,,,
P16422_and_Q6FHJ7,0.22032106226217443,0.15984293479936362,0.1297372464987368,24.02318731117821,57.711159420289896,-1192.4356711489854,B_C,,,,,,,,,,,
P16422_and_P29972,0.23215980351858828,0.1597822870962366,0.12907137832560517,22.244514388489215,67.87576470588235,-1359.902519703609,B_C,,,,,,,,,,,
P16422_and_Q16568,0.2586454074451352,0.15963135899177827,0.11440667485660605,18.083695652173912,40.253435114503816,-597.0383266240374,B_C,,,,,,,,,,,
P16422_and_Q08209,0.23620874102439976,0.1595772033075723,0.2459895459660192,25.93990384615386,68.64324324324326,-3998.383322149439,B_C,,,,,,,,,,,
P16422_and_Q8IYB5,0.20541500730114215,0.1595680676642599,0.23861359658697273,24.492871093749994,71.15942028985506,-1432.6954870503723,B_C,,,,,,,,,,,
P16422_and_Q15438,0.214458915979388,0.15954670360163714,0.10112609113721133,25.11466083150982,63.009709302325604,-5058.224456960019,B_C,,,,,,,,,,,
P16422_and_Q0P651,0.2326468334311973,0.15932712822335776,0.23645824099178323,26.661417322834673,64.47891752577326,-4622.769695826872,B_C,,,,,,,,,,,
P16422_and_Q8NFT2,0.22089505130375175,0.1593137078290812,0.26656832065400476,26.20780201342277,64.61660256410256,-3032.694504240452,B_C,,,,,,,,,,,
P16422_and_A0A075B6J6,0.25758335286783374,0.15929405470815683,0.1544242878291748,21.608792650918613,70.34612612612614,-1289.6920779799711,B_C,,,,,,,,,,,
P16422_and_Q9H222,0.25536202174711486,0.15928262566935836,0.20649493924855805,27.837051792828657,62.39421428571428,-3768.4497770199623,B_C,,,,,,,,,,,
P16422_and_Q86UF1,0.22498930238945047,0.1592806588683611,0.1029417972384752,24.46164835164835,60.06014598540145,-1701.7098630449332,B_C,,,,,,,,,,,
P16422_and_P17787,0.2211742696068824,0.15918756023253602,0.19883502938829234,26.223790322580612,70.07417322834645,-1889.91477310132,B_C,,,,,,,,,,,
P16422_and_Q96BS2,0.2366392795427016,0.15918086353537464,0.2599184964977442,25.49504563233384,63.40382198952881,-1097.1101885917124,B_C,,,,,,,,,,,
P16422_and_Q14773,0.225609220421016,0.15912006782447372,0.10491681420844473,22.499751861042206,70.56103703703704,-1558.0672375216802,B_C,,,,,,,,,,,
P16422_and_P02743,0.23460709431418234,0.15911473174421373,0.2147330005597399,24.700638297872327,72.56769230769228,-1056.1481233396169,B_C,,,,,,,,,,,
P16422_and_Q9Y5Y7,0.21839999917452677,0.1589009408919626,0.21778725953049066,23.45667870036102,56.23012903225806,-1488.5575095971471,B_C,,,,,,,,,,,
P16422_and_P23416,0.22817584740331331,0.1588897436237391,0.3066615223442703,25.942746615087042,69.8303680981595,-1754.5991952842023,B_C,,,,,,,,,,,
P16422_and_Q9GZP0,0.2169248404508176,0.15880509831991663,0.07817873052132998,23.05449101796405,54.307055214723924,-2899.16941575085,B_C,,,,,,,,,,,
P16422_and_Q8N4F0,0.2464712269748945,0.15872771864916907,0.6033135649346572,25.469937833037324,73.07350230414745,-2539.8350473450996,B_C,,,,,,,,,,,
P16422_and_Q6ZP80,0.2308136947833065,0.15871167126848987,0.07698900055780622,24.237128712871293,57.31735042735041,-2493.5326451115084,B_C,,,,,,,,,,,
P16422_and_P57789,0.2004876928564501,0.15854059928788655,0.40028542672584255,25.48842794759827,48.13206896551724,-1687.6446983629612,B_C,,,,,,,,,,,
P16422_and_Q96MS3,0.2440129295339708,0.1585390047712763,0.3031525567873015,25.249549549549577,74.01785276073619,-3304.8307532389927,B_C,,,,,,,,,,,
P16422_and_Q9Y5X3,0.24082088085314887,0.15846028834049727,0.2192883527837431,25.219283536585365,65.64215053763444,-4146.822659188495,B_C,,,,,,,,,,,
P16422_and_Q92485,0.2538012667512064,0.1583533892557428,0.48557363570435114,26.021308411214953,70.75226277372263,-996.4012104483539,B_C,,,,,,,,,,,
P16422_and_P24046,0.2172107809037907,0.15833503315109748,0.2293891946965912,25.211791730474726,65.79449704142007,-2663.293011593494,B_C,,,,,,,,,,,
P16422_and_Q93097,0.2345688412372163,0.15817729149068244,0.12575214089263548,25.347045951859986,62.06079545454545,-1159.5960658754302,B_C,,,,,,,,,,,
P16422_and_Q9H9S5,0.24853320615625613,0.15809321504448964,0.3659017450242935,26.546543408360122,57.12251428571427,-2606.2540263120486,B_C,,,,,,,,,,,
P16422_and_Q96KK3,0.20174742128830664,0.158007484076804,0.06711871433540531,24.069162436548236,58.50755244755246,-2947.0536456310874,B_C,,,,,,,,,,,
P16422_and_Q8TDN2,0.20519633785848063,0.15798821465867952,0.04102691415089496,26.17943925233644,51.12423076923075,-1890.2830444447063,B_C,,,,,,,,,,,
P16422_and_Q86WB7,0.2492224709299188,0.15797895614236235,0.19906847019964186,27.314899999999966,70.67248322147653,-2866.233350310662,B_C,,,,,,,,,,,
P16422_and_Q99418,0.21179872204203026,0.1578890154119145,0.2326010310486069,25.742078364565618,62.356408839779014,-3860.4467910964654,B_C,,,,,,,,,,,
P16422_and_Q9UGM1,0.22759415487209822,0.15786786379856366,0.2573533900739514,25.265043290043334,71.02638888888885,-4245.376559780185,B_C,,,,,,,,,,,
P16422_and_P01861,0.20978352144370366,0.157817895864042,0.22179084168387295,25.70964824120605,50.06302884615381,-1378.8775897904852,B_C,,,,,,,,,,,
P16422_and_Q6UQ28,0.23763860172200296,0.1577935543392956,0.16698056251872279,21.659748427672955,62.12833333333332,-766.1603211849983,B_C,,,,,,,,,,,
P16422_and_Q5T4T1,0.25131701643279253,0.15773593904102223,0.0827852685083212,23.3978448275862,54.890740740740746,-1090.2533134346615,B_C,,,,,,,,,,,
P16422_and_P18075,0.2232313504480995,0.15762291174111337,0.13565634387302974,24.599284692417747,62.30313513513516,-1416.8480023331003,B_C,,,,,,,,,,,
P16422_and_E9PQX1,0.2550582915063949,0.15757152770796928,0.05456411314027608,21.091739130434775,34.045046728971975,-854.3902730109367,B_C,,,,,,,,,,,
P16422_and_A0PK05,0.22365549648001903,0.15753817859355312,0.06155153203448417,21.98049242424242,51.45417721518987,-3091.657180435077,B_C,,,,,,,,,,,
P16422_and_Q9HBI1,0.21606988138085453,0.1574533631224527,0.14261580609038074,24.080206540447502,58.618681318681304,-1614.5828598650096,B_C,,,,,,,,,,,
P16422_and_Q96PD4,0.2440866402007291,0.15739933576184673,0.07042541695764508,21.017011834319508,62.79512195121949,-965.0430529298287,B_C,,,,,,,,,,,
P16422_and_Q99623,0.22215236628832558,0.15738132589208087,0.1888091681666274,21.637316561844838,65.87983050847457,-1516.903808754795,B_C,,,,,,,,,,,
P16422_and_Q16853,0.2710020768903507,0.15736654264710123,0.2622521422573145,28.23868360277135,67.01107692307694,-5965.668749393179,B_C,,,,,,,,,,,
P16422_and_Q9H6Y7,0.21503628480276546,0.15735267292950775,0.11334165159649828,22.987292161520188,68.03841269841267,-2161.509197137123,B_C,,,,,,,,,,,
P16422_and_O76038,0.2250326960734742,0.15718742769883776,0.19342255078529702,23.555805892547674,63.12136094674554,-1337.1215114643956,B_C,,,,,,,,,,,
P16422_and_Q15046,0.25110345564773534,0.1571477399689193,0.4640935703591682,26.456333973128622,63.616178343949045,-1739.5054426944182,B_C,,,,,,,,,,,
P16422_and_Q9NVD7,0.21509511966794734,0.15713166773537757,0.17893057844512586,25.074822695035436,67.91,-2797.9249799097997,B_C,,,,,,,,,,,
P16422_and_Q96IY4,0.24927571927559522,0.15707826043325768,0.6063043831927706,27.35961155378484,67.06071428571427,-1712.3246696245765,B_C,,,,,,,,,,,
P16422_and_Q8TCQ1,0.22308795350212648,0.15706578811738087,0.09428591095685103,22.261731207289305,54.93737226277374,-1298.350512543011,B_C,,,,,,,,,,,
P16422_and_P46098,0.22403476910333087,0.15704120925848464,0.08254012241386982,24.013805970149253,65.74202247191012,-2265.245376111937,B_C,,,,,,,,,,,
P16422_and_Q7Z4I7,0.21624774861015644,0.156862163863567,0.2077165073978054,23.124867491166075,45.60868181818183,-3660.57036489468,B_C,,,,,,,,,,,
P16422_and_P21741,0.24651443215822122,0.1568603796958143,0.10402685314148484,20.06280623608016,57.00029411764706,-1718.2721146070462,B_C,,,,,,,,,,,
P16422_and_P11230,0.22498315353063267,0.15674287791308855,0.25217740200183786,25.276394849785433,64.6728187919463,-3252.711597926447,B_C,,,,,,,,,,,
P16422_and_Q07021,0.2224762199692792,0.15671395808426497,0.12957793535239648,24.708224543080945,65.41943089430892,-1569.4602395544232,B_C,,,,,,,,,,,
P16422_and_Q86TV6,0.2540567999807058,0.156692204574837,0.02609516511844745,27.777647058823533,50.864651162790686,-4703.808895037098,B_C,,,,,,,,,,,
P16422_and_P28907,0.22770287571798212,0.15669202403680138,0.1487426695296413,23.87710084033614,67.93114864864864,-1429.5795359710091,B_C,,,,,,,,,,,
P16422_and_P29460,0.2325974755006047,0.1566285252321658,0.1701533258603669,26.084305835010035,67.8162790697674,-3344.3544680202504,B_C,,,,,,,,,,,
P16422_and_P18510,0.2411600195963764,0.15661873263448098,0.17853805090306873,23.08486997635935,69.75028368794328,-1382.6719769815586,B_C,,,,,,,,,,,
P16422_and_P48059,0.21574798833856085,0.15661124976797658,0.045655205457139164,22.873932584269618,57.50333333333334,-1028.859977052456,B_C,,,,,,,,,,,
P16422_and_Q96LT7,0.24717932042329538,0.1565489953897271,0.1525647614197815,26.330156250000005,63.95626168224299,-2038.972176573102,B_C,,,,,,,,,,,
P16422_and_Q9H0U3,0.21432803786404458,0.15647373043031437,0.07417080837260112,24.253263707571787,55.73385714285713,-1037.5685269290898,B_C,,,,,,,,,,,
P16422_and_Q9Y696,0.2291292399450925,0.1564681987573387,0.4126560429918128,25.289407894736843,64.25466666666665,-2896.830691540686,B_C,,,,,,,,,,,
P16422_and_O95264,0.22462850145237853,0.15645334062343574,0.30856305484270025,24.882441253263718,63.25760869565216,-2238.5402177360284,B_C,,,,,,,,,,,
P16422_and_P48050,0.2039020784933515,0.15630868113577256,0.07297337835697981,25.983602150537642,63.39682170542633,-2435.6602392720833,B_C,,,,,,,,,,,
P16422_and_O75386,0.21048996015703886,0.15627524027104037,0.25354914828094294,25.635015060240956,62.61059701492537,-1123.1999506583852,B_C,,,,,,,,,,,
P16422_and_P06331,0.2506536792337245,0.1561848395554971,0.2682827846817347,22.93199588477366,67.59115702479339,-1760.1738000313294,B_C,,,,,,,,,,,
P16422_and_Q9BXJ1,0.22375004285414152,0.15577093000103273,0.1002651142666242,21.902560975609767,47.87754385964912,-8930.995396325066,B_C,,,,,,,,,,,
P16422_and_P02760,0.21498941315101594,0.15569956979102675,0.27544845491466313,25.600350877193012,66.20008849557523,-844.6525133923569,B_C,,,,,,,,,,,
P16422_and_Q10589,0.23982688129135976,0.15566582050424063,0.07250088853989085,18.299702380952386,49.351400000000005,-3406.9403747335036,B_C,,,,,,,,,,,
P16422_and_P01763,0.252644120923948,0.1556123846939015,0.22360343588238538,22.344274809160325,64.49567567567564,-1108.3301736270607,B_C,,,,,,,,,,,
P16422_and_A8MPY1,0.21606953411151983,0.15559519620446513,0.2312789259320097,24.66129363449693,63.59553030303032,-3291.9505511881816,B_C,,,,,,,,,,,
P16422_and_P41181,0.22997206829651182,0.15557579695604357,0.12776067430408752,21.29204301075268,57.95883561643836,-1150.0853110423159,B_C,,,,,,,,,,,
P16422_and_Q96DR8,0.26097661925669646,0.1554007335571041,0.04947047667588324,17.79502487562189,33.65952941176471,-913.5341249997887,B_C,,,,,,,,,,,
P16422_and_Q96A25,0.22189314829374585,0.15537932255887088,0.1956075223929688,24.219518716577575,65.7631972789116,-3807.0703609996895,B_C,,,,,,,,,,,
P16422_and_O75695,0.23892527636157135,0.15532147856251538,0.16950931500102098,23.509942638623336,69.6706756756757,-1462.1256625379306,B_C,,,,,,,,,,,
P16422_and_Q92874,0.2329023753551372,0.15532005894749162,0.33151515350403615,25.021124031007737,72.93428571428575,-2220.0643269681195,B_C,,,,,,,,,,,
P16422_and_A6NGZ8,0.2592140303528365,0.15531388638776752,0.049738339871296264,16.699657534246583,51.59033333333334,-457.93468722642456,B_C,,,,,,,,,,,
P16422_and_Q9HBI0,0.21769536618941188,0.15526997772479528,0.2712878951400603,25.83546770601333,61.72829383886256,-1280.5434654032524,B_C,,,,,,,,,,,
P16422_and_Q7Z3S9,0.22638065360476795,0.15523692222886723,0.10622852928183457,22.102333333333334,63.40435483870968,-1422.8042309331286,B_C,,,,,,,,,,,
P16422_and_Q15465,0.20565930323560921,0.15514391803883,0.42848617313420656,24.878492392807708,74.75583783783782,-896.6825530138485,B_C,,,,,,,,,,,
P16422_and_P51674,0.2193779447458584,0.15494095108578154,0.13966393114778325,25.637831325301224,61.1733064516129,-1454.6237001925,B_C,,,,,,,,,,,
P16422_and_P09104,0.256643064909845,0.15486028608187632,0.44443765062925467,26.62630769230773,53.17709497206701,-4724.50480737917,B_C,,,,,,,,,,,
P16422_and_Q6ZMU5,0.21914599515642613,0.15485729304202805,0.05699087060694254,24.869230769230768,62.40494623655918,-2359.531674550361,B_C,,,,,,,,,,,
P16422_and_Q93098,0.2277520634262578,0.1548332036601212,0.2088148665580988,25.06438356164383,66.65821229050282,-881.5846059944629,B_C,,,,,,,,,,,
P16422_and_Q6P7N7,0.22645183155364207,0.1547877949327887,0.09490479904867119,22.344761029411742,58.887329192546574,-1261.0715455141344,B_C,,,,,,,,,,,
P16422_and_P47869,0.2210944595782593,0.15478751859274129,0.19655496389580576,25.150113636363642,62.580633802816905,-2656.093282387083,B_C,,,,,,,,,,,
P16422_and_Q8WUY1,0.23248486657852047,0.15476765966445044,0.0945213770707547,24.168428184281847,66.51845528455286,-1510.613647540503,B_C,,,,,,,,,,,
P16422_and_Q2TAL6,0.2142625782929891,0.1547290781556675,0.21051077672202437,22.164019448946526,58.97847222222223,-714.3653986752688,B_C,,,,,,,,,,,
P16422_and_O95278,0.24184321064827025,0.15437495310668614,0.12232805952239874,25.671382978723408,59.129931506849296,-2063.9461630928877,B_C,,,,,,,,,,,
P16422_and_P11684,0.26044165099085653,0.15413988678772345,0.14929556171919892,20.547297297297284,54.46626865671641,-581.5082070773915,B_C,,,,,,,,,,,
P16422_and_P04628,0.23321160940291047,0.15406317460764946,0.6177037651608136,25.755587275693255,54.85297435897436,-1484.5238890874086,B_C,,,,,,,,,,,
P16422_and_Q7Z418,0.20738110667676168,0.1539560692428977,0.10007796612707011,24.85727272727273,60.352366412213726,-1663.57860337497,B_C,,,,,,,,,,,
P16422_and_P52823,0.22747087630158014,0.1539288576373627,0.13907730042607422,22.845995423340955,64.80578124999998,-1466.5707210030612,B_C,,,,,,,,,,,
P16422_and_Q13491,0.22213666678077237,0.15388638967032303,0.05838809213438771,22.84738461538459,50.32542372881358,-1571.2616103822493,B_C,,,,,,,,,,,
P16422_and_Q5T4W7,0.22863280974509326,0.15377878070719972,0.17458802704863322,23.000779727095484,56.950392156862755,-831.8369653878381,B_C,,,,,,,,,,,
P16422_and_O00591,0.21893556501831457,0.15376436003896357,0.5945597622506511,25.461677061677058,66.24419213973799,-1731.323807618187,B_C,,,,,,,,,,,
P16422_and_P23083,0.2508655714796164,0.15373915864273702,0.23101556958785777,22.18367346938777,71.63517543859648,-1922.375723384759,B_C,,,,,,,,,,,
P16422_and_P20061,0.2436310181072078,0.153737457237564,0.5606452985364884,24.55568627450982,79.24456647398847,-1234.492817065665,B_C,,,,,,,,,,,
P16422_and_P29017,0.2158593096837137,0.1536984986638188,0.21914534939532954,24.753114186851263,61.93916201117317,-1591.918785919269,B_C,,,,,,,,,,,
P16422_and_Q8NBU5,0.224266762074504,0.15357371763909533,0.16570887233356218,25.09944751381216,63.89350574712644,-1642.1820902894783,B_C,,,,,,,,,,,
P16422_and_Q9BRR6,0.2441462718507177,0.15348806714618818,0.28100325016411903,25.629360967184816,66.76152173913044,-1391.7107508676224,B_C,,,,,,,,,,,
P16422_and_O14944,0.24056178490387709,0.15347628417955028,0.08023484859345253,19.72568897637795,50.03853846153846,-1470.6925493317904,B_C,,,,,,,,,,,
P16422_and_P09038,0.22154633721774497,0.15345819506054414,0.29487664111527756,23.571514629948418,62.88812500000002,-715.5485140951196,B_C,,,,,,,,,,,
P16422_and_Q99519,0.241068322973354,0.15324933451332085,0.31498241254426984,25.621400394477302,66.70459999999999,-2662.1191483152643,B_C,,,,,,,,,,,
P16422_and_Q5BVD1,0.22626800887904724,0.15322591640838237,0.15896341237956857,23.638314606741567,64.36088235294118,-1680.4515223100234,B_C,,,,,,,,,,,
P16422_and_Q9UI14,0.2351473369779954,0.15302372910989387,0.22852878772950486,22.600117647058823,50.697759999999995,-925.2456773045506,B_C,,,,,,,,,,,
P16422_and_Q8NC96,0.22067365093010743,0.15299835600373446,0.18142578036633672,22.154824561403505,58.80765151515151,-2110.663700105988,B_C,,,,,,,,,,,
P16422_and_P0DP01,0.2509170607376491,0.15297190653497905,0.19023865806666276,20.686349206349224,73.97890109890113,-1065.6413539664263,B_C,,,,,,,,,,,
P16422_and_P08865,0.21956371039114161,0.15294532123750348,0.16041840857852635,25.36575221238935,67.27869047619048,-3157.905906781864,B_C,,,,,,,,,,,
P16422_and_O00292,0.2104085227291277,0.1527543162078828,0.11030153683799614,24.111463844797182,60.91784530386743,-1529.1596658408325,B_C,,,,,,,,,,,
P16422_and_Q8TAD2,0.23299113078084488,0.15271153104759067,0.06263407557530064,22.273341836734698,56.45276119402982,-2148.6701676130238,B_C,,,,,,,,,,,
P16422_and_P35241,0.23529937703072695,0.1526686032508982,0.39330305496020496,27.059355345911985,64.16142076502733,-2500.958709397675,B_C,,,,,,,,,,,
P16422_and_Q9Y5F2,0.20490550041128341,0.15265730909433944,0.05761882300516927,29.882870370370377,23.10272727272727,-2062.9564560406634,B_C,,,,,,,,,,,
P16422_and_Q9NQW8,0.20640248335897438,0.152631866716253,0.23600798331050196,27.802068126520712,66.14450381679387,-1714.6003287472922,B_C,,,,,,,,,,,
P16422_and_P36544,0.22301364953722955,0.15257491777243742,0.1444931104895628,24.595228215767666,66.67394160583943,-12287.784190301878,B_C,,,,,,,,,,,
P16422_and_Q13046,0.20320360480739855,0.15248179056413352,0.552816216959159,24.440838375108033,56.345680473372774,-1397.4647393857704,B_C,,,,,,,,,,,
P16422_and_P55087,0.21641050548041843,0.1523313957611497,0.27662290573211046,23.563689095127632,75.24389705882356,-1665.5709333280306,B_C,,,,,,,,,,,
P16422_and_Q99075,0.23162116440087682,0.15227727486684597,0.12929378431378064,17.89314516129032,50.364758064516124,-924.4930639286622,B_C,,,,,,,,,,,
P16422_and_A0A8I5KQE6,0.2191235330283547,0.15226742218095446,0.3722810752022974,25.834399375975053,72.01405882352941,-1950.2533638365178,B_C,,,,,,,,,,,
P16422_and_P50876,0.21888703856444458,0.15212951105026287,0.22334721597914456,22.03653113087672,62.644517766497465,-1256.1929318742386,B_C,,,,,,,,,,,
P16422_and_P13645,0.19129930964849332,0.15211334962477358,0.03165957883659611,25.201104972375685,42.32904109589041,-1872.912019981235,B_C,,,,,,,,,,,
P16422_and_O14975,0.24708126074238754,0.15205058715992303,0.594058312619601,27.643430034129647,73.4453558052434,-1324.6494805188627,B_C,,,,,,,,,,,
P16422_and_O95069,0.20109435559687175,0.15200317182434936,0.22693650451800038,24.989769230769205,45.067960526315794,-1340.9730916496355,B_C,,,,,,,,,,,
P16422_and_P15311,0.2313884741856305,0.151918864995121,0.3176978706851315,26.376489533011277,71.42343023255809,-3626.3431555138786,B_C,,,,,,,,,,,
P16422_and_Q16445,0.220957301537754,0.15174534627072087,0.3341973594778625,24.717780938833567,64.40494623655914,-14529.173005533554,B_C,,,,,,,,,,,
P16422_and_Q8N1C3,0.21338218266832404,0.15154263059451936,0.15589195467631253,24.8806569343066,60.268192090395495,-1561.7168140699305,B_C,,,,,,,,,,,
P16422_and_Q5T197,0.22150981310213405,0.15131058592555302,0.05799838287941099,27.632472324723242,52.19191489361701,-2984.0175133241264,B_C,,,,,,,,,,,
P16422_and_P78348,0.23243186017388362,0.15110779229758403,0.19928934245232813,25.77246049661399,63.35740740740738,-1732.491370773529,B_C,,,,,,,,,,,
P16422_and_P23415,0.21944024942357554,0.1509503689493706,0.3472408911719379,26.128021978021962,70.81711656441716,-2058.664668232769,B_C,,,,,,,,,,,
P16422_and_P31644,0.21728851004956962,0.1508083476753517,0.25894708887127055,24.692021276595675,67.60845238095239,-2447.1147719318324,B_C,,,,,,,,,,,
P16422_and_Q9ULT0,0.24081376802732446,0.15072286553242797,0.07767812348634553,29.04365384615383,60.319433962264114,-5211.316810643201,B_C,,,,,,,,,,,
P16422_and_Q9UBV4,0.2282010487659914,0.15064555628654494,0.21463380666130058,26.043766578249304,62.881337579617814,-13527.629379535974,B_C,,,,,,,,,,,
P16422_and_Q99784,0.21948513354127314,0.15052543756884965,0.38969224020648824,26.57159590043921,61.8831147540984,-1193.5681751621241,B_C,,,,,,,,,,,
P16422_and_P35232,0.21974795819996362,0.15021968529664798,0.08730973779592484,21.93765281173592,60.66069230769231,-1340.001929842495,B_C,,,,,,,,,,,
P16422_and_Q8N474,0.2139622702068255,0.15017551352411376,0.101685181318891,23.84548022598867,62.615740740740726,-2136.9888828284484,B_C,,,,,,,,,,,
P16422_and_A6NGC4,0.21960800862196894,0.1499425176130454,0.2534134472389464,26.189795918367338,64.95253731343286,-1405.0184059005055,B_C,,,,,,,,,,,
P16422_and_P51575,0.2206604351447033,0.14976791110163706,0.037688954391483884,25.239819004524904,65.68225490196076,-1933.1883938647563,B_C,,,,,,,,,,,
P16422_and_Q7RTX7,0.1949916301604624,0.14972793784389804,0.029285409342892428,27.433823529411757,46.31604651162792,-2581.3853614299496,B_C,,,,,,,,,,,
P16422_and_Q9P1T7,0.2226908820949493,0.1496369282630098,0.03583789185156359,20.789660056657212,42.09383177570093,-1100.2666457273226,B_C,,,,,,,,,,,
P16422_and_P28476,0.21289758918428114,0.14959358721969107,0.31356690432126255,25.934943181818145,69.22954838709677,-3556.4616469426664,B_C,,,,,,,,,,,
P16422_and_P48023,0.2175720708227178,0.14953928421718804,0.25725519317764733,23.949380165289192,67.82028169014085,-559.1355602486565,B_C,,,,,,,,,,,
P16422_and_P21145,0.23705534166722092,0.14953802371441619,0.11187130941954158,22.276510067114078,51.33229885057471,-2421.656110003422,B_C,,,,,,,,,,,
P16422_and_Q16557,0.19955971080713258,0.14948431777434915,0.14514923676979427,25.447073170731677,48.92393162393164,-1502.87326790736,B_C,,,,,,,,,,,
P16422_and_P12814,0.1988539224051286,0.14946980219609557,0.0,29.799999999999997,41.456,-4740.0948615127245,B_C,,,,,,,,,,,
P16422_and_P27105,0.21603638486593696,0.14916944614507535,0.20453200068547467,22.336074766355118,56.73913043478258,-1673.1111151638006,B_C,,,,,,,,,,,
P16422_and_Q15822,0.21129887540677472,0.1488422210120535,0.29822840157453906,25.524952015355076,58.739109589041085,-2441.066162033041,B_C,,,,,,,,,,,
P16422_and_P49407,0.22867541378296669,0.1485034104159758,0.14813227435489312,25.7292894280762,66.21874285714289,-1753.3080657385258,B_C,,,,,,,,,,,
P16422_and_Q9UHC3,0.22774128706056374,0.148284004209978,0.180750247199633,26.653375912408755,71.55955801104975,-2389.0511252699253,B_C,,,,,,,,,,,
P16422_and_P46108,0.2140414245408443,0.14820289334116288,0.10668673214295238,24.905985915492945,58.61370165745857,-1478.428254183812,B_C,,,,,,,,,,,
P16422_and_Q86UW2,0.2429807674625612,0.1481497511514318,0.026907711825284335,18.56474820143883,34.361034482758626,-653.7040497119774,B_C,,,,,,,,,,,
P16422_and_O95897,0.21880875107444336,0.14803434384390438,0.22152796888541526,25.494399185336075,67.07913907284768,-2610.164361771056,B_C,,,,,,,,,,,
P16422_and_O75204,0.22108026347080512,0.14803176902177026,0.23277057959785574,23.650283018867892,52.83126984126984,-940.4140567678637,B_C,,,,,,,,,,,
P16422_and_P56705,0.23106388624803514,0.14800795280986787,0.5012716286929999,26.297478474784725,58.509095022624436,-1621.9336326802236,B_C,,,,,,,,,,,
P16422_and_Q9N2K0,0.2165629405629972,0.1478715307270818,0.0606948256912713,27.372769953051616,55.16394736842106,-2505.310668533297,B_C,,,,,,,,,,,
P16422_and_P00505,0.24199610193425225,0.14774976744021553,0.27036241139092376,26.826502732240396,75.40838509316772,-1829.319244978419,B_C,,,,,,,,,,,
P16422_and_Q7Z7D3,0.2162137920152075,0.1476308188963088,0.39609672588094863,24.738709677419337,69.48698795180725,-1031.5865338713934,B_C,,,,,,,,,,,
P16422_and_Q9NV70,0.21174831924327403,0.14760184909322943,0.0,29.46666666666667,65.65714285714286,-2459.126171278668,B_C,,,,,,,,,,,
P16422_and_Q04609,0.2603057358923129,0.14750254433762267,0.5364262950307492,28.324932614555248,56.09497487437185,-3664.809661782034,B_C,,,,,,,,,,,
P16422_and_P34903,0.21324168006693367,0.1474921162033019,0.1306241251637936,26.438356164383542,58.03052287581699,-2024.772907450977,B_C,,,,,,,,,,,
P16422_and_Q02223,0.22992596518953168,0.14744042441378533,0.045222038139883236,22.45979899497489,50.74124999999999,-1501.8305253423023,B_C,,,,,,,,,,,
P16422_and_B4DJY2,0.24932324280361687,0.14742029251870048,0.11508270567194862,19.750000000000014,50.01666666666666,-725.253648834489,B_C,,,,,,,,,,,
P16422_and_Q9GZZ6,0.2195711530622004,0.14735966436879622,0.28907707986138553,25.600961538461526,62.43480263157895,-5515.36281989784,B_C,,,,,,,,,,,
P16422_and_Q13277,0.21522643421049445,0.1468853574311355,0.22412132968700593,25.28821428571429,53.30561403508771,-1139.9431008386164,B_C,,,,,,,,,,,
P16422_and_P28472,0.21042211449182618,0.14682964933814244,0.5225982750210143,26.188808139534896,66.59854166666668,-3144.601427771733,B_C,,,,,,,,,,,
P16422_and_P05026,0.21208372248341867,0.14676447790062014,0.14770854697606078,24.588216560509547,54.05087591240875,-1362.2642362401898,B_C,,,,,,,,,,,
P16422_and_A6NFZ4,0.25090536972192157,0.14668428552314808,0.039767356740901295,18.543067226890756,27.279999999999994,-1837.3514864508688,B_C,,,,,,,,,,,
P16422_and_Q07001,0.21945642633459336,0.14662217751524684,0.20995972659394713,25.511431623931628,53.016357615894044,-2186.0306392203406,B_C,,,,,,,,,,,
P16422_and_Q9BS86,0.20706053173104266,0.14640483113273212,0.12565866465236675,24.5534296028881,47.887891566265054,-1639.522486552265,B_C,,,,,,,,,,,
P16422_and_O00744,0.21271462080449854,0.146325743363181,0.3396844669117337,26.90506329113925,69.1128272251309,-2524.837206193826,B_C,,,,,,,,,,,
P16422_and_P18507,0.21054045838032281,0.1463072474769949,0.43460349724274017,25.36792975970425,71.55813432835822,-1879.018831466983,B_C,,,,,,,,,,,
P16422_and_Q9NUM4,0.21322101065621857,0.14621528252847654,0.3671180022086672,23.65996533795495,69.90113924050632,-1011.6324267515183,B_C,,,,,,,,,,,
P16422_and_P40199,0.20967056226144015,0.14604898301419567,0.6204697633448512,26.7482508532423,73.66497630331757,-5178.367756247231,B_C,,,,,,,,,,,
P16422_and_Q9UDY4,0.20854615785348207,0.146043610055563,0.3650163317946642,25.107429718875512,66.33419354838709,-841.4919460852798,B_C,,,,,,,,,,,
P16422_and_P48547,0.19204068617525877,0.14601975066122483,0.09179172863650928,26.70261538461537,59.2451304347826,-6527.671354654899,B_C,,,,,,,,,,,
P16422_and_Q6UXZ0,0.2143553748706515,0.14594134576939233,0.3978079690569502,23.654207119741116,71.76335570469794,-1660.4423360567475,B_C,,,,,,,,,,,
P16422_and_Q14213,0.21881746480326364,0.1457420996953506,0.1434533984156011,24.772660098522174,67.99776923076925,-4008.7927119761903,B_C,,,,,,,,,,,
P16422_and_P27701,0.21470663923593858,0.1454940376546477,0.1195348413442044,24.997393364928886,62.80099999999999,-1905.2933602079174,B_C,,,,,,,,,,,
P16422_and_Q8TBR7,0.22210215446867915,0.14549159981509635,0.13170027805626622,25.271246006389774,66.09705426356588,-1105.8524024684293,B_C,,,,,,,,,,,
P16422_and_P07766,0.22632806683189172,0.14525538441081848,0.28712785798265544,23.129936305732468,62.22751412429379,-1127.776077134291,B_C,,,,,,,,,,,
P16422_and_O75144,0.21172882297251794,0.14524179385482586,0.34942788866630736,24.0635294117647,69.16464705882352,-1091.8185846265437,B_C,,,,,,,,,,,
P16422_and_Q9UBL9,0.20722475580732883,0.14521975235890655,0.10807005945110865,25.555990220048876,58.453805970149254,-1604.1607160978783,B_C,,,,,,,,,,,
P16422_and_P09326,0.21746380465904097,0.14520172290827596,0.23121820246194275,25.49951298701298,50.51142011834322,-1469.5521667072337,B_C,,,,,,,,,,,
P16422_and_O15547,0.2063745689054401,0.14518368751565341,0.06408497116391187,24.971875000000033,60.74172839506171,-1748.0835230728653,B_C,,,,,,,,,,,
P16422_and_Q8TEZ7,0.2331483167287567,0.14512852483314212,0.4262680235166855,25.64727126805777,60.16832298136647,-3172.1513963716443,B_C,,,,,,,,,,,
P16422_and_Q9HBL7,0.23564824192575787,0.14509082893759934,0.1500775717280243,25.055677655677663,56.24302158273384,-4255.844411964657,B_C,,,,,,,,,,,
P16422_and_Q8WXA8,0.21524624426025976,0.14484864657469484,0.06660799887497575,26.31369047619048,57.720158730158744,-8909.634634749325,B_C,,,,,,,,,,,
P16422_and_Q93086,0.20914574025155386,0.14476449109693018,0.1185336844984782,25.491279069767433,53.99496551724136,-1585.1334150825987,B_C,,,,,,,,,,,
P16422_and_Q9NUM3,0.2086319410029237,0.14456491980000233,0.0827219694545432,25.29373333333333,64.07879699248119,-1057.4755262250856,B_C,,,,,,,,,,,
P16422_and_Q9GZT5,0.21478725902890122,0.14423852708353996,0.4103411438139862,25.565138888888846,67.02899441340783,-1133.6907506363823,B_C,,,,,,,,,,,
P16422_and_Q96PR1,0.1877352328876642,0.1442338669967064,0.04734074215380314,27.156578947368406,57.12744360902256,-2826.0661821202157,B_C,,,,,,,,,,,
P16422_and_P30532,0.2131235020728719,0.14390429653679457,0.36840549699342,25.66698369565212,64.54636363636364,-3830.4756363283605,B_C,,,,,,,,,,,
P16422_and_P49755,0.22196717696232254,0.14390104874039278,0.18432752940928995,23.02308228730825,62.75734463276839,-1216.7593409996025,B_C,,,,,,,,,,,
P16422_and_P83105,0.20285030763676476,0.14375755886053287,0.26467373649321163,25.902486678508,66.65810975609759,-3165.5217109555724,B_C,,,,,,,,,,,
P16422_and_P78334,0.20423712479655676,0.14368280016585172,0.16261845571126884,27.84896551724136,62.937516778523495,-2840.9862708473956,B_C,,,,,,,,,,,
P16422_and_P21589,0.23015528286432374,0.14290900500131634,0.27627850092519624,27.3145550527903,55.441204188481656,-6775.775464128592,B_C,,,,,,,,,,,
P16422_and_Q6UWT2,0.2563254423485302,0.14238123588939433,0.026065669593859746,18.38333333333333,24.76954545454546,-337.03172153792275,B_C,,,,,,,,,,,
P16422_and_P54709,0.20921746815290998,0.14226378148895946,0.3173924458470366,25.513807531380756,61.37776978417265,-4600.87678227265,B_C,,,,,,,,,,,
P16422_and_P35070,0.22919286595008304,0.1419378534256363,0.08458403017693585,18.53925501432666,51.734495412844005,-1010.8750777639925,B_C,,,,,,,,,,,
P16422_and_Q9Y6H6,0.24451644142341228,0.14170375179437222,0.05766821374778609,16.411809045226143,22.29246376811594,-1253.6133724941276,B_C,,,,,,,,,,,
P16422_and_P19256,0.21449126881502695,0.1416549593274835,0.14629642224804007,25.15744101633389,61.30478527607363,-5283.836962671468,B_C,,,,,,,,,,,
P16422_and_Q99572,0.19893593254049852,0.14154759809282502,0.033044210248803996,27.669512195121957,58.84337078651687,-2392.1204732154665,B_C,,,,,,,,,,,
P16422_and_Q86WV6,0.20853665286178671,0.1405382199416529,0.03905683551160746,25.02071428571429,59.28602272727274,-1159.6319054232208,B_C,,,,,,,,,,,
P16422_and_Q9BXJ4,0.21548491428763106,0.14053229371290132,0.1927150368206748,23.406194690265494,65.45443609022556,-3202.6374539008266,B_C,,,,,,,,,,,
P16422_and_Q6UX34,0.2399782404386173,0.1403724237725876,0.05095064512117552,19.423060344827597,27.22952941176471,-1768.0620985096452,B_C,,,,,,,,,,,
P16422_and_P41271,0.2260642721578491,0.14022033844006487,0.09449106110980407,22.062197802197783,60.47166666666666,-836.852906905935,B_C,,,,,,,,,,,
P16422_and_Q14802,0.24953594047133829,0.14012906958408844,0.050212759633971676,18.606875,33.31759036144579,-1031.342884987882,B_C,,,,,,,,,,,
P16422_and_P43490,0.24495175714220768,0.13989429738687326,0.17097239965718472,27.60403645833334,66.7145323741007,-3810.4555972479366,B_C,,,,,,,,,,,
P16422_and_Q8NE79,0.1989919884234101,0.13888384070275545,0.21493763243709552,25.42206427688501,64.90163265306123,-991.5957451542636,B_C,,,,,,,,,,,
P16422_and_Q9UIX4,0.18540749117891922,0.13864950591910435,0.09705387401735285,26.396304347826106,55.7249645390071,-5176.991730296479,B_C,,,,,,,,,,,
P16422_and_Q5T1S8,0.2445378300875301,0.1382111950331529,0.03584302032084419,18.449621212121215,49.37666666666667,-942.6646824704137,B_C,,,,,,,,,,,
P16422_and_Q401N2,0.20900477141358942,0.13817828960823064,0.23665325166203005,25.96335403726704,66.40675862068966,-1890.0596345194372,B_C,,,,,,,,,,,
P16422_and_Q3ZCQ3,0.2277322661951915,0.13774990502268059,0.05521917655814321,17.84503205128204,29.850363636363635,-1939.4382972173617,B_C,,,,,,,,,,,
P16422_and_Q8NFU1,0.2046701684294992,0.13771936355343892,0.2443223476892553,27.25282776349616,71.04387596899221,-1796.7088843839992,B_C,,,,,,,,,,,
P16422_and_Q99928,0.2013136766047648,0.13768146450015423,0.4675895355233858,26.8230854605993,68.29826086956525,-3588.5061508618937,B_C,,,,,,,,,,,
P16422_and_O60906,0.23292361776235207,0.13729758901831662,0.22859484438730268,26.327663551401848,65.41346820809248,-989.7107372382591,B_C,,,,,,,,,,,
P16422_and_Q5R3K3,0.2007696434088719,0.13674022524168733,0.11112621639218831,26.79490740740742,62.33833333333335,-2333.3363460473,B_C,,,,,,,,,,,
P16422_and_Q4W5P6,0.25506749260460804,0.13609429517640684,0.057649647698342604,17.127160493827155,18.174999999999997,-807.3674407290138,B_C,,,,,,,,,,,
P16422_and_Q6KF10,0.20201446410861934,0.13596982240050548,0.36654015339447155,26.719225352112662,60.24245614035086,-1612.681507959578,B_C,,,,,,,,,,,
P16422_and_Q9UGQ2,0.2235420978290768,0.13582828683465437,0.07514606497366619,22.092553191489344,42.31942857142857,-811.7199344582459,B_C,,,,,,,,,,,
P16422_and_Q5JW98,0.19848457157395594,0.13570678069945205,0.0356099815817099,24.68382749326146,46.77184615384615,-1747.375940522397,B_C,,,,,,,,,,,
P16422_and_Q86XE0,0.21826407874745074,0.13461336607782415,0.054053166420671775,25.756981981981966,70.327311827957,-1910.3336099598805,B_C,,,,,,,,,,,
P16422_and_O15554,0.19900724808011389,0.13413935535887428,0.018258893561979524,27.429838709677433,55.98042553191489,-1365.8360578972854,B_C,,,,,,,,,,,
P16422_and_P47870,0.19369528997705932,0.13387571311626043,0.23455883768597538,26.564705882352918,62.0752985074627,-2059.1521528827625,B_C,,,,,,,,,,,
P16422_and_P39905,0.21525781163637944,0.13371713102218835,0.31492791517056823,22.430917431192636,64.13171428571425,-789.0876867203806,B_C,,,,,,,,,,,
P16422_and_P18505,0.1965060418771595,0.13352041601664394,0.28838415036424375,25.997511664074647,69.06102857142857,-3818.344309851632,B_C,,,,,,,,,,,
P16422_and_P06744,0.24803230402270088,0.13346292858029873,0.5452156221970244,28.186120689655166,82.38623376623376,-2768.652641617182,B_C,,,,,,,,,,,
P16422_and_P54920,0.21488515273886377,0.13292742578209427,0.4400734251202855,24.74225589225587,72.70655172413791,-1153.143819201624,B_C,,,,,,,,,,,
P16422_and_Q03403,0.23037332220682152,0.13252365489928586,0.09680424588756732,23.852580645161297,59.727565217391295,-551.8283546670862,B_C,,,,,,,,,,,
P16422_and_Q8IZK6,0.20953851651743116,0.13186173352891678,0.1020965285135048,28.366431924882622,57.2,-3021.8834391045502,B_C,,,,,,,,,,,
P16422_and_Q99571,0.20501138483435183,0.13179266970917874,0.06316599056851536,26.463019390581756,59.021666666666675,-1928.232499293171,B_C,,,,,,,,,,,
P16422_and_O00180,0.19513388437171736,0.1299984128707179,0.14142261588094904,26.357641509433954,58.83589928057553,-1232.8782005942694,B_C,,,,,,,,,,,
P16422_and_Q04900,0.21168523001712955,0.12918350740363937,0.1784943704425515,24.420515463917518,54.983787878787865,-886.4739068976605,B_C,,,,,,,,,,,
P16422_and_Q9H0Q3,0.23782081049417272,0.12906960425134179,0.03367491174985367,17.48202614379086,27.32388059701492,-756.0045227575367,B_C,,,,,,,,,,,
P16422_and_Q7L5Y9,0.1969580723678802,0.12818055084084243,0.09299029208071181,26.64560669456064,58.93253086419755,-1246.6087173434705,B_C,,,,,,,,,,,
P16422_and_Q96EV8,0.1858568239428068,0.12548312956856977,0.021475005899677577,25.658490566037738,54.42142857142858,-1235.9075763883511,B_C,,,,,,,,,,,
P16422_and_Q86YL7,0.21431039030715815,0.12393211200321202,0.03162519597245626,21.12948717948719,60.62906250000001,-690.5591619708839,B_C,,,,,,,,,,,
P16422_and_Q86XR5,0.21656878622242134,0.12376756783956219,0.031232577112944006,18.845187165775396,18.59971830985916,-1143.0374494975504,B_C,,,,,,,,,,,
P16422_and_P59646,0.23483064985220892,0.12342942416281047,0.04254229185910369,20.925806451612907,34.544736842105266,-562.6366301084954,B_C,,,,,,,,,,,
P16422_and_O60711,0.1809632812584177,0.12106615132036495,0.1280955073636093,25.211003861003867,62.50993377483445,-1478.5631600642555,B_C,,,,,,,,,,,
P16422_and_Q86XJ0,0.1815049737927371,0.11948332086204685,0.3679797420462355,28.023038674033135,49.364947916666715,-1689.1449376790706,B_C,,,,,,,,,,,
P16422_and_Q9BT67,0.19902637126338119,0.11899164789595792,0.08453216863064988,23.770545977011498,37.116213592233024,-1157.9609228921618,B_C,,,,,,,,,,,
P16422_and_P49006,0.20471605273838267,0.11871828858765746,0.08896033279673943,17.005882352941182,32.56682926829268,-781.7542699738733,B_C,,,,,,,,,,,
P16422_and_P29966,0.18425286010027206,0.11724740201661632,0.022898694774066326,21.220175438596492,38.239166666666655,-1475.8577306257757,B_C,,,,,,,,,,,
P16422_and_P56539,0.20244804347492026,0.10893499062616069,0.05672753106933061,26.400789473684227,58.26028985507246,-1326.7197651471538,B_C,,,,,,,,,,,
P16422_and_P02724,0.20056457469985461,0.10330656490608385,0.0,26.986363636363638,44.37533333333334,-1280.6214691443897,B_C,,,,,,,,,,,
P16422_and_Q6UWF3,0.19896052883802706,0.09944066925194553,0.07769180093194439,25.055517241379277,24.086722689075632,-1034.304116742057,B_C,,,,,,,,,,,
